source_id,source_family,construct,country,year_or_wave,period_start,period_end,resolution,coverage_status,value_inspected,note
WHR2024_ANNUAL,Gallup/WHR,Life Ladder,Afghanistan,2008,2008,2008,country-year,observed,no,Coverage-only row generated from validated WHR2024 annual mirror; outcome value omitted.
WHR2024_ANNUAL,Gallup/WHR,Life Ladder,Afghanistan,2009,2009,2009,country-year,observed,no,Coverage-only row generated from validated WHR2024 annual mirror; outcome value omitted.
WHR2024_ANNUAL,Gallup/WHR,Life Ladder,Afghanistan,2010,2010,2010,country-year,observed,no,Coverage-only row generated from validated WHR2024 annual mirror; outcome value omitted.
WHR2024_ANNUAL,Gallup/WHR,Life Ladder,Afghanistan,2011,2011,2011,country-year,observed,no,Coverage-only row generated from validated WHR2024 annual mirror; outcome value omitted.
WHR2024_ANNUAL,Gallup/WHR,Life Ladder,Afghanistan,2012,2012,2012,country-year,observed,no,Coverage-only row generated from validated WHR2024 annual mirror; outcome value omitted.
WHR2024_ANNUAL,Gallup/WHR,Life Ladder,Afghanistan,2013,2013,2013,country-year,observed,no,Coverage-only row generated from validated WHR2024 annual mirror; outcome value omitted.
WHR2024_ANNUAL,Gallup/WHR,Life Ladder,Afghanistan,2014,2014,2014,country-year,observed,no,Coverage-only row generated from validated WHR2024 annual mirror; outcome value omitted.
WHR2024_ANNUAL,Gallup/WHR,Life Ladder,Afghanistan,2015,2015,2015,country-year,observed,no,Coverage-only row generated from validated WHR2024 annual mirror; outcome value omitted.
WHR2024_ANNUAL,Gallup/WHR,Life Ladder,Afghanistan,2016,2016,2016,country-year,observed,no,Coverage-only row generated from validated WHR2024 annual mirror; outcome value omitted.
WHR2024_ANNUAL,Gallup/WHR,Life Ladder,Afghanistan,2017,2017,2017,country-year,observed,no,Coverage-only row generated from validated WHR2024 annual mirror; outcome value omitted.
WHR2024_ANNUAL,Gallup/WHR,Life Ladder,Afghanistan,2018,2018,2018,country-year,observed,no,Coverage-only row generated from validated WHR2024 annual mirror; outcome value omitted.
WHR2024_ANNUAL,Gallup/WHR,Life Ladder,Afghanistan,2019,2019,2019,country-year,observed,no,Coverage-only row generated from validated WHR2024 annual mirror; outcome value omitted.
WHR2024_ANNUAL,Gallup/WHR,Life Ladder,Afghanistan,2021,2021,2021,country-year,observed,no,Coverage-only row generated from validated WHR2024 annual mirror; outcome value omitted.
WHR2024_ANNUAL,Gallup/WHR,Life Ladder,Afghanistan,2022,2022,2022,country-year,observed,no,Coverage-only row generated from validated WHR2024 annual mirror; outcome value omitted.
WHR2024_ANNUAL,Gallup/WHR,Life Ladder,Afghanistan,2023,2023,2023,country-year,observed,no,Coverage-only row generated from validated WHR2024 annual mirror; outcome value omitted.
WHR2024_ANNUAL,Gallup/WHR,Life Ladder,Albania,2007,2007,2007,country-year,observed,no,Coverage-only row generated from validated WHR2024 annual mirror; outcome value omitted.
WHR2024_ANNUAL,Gallup/WHR,Life Ladder,Albania,2009,2009,2009,country-year,observed,no,Coverage-only row generated from validated WHR2024 annual mirror; outcome value omitted.
WHR2024_ANNUAL,Gallup/WHR,Life Ladder,Albania,2010,2010,2010,country-year,observed,no,Coverage-only row generated from validated WHR2024 annual mirror; outcome value omitted.
WHR2024_ANNUAL,Gallup/WHR,Life Ladder,Albania,2011,2011,2011,country-year,observed,no,Coverage-only row generated from validated WHR2024 annual mirror; outcome value omitted.
WHR2024_ANNUAL,Gallup/WHR,Life Ladder,Albania,2012,2012,2012,country-year,observed,no,Coverage-only row generated from validated WHR2024 annual mirror; outcome value omitted.
WHR2024_ANNUAL,Gallup/WHR,Life Ladder,Albania,2013,2013,2013,country-year,observed,no,Coverage-only row generated from validated WHR2024 annual mirror; outcome value omitted.
WHR2024_ANNUAL,Gallup/WHR,Life Ladder,Albania,2014,2014,2014,country-year,observed,no,Coverage-only row generated from validated WHR2024 annual mirror; outcome value omitted.
WHR2024_ANNUAL,Gallup/WHR,Life Ladder,Albania,2015,2015,2015,country-year,observed,no,Coverage-only row generated from validated WHR2024 annual mirror; outcome value omitted.
WHR2024_ANNUAL,Gallup/WHR,Life Ladder,Albania,2016,2016,2016,country-year,observed,no,Coverage-only row generated from validated WHR2024 annual mirror; outcome value omitted.
WHR2024_ANNUAL,Gallup/WHR,Life Ladder,Albania,2017,2017,2017,country-year,observed,no,Coverage-only row generated from validated WHR2024 annual mirror; outcome value omitted.
WHR2024_ANNUAL,Gallup/WHR,Life Ladder,Albania,2018,2018,2018,country-year,observed,no,Coverage-only row generated from validated WHR2024 annual mirror; outcome value omitted.
WHR2024_ANNUAL,Gallup/WHR,Life Ladder,Albania,2019,2019,2019,country-year,observed,no,Coverage-only row generated from validated WHR2024 annual mirror; outcome value omitted.
WHR2024_ANNUAL,Gallup/WHR,Life Ladder,Albania,2020,2020,2020,country-year,observed,no,Coverage-only row generated from validated WHR2024 annual mirror; outcome value omitted.
WHR2024_ANNUAL,Gallup/WHR,Life Ladder,Albania,2021,2021,2021,country-year,observed,no,Coverage-only row generated from validated WHR2024 annual mirror; outcome value omitted.
WHR2024_ANNUAL,Gallup/WHR,Life Ladder,Albania,2022,2022,2022,country-year,observed,no,Coverage-only row generated from validated WHR2024 annual mirror; outcome value omitted.
WHR2024_ANNUAL,Gallup/WHR,Life Ladder,Albania,2023,2023,2023,country-year,observed,no,Coverage-only row generated from validated WHR2024 annual mirror; outcome value omitted.
WHR2024_ANNUAL,Gallup/WHR,Life Ladder,Algeria,2010,2010,2010,country-year,observed,no,Coverage-only row generated from validated WHR2024 annual mirror; outcome value omitted.
WHR2024_ANNUAL,Gallup/WHR,Life Ladder,Algeria,2011,2011,2011,country-year,observed,no,Coverage-only row generated from validated WHR2024 annual mirror; outcome value omitted.
WHR2024_ANNUAL,Gallup/WHR,Life Ladder,Algeria,2012,2012,2012,country-year,observed,no,Coverage-only row generated from validated WHR2024 annual mirror; outcome value omitted.
WHR2024_ANNUAL,Gallup/WHR,Life Ladder,Algeria,2014,2014,2014,country-year,observed,no,Coverage-only row generated from validated WHR2024 annual mirror; outcome value omitted.
WHR2024_ANNUAL,Gallup/WHR,Life Ladder,Algeria,2016,2016,2016,country-year,observed,no,Coverage-only row generated from validated WHR2024 annual mirror; outcome value omitted.
WHR2024_ANNUAL,Gallup/WHR,Life Ladder,Algeria,2017,2017,2017,country-year,observed,no,Coverage-only row generated from validated WHR2024 annual mirror; outcome value omitted.
WHR2024_ANNUAL,Gallup/WHR,Life Ladder,Algeria,2018,2018,2018,country-year,observed,no,Coverage-only row generated from validated WHR2024 annual mirror; outcome value omitted.
WHR2024_ANNUAL,Gallup/WHR,Life Ladder,Algeria,2019,2019,2019,country-year,observed,no,Coverage-only row generated from validated WHR2024 annual mirror; outcome value omitted.
WHR2024_ANNUAL,Gallup/WHR,Life Ladder,Algeria,2020,2020,2020,country-year,observed,no,Coverage-only row generated from validated WHR2024 annual mirror; outcome value omitted.
WHR2024_ANNUAL,Gallup/WHR,Life Ladder,Algeria,2021,2021,2021,country-year,observed,no,Coverage-only row generated from validated WHR2024 annual mirror; outcome value omitted.
WHR2024_ANNUAL,Gallup/WHR,Life Ladder,Algeria,2022,2022,2022,country-year,observed,no,Coverage-only row generated from validated WHR2024 annual mirror; outcome value omitted.
WHR2024_ANNUAL,Gallup/WHR,Life Ladder,Angola,2011,2011,2011,country-year,observed,no,Coverage-only row generated from validated WHR2024 annual mirror; outcome value omitted.
WHR2024_ANNUAL,Gallup/WHR,Life Ladder,Angola,2012,2012,2012,country-year,observed,no,Coverage-only row generated from validated WHR2024 annual mirror; outcome value omitted.
WHR2024_ANNUAL,Gallup/WHR,Life Ladder,Angola,2013,2013,2013,country-year,observed,no,Coverage-only row generated from validated WHR2024 annual mirror; outcome value omitted.
WHR2024_ANNUAL,Gallup/WHR,Life Ladder,Angola,2014,2014,2014,country-year,observed,no,Coverage-only row generated from validated WHR2024 annual mirror; outcome value omitted.
WHR2024_ANNUAL,Gallup/WHR,Life Ladder,Argentina,2006,2006,2006,country-year,observed,no,Coverage-only row generated from validated WHR2024 annual mirror; outcome value omitted.
WHR2024_ANNUAL,Gallup/WHR,Life Ladder,Argentina,2007,2007,2007,country-year,observed,no,Coverage-only row generated from validated WHR2024 annual mirror; outcome value omitted.
WHR2024_ANNUAL,Gallup/WHR,Life Ladder,Argentina,2008,2008,2008,country-year,observed,no,Coverage-only row generated from validated WHR2024 annual mirror; outcome value omitted.
WHR2024_ANNUAL,Gallup/WHR,Life Ladder,Argentina,2009,2009,2009,country-year,observed,no,Coverage-only row generated from validated WHR2024 annual mirror; outcome value omitted.
WHR2024_ANNUAL,Gallup/WHR,Life Ladder,Argentina,2010,2010,2010,country-year,observed,no,Coverage-only row generated from validated WHR2024 annual mirror; outcome value omitted.
WHR2024_ANNUAL,Gallup/WHR,Life Ladder,Argentina,2011,2011,2011,country-year,observed,no,Coverage-only row generated from validated WHR2024 annual mirror; outcome value omitted.
WHR2024_ANNUAL,Gallup/WHR,Life Ladder,Argentina,2012,2012,2012,country-year,observed,no,Coverage-only row generated from validated WHR2024 annual mirror; outcome value omitted.
WHR2024_ANNUAL,Gallup/WHR,Life Ladder,Argentina,2013,2013,2013,country-year,observed,no,Coverage-only row generated from validated WHR2024 annual mirror; outcome value omitted.
WHR2024_ANNUAL,Gallup/WHR,Life Ladder,Argentina,2014,2014,2014,country-year,observed,no,Coverage-only row generated from validated WHR2024 annual mirror; outcome value omitted.
WHR2024_ANNUAL,Gallup/WHR,Life Ladder,Argentina,2015,2015,2015,country-year,observed,no,Coverage-only row generated from validated WHR2024 annual mirror; outcome value omitted.
WHR2024_ANNUAL,Gallup/WHR,Life Ladder,Argentina,2016,2016,2016,country-year,observed,no,Coverage-only row generated from validated WHR2024 annual mirror; outcome value omitted.
WHR2024_ANNUAL,Gallup/WHR,Life Ladder,Argentina,2017,2017,2017,country-year,observed,no,Coverage-only row generated from validated WHR2024 annual mirror; outcome value omitted.
WHR2024_ANNUAL,Gallup/WHR,Life Ladder,Argentina,2018,2018,2018,country-year,observed,no,Coverage-only row generated from validated WHR2024 annual mirror; outcome value omitted.
WHR2024_ANNUAL,Gallup/WHR,Life Ladder,Argentina,2019,2019,2019,country-year,observed,no,Coverage-only row generated from validated WHR2024 annual mirror; outcome value omitted.
WHR2024_ANNUAL,Gallup/WHR,Life Ladder,Argentina,2020,2020,2020,country-year,observed,no,Coverage-only row generated from validated WHR2024 annual mirror; outcome value omitted.
WHR2024_ANNUAL,Gallup/WHR,Life Ladder,Argentina,2021,2021,2021,country-year,observed,no,Coverage-only row generated from validated WHR2024 annual mirror; outcome value omitted.
WHR2024_ANNUAL,Gallup/WHR,Life Ladder,Argentina,2022,2022,2022,country-year,observed,no,Coverage-only row generated from validated WHR2024 annual mirror; outcome value omitted.
WHR2024_ANNUAL,Gallup/WHR,Life Ladder,Argentina,2023,2023,2023,country-year,observed,no,Coverage-only row generated from validated WHR2024 annual mirror; outcome value omitted.
WHR2024_ANNUAL,Gallup/WHR,Life Ladder,Armenia,2006,2006,2006,country-year,observed,no,Coverage-only row generated from validated WHR2024 annual mirror; outcome value omitted.
WHR2024_ANNUAL,Gallup/WHR,Life Ladder,Armenia,2007,2007,2007,country-year,observed,no,Coverage-only row generated from validated WHR2024 annual mirror; outcome value omitted.
WHR2024_ANNUAL,Gallup/WHR,Life Ladder,Armenia,2008,2008,2008,country-year,observed,no,Coverage-only row generated from validated WHR2024 annual mirror; outcome value omitted.
WHR2024_ANNUAL,Gallup/WHR,Life Ladder,Armenia,2009,2009,2009,country-year,observed,no,Coverage-only row generated from validated WHR2024 annual mirror; outcome value omitted.
WHR2024_ANNUAL,Gallup/WHR,Life Ladder,Armenia,2010,2010,2010,country-year,observed,no,Coverage-only row generated from validated WHR2024 annual mirror; outcome value omitted.
WHR2024_ANNUAL,Gallup/WHR,Life Ladder,Armenia,2011,2011,2011,country-year,observed,no,Coverage-only row generated from validated WHR2024 annual mirror; outcome value omitted.
WHR2024_ANNUAL,Gallup/WHR,Life Ladder,Armenia,2012,2012,2012,country-year,observed,no,Coverage-only row generated from validated WHR2024 annual mirror; outcome value omitted.
WHR2024_ANNUAL,Gallup/WHR,Life Ladder,Armenia,2013,2013,2013,country-year,observed,no,Coverage-only row generated from validated WHR2024 annual mirror; outcome value omitted.
WHR2024_ANNUAL,Gallup/WHR,Life Ladder,Armenia,2014,2014,2014,country-year,observed,no,Coverage-only row generated from validated WHR2024 annual mirror; outcome value omitted.
WHR2024_ANNUAL,Gallup/WHR,Life Ladder,Armenia,2015,2015,2015,country-year,observed,no,Coverage-only row generated from validated WHR2024 annual mirror; outcome value omitted.
WHR2024_ANNUAL,Gallup/WHR,Life Ladder,Armenia,2016,2016,2016,country-year,observed,no,Coverage-only row generated from validated WHR2024 annual mirror; outcome value omitted.
WHR2024_ANNUAL,Gallup/WHR,Life Ladder,Armenia,2017,2017,2017,country-year,observed,no,Coverage-only row generated from validated WHR2024 annual mirror; outcome value omitted.
WHR2024_ANNUAL,Gallup/WHR,Life Ladder,Armenia,2018,2018,2018,country-year,observed,no,Coverage-only row generated from validated WHR2024 annual mirror; outcome value omitted.
WHR2024_ANNUAL,Gallup/WHR,Life Ladder,Armenia,2019,2019,2019,country-year,observed,no,Coverage-only row generated from validated WHR2024 annual mirror; outcome value omitted.
WHR2024_ANNUAL,Gallup/WHR,Life Ladder,Armenia,2021,2021,2021,country-year,observed,no,Coverage-only row generated from validated WHR2024 annual mirror; outcome value omitted.
WHR2024_ANNUAL,Gallup/WHR,Life Ladder,Armenia,2022,2022,2022,country-year,observed,no,Coverage-only row generated from validated WHR2024 annual mirror; outcome value omitted.
WHR2024_ANNUAL,Gallup/WHR,Life Ladder,Armenia,2023,2023,2023,country-year,observed,no,Coverage-only row generated from validated WHR2024 annual mirror; outcome value omitted.
WHR2024_ANNUAL,Gallup/WHR,Life Ladder,Australia,2005,2005,2005,country-year,observed,no,Coverage-only row generated from validated WHR2024 annual mirror; outcome value omitted.
WHR2024_ANNUAL,Gallup/WHR,Life Ladder,Australia,2007,2007,2007,country-year,observed,no,Coverage-only row generated from validated WHR2024 annual mirror; outcome value omitted.
WHR2024_ANNUAL,Gallup/WHR,Life Ladder,Australia,2008,2008,2008,country-year,observed,no,Coverage-only row generated from validated WHR2024 annual mirror; outcome value omitted.
WHR2024_ANNUAL,Gallup/WHR,Life Ladder,Australia,2010,2010,2010,country-year,observed,no,Coverage-only row generated from validated WHR2024 annual mirror; outcome value omitted.
WHR2024_ANNUAL,Gallup/WHR,Life Ladder,Australia,2011,2011,2011,country-year,observed,no,Coverage-only row generated from validated WHR2024 annual mirror; outcome value omitted.
WHR2024_ANNUAL,Gallup/WHR,Life Ladder,Australia,2012,2012,2012,country-year,observed,no,Coverage-only row generated from validated WHR2024 annual mirror; outcome value omitted.
WHR2024_ANNUAL,Gallup/WHR,Life Ladder,Australia,2013,2013,2013,country-year,observed,no,Coverage-only row generated from validated WHR2024 annual mirror; outcome value omitted.
WHR2024_ANNUAL,Gallup/WHR,Life Ladder,Australia,2014,2014,2014,country-year,observed,no,Coverage-only row generated from validated WHR2024 annual mirror; outcome value omitted.
WHR2024_ANNUAL,Gallup/WHR,Life Ladder,Australia,2015,2015,2015,country-year,observed,no,Coverage-only row generated from validated WHR2024 annual mirror; outcome value omitted.
WHR2024_ANNUAL,Gallup/WHR,Life Ladder,Australia,2016,2016,2016,country-year,observed,no,Coverage-only row generated from validated WHR2024 annual mirror; outcome value omitted.
WHR2024_ANNUAL,Gallup/WHR,Life Ladder,Australia,2017,2017,2017,country-year,observed,no,Coverage-only row generated from validated WHR2024 annual mirror; outcome value omitted.
WHR2024_ANNUAL,Gallup/WHR,Life Ladder,Australia,2018,2018,2018,country-year,observed,no,Coverage-only row generated from validated WHR2024 annual mirror; outcome value omitted.
WHR2024_ANNUAL,Gallup/WHR,Life Ladder,Australia,2019,2019,2019,country-year,observed,no,Coverage-only row generated from validated WHR2024 annual mirror; outcome value omitted.
WHR2024_ANNUAL,Gallup/WHR,Life Ladder,Australia,2020,2020,2020,country-year,observed,no,Coverage-only row generated from validated WHR2024 annual mirror; outcome value omitted.
WHR2024_ANNUAL,Gallup/WHR,Life Ladder,Australia,2021,2021,2021,country-year,observed,no,Coverage-only row generated from validated WHR2024 annual mirror; outcome value omitted.
WHR2024_ANNUAL,Gallup/WHR,Life Ladder,Australia,2022,2022,2022,country-year,observed,no,Coverage-only row generated from validated WHR2024 annual mirror; outcome value omitted.
WHR2024_ANNUAL,Gallup/WHR,Life Ladder,Australia,2023,2023,2023,country-year,observed,no,Coverage-only row generated from validated WHR2024 annual mirror; outcome value omitted.
WHR2024_ANNUAL,Gallup/WHR,Life Ladder,Austria,2006,2006,2006,country-year,observed,no,Coverage-only row generated from validated WHR2024 annual mirror; outcome value omitted.
WHR2024_ANNUAL,Gallup/WHR,Life Ladder,Austria,2008,2008,2008,country-year,observed,no,Coverage-only row generated from validated WHR2024 annual mirror; outcome value omitted.
WHR2024_ANNUAL,Gallup/WHR,Life Ladder,Austria,2010,2010,2010,country-year,observed,no,Coverage-only row generated from validated WHR2024 annual mirror; outcome value omitted.
WHR2024_ANNUAL,Gallup/WHR,Life Ladder,Austria,2011,2011,2011,country-year,observed,no,Coverage-only row generated from validated WHR2024 annual mirror; outcome value omitted.
WHR2024_ANNUAL,Gallup/WHR,Life Ladder,Austria,2012,2012,2012,country-year,observed,no,Coverage-only row generated from validated WHR2024 annual mirror; outcome value omitted.
WHR2024_ANNUAL,Gallup/WHR,Life Ladder,Austria,2013,2013,2013,country-year,observed,no,Coverage-only row generated from validated WHR2024 annual mirror; outcome value omitted.
WHR2024_ANNUAL,Gallup/WHR,Life Ladder,Austria,2014,2014,2014,country-year,observed,no,Coverage-only row generated from validated WHR2024 annual mirror; outcome value omitted.
WHR2024_ANNUAL,Gallup/WHR,Life Ladder,Austria,2015,2015,2015,country-year,observed,no,Coverage-only row generated from validated WHR2024 annual mirror; outcome value omitted.
WHR2024_ANNUAL,Gallup/WHR,Life Ladder,Austria,2016,2016,2016,country-year,observed,no,Coverage-only row generated from validated WHR2024 annual mirror; outcome value omitted.
WHR2024_ANNUAL,Gallup/WHR,Life Ladder,Austria,2017,2017,2017,country-year,observed,no,Coverage-only row generated from validated WHR2024 annual mirror; outcome value omitted.
WHR2024_ANNUAL,Gallup/WHR,Life Ladder,Austria,2018,2018,2018,country-year,observed,no,Coverage-only row generated from validated WHR2024 annual mirror; outcome value omitted.
WHR2024_ANNUAL,Gallup/WHR,Life Ladder,Austria,2019,2019,2019,country-year,observed,no,Coverage-only row generated from validated WHR2024 annual mirror; outcome value omitted.
WHR2024_ANNUAL,Gallup/WHR,Life Ladder,Austria,2020,2020,2020,country-year,observed,no,Coverage-only row generated from validated WHR2024 annual mirror; outcome value omitted.
WHR2024_ANNUAL,Gallup/WHR,Life Ladder,Austria,2021,2021,2021,country-year,observed,no,Coverage-only row generated from validated WHR2024 annual mirror; outcome value omitted.
WHR2024_ANNUAL,Gallup/WHR,Life Ladder,Austria,2022,2022,2022,country-year,observed,no,Coverage-only row generated from validated WHR2024 annual mirror; outcome value omitted.
WHR2024_ANNUAL,Gallup/WHR,Life Ladder,Austria,2023,2023,2023,country-year,observed,no,Coverage-only row generated from validated WHR2024 annual mirror; outcome value omitted.
WHR2024_ANNUAL,Gallup/WHR,Life Ladder,Azerbaijan,2006,2006,2006,country-year,observed,no,Coverage-only row generated from validated WHR2024 annual mirror; outcome value omitted.
WHR2024_ANNUAL,Gallup/WHR,Life Ladder,Azerbaijan,2007,2007,2007,country-year,observed,no,Coverage-only row generated from validated WHR2024 annual mirror; outcome value omitted.
WHR2024_ANNUAL,Gallup/WHR,Life Ladder,Azerbaijan,2008,2008,2008,country-year,observed,no,Coverage-only row generated from validated WHR2024 annual mirror; outcome value omitted.
WHR2024_ANNUAL,Gallup/WHR,Life Ladder,Azerbaijan,2009,2009,2009,country-year,observed,no,Coverage-only row generated from validated WHR2024 annual mirror; outcome value omitted.
WHR2024_ANNUAL,Gallup/WHR,Life Ladder,Azerbaijan,2010,2010,2010,country-year,observed,no,Coverage-only row generated from validated WHR2024 annual mirror; outcome value omitted.
WHR2024_ANNUAL,Gallup/WHR,Life Ladder,Azerbaijan,2011,2011,2011,country-year,observed,no,Coverage-only row generated from validated WHR2024 annual mirror; outcome value omitted.
WHR2024_ANNUAL,Gallup/WHR,Life Ladder,Azerbaijan,2012,2012,2012,country-year,observed,no,Coverage-only row generated from validated WHR2024 annual mirror; outcome value omitted.
WHR2024_ANNUAL,Gallup/WHR,Life Ladder,Azerbaijan,2013,2013,2013,country-year,observed,no,Coverage-only row generated from validated WHR2024 annual mirror; outcome value omitted.
WHR2024_ANNUAL,Gallup/WHR,Life Ladder,Azerbaijan,2014,2014,2014,country-year,observed,no,Coverage-only row generated from validated WHR2024 annual mirror; outcome value omitted.
WHR2024_ANNUAL,Gallup/WHR,Life Ladder,Azerbaijan,2015,2015,2015,country-year,observed,no,Coverage-only row generated from validated WHR2024 annual mirror; outcome value omitted.
WHR2024_ANNUAL,Gallup/WHR,Life Ladder,Azerbaijan,2016,2016,2016,country-year,observed,no,Coverage-only row generated from validated WHR2024 annual mirror; outcome value omitted.
WHR2024_ANNUAL,Gallup/WHR,Life Ladder,Azerbaijan,2017,2017,2017,country-year,observed,no,Coverage-only row generated from validated WHR2024 annual mirror; outcome value omitted.
WHR2024_ANNUAL,Gallup/WHR,Life Ladder,Azerbaijan,2018,2018,2018,country-year,observed,no,Coverage-only row generated from validated WHR2024 annual mirror; outcome value omitted.
WHR2024_ANNUAL,Gallup/WHR,Life Ladder,Azerbaijan,2019,2019,2019,country-year,observed,no,Coverage-only row generated from validated WHR2024 annual mirror; outcome value omitted.
WHR2024_ANNUAL,Gallup/WHR,Life Ladder,Azerbaijan,2022,2022,2022,country-year,observed,no,Coverage-only row generated from validated WHR2024 annual mirror; outcome value omitted.
WHR2024_ANNUAL,Gallup/WHR,Life Ladder,Azerbaijan,2023,2023,2023,country-year,observed,no,Coverage-only row generated from validated WHR2024 annual mirror; outcome value omitted.
WHR2024_ANNUAL,Gallup/WHR,Life Ladder,Bahrain,2009,2009,2009,country-year,observed,no,Coverage-only row generated from validated WHR2024 annual mirror; outcome value omitted.
WHR2024_ANNUAL,Gallup/WHR,Life Ladder,Bahrain,2010,2010,2010,country-year,observed,no,Coverage-only row generated from validated WHR2024 annual mirror; outcome value omitted.
WHR2024_ANNUAL,Gallup/WHR,Life Ladder,Bahrain,2011,2011,2011,country-year,observed,no,Coverage-only row generated from validated WHR2024 annual mirror; outcome value omitted.
WHR2024_ANNUAL,Gallup/WHR,Life Ladder,Bahrain,2012,2012,2012,country-year,observed,no,Coverage-only row generated from validated WHR2024 annual mirror; outcome value omitted.
WHR2024_ANNUAL,Gallup/WHR,Life Ladder,Bahrain,2013,2013,2013,country-year,observed,no,Coverage-only row generated from validated WHR2024 annual mirror; outcome value omitted.
WHR2024_ANNUAL,Gallup/WHR,Life Ladder,Bahrain,2014,2014,2014,country-year,observed,no,Coverage-only row generated from validated WHR2024 annual mirror; outcome value omitted.
WHR2024_ANNUAL,Gallup/WHR,Life Ladder,Bahrain,2015,2015,2015,country-year,observed,no,Coverage-only row generated from validated WHR2024 annual mirror; outcome value omitted.
WHR2024_ANNUAL,Gallup/WHR,Life Ladder,Bahrain,2016,2016,2016,country-year,observed,no,Coverage-only row generated from validated WHR2024 annual mirror; outcome value omitted.
WHR2024_ANNUAL,Gallup/WHR,Life Ladder,Bahrain,2017,2017,2017,country-year,observed,no,Coverage-only row generated from validated WHR2024 annual mirror; outcome value omitted.
WHR2024_ANNUAL,Gallup/WHR,Life Ladder,Bahrain,2019,2019,2019,country-year,observed,no,Coverage-only row generated from validated WHR2024 annual mirror; outcome value omitted.
WHR2024_ANNUAL,Gallup/WHR,Life Ladder,Bahrain,2020,2020,2020,country-year,observed,no,Coverage-only row generated from validated WHR2024 annual mirror; outcome value omitted.
WHR2024_ANNUAL,Gallup/WHR,Life Ladder,Bahrain,2023,2023,2023,country-year,observed,no,Coverage-only row generated from validated WHR2024 annual mirror; outcome value omitted.
WHR2024_ANNUAL,Gallup/WHR,Life Ladder,Bangladesh,2006,2006,2006,country-year,observed,no,Coverage-only row generated from validated WHR2024 annual mirror; outcome value omitted.
WHR2024_ANNUAL,Gallup/WHR,Life Ladder,Bangladesh,2007,2007,2007,country-year,observed,no,Coverage-only row generated from validated WHR2024 annual mirror; outcome value omitted.
WHR2024_ANNUAL,Gallup/WHR,Life Ladder,Bangladesh,2008,2008,2008,country-year,observed,no,Coverage-only row generated from validated WHR2024 annual mirror; outcome value omitted.
WHR2024_ANNUAL,Gallup/WHR,Life Ladder,Bangladesh,2009,2009,2009,country-year,observed,no,Coverage-only row generated from validated WHR2024 annual mirror; outcome value omitted.
WHR2024_ANNUAL,Gallup/WHR,Life Ladder,Bangladesh,2010,2010,2010,country-year,observed,no,Coverage-only row generated from validated WHR2024 annual mirror; outcome value omitted.
WHR2024_ANNUAL,Gallup/WHR,Life Ladder,Bangladesh,2011,2011,2011,country-year,observed,no,Coverage-only row generated from validated WHR2024 annual mirror; outcome value omitted.
WHR2024_ANNUAL,Gallup/WHR,Life Ladder,Bangladesh,2012,2012,2012,country-year,observed,no,Coverage-only row generated from validated WHR2024 annual mirror; outcome value omitted.
WHR2024_ANNUAL,Gallup/WHR,Life Ladder,Bangladesh,2013,2013,2013,country-year,observed,no,Coverage-only row generated from validated WHR2024 annual mirror; outcome value omitted.
WHR2024_ANNUAL,Gallup/WHR,Life Ladder,Bangladesh,2014,2014,2014,country-year,observed,no,Coverage-only row generated from validated WHR2024 annual mirror; outcome value omitted.
WHR2024_ANNUAL,Gallup/WHR,Life Ladder,Bangladesh,2015,2015,2015,country-year,observed,no,Coverage-only row generated from validated WHR2024 annual mirror; outcome value omitted.
WHR2024_ANNUAL,Gallup/WHR,Life Ladder,Bangladesh,2016,2016,2016,country-year,observed,no,Coverage-only row generated from validated WHR2024 annual mirror; outcome value omitted.
WHR2024_ANNUAL,Gallup/WHR,Life Ladder,Bangladesh,2017,2017,2017,country-year,observed,no,Coverage-only row generated from validated WHR2024 annual mirror; outcome value omitted.
WHR2024_ANNUAL,Gallup/WHR,Life Ladder,Bangladesh,2018,2018,2018,country-year,observed,no,Coverage-only row generated from validated WHR2024 annual mirror; outcome value omitted.
WHR2024_ANNUAL,Gallup/WHR,Life Ladder,Bangladesh,2019,2019,2019,country-year,observed,no,Coverage-only row generated from validated WHR2024 annual mirror; outcome value omitted.
WHR2024_ANNUAL,Gallup/WHR,Life Ladder,Bangladesh,2020,2020,2020,country-year,observed,no,Coverage-only row generated from validated WHR2024 annual mirror; outcome value omitted.
WHR2024_ANNUAL,Gallup/WHR,Life Ladder,Bangladesh,2021,2021,2021,country-year,observed,no,Coverage-only row generated from validated WHR2024 annual mirror; outcome value omitted.
WHR2024_ANNUAL,Gallup/WHR,Life Ladder,Bangladesh,2022,2022,2022,country-year,observed,no,Coverage-only row generated from validated WHR2024 annual mirror; outcome value omitted.
WHR2024_ANNUAL,Gallup/WHR,Life Ladder,Bangladesh,2023,2023,2023,country-year,observed,no,Coverage-only row generated from validated WHR2024 annual mirror; outcome value omitted.
WHR2024_ANNUAL,Gallup/WHR,Life Ladder,Belarus,2006,2006,2006,country-year,observed,no,Coverage-only row generated from validated WHR2024 annual mirror; outcome value omitted.
WHR2024_ANNUAL,Gallup/WHR,Life Ladder,Belarus,2007,2007,2007,country-year,observed,no,Coverage-only row generated from validated WHR2024 annual mirror; outcome value omitted.
WHR2024_ANNUAL,Gallup/WHR,Life Ladder,Belarus,2008,2008,2008,country-year,observed,no,Coverage-only row generated from validated WHR2024 annual mirror; outcome value omitted.
WHR2024_ANNUAL,Gallup/WHR,Life Ladder,Belarus,2009,2009,2009,country-year,observed,no,Coverage-only row generated from validated WHR2024 annual mirror; outcome value omitted.
WHR2024_ANNUAL,Gallup/WHR,Life Ladder,Belarus,2010,2010,2010,country-year,observed,no,Coverage-only row generated from validated WHR2024 annual mirror; outcome value omitted.
WHR2024_ANNUAL,Gallup/WHR,Life Ladder,Belarus,2011,2011,2011,country-year,observed,no,Coverage-only row generated from validated WHR2024 annual mirror; outcome value omitted.
WHR2024_ANNUAL,Gallup/WHR,Life Ladder,Belarus,2012,2012,2012,country-year,observed,no,Coverage-only row generated from validated WHR2024 annual mirror; outcome value omitted.
WHR2024_ANNUAL,Gallup/WHR,Life Ladder,Belarus,2013,2013,2013,country-year,observed,no,Coverage-only row generated from validated WHR2024 annual mirror; outcome value omitted.
WHR2024_ANNUAL,Gallup/WHR,Life Ladder,Belarus,2014,2014,2014,country-year,observed,no,Coverage-only row generated from validated WHR2024 annual mirror; outcome value omitted.
WHR2024_ANNUAL,Gallup/WHR,Life Ladder,Belarus,2015,2015,2015,country-year,observed,no,Coverage-only row generated from validated WHR2024 annual mirror; outcome value omitted.
WHR2024_ANNUAL,Gallup/WHR,Life Ladder,Belarus,2016,2016,2016,country-year,observed,no,Coverage-only row generated from validated WHR2024 annual mirror; outcome value omitted.
WHR2024_ANNUAL,Gallup/WHR,Life Ladder,Belarus,2017,2017,2017,country-year,observed,no,Coverage-only row generated from validated WHR2024 annual mirror; outcome value omitted.
WHR2024_ANNUAL,Gallup/WHR,Life Ladder,Belarus,2018,2018,2018,country-year,observed,no,Coverage-only row generated from validated WHR2024 annual mirror; outcome value omitted.
WHR2024_ANNUAL,Gallup/WHR,Life Ladder,Belarus,2019,2019,2019,country-year,observed,no,Coverage-only row generated from validated WHR2024 annual mirror; outcome value omitted.
WHR2024_ANNUAL,Gallup/WHR,Life Ladder,Belgium,2005,2005,2005,country-year,observed,no,Coverage-only row generated from validated WHR2024 annual mirror; outcome value omitted.
WHR2024_ANNUAL,Gallup/WHR,Life Ladder,Belgium,2007,2007,2007,country-year,observed,no,Coverage-only row generated from validated WHR2024 annual mirror; outcome value omitted.
WHR2024_ANNUAL,Gallup/WHR,Life Ladder,Belgium,2008,2008,2008,country-year,observed,no,Coverage-only row generated from validated WHR2024 annual mirror; outcome value omitted.
WHR2024_ANNUAL,Gallup/WHR,Life Ladder,Belgium,2010,2010,2010,country-year,observed,no,Coverage-only row generated from validated WHR2024 annual mirror; outcome value omitted.
WHR2024_ANNUAL,Gallup/WHR,Life Ladder,Belgium,2011,2011,2011,country-year,observed,no,Coverage-only row generated from validated WHR2024 annual mirror; outcome value omitted.
WHR2024_ANNUAL,Gallup/WHR,Life Ladder,Belgium,2012,2012,2012,country-year,observed,no,Coverage-only row generated from validated WHR2024 annual mirror; outcome value omitted.
WHR2024_ANNUAL,Gallup/WHR,Life Ladder,Belgium,2013,2013,2013,country-year,observed,no,Coverage-only row generated from validated WHR2024 annual mirror; outcome value omitted.
WHR2024_ANNUAL,Gallup/WHR,Life Ladder,Belgium,2014,2014,2014,country-year,observed,no,Coverage-only row generated from validated WHR2024 annual mirror; outcome value omitted.
WHR2024_ANNUAL,Gallup/WHR,Life Ladder,Belgium,2015,2015,2015,country-year,observed,no,Coverage-only row generated from validated WHR2024 annual mirror; outcome value omitted.
WHR2024_ANNUAL,Gallup/WHR,Life Ladder,Belgium,2016,2016,2016,country-year,observed,no,Coverage-only row generated from validated WHR2024 annual mirror; outcome value omitted.
WHR2024_ANNUAL,Gallup/WHR,Life Ladder,Belgium,2017,2017,2017,country-year,observed,no,Coverage-only row generated from validated WHR2024 annual mirror; outcome value omitted.
WHR2024_ANNUAL,Gallup/WHR,Life Ladder,Belgium,2018,2018,2018,country-year,observed,no,Coverage-only row generated from validated WHR2024 annual mirror; outcome value omitted.
WHR2024_ANNUAL,Gallup/WHR,Life Ladder,Belgium,2019,2019,2019,country-year,observed,no,Coverage-only row generated from validated WHR2024 annual mirror; outcome value omitted.
WHR2024_ANNUAL,Gallup/WHR,Life Ladder,Belgium,2020,2020,2020,country-year,observed,no,Coverage-only row generated from validated WHR2024 annual mirror; outcome value omitted.
WHR2024_ANNUAL,Gallup/WHR,Life Ladder,Belgium,2021,2021,2021,country-year,observed,no,Coverage-only row generated from validated WHR2024 annual mirror; outcome value omitted.
WHR2024_ANNUAL,Gallup/WHR,Life Ladder,Belgium,2022,2022,2022,country-year,observed,no,Coverage-only row generated from validated WHR2024 annual mirror; outcome value omitted.
WHR2024_ANNUAL,Gallup/WHR,Life Ladder,Belgium,2023,2023,2023,country-year,observed,no,Coverage-only row generated from validated WHR2024 annual mirror; outcome value omitted.
WHR2024_ANNUAL,Gallup/WHR,Life Ladder,Belize,2007,2007,2007,country-year,observed,no,Coverage-only row generated from validated WHR2024 annual mirror; outcome value omitted.
WHR2024_ANNUAL,Gallup/WHR,Life Ladder,Belize,2014,2014,2014,country-year,observed,no,Coverage-only row generated from validated WHR2024 annual mirror; outcome value omitted.
WHR2024_ANNUAL,Gallup/WHR,Life Ladder,Benin,2006,2006,2006,country-year,observed,no,Coverage-only row generated from validated WHR2024 annual mirror; outcome value omitted.
WHR2024_ANNUAL,Gallup/WHR,Life Ladder,Benin,2008,2008,2008,country-year,observed,no,Coverage-only row generated from validated WHR2024 annual mirror; outcome value omitted.
WHR2024_ANNUAL,Gallup/WHR,Life Ladder,Benin,2011,2011,2011,country-year,observed,no,Coverage-only row generated from validated WHR2024 annual mirror; outcome value omitted.
WHR2024_ANNUAL,Gallup/WHR,Life Ladder,Benin,2012,2012,2012,country-year,observed,no,Coverage-only row generated from validated WHR2024 annual mirror; outcome value omitted.
WHR2024_ANNUAL,Gallup/WHR,Life Ladder,Benin,2013,2013,2013,country-year,observed,no,Coverage-only row generated from validated WHR2024 annual mirror; outcome value omitted.
WHR2024_ANNUAL,Gallup/WHR,Life Ladder,Benin,2014,2014,2014,country-year,observed,no,Coverage-only row generated from validated WHR2024 annual mirror; outcome value omitted.
WHR2024_ANNUAL,Gallup/WHR,Life Ladder,Benin,2015,2015,2015,country-year,observed,no,Coverage-only row generated from validated WHR2024 annual mirror; outcome value omitted.
WHR2024_ANNUAL,Gallup/WHR,Life Ladder,Benin,2016,2016,2016,country-year,observed,no,Coverage-only row generated from validated WHR2024 annual mirror; outcome value omitted.
WHR2024_ANNUAL,Gallup/WHR,Life Ladder,Benin,2017,2017,2017,country-year,observed,no,Coverage-only row generated from validated WHR2024 annual mirror; outcome value omitted.
WHR2024_ANNUAL,Gallup/WHR,Life Ladder,Benin,2018,2018,2018,country-year,observed,no,Coverage-only row generated from validated WHR2024 annual mirror; outcome value omitted.
WHR2024_ANNUAL,Gallup/WHR,Life Ladder,Benin,2019,2019,2019,country-year,observed,no,Coverage-only row generated from validated WHR2024 annual mirror; outcome value omitted.
WHR2024_ANNUAL,Gallup/WHR,Life Ladder,Benin,2020,2020,2020,country-year,observed,no,Coverage-only row generated from validated WHR2024 annual mirror; outcome value omitted.
WHR2024_ANNUAL,Gallup/WHR,Life Ladder,Benin,2021,2021,2021,country-year,observed,no,Coverage-only row generated from validated WHR2024 annual mirror; outcome value omitted.
WHR2024_ANNUAL,Gallup/WHR,Life Ladder,Benin,2022,2022,2022,country-year,observed,no,Coverage-only row generated from validated WHR2024 annual mirror; outcome value omitted.
WHR2024_ANNUAL,Gallup/WHR,Life Ladder,Benin,2023,2023,2023,country-year,observed,no,Coverage-only row generated from validated WHR2024 annual mirror; outcome value omitted.
WHR2024_ANNUAL,Gallup/WHR,Life Ladder,Bhutan,2013,2013,2013,country-year,observed,no,Coverage-only row generated from validated WHR2024 annual mirror; outcome value omitted.
WHR2024_ANNUAL,Gallup/WHR,Life Ladder,Bhutan,2014,2014,2014,country-year,observed,no,Coverage-only row generated from validated WHR2024 annual mirror; outcome value omitted.
WHR2024_ANNUAL,Gallup/WHR,Life Ladder,Bhutan,2015,2015,2015,country-year,observed,no,Coverage-only row generated from validated WHR2024 annual mirror; outcome value omitted.
WHR2024_ANNUAL,Gallup/WHR,Life Ladder,Bolivia,2006,2006,2006,country-year,observed,no,Coverage-only row generated from validated WHR2024 annual mirror; outcome value omitted.
WHR2024_ANNUAL,Gallup/WHR,Life Ladder,Bolivia,2007,2007,2007,country-year,observed,no,Coverage-only row generated from validated WHR2024 annual mirror; outcome value omitted.
WHR2024_ANNUAL,Gallup/WHR,Life Ladder,Bolivia,2008,2008,2008,country-year,observed,no,Coverage-only row generated from validated WHR2024 annual mirror; outcome value omitted.
WHR2024_ANNUAL,Gallup/WHR,Life Ladder,Bolivia,2009,2009,2009,country-year,observed,no,Coverage-only row generated from validated WHR2024 annual mirror; outcome value omitted.
WHR2024_ANNUAL,Gallup/WHR,Life Ladder,Bolivia,2010,2010,2010,country-year,observed,no,Coverage-only row generated from validated WHR2024 annual mirror; outcome value omitted.
WHR2024_ANNUAL,Gallup/WHR,Life Ladder,Bolivia,2011,2011,2011,country-year,observed,no,Coverage-only row generated from validated WHR2024 annual mirror; outcome value omitted.
WHR2024_ANNUAL,Gallup/WHR,Life Ladder,Bolivia,2012,2012,2012,country-year,observed,no,Coverage-only row generated from validated WHR2024 annual mirror; outcome value omitted.
WHR2024_ANNUAL,Gallup/WHR,Life Ladder,Bolivia,2013,2013,2013,country-year,observed,no,Coverage-only row generated from validated WHR2024 annual mirror; outcome value omitted.
WHR2024_ANNUAL,Gallup/WHR,Life Ladder,Bolivia,2014,2014,2014,country-year,observed,no,Coverage-only row generated from validated WHR2024 annual mirror; outcome value omitted.
WHR2024_ANNUAL,Gallup/WHR,Life Ladder,Bolivia,2015,2015,2015,country-year,observed,no,Coverage-only row generated from validated WHR2024 annual mirror; outcome value omitted.
WHR2024_ANNUAL,Gallup/WHR,Life Ladder,Bolivia,2016,2016,2016,country-year,observed,no,Coverage-only row generated from validated WHR2024 annual mirror; outcome value omitted.
WHR2024_ANNUAL,Gallup/WHR,Life Ladder,Bolivia,2017,2017,2017,country-year,observed,no,Coverage-only row generated from validated WHR2024 annual mirror; outcome value omitted.
WHR2024_ANNUAL,Gallup/WHR,Life Ladder,Bolivia,2018,2018,2018,country-year,observed,no,Coverage-only row generated from validated WHR2024 annual mirror; outcome value omitted.
WHR2024_ANNUAL,Gallup/WHR,Life Ladder,Bolivia,2019,2019,2019,country-year,observed,no,Coverage-only row generated from validated WHR2024 annual mirror; outcome value omitted.
WHR2024_ANNUAL,Gallup/WHR,Life Ladder,Bolivia,2020,2020,2020,country-year,observed,no,Coverage-only row generated from validated WHR2024 annual mirror; outcome value omitted.
WHR2024_ANNUAL,Gallup/WHR,Life Ladder,Bolivia,2021,2021,2021,country-year,observed,no,Coverage-only row generated from validated WHR2024 annual mirror; outcome value omitted.
WHR2024_ANNUAL,Gallup/WHR,Life Ladder,Bolivia,2022,2022,2022,country-year,observed,no,Coverage-only row generated from validated WHR2024 annual mirror; outcome value omitted.
WHR2024_ANNUAL,Gallup/WHR,Life Ladder,Bolivia,2023,2023,2023,country-year,observed,no,Coverage-only row generated from validated WHR2024 annual mirror; outcome value omitted.
WHR2024_ANNUAL,Gallup/WHR,Life Ladder,Bosnia and Herzegovina,2007,2007,2007,country-year,observed,no,Coverage-only row generated from validated WHR2024 annual mirror; outcome value omitted.
WHR2024_ANNUAL,Gallup/WHR,Life Ladder,Bosnia and Herzegovina,2009,2009,2009,country-year,observed,no,Coverage-only row generated from validated WHR2024 annual mirror; outcome value omitted.
WHR2024_ANNUAL,Gallup/WHR,Life Ladder,Bosnia and Herzegovina,2010,2010,2010,country-year,observed,no,Coverage-only row generated from validated WHR2024 annual mirror; outcome value omitted.
WHR2024_ANNUAL,Gallup/WHR,Life Ladder,Bosnia and Herzegovina,2011,2011,2011,country-year,observed,no,Coverage-only row generated from validated WHR2024 annual mirror; outcome value omitted.
WHR2024_ANNUAL,Gallup/WHR,Life Ladder,Bosnia and Herzegovina,2012,2012,2012,country-year,observed,no,Coverage-only row generated from validated WHR2024 annual mirror; outcome value omitted.
WHR2024_ANNUAL,Gallup/WHR,Life Ladder,Bosnia and Herzegovina,2013,2013,2013,country-year,observed,no,Coverage-only row generated from validated WHR2024 annual mirror; outcome value omitted.
WHR2024_ANNUAL,Gallup/WHR,Life Ladder,Bosnia and Herzegovina,2014,2014,2014,country-year,observed,no,Coverage-only row generated from validated WHR2024 annual mirror; outcome value omitted.
WHR2024_ANNUAL,Gallup/WHR,Life Ladder,Bosnia and Herzegovina,2015,2015,2015,country-year,observed,no,Coverage-only row generated from validated WHR2024 annual mirror; outcome value omitted.
WHR2024_ANNUAL,Gallup/WHR,Life Ladder,Bosnia and Herzegovina,2016,2016,2016,country-year,observed,no,Coverage-only row generated from validated WHR2024 annual mirror; outcome value omitted.
WHR2024_ANNUAL,Gallup/WHR,Life Ladder,Bosnia and Herzegovina,2017,2017,2017,country-year,observed,no,Coverage-only row generated from validated WHR2024 annual mirror; outcome value omitted.
WHR2024_ANNUAL,Gallup/WHR,Life Ladder,Bosnia and Herzegovina,2018,2018,2018,country-year,observed,no,Coverage-only row generated from validated WHR2024 annual mirror; outcome value omitted.
WHR2024_ANNUAL,Gallup/WHR,Life Ladder,Bosnia and Herzegovina,2019,2019,2019,country-year,observed,no,Coverage-only row generated from validated WHR2024 annual mirror; outcome value omitted.
WHR2024_ANNUAL,Gallup/WHR,Life Ladder,Bosnia and Herzegovina,2020,2020,2020,country-year,observed,no,Coverage-only row generated from validated WHR2024 annual mirror; outcome value omitted.
WHR2024_ANNUAL,Gallup/WHR,Life Ladder,Bosnia and Herzegovina,2021,2021,2021,country-year,observed,no,Coverage-only row generated from validated WHR2024 annual mirror; outcome value omitted.
WHR2024_ANNUAL,Gallup/WHR,Life Ladder,Bosnia and Herzegovina,2022,2022,2022,country-year,observed,no,Coverage-only row generated from validated WHR2024 annual mirror; outcome value omitted.
WHR2024_ANNUAL,Gallup/WHR,Life Ladder,Bosnia and Herzegovina,2023,2023,2023,country-year,observed,no,Coverage-only row generated from validated WHR2024 annual mirror; outcome value omitted.
WHR2024_ANNUAL,Gallup/WHR,Life Ladder,Botswana,2006,2006,2006,country-year,observed,no,Coverage-only row generated from validated WHR2024 annual mirror; outcome value omitted.
WHR2024_ANNUAL,Gallup/WHR,Life Ladder,Botswana,2008,2008,2008,country-year,observed,no,Coverage-only row generated from validated WHR2024 annual mirror; outcome value omitted.
WHR2024_ANNUAL,Gallup/WHR,Life Ladder,Botswana,2010,2010,2010,country-year,observed,no,Coverage-only row generated from validated WHR2024 annual mirror; outcome value omitted.
WHR2024_ANNUAL,Gallup/WHR,Life Ladder,Botswana,2011,2011,2011,country-year,observed,no,Coverage-only row generated from validated WHR2024 annual mirror; outcome value omitted.
WHR2024_ANNUAL,Gallup/WHR,Life Ladder,Botswana,2012,2012,2012,country-year,observed,no,Coverage-only row generated from validated WHR2024 annual mirror; outcome value omitted.
WHR2024_ANNUAL,Gallup/WHR,Life Ladder,Botswana,2013,2013,2013,country-year,observed,no,Coverage-only row generated from validated WHR2024 annual mirror; outcome value omitted.
WHR2024_ANNUAL,Gallup/WHR,Life Ladder,Botswana,2014,2014,2014,country-year,observed,no,Coverage-only row generated from validated WHR2024 annual mirror; outcome value omitted.
WHR2024_ANNUAL,Gallup/WHR,Life Ladder,Botswana,2015,2015,2015,country-year,observed,no,Coverage-only row generated from validated WHR2024 annual mirror; outcome value omitted.
WHR2024_ANNUAL,Gallup/WHR,Life Ladder,Botswana,2016,2016,2016,country-year,observed,no,Coverage-only row generated from validated WHR2024 annual mirror; outcome value omitted.
WHR2024_ANNUAL,Gallup/WHR,Life Ladder,Botswana,2017,2017,2017,country-year,observed,no,Coverage-only row generated from validated WHR2024 annual mirror; outcome value omitted.
WHR2024_ANNUAL,Gallup/WHR,Life Ladder,Botswana,2018,2018,2018,country-year,observed,no,Coverage-only row generated from validated WHR2024 annual mirror; outcome value omitted.
WHR2024_ANNUAL,Gallup/WHR,Life Ladder,Botswana,2019,2019,2019,country-year,observed,no,Coverage-only row generated from validated WHR2024 annual mirror; outcome value omitted.
WHR2024_ANNUAL,Gallup/WHR,Life Ladder,Botswana,2022,2022,2022,country-year,observed,no,Coverage-only row generated from validated WHR2024 annual mirror; outcome value omitted.
WHR2024_ANNUAL,Gallup/WHR,Life Ladder,Botswana,2023,2023,2023,country-year,observed,no,Coverage-only row generated from validated WHR2024 annual mirror; outcome value omitted.
WHR2024_ANNUAL,Gallup/WHR,Life Ladder,Brazil,2005,2005,2005,country-year,observed,no,Coverage-only row generated from validated WHR2024 annual mirror; outcome value omitted.
WHR2024_ANNUAL,Gallup/WHR,Life Ladder,Brazil,2007,2007,2007,country-year,observed,no,Coverage-only row generated from validated WHR2024 annual mirror; outcome value omitted.
WHR2024_ANNUAL,Gallup/WHR,Life Ladder,Brazil,2008,2008,2008,country-year,observed,no,Coverage-only row generated from validated WHR2024 annual mirror; outcome value omitted.
WHR2024_ANNUAL,Gallup/WHR,Life Ladder,Brazil,2009,2009,2009,country-year,observed,no,Coverage-only row generated from validated WHR2024 annual mirror; outcome value omitted.
WHR2024_ANNUAL,Gallup/WHR,Life Ladder,Brazil,2010,2010,2010,country-year,observed,no,Coverage-only row generated from validated WHR2024 annual mirror; outcome value omitted.
WHR2024_ANNUAL,Gallup/WHR,Life Ladder,Brazil,2011,2011,2011,country-year,observed,no,Coverage-only row generated from validated WHR2024 annual mirror; outcome value omitted.
WHR2024_ANNUAL,Gallup/WHR,Life Ladder,Brazil,2012,2012,2012,country-year,observed,no,Coverage-only row generated from validated WHR2024 annual mirror; outcome value omitted.
WHR2024_ANNUAL,Gallup/WHR,Life Ladder,Brazil,2013,2013,2013,country-year,observed,no,Coverage-only row generated from validated WHR2024 annual mirror; outcome value omitted.
WHR2024_ANNUAL,Gallup/WHR,Life Ladder,Brazil,2014,2014,2014,country-year,observed,no,Coverage-only row generated from validated WHR2024 annual mirror; outcome value omitted.
WHR2024_ANNUAL,Gallup/WHR,Life Ladder,Brazil,2015,2015,2015,country-year,observed,no,Coverage-only row generated from validated WHR2024 annual mirror; outcome value omitted.
WHR2024_ANNUAL,Gallup/WHR,Life Ladder,Brazil,2016,2016,2016,country-year,observed,no,Coverage-only row generated from validated WHR2024 annual mirror; outcome value omitted.
WHR2024_ANNUAL,Gallup/WHR,Life Ladder,Brazil,2017,2017,2017,country-year,observed,no,Coverage-only row generated from validated WHR2024 annual mirror; outcome value omitted.
WHR2024_ANNUAL,Gallup/WHR,Life Ladder,Brazil,2018,2018,2018,country-year,observed,no,Coverage-only row generated from validated WHR2024 annual mirror; outcome value omitted.
WHR2024_ANNUAL,Gallup/WHR,Life Ladder,Brazil,2019,2019,2019,country-year,observed,no,Coverage-only row generated from validated WHR2024 annual mirror; outcome value omitted.
WHR2024_ANNUAL,Gallup/WHR,Life Ladder,Brazil,2020,2020,2020,country-year,observed,no,Coverage-only row generated from validated WHR2024 annual mirror; outcome value omitted.
WHR2024_ANNUAL,Gallup/WHR,Life Ladder,Brazil,2021,2021,2021,country-year,observed,no,Coverage-only row generated from validated WHR2024 annual mirror; outcome value omitted.
WHR2024_ANNUAL,Gallup/WHR,Life Ladder,Brazil,2022,2022,2022,country-year,observed,no,Coverage-only row generated from validated WHR2024 annual mirror; outcome value omitted.
WHR2024_ANNUAL,Gallup/WHR,Life Ladder,Brazil,2023,2023,2023,country-year,observed,no,Coverage-only row generated from validated WHR2024 annual mirror; outcome value omitted.
WHR2024_ANNUAL,Gallup/WHR,Life Ladder,Bulgaria,2007,2007,2007,country-year,observed,no,Coverage-only row generated from validated WHR2024 annual mirror; outcome value omitted.
WHR2024_ANNUAL,Gallup/WHR,Life Ladder,Bulgaria,2010,2010,2010,country-year,observed,no,Coverage-only row generated from validated WHR2024 annual mirror; outcome value omitted.
WHR2024_ANNUAL,Gallup/WHR,Life Ladder,Bulgaria,2011,2011,2011,country-year,observed,no,Coverage-only row generated from validated WHR2024 annual mirror; outcome value omitted.
WHR2024_ANNUAL,Gallup/WHR,Life Ladder,Bulgaria,2012,2012,2012,country-year,observed,no,Coverage-only row generated from validated WHR2024 annual mirror; outcome value omitted.
WHR2024_ANNUAL,Gallup/WHR,Life Ladder,Bulgaria,2013,2013,2013,country-year,observed,no,Coverage-only row generated from validated WHR2024 annual mirror; outcome value omitted.
WHR2024_ANNUAL,Gallup/WHR,Life Ladder,Bulgaria,2014,2014,2014,country-year,observed,no,Coverage-only row generated from validated WHR2024 annual mirror; outcome value omitted.
WHR2024_ANNUAL,Gallup/WHR,Life Ladder,Bulgaria,2015,2015,2015,country-year,observed,no,Coverage-only row generated from validated WHR2024 annual mirror; outcome value omitted.
WHR2024_ANNUAL,Gallup/WHR,Life Ladder,Bulgaria,2016,2016,2016,country-year,observed,no,Coverage-only row generated from validated WHR2024 annual mirror; outcome value omitted.
WHR2024_ANNUAL,Gallup/WHR,Life Ladder,Bulgaria,2017,2017,2017,country-year,observed,no,Coverage-only row generated from validated WHR2024 annual mirror; outcome value omitted.
WHR2024_ANNUAL,Gallup/WHR,Life Ladder,Bulgaria,2018,2018,2018,country-year,observed,no,Coverage-only row generated from validated WHR2024 annual mirror; outcome value omitted.
WHR2024_ANNUAL,Gallup/WHR,Life Ladder,Bulgaria,2019,2019,2019,country-year,observed,no,Coverage-only row generated from validated WHR2024 annual mirror; outcome value omitted.
WHR2024_ANNUAL,Gallup/WHR,Life Ladder,Bulgaria,2020,2020,2020,country-year,observed,no,Coverage-only row generated from validated WHR2024 annual mirror; outcome value omitted.
WHR2024_ANNUAL,Gallup/WHR,Life Ladder,Bulgaria,2021,2021,2021,country-year,observed,no,Coverage-only row generated from validated WHR2024 annual mirror; outcome value omitted.
WHR2024_ANNUAL,Gallup/WHR,Life Ladder,Bulgaria,2022,2022,2022,country-year,observed,no,Coverage-only row generated from validated WHR2024 annual mirror; outcome value omitted.
WHR2024_ANNUAL,Gallup/WHR,Life Ladder,Bulgaria,2023,2023,2023,country-year,observed,no,Coverage-only row generated from validated WHR2024 annual mirror; outcome value omitted.
WHR2024_ANNUAL,Gallup/WHR,Life Ladder,Burkina Faso,2006,2006,2006,country-year,observed,no,Coverage-only row generated from validated WHR2024 annual mirror; outcome value omitted.
WHR2024_ANNUAL,Gallup/WHR,Life Ladder,Burkina Faso,2007,2007,2007,country-year,observed,no,Coverage-only row generated from validated WHR2024 annual mirror; outcome value omitted.
WHR2024_ANNUAL,Gallup/WHR,Life Ladder,Burkina Faso,2008,2008,2008,country-year,observed,no,Coverage-only row generated from validated WHR2024 annual mirror; outcome value omitted.
WHR2024_ANNUAL,Gallup/WHR,Life Ladder,Burkina Faso,2010,2010,2010,country-year,observed,no,Coverage-only row generated from validated WHR2024 annual mirror; outcome value omitted.
WHR2024_ANNUAL,Gallup/WHR,Life Ladder,Burkina Faso,2011,2011,2011,country-year,observed,no,Coverage-only row generated from validated WHR2024 annual mirror; outcome value omitted.
WHR2024_ANNUAL,Gallup/WHR,Life Ladder,Burkina Faso,2012,2012,2012,country-year,observed,no,Coverage-only row generated from validated WHR2024 annual mirror; outcome value omitted.
WHR2024_ANNUAL,Gallup/WHR,Life Ladder,Burkina Faso,2013,2013,2013,country-year,observed,no,Coverage-only row generated from validated WHR2024 annual mirror; outcome value omitted.
WHR2024_ANNUAL,Gallup/WHR,Life Ladder,Burkina Faso,2014,2014,2014,country-year,observed,no,Coverage-only row generated from validated WHR2024 annual mirror; outcome value omitted.
WHR2024_ANNUAL,Gallup/WHR,Life Ladder,Burkina Faso,2015,2015,2015,country-year,observed,no,Coverage-only row generated from validated WHR2024 annual mirror; outcome value omitted.
WHR2024_ANNUAL,Gallup/WHR,Life Ladder,Burkina Faso,2016,2016,2016,country-year,observed,no,Coverage-only row generated from validated WHR2024 annual mirror; outcome value omitted.
WHR2024_ANNUAL,Gallup/WHR,Life Ladder,Burkina Faso,2017,2017,2017,country-year,observed,no,Coverage-only row generated from validated WHR2024 annual mirror; outcome value omitted.
WHR2024_ANNUAL,Gallup/WHR,Life Ladder,Burkina Faso,2018,2018,2018,country-year,observed,no,Coverage-only row generated from validated WHR2024 annual mirror; outcome value omitted.
WHR2024_ANNUAL,Gallup/WHR,Life Ladder,Burkina Faso,2019,2019,2019,country-year,observed,no,Coverage-only row generated from validated WHR2024 annual mirror; outcome value omitted.
WHR2024_ANNUAL,Gallup/WHR,Life Ladder,Burkina Faso,2020,2020,2020,country-year,observed,no,Coverage-only row generated from validated WHR2024 annual mirror; outcome value omitted.
WHR2024_ANNUAL,Gallup/WHR,Life Ladder,Burkina Faso,2021,2021,2021,country-year,observed,no,Coverage-only row generated from validated WHR2024 annual mirror; outcome value omitted.
WHR2024_ANNUAL,Gallup/WHR,Life Ladder,Burkina Faso,2023,2023,2023,country-year,observed,no,Coverage-only row generated from validated WHR2024 annual mirror; outcome value omitted.
WHR2024_ANNUAL,Gallup/WHR,Life Ladder,Burundi,2008,2008,2008,country-year,observed,no,Coverage-only row generated from validated WHR2024 annual mirror; outcome value omitted.
WHR2024_ANNUAL,Gallup/WHR,Life Ladder,Burundi,2009,2009,2009,country-year,observed,no,Coverage-only row generated from validated WHR2024 annual mirror; outcome value omitted.
WHR2024_ANNUAL,Gallup/WHR,Life Ladder,Burundi,2011,2011,2011,country-year,observed,no,Coverage-only row generated from validated WHR2024 annual mirror; outcome value omitted.
WHR2024_ANNUAL,Gallup/WHR,Life Ladder,Burundi,2014,2014,2014,country-year,observed,no,Coverage-only row generated from validated WHR2024 annual mirror; outcome value omitted.
WHR2024_ANNUAL,Gallup/WHR,Life Ladder,Burundi,2018,2018,2018,country-year,observed,no,Coverage-only row generated from validated WHR2024 annual mirror; outcome value omitted.
WHR2024_ANNUAL,Gallup/WHR,Life Ladder,Cambodia,2006,2006,2006,country-year,observed,no,Coverage-only row generated from validated WHR2024 annual mirror; outcome value omitted.
WHR2024_ANNUAL,Gallup/WHR,Life Ladder,Cambodia,2007,2007,2007,country-year,observed,no,Coverage-only row generated from validated WHR2024 annual mirror; outcome value omitted.
WHR2024_ANNUAL,Gallup/WHR,Life Ladder,Cambodia,2008,2008,2008,country-year,observed,no,Coverage-only row generated from validated WHR2024 annual mirror; outcome value omitted.
WHR2024_ANNUAL,Gallup/WHR,Life Ladder,Cambodia,2009,2009,2009,country-year,observed,no,Coverage-only row generated from validated WHR2024 annual mirror; outcome value omitted.
WHR2024_ANNUAL,Gallup/WHR,Life Ladder,Cambodia,2010,2010,2010,country-year,observed,no,Coverage-only row generated from validated WHR2024 annual mirror; outcome value omitted.
WHR2024_ANNUAL,Gallup/WHR,Life Ladder,Cambodia,2011,2011,2011,country-year,observed,no,Coverage-only row generated from validated WHR2024 annual mirror; outcome value omitted.
WHR2024_ANNUAL,Gallup/WHR,Life Ladder,Cambodia,2012,2012,2012,country-year,observed,no,Coverage-only row generated from validated WHR2024 annual mirror; outcome value omitted.
WHR2024_ANNUAL,Gallup/WHR,Life Ladder,Cambodia,2013,2013,2013,country-year,observed,no,Coverage-only row generated from validated WHR2024 annual mirror; outcome value omitted.
WHR2024_ANNUAL,Gallup/WHR,Life Ladder,Cambodia,2014,2014,2014,country-year,observed,no,Coverage-only row generated from validated WHR2024 annual mirror; outcome value omitted.
WHR2024_ANNUAL,Gallup/WHR,Life Ladder,Cambodia,2015,2015,2015,country-year,observed,no,Coverage-only row generated from validated WHR2024 annual mirror; outcome value omitted.
WHR2024_ANNUAL,Gallup/WHR,Life Ladder,Cambodia,2016,2016,2016,country-year,observed,no,Coverage-only row generated from validated WHR2024 annual mirror; outcome value omitted.
WHR2024_ANNUAL,Gallup/WHR,Life Ladder,Cambodia,2017,2017,2017,country-year,observed,no,Coverage-only row generated from validated WHR2024 annual mirror; outcome value omitted.
WHR2024_ANNUAL,Gallup/WHR,Life Ladder,Cambodia,2018,2018,2018,country-year,observed,no,Coverage-only row generated from validated WHR2024 annual mirror; outcome value omitted.
WHR2024_ANNUAL,Gallup/WHR,Life Ladder,Cambodia,2019,2019,2019,country-year,observed,no,Coverage-only row generated from validated WHR2024 annual mirror; outcome value omitted.
WHR2024_ANNUAL,Gallup/WHR,Life Ladder,Cambodia,2020,2020,2020,country-year,observed,no,Coverage-only row generated from validated WHR2024 annual mirror; outcome value omitted.
WHR2024_ANNUAL,Gallup/WHR,Life Ladder,Cambodia,2021,2021,2021,country-year,observed,no,Coverage-only row generated from validated WHR2024 annual mirror; outcome value omitted.
WHR2024_ANNUAL,Gallup/WHR,Life Ladder,Cambodia,2022,2022,2022,country-year,observed,no,Coverage-only row generated from validated WHR2024 annual mirror; outcome value omitted.
WHR2024_ANNUAL,Gallup/WHR,Life Ladder,Cambodia,2023,2023,2023,country-year,observed,no,Coverage-only row generated from validated WHR2024 annual mirror; outcome value omitted.
WHR2024_ANNUAL,Gallup/WHR,Life Ladder,Cameroon,2006,2006,2006,country-year,observed,no,Coverage-only row generated from validated WHR2024 annual mirror; outcome value omitted.
WHR2024_ANNUAL,Gallup/WHR,Life Ladder,Cameroon,2007,2007,2007,country-year,observed,no,Coverage-only row generated from validated WHR2024 annual mirror; outcome value omitted.
WHR2024_ANNUAL,Gallup/WHR,Life Ladder,Cameroon,2008,2008,2008,country-year,observed,no,Coverage-only row generated from validated WHR2024 annual mirror; outcome value omitted.
WHR2024_ANNUAL,Gallup/WHR,Life Ladder,Cameroon,2009,2009,2009,country-year,observed,no,Coverage-only row generated from validated WHR2024 annual mirror; outcome value omitted.
WHR2024_ANNUAL,Gallup/WHR,Life Ladder,Cameroon,2010,2010,2010,country-year,observed,no,Coverage-only row generated from validated WHR2024 annual mirror; outcome value omitted.
WHR2024_ANNUAL,Gallup/WHR,Life Ladder,Cameroon,2011,2011,2011,country-year,observed,no,Coverage-only row generated from validated WHR2024 annual mirror; outcome value omitted.
WHR2024_ANNUAL,Gallup/WHR,Life Ladder,Cameroon,2012,2012,2012,country-year,observed,no,Coverage-only row generated from validated WHR2024 annual mirror; outcome value omitted.
WHR2024_ANNUAL,Gallup/WHR,Life Ladder,Cameroon,2013,2013,2013,country-year,observed,no,Coverage-only row generated from validated WHR2024 annual mirror; outcome value omitted.
WHR2024_ANNUAL,Gallup/WHR,Life Ladder,Cameroon,2014,2014,2014,country-year,observed,no,Coverage-only row generated from validated WHR2024 annual mirror; outcome value omitted.
WHR2024_ANNUAL,Gallup/WHR,Life Ladder,Cameroon,2015,2015,2015,country-year,observed,no,Coverage-only row generated from validated WHR2024 annual mirror; outcome value omitted.
WHR2024_ANNUAL,Gallup/WHR,Life Ladder,Cameroon,2016,2016,2016,country-year,observed,no,Coverage-only row generated from validated WHR2024 annual mirror; outcome value omitted.
WHR2024_ANNUAL,Gallup/WHR,Life Ladder,Cameroon,2017,2017,2017,country-year,observed,no,Coverage-only row generated from validated WHR2024 annual mirror; outcome value omitted.
WHR2024_ANNUAL,Gallup/WHR,Life Ladder,Cameroon,2018,2018,2018,country-year,observed,no,Coverage-only row generated from validated WHR2024 annual mirror; outcome value omitted.
WHR2024_ANNUAL,Gallup/WHR,Life Ladder,Cameroon,2019,2019,2019,country-year,observed,no,Coverage-only row generated from validated WHR2024 annual mirror; outcome value omitted.
WHR2024_ANNUAL,Gallup/WHR,Life Ladder,Cameroon,2020,2020,2020,country-year,observed,no,Coverage-only row generated from validated WHR2024 annual mirror; outcome value omitted.
WHR2024_ANNUAL,Gallup/WHR,Life Ladder,Cameroon,2021,2021,2021,country-year,observed,no,Coverage-only row generated from validated WHR2024 annual mirror; outcome value omitted.
WHR2024_ANNUAL,Gallup/WHR,Life Ladder,Cameroon,2022,2022,2022,country-year,observed,no,Coverage-only row generated from validated WHR2024 annual mirror; outcome value omitted.
WHR2024_ANNUAL,Gallup/WHR,Life Ladder,Cameroon,2023,2023,2023,country-year,observed,no,Coverage-only row generated from validated WHR2024 annual mirror; outcome value omitted.
WHR2024_ANNUAL,Gallup/WHR,Life Ladder,Canada,2005,2005,2005,country-year,observed,no,Coverage-only row generated from validated WHR2024 annual mirror; outcome value omitted.
WHR2024_ANNUAL,Gallup/WHR,Life Ladder,Canada,2007,2007,2007,country-year,observed,no,Coverage-only row generated from validated WHR2024 annual mirror; outcome value omitted.
WHR2024_ANNUAL,Gallup/WHR,Life Ladder,Canada,2008,2008,2008,country-year,observed,no,Coverage-only row generated from validated WHR2024 annual mirror; outcome value omitted.
WHR2024_ANNUAL,Gallup/WHR,Life Ladder,Canada,2009,2009,2009,country-year,observed,no,Coverage-only row generated from validated WHR2024 annual mirror; outcome value omitted.
WHR2024_ANNUAL,Gallup/WHR,Life Ladder,Canada,2010,2010,2010,country-year,observed,no,Coverage-only row generated from validated WHR2024 annual mirror; outcome value omitted.
WHR2024_ANNUAL,Gallup/WHR,Life Ladder,Canada,2011,2011,2011,country-year,observed,no,Coverage-only row generated from validated WHR2024 annual mirror; outcome value omitted.
WHR2024_ANNUAL,Gallup/WHR,Life Ladder,Canada,2012,2012,2012,country-year,observed,no,Coverage-only row generated from validated WHR2024 annual mirror; outcome value omitted.
WHR2024_ANNUAL,Gallup/WHR,Life Ladder,Canada,2013,2013,2013,country-year,observed,no,Coverage-only row generated from validated WHR2024 annual mirror; outcome value omitted.
WHR2024_ANNUAL,Gallup/WHR,Life Ladder,Canada,2014,2014,2014,country-year,observed,no,Coverage-only row generated from validated WHR2024 annual mirror; outcome value omitted.
WHR2024_ANNUAL,Gallup/WHR,Life Ladder,Canada,2015,2015,2015,country-year,observed,no,Coverage-only row generated from validated WHR2024 annual mirror; outcome value omitted.
WHR2024_ANNUAL,Gallup/WHR,Life Ladder,Canada,2016,2016,2016,country-year,observed,no,Coverage-only row generated from validated WHR2024 annual mirror; outcome value omitted.
WHR2024_ANNUAL,Gallup/WHR,Life Ladder,Canada,2017,2017,2017,country-year,observed,no,Coverage-only row generated from validated WHR2024 annual mirror; outcome value omitted.
WHR2024_ANNUAL,Gallup/WHR,Life Ladder,Canada,2018,2018,2018,country-year,observed,no,Coverage-only row generated from validated WHR2024 annual mirror; outcome value omitted.
WHR2024_ANNUAL,Gallup/WHR,Life Ladder,Canada,2019,2019,2019,country-year,observed,no,Coverage-only row generated from validated WHR2024 annual mirror; outcome value omitted.
WHR2024_ANNUAL,Gallup/WHR,Life Ladder,Canada,2020,2020,2020,country-year,observed,no,Coverage-only row generated from validated WHR2024 annual mirror; outcome value omitted.
WHR2024_ANNUAL,Gallup/WHR,Life Ladder,Canada,2021,2021,2021,country-year,observed,no,Coverage-only row generated from validated WHR2024 annual mirror; outcome value omitted.
WHR2024_ANNUAL,Gallup/WHR,Life Ladder,Canada,2022,2022,2022,country-year,observed,no,Coverage-only row generated from validated WHR2024 annual mirror; outcome value omitted.
WHR2024_ANNUAL,Gallup/WHR,Life Ladder,Canada,2023,2023,2023,country-year,observed,no,Coverage-only row generated from validated WHR2024 annual mirror; outcome value omitted.
WHR2024_ANNUAL,Gallup/WHR,Life Ladder,Central African Republic,2007,2007,2007,country-year,observed,no,Coverage-only row generated from validated WHR2024 annual mirror; outcome value omitted.
WHR2024_ANNUAL,Gallup/WHR,Life Ladder,Central African Republic,2010,2010,2010,country-year,observed,no,Coverage-only row generated from validated WHR2024 annual mirror; outcome value omitted.
WHR2024_ANNUAL,Gallup/WHR,Life Ladder,Central African Republic,2011,2011,2011,country-year,observed,no,Coverage-only row generated from validated WHR2024 annual mirror; outcome value omitted.
WHR2024_ANNUAL,Gallup/WHR,Life Ladder,Central African Republic,2016,2016,2016,country-year,observed,no,Coverage-only row generated from validated WHR2024 annual mirror; outcome value omitted.
WHR2024_ANNUAL,Gallup/WHR,Life Ladder,Central African Republic,2017,2017,2017,country-year,observed,no,Coverage-only row generated from validated WHR2024 annual mirror; outcome value omitted.
WHR2024_ANNUAL,Gallup/WHR,Life Ladder,Chad,2006,2006,2006,country-year,observed,no,Coverage-only row generated from validated WHR2024 annual mirror; outcome value omitted.
WHR2024_ANNUAL,Gallup/WHR,Life Ladder,Chad,2007,2007,2007,country-year,observed,no,Coverage-only row generated from validated WHR2024 annual mirror; outcome value omitted.
WHR2024_ANNUAL,Gallup/WHR,Life Ladder,Chad,2008,2008,2008,country-year,observed,no,Coverage-only row generated from validated WHR2024 annual mirror; outcome value omitted.
WHR2024_ANNUAL,Gallup/WHR,Life Ladder,Chad,2009,2009,2009,country-year,observed,no,Coverage-only row generated from validated WHR2024 annual mirror; outcome value omitted.
WHR2024_ANNUAL,Gallup/WHR,Life Ladder,Chad,2010,2010,2010,country-year,observed,no,Coverage-only row generated from validated WHR2024 annual mirror; outcome value omitted.
WHR2024_ANNUAL,Gallup/WHR,Life Ladder,Chad,2011,2011,2011,country-year,observed,no,Coverage-only row generated from validated WHR2024 annual mirror; outcome value omitted.
WHR2024_ANNUAL,Gallup/WHR,Life Ladder,Chad,2012,2012,2012,country-year,observed,no,Coverage-only row generated from validated WHR2024 annual mirror; outcome value omitted.
WHR2024_ANNUAL,Gallup/WHR,Life Ladder,Chad,2013,2013,2013,country-year,observed,no,Coverage-only row generated from validated WHR2024 annual mirror; outcome value omitted.
WHR2024_ANNUAL,Gallup/WHR,Life Ladder,Chad,2014,2014,2014,country-year,observed,no,Coverage-only row generated from validated WHR2024 annual mirror; outcome value omitted.
WHR2024_ANNUAL,Gallup/WHR,Life Ladder,Chad,2015,2015,2015,country-year,observed,no,Coverage-only row generated from validated WHR2024 annual mirror; outcome value omitted.
WHR2024_ANNUAL,Gallup/WHR,Life Ladder,Chad,2016,2016,2016,country-year,observed,no,Coverage-only row generated from validated WHR2024 annual mirror; outcome value omitted.
WHR2024_ANNUAL,Gallup/WHR,Life Ladder,Chad,2017,2017,2017,country-year,observed,no,Coverage-only row generated from validated WHR2024 annual mirror; outcome value omitted.
WHR2024_ANNUAL,Gallup/WHR,Life Ladder,Chad,2018,2018,2018,country-year,observed,no,Coverage-only row generated from validated WHR2024 annual mirror; outcome value omitted.
WHR2024_ANNUAL,Gallup/WHR,Life Ladder,Chad,2019,2019,2019,country-year,observed,no,Coverage-only row generated from validated WHR2024 annual mirror; outcome value omitted.
WHR2024_ANNUAL,Gallup/WHR,Life Ladder,Chad,2022,2022,2022,country-year,observed,no,Coverage-only row generated from validated WHR2024 annual mirror; outcome value omitted.
WHR2024_ANNUAL,Gallup/WHR,Life Ladder,Chad,2023,2023,2023,country-year,observed,no,Coverage-only row generated from validated WHR2024 annual mirror; outcome value omitted.
WHR2024_ANNUAL,Gallup/WHR,Life Ladder,Chile,2006,2006,2006,country-year,observed,no,Coverage-only row generated from validated WHR2024 annual mirror; outcome value omitted.
WHR2024_ANNUAL,Gallup/WHR,Life Ladder,Chile,2007,2007,2007,country-year,observed,no,Coverage-only row generated from validated WHR2024 annual mirror; outcome value omitted.
WHR2024_ANNUAL,Gallup/WHR,Life Ladder,Chile,2008,2008,2008,country-year,observed,no,Coverage-only row generated from validated WHR2024 annual mirror; outcome value omitted.
WHR2024_ANNUAL,Gallup/WHR,Life Ladder,Chile,2009,2009,2009,country-year,observed,no,Coverage-only row generated from validated WHR2024 annual mirror; outcome value omitted.
WHR2024_ANNUAL,Gallup/WHR,Life Ladder,Chile,2010,2010,2010,country-year,observed,no,Coverage-only row generated from validated WHR2024 annual mirror; outcome value omitted.
WHR2024_ANNUAL,Gallup/WHR,Life Ladder,Chile,2011,2011,2011,country-year,observed,no,Coverage-only row generated from validated WHR2024 annual mirror; outcome value omitted.
WHR2024_ANNUAL,Gallup/WHR,Life Ladder,Chile,2012,2012,2012,country-year,observed,no,Coverage-only row generated from validated WHR2024 annual mirror; outcome value omitted.
WHR2024_ANNUAL,Gallup/WHR,Life Ladder,Chile,2013,2013,2013,country-year,observed,no,Coverage-only row generated from validated WHR2024 annual mirror; outcome value omitted.
WHR2024_ANNUAL,Gallup/WHR,Life Ladder,Chile,2014,2014,2014,country-year,observed,no,Coverage-only row generated from validated WHR2024 annual mirror; outcome value omitted.
WHR2024_ANNUAL,Gallup/WHR,Life Ladder,Chile,2015,2015,2015,country-year,observed,no,Coverage-only row generated from validated WHR2024 annual mirror; outcome value omitted.
WHR2024_ANNUAL,Gallup/WHR,Life Ladder,Chile,2016,2016,2016,country-year,observed,no,Coverage-only row generated from validated WHR2024 annual mirror; outcome value omitted.
WHR2024_ANNUAL,Gallup/WHR,Life Ladder,Chile,2017,2017,2017,country-year,observed,no,Coverage-only row generated from validated WHR2024 annual mirror; outcome value omitted.
WHR2024_ANNUAL,Gallup/WHR,Life Ladder,Chile,2018,2018,2018,country-year,observed,no,Coverage-only row generated from validated WHR2024 annual mirror; outcome value omitted.
WHR2024_ANNUAL,Gallup/WHR,Life Ladder,Chile,2019,2019,2019,country-year,observed,no,Coverage-only row generated from validated WHR2024 annual mirror; outcome value omitted.
WHR2024_ANNUAL,Gallup/WHR,Life Ladder,Chile,2020,2020,2020,country-year,observed,no,Coverage-only row generated from validated WHR2024 annual mirror; outcome value omitted.
WHR2024_ANNUAL,Gallup/WHR,Life Ladder,Chile,2021,2021,2021,country-year,observed,no,Coverage-only row generated from validated WHR2024 annual mirror; outcome value omitted.
WHR2024_ANNUAL,Gallup/WHR,Life Ladder,Chile,2022,2022,2022,country-year,observed,no,Coverage-only row generated from validated WHR2024 annual mirror; outcome value omitted.
WHR2024_ANNUAL,Gallup/WHR,Life Ladder,Chile,2023,2023,2023,country-year,observed,no,Coverage-only row generated from validated WHR2024 annual mirror; outcome value omitted.
WHR2024_ANNUAL,Gallup/WHR,Life Ladder,China,2006,2006,2006,country-year,observed,no,Coverage-only row generated from validated WHR2024 annual mirror; outcome value omitted.
WHR2024_ANNUAL,Gallup/WHR,Life Ladder,China,2007,2007,2007,country-year,observed,no,Coverage-only row generated from validated WHR2024 annual mirror; outcome value omitted.
WHR2024_ANNUAL,Gallup/WHR,Life Ladder,China,2008,2008,2008,country-year,observed,no,Coverage-only row generated from validated WHR2024 annual mirror; outcome value omitted.
WHR2024_ANNUAL,Gallup/WHR,Life Ladder,China,2009,2009,2009,country-year,observed,no,Coverage-only row generated from validated WHR2024 annual mirror; outcome value omitted.
WHR2024_ANNUAL,Gallup/WHR,Life Ladder,China,2010,2010,2010,country-year,observed,no,Coverage-only row generated from validated WHR2024 annual mirror; outcome value omitted.
WHR2024_ANNUAL,Gallup/WHR,Life Ladder,China,2011,2011,2011,country-year,observed,no,Coverage-only row generated from validated WHR2024 annual mirror; outcome value omitted.
WHR2024_ANNUAL,Gallup/WHR,Life Ladder,China,2012,2012,2012,country-year,observed,no,Coverage-only row generated from validated WHR2024 annual mirror; outcome value omitted.
WHR2024_ANNUAL,Gallup/WHR,Life Ladder,China,2013,2013,2013,country-year,observed,no,Coverage-only row generated from validated WHR2024 annual mirror; outcome value omitted.
WHR2024_ANNUAL,Gallup/WHR,Life Ladder,China,2014,2014,2014,country-year,observed,no,Coverage-only row generated from validated WHR2024 annual mirror; outcome value omitted.
WHR2024_ANNUAL,Gallup/WHR,Life Ladder,China,2015,2015,2015,country-year,observed,no,Coverage-only row generated from validated WHR2024 annual mirror; outcome value omitted.
WHR2024_ANNUAL,Gallup/WHR,Life Ladder,China,2016,2016,2016,country-year,observed,no,Coverage-only row generated from validated WHR2024 annual mirror; outcome value omitted.
WHR2024_ANNUAL,Gallup/WHR,Life Ladder,China,2017,2017,2017,country-year,observed,no,Coverage-only row generated from validated WHR2024 annual mirror; outcome value omitted.
WHR2024_ANNUAL,Gallup/WHR,Life Ladder,China,2018,2018,2018,country-year,observed,no,Coverage-only row generated from validated WHR2024 annual mirror; outcome value omitted.
WHR2024_ANNUAL,Gallup/WHR,Life Ladder,China,2019,2019,2019,country-year,observed,no,Coverage-only row generated from validated WHR2024 annual mirror; outcome value omitted.
WHR2024_ANNUAL,Gallup/WHR,Life Ladder,China,2020,2020,2020,country-year,observed,no,Coverage-only row generated from validated WHR2024 annual mirror; outcome value omitted.
WHR2024_ANNUAL,Gallup/WHR,Life Ladder,China,2021,2021,2021,country-year,observed,no,Coverage-only row generated from validated WHR2024 annual mirror; outcome value omitted.
WHR2024_ANNUAL,Gallup/WHR,Life Ladder,China,2023,2023,2023,country-year,observed,no,Coverage-only row generated from validated WHR2024 annual mirror; outcome value omitted.
WHR2024_ANNUAL,Gallup/WHR,Life Ladder,Colombia,2006,2006,2006,country-year,observed,no,Coverage-only row generated from validated WHR2024 annual mirror; outcome value omitted.
WHR2024_ANNUAL,Gallup/WHR,Life Ladder,Colombia,2007,2007,2007,country-year,observed,no,Coverage-only row generated from validated WHR2024 annual mirror; outcome value omitted.
WHR2024_ANNUAL,Gallup/WHR,Life Ladder,Colombia,2008,2008,2008,country-year,observed,no,Coverage-only row generated from validated WHR2024 annual mirror; outcome value omitted.
WHR2024_ANNUAL,Gallup/WHR,Life Ladder,Colombia,2009,2009,2009,country-year,observed,no,Coverage-only row generated from validated WHR2024 annual mirror; outcome value omitted.
WHR2024_ANNUAL,Gallup/WHR,Life Ladder,Colombia,2010,2010,2010,country-year,observed,no,Coverage-only row generated from validated WHR2024 annual mirror; outcome value omitted.
WHR2024_ANNUAL,Gallup/WHR,Life Ladder,Colombia,2011,2011,2011,country-year,observed,no,Coverage-only row generated from validated WHR2024 annual mirror; outcome value omitted.
WHR2024_ANNUAL,Gallup/WHR,Life Ladder,Colombia,2012,2012,2012,country-year,observed,no,Coverage-only row generated from validated WHR2024 annual mirror; outcome value omitted.
WHR2024_ANNUAL,Gallup/WHR,Life Ladder,Colombia,2013,2013,2013,country-year,observed,no,Coverage-only row generated from validated WHR2024 annual mirror; outcome value omitted.
WHR2024_ANNUAL,Gallup/WHR,Life Ladder,Colombia,2014,2014,2014,country-year,observed,no,Coverage-only row generated from validated WHR2024 annual mirror; outcome value omitted.
WHR2024_ANNUAL,Gallup/WHR,Life Ladder,Colombia,2015,2015,2015,country-year,observed,no,Coverage-only row generated from validated WHR2024 annual mirror; outcome value omitted.
WHR2024_ANNUAL,Gallup/WHR,Life Ladder,Colombia,2016,2016,2016,country-year,observed,no,Coverage-only row generated from validated WHR2024 annual mirror; outcome value omitted.
WHR2024_ANNUAL,Gallup/WHR,Life Ladder,Colombia,2017,2017,2017,country-year,observed,no,Coverage-only row generated from validated WHR2024 annual mirror; outcome value omitted.
WHR2024_ANNUAL,Gallup/WHR,Life Ladder,Colombia,2018,2018,2018,country-year,observed,no,Coverage-only row generated from validated WHR2024 annual mirror; outcome value omitted.
WHR2024_ANNUAL,Gallup/WHR,Life Ladder,Colombia,2019,2019,2019,country-year,observed,no,Coverage-only row generated from validated WHR2024 annual mirror; outcome value omitted.
WHR2024_ANNUAL,Gallup/WHR,Life Ladder,Colombia,2020,2020,2020,country-year,observed,no,Coverage-only row generated from validated WHR2024 annual mirror; outcome value omitted.
WHR2024_ANNUAL,Gallup/WHR,Life Ladder,Colombia,2021,2021,2021,country-year,observed,no,Coverage-only row generated from validated WHR2024 annual mirror; outcome value omitted.
WHR2024_ANNUAL,Gallup/WHR,Life Ladder,Colombia,2022,2022,2022,country-year,observed,no,Coverage-only row generated from validated WHR2024 annual mirror; outcome value omitted.
WHR2024_ANNUAL,Gallup/WHR,Life Ladder,Colombia,2023,2023,2023,country-year,observed,no,Coverage-only row generated from validated WHR2024 annual mirror; outcome value omitted.
WHR2024_ANNUAL,Gallup/WHR,Life Ladder,Comoros,2009,2009,2009,country-year,observed,no,Coverage-only row generated from validated WHR2024 annual mirror; outcome value omitted.
WHR2024_ANNUAL,Gallup/WHR,Life Ladder,Comoros,2010,2010,2010,country-year,observed,no,Coverage-only row generated from validated WHR2024 annual mirror; outcome value omitted.
WHR2024_ANNUAL,Gallup/WHR,Life Ladder,Comoros,2011,2011,2011,country-year,observed,no,Coverage-only row generated from validated WHR2024 annual mirror; outcome value omitted.
WHR2024_ANNUAL,Gallup/WHR,Life Ladder,Comoros,2012,2012,2012,country-year,observed,no,Coverage-only row generated from validated WHR2024 annual mirror; outcome value omitted.
WHR2024_ANNUAL,Gallup/WHR,Life Ladder,Comoros,2018,2018,2018,country-year,observed,no,Coverage-only row generated from validated WHR2024 annual mirror; outcome value omitted.
WHR2024_ANNUAL,Gallup/WHR,Life Ladder,Comoros,2019,2019,2019,country-year,observed,no,Coverage-only row generated from validated WHR2024 annual mirror; outcome value omitted.
WHR2024_ANNUAL,Gallup/WHR,Life Ladder,Comoros,2022,2022,2022,country-year,observed,no,Coverage-only row generated from validated WHR2024 annual mirror; outcome value omitted.
WHR2024_ANNUAL,Gallup/WHR,Life Ladder,Comoros,2023,2023,2023,country-year,observed,no,Coverage-only row generated from validated WHR2024 annual mirror; outcome value omitted.
WHR2024_ANNUAL,Gallup/WHR,Life Ladder,Congo (Brazzaville),2008,2008,2008,country-year,observed,no,Coverage-only row generated from validated WHR2024 annual mirror; outcome value omitted.
WHR2024_ANNUAL,Gallup/WHR,Life Ladder,Congo (Brazzaville),2011,2011,2011,country-year,observed,no,Coverage-only row generated from validated WHR2024 annual mirror; outcome value omitted.
WHR2024_ANNUAL,Gallup/WHR,Life Ladder,Congo (Brazzaville),2012,2012,2012,country-year,observed,no,Coverage-only row generated from validated WHR2024 annual mirror; outcome value omitted.
WHR2024_ANNUAL,Gallup/WHR,Life Ladder,Congo (Brazzaville),2013,2013,2013,country-year,observed,no,Coverage-only row generated from validated WHR2024 annual mirror; outcome value omitted.
WHR2024_ANNUAL,Gallup/WHR,Life Ladder,Congo (Brazzaville),2014,2014,2014,country-year,observed,no,Coverage-only row generated from validated WHR2024 annual mirror; outcome value omitted.
WHR2024_ANNUAL,Gallup/WHR,Life Ladder,Congo (Brazzaville),2015,2015,2015,country-year,observed,no,Coverage-only row generated from validated WHR2024 annual mirror; outcome value omitted.
WHR2024_ANNUAL,Gallup/WHR,Life Ladder,Congo (Brazzaville),2016,2016,2016,country-year,observed,no,Coverage-only row generated from validated WHR2024 annual mirror; outcome value omitted.
WHR2024_ANNUAL,Gallup/WHR,Life Ladder,Congo (Brazzaville),2017,2017,2017,country-year,observed,no,Coverage-only row generated from validated WHR2024 annual mirror; outcome value omitted.
WHR2024_ANNUAL,Gallup/WHR,Life Ladder,Congo (Brazzaville),2018,2018,2018,country-year,observed,no,Coverage-only row generated from validated WHR2024 annual mirror; outcome value omitted.
WHR2024_ANNUAL,Gallup/WHR,Life Ladder,Congo (Brazzaville),2019,2019,2019,country-year,observed,no,Coverage-only row generated from validated WHR2024 annual mirror; outcome value omitted.
WHR2024_ANNUAL,Gallup/WHR,Life Ladder,Congo (Brazzaville),2020,2020,2020,country-year,observed,no,Coverage-only row generated from validated WHR2024 annual mirror; outcome value omitted.
WHR2024_ANNUAL,Gallup/WHR,Life Ladder,Congo (Brazzaville),2021,2021,2021,country-year,observed,no,Coverage-only row generated from validated WHR2024 annual mirror; outcome value omitted.
WHR2024_ANNUAL,Gallup/WHR,Life Ladder,Congo (Brazzaville),2022,2022,2022,country-year,observed,no,Coverage-only row generated from validated WHR2024 annual mirror; outcome value omitted.
WHR2024_ANNUAL,Gallup/WHR,Life Ladder,Congo (Brazzaville),2023,2023,2023,country-year,observed,no,Coverage-only row generated from validated WHR2024 annual mirror; outcome value omitted.
WHR2024_ANNUAL,Gallup/WHR,Life Ladder,Congo (Kinshasa),2009,2009,2009,country-year,observed,no,Coverage-only row generated from validated WHR2024 annual mirror; outcome value omitted.
WHR2024_ANNUAL,Gallup/WHR,Life Ladder,Congo (Kinshasa),2011,2011,2011,country-year,observed,no,Coverage-only row generated from validated WHR2024 annual mirror; outcome value omitted.
WHR2024_ANNUAL,Gallup/WHR,Life Ladder,Congo (Kinshasa),2012,2012,2012,country-year,observed,no,Coverage-only row generated from validated WHR2024 annual mirror; outcome value omitted.
WHR2024_ANNUAL,Gallup/WHR,Life Ladder,Congo (Kinshasa),2013,2013,2013,country-year,observed,no,Coverage-only row generated from validated WHR2024 annual mirror; outcome value omitted.
WHR2024_ANNUAL,Gallup/WHR,Life Ladder,Congo (Kinshasa),2014,2014,2014,country-year,observed,no,Coverage-only row generated from validated WHR2024 annual mirror; outcome value omitted.
WHR2024_ANNUAL,Gallup/WHR,Life Ladder,Congo (Kinshasa),2015,2015,2015,country-year,observed,no,Coverage-only row generated from validated WHR2024 annual mirror; outcome value omitted.
WHR2024_ANNUAL,Gallup/WHR,Life Ladder,Congo (Kinshasa),2016,2016,2016,country-year,observed,no,Coverage-only row generated from validated WHR2024 annual mirror; outcome value omitted.
WHR2024_ANNUAL,Gallup/WHR,Life Ladder,Congo (Kinshasa),2017,2017,2017,country-year,observed,no,Coverage-only row generated from validated WHR2024 annual mirror; outcome value omitted.
WHR2024_ANNUAL,Gallup/WHR,Life Ladder,Congo (Kinshasa),2022,2022,2022,country-year,observed,no,Coverage-only row generated from validated WHR2024 annual mirror; outcome value omitted.
WHR2024_ANNUAL,Gallup/WHR,Life Ladder,Congo (Kinshasa),2023,2023,2023,country-year,observed,no,Coverage-only row generated from validated WHR2024 annual mirror; outcome value omitted.
WHR2024_ANNUAL,Gallup/WHR,Life Ladder,Costa Rica,2006,2006,2006,country-year,observed,no,Coverage-only row generated from validated WHR2024 annual mirror; outcome value omitted.
WHR2024_ANNUAL,Gallup/WHR,Life Ladder,Costa Rica,2007,2007,2007,country-year,observed,no,Coverage-only row generated from validated WHR2024 annual mirror; outcome value omitted.
WHR2024_ANNUAL,Gallup/WHR,Life Ladder,Costa Rica,2008,2008,2008,country-year,observed,no,Coverage-only row generated from validated WHR2024 annual mirror; outcome value omitted.
WHR2024_ANNUAL,Gallup/WHR,Life Ladder,Costa Rica,2009,2009,2009,country-year,observed,no,Coverage-only row generated from validated WHR2024 annual mirror; outcome value omitted.
WHR2024_ANNUAL,Gallup/WHR,Life Ladder,Costa Rica,2010,2010,2010,country-year,observed,no,Coverage-only row generated from validated WHR2024 annual mirror; outcome value omitted.
WHR2024_ANNUAL,Gallup/WHR,Life Ladder,Costa Rica,2011,2011,2011,country-year,observed,no,Coverage-only row generated from validated WHR2024 annual mirror; outcome value omitted.
WHR2024_ANNUAL,Gallup/WHR,Life Ladder,Costa Rica,2012,2012,2012,country-year,observed,no,Coverage-only row generated from validated WHR2024 annual mirror; outcome value omitted.
WHR2024_ANNUAL,Gallup/WHR,Life Ladder,Costa Rica,2013,2013,2013,country-year,observed,no,Coverage-only row generated from validated WHR2024 annual mirror; outcome value omitted.
WHR2024_ANNUAL,Gallup/WHR,Life Ladder,Costa Rica,2014,2014,2014,country-year,observed,no,Coverage-only row generated from validated WHR2024 annual mirror; outcome value omitted.
WHR2024_ANNUAL,Gallup/WHR,Life Ladder,Costa Rica,2015,2015,2015,country-year,observed,no,Coverage-only row generated from validated WHR2024 annual mirror; outcome value omitted.
WHR2024_ANNUAL,Gallup/WHR,Life Ladder,Costa Rica,2016,2016,2016,country-year,observed,no,Coverage-only row generated from validated WHR2024 annual mirror; outcome value omitted.
WHR2024_ANNUAL,Gallup/WHR,Life Ladder,Costa Rica,2017,2017,2017,country-year,observed,no,Coverage-only row generated from validated WHR2024 annual mirror; outcome value omitted.
WHR2024_ANNUAL,Gallup/WHR,Life Ladder,Costa Rica,2018,2018,2018,country-year,observed,no,Coverage-only row generated from validated WHR2024 annual mirror; outcome value omitted.
WHR2024_ANNUAL,Gallup/WHR,Life Ladder,Costa Rica,2019,2019,2019,country-year,observed,no,Coverage-only row generated from validated WHR2024 annual mirror; outcome value omitted.
WHR2024_ANNUAL,Gallup/WHR,Life Ladder,Costa Rica,2020,2020,2020,country-year,observed,no,Coverage-only row generated from validated WHR2024 annual mirror; outcome value omitted.
WHR2024_ANNUAL,Gallup/WHR,Life Ladder,Costa Rica,2021,2021,2021,country-year,observed,no,Coverage-only row generated from validated WHR2024 annual mirror; outcome value omitted.
WHR2024_ANNUAL,Gallup/WHR,Life Ladder,Costa Rica,2022,2022,2022,country-year,observed,no,Coverage-only row generated from validated WHR2024 annual mirror; outcome value omitted.
WHR2024_ANNUAL,Gallup/WHR,Life Ladder,Costa Rica,2023,2023,2023,country-year,observed,no,Coverage-only row generated from validated WHR2024 annual mirror; outcome value omitted.
WHR2024_ANNUAL,Gallup/WHR,Life Ladder,Croatia,2007,2007,2007,country-year,observed,no,Coverage-only row generated from validated WHR2024 annual mirror; outcome value omitted.
WHR2024_ANNUAL,Gallup/WHR,Life Ladder,Croatia,2009,2009,2009,country-year,observed,no,Coverage-only row generated from validated WHR2024 annual mirror; outcome value omitted.
WHR2024_ANNUAL,Gallup/WHR,Life Ladder,Croatia,2010,2010,2010,country-year,observed,no,Coverage-only row generated from validated WHR2024 annual mirror; outcome value omitted.
WHR2024_ANNUAL,Gallup/WHR,Life Ladder,Croatia,2011,2011,2011,country-year,observed,no,Coverage-only row generated from validated WHR2024 annual mirror; outcome value omitted.
WHR2024_ANNUAL,Gallup/WHR,Life Ladder,Croatia,2012,2012,2012,country-year,observed,no,Coverage-only row generated from validated WHR2024 annual mirror; outcome value omitted.
WHR2024_ANNUAL,Gallup/WHR,Life Ladder,Croatia,2013,2013,2013,country-year,observed,no,Coverage-only row generated from validated WHR2024 annual mirror; outcome value omitted.
WHR2024_ANNUAL,Gallup/WHR,Life Ladder,Croatia,2014,2014,2014,country-year,observed,no,Coverage-only row generated from validated WHR2024 annual mirror; outcome value omitted.
WHR2024_ANNUAL,Gallup/WHR,Life Ladder,Croatia,2015,2015,2015,country-year,observed,no,Coverage-only row generated from validated WHR2024 annual mirror; outcome value omitted.
WHR2024_ANNUAL,Gallup/WHR,Life Ladder,Croatia,2016,2016,2016,country-year,observed,no,Coverage-only row generated from validated WHR2024 annual mirror; outcome value omitted.
WHR2024_ANNUAL,Gallup/WHR,Life Ladder,Croatia,2017,2017,2017,country-year,observed,no,Coverage-only row generated from validated WHR2024 annual mirror; outcome value omitted.
WHR2024_ANNUAL,Gallup/WHR,Life Ladder,Croatia,2018,2018,2018,country-year,observed,no,Coverage-only row generated from validated WHR2024 annual mirror; outcome value omitted.
WHR2024_ANNUAL,Gallup/WHR,Life Ladder,Croatia,2019,2019,2019,country-year,observed,no,Coverage-only row generated from validated WHR2024 annual mirror; outcome value omitted.
WHR2024_ANNUAL,Gallup/WHR,Life Ladder,Croatia,2020,2020,2020,country-year,observed,no,Coverage-only row generated from validated WHR2024 annual mirror; outcome value omitted.
WHR2024_ANNUAL,Gallup/WHR,Life Ladder,Croatia,2021,2021,2021,country-year,observed,no,Coverage-only row generated from validated WHR2024 annual mirror; outcome value omitted.
WHR2024_ANNUAL,Gallup/WHR,Life Ladder,Croatia,2022,2022,2022,country-year,observed,no,Coverage-only row generated from validated WHR2024 annual mirror; outcome value omitted.
WHR2024_ANNUAL,Gallup/WHR,Life Ladder,Croatia,2023,2023,2023,country-year,observed,no,Coverage-only row generated from validated WHR2024 annual mirror; outcome value omitted.
WHR2024_ANNUAL,Gallup/WHR,Life Ladder,Cuba,2006,2006,2006,country-year,observed,no,Coverage-only row generated from validated WHR2024 annual mirror; outcome value omitted.
WHR2024_ANNUAL,Gallup/WHR,Life Ladder,Cyprus,2006,2006,2006,country-year,observed,no,Coverage-only row generated from validated WHR2024 annual mirror; outcome value omitted.
WHR2024_ANNUAL,Gallup/WHR,Life Ladder,Cyprus,2009,2009,2009,country-year,observed,no,Coverage-only row generated from validated WHR2024 annual mirror; outcome value omitted.
WHR2024_ANNUAL,Gallup/WHR,Life Ladder,Cyprus,2010,2010,2010,country-year,observed,no,Coverage-only row generated from validated WHR2024 annual mirror; outcome value omitted.
WHR2024_ANNUAL,Gallup/WHR,Life Ladder,Cyprus,2011,2011,2011,country-year,observed,no,Coverage-only row generated from validated WHR2024 annual mirror; outcome value omitted.
WHR2024_ANNUAL,Gallup/WHR,Life Ladder,Cyprus,2012,2012,2012,country-year,observed,no,Coverage-only row generated from validated WHR2024 annual mirror; outcome value omitted.
WHR2024_ANNUAL,Gallup/WHR,Life Ladder,Cyprus,2013,2013,2013,country-year,observed,no,Coverage-only row generated from validated WHR2024 annual mirror; outcome value omitted.
WHR2024_ANNUAL,Gallup/WHR,Life Ladder,Cyprus,2014,2014,2014,country-year,observed,no,Coverage-only row generated from validated WHR2024 annual mirror; outcome value omitted.
WHR2024_ANNUAL,Gallup/WHR,Life Ladder,Cyprus,2015,2015,2015,country-year,observed,no,Coverage-only row generated from validated WHR2024 annual mirror; outcome value omitted.
WHR2024_ANNUAL,Gallup/WHR,Life Ladder,Cyprus,2016,2016,2016,country-year,observed,no,Coverage-only row generated from validated WHR2024 annual mirror; outcome value omitted.
WHR2024_ANNUAL,Gallup/WHR,Life Ladder,Cyprus,2017,2017,2017,country-year,observed,no,Coverage-only row generated from validated WHR2024 annual mirror; outcome value omitted.
WHR2024_ANNUAL,Gallup/WHR,Life Ladder,Cyprus,2018,2018,2018,country-year,observed,no,Coverage-only row generated from validated WHR2024 annual mirror; outcome value omitted.
WHR2024_ANNUAL,Gallup/WHR,Life Ladder,Cyprus,2019,2019,2019,country-year,observed,no,Coverage-only row generated from validated WHR2024 annual mirror; outcome value omitted.
WHR2024_ANNUAL,Gallup/WHR,Life Ladder,Cyprus,2020,2020,2020,country-year,observed,no,Coverage-only row generated from validated WHR2024 annual mirror; outcome value omitted.
WHR2024_ANNUAL,Gallup/WHR,Life Ladder,Cyprus,2021,2021,2021,country-year,observed,no,Coverage-only row generated from validated WHR2024 annual mirror; outcome value omitted.
WHR2024_ANNUAL,Gallup/WHR,Life Ladder,Cyprus,2022,2022,2022,country-year,observed,no,Coverage-only row generated from validated WHR2024 annual mirror; outcome value omitted.
WHR2024_ANNUAL,Gallup/WHR,Life Ladder,Cyprus,2023,2023,2023,country-year,observed,no,Coverage-only row generated from validated WHR2024 annual mirror; outcome value omitted.
WHR2024_ANNUAL,Gallup/WHR,Life Ladder,Czechia,2005,2005,2005,country-year,observed,no,Coverage-only row generated from validated WHR2024 annual mirror; outcome value omitted.
WHR2024_ANNUAL,Gallup/WHR,Life Ladder,Czechia,2007,2007,2007,country-year,observed,no,Coverage-only row generated from validated WHR2024 annual mirror; outcome value omitted.
WHR2024_ANNUAL,Gallup/WHR,Life Ladder,Czechia,2010,2010,2010,country-year,observed,no,Coverage-only row generated from validated WHR2024 annual mirror; outcome value omitted.
WHR2024_ANNUAL,Gallup/WHR,Life Ladder,Czechia,2011,2011,2011,country-year,observed,no,Coverage-only row generated from validated WHR2024 annual mirror; outcome value omitted.
WHR2024_ANNUAL,Gallup/WHR,Life Ladder,Czechia,2012,2012,2012,country-year,observed,no,Coverage-only row generated from validated WHR2024 annual mirror; outcome value omitted.
WHR2024_ANNUAL,Gallup/WHR,Life Ladder,Czechia,2013,2013,2013,country-year,observed,no,Coverage-only row generated from validated WHR2024 annual mirror; outcome value omitted.
WHR2024_ANNUAL,Gallup/WHR,Life Ladder,Czechia,2014,2014,2014,country-year,observed,no,Coverage-only row generated from validated WHR2024 annual mirror; outcome value omitted.
WHR2024_ANNUAL,Gallup/WHR,Life Ladder,Czechia,2015,2015,2015,country-year,observed,no,Coverage-only row generated from validated WHR2024 annual mirror; outcome value omitted.
WHR2024_ANNUAL,Gallup/WHR,Life Ladder,Czechia,2016,2016,2016,country-year,observed,no,Coverage-only row generated from validated WHR2024 annual mirror; outcome value omitted.
WHR2024_ANNUAL,Gallup/WHR,Life Ladder,Czechia,2017,2017,2017,country-year,observed,no,Coverage-only row generated from validated WHR2024 annual mirror; outcome value omitted.
WHR2024_ANNUAL,Gallup/WHR,Life Ladder,Czechia,2018,2018,2018,country-year,observed,no,Coverage-only row generated from validated WHR2024 annual mirror; outcome value omitted.
WHR2024_ANNUAL,Gallup/WHR,Life Ladder,Czechia,2020,2020,2020,country-year,observed,no,Coverage-only row generated from validated WHR2024 annual mirror; outcome value omitted.
WHR2024_ANNUAL,Gallup/WHR,Life Ladder,Czechia,2021,2021,2021,country-year,observed,no,Coverage-only row generated from validated WHR2024 annual mirror; outcome value omitted.
WHR2024_ANNUAL,Gallup/WHR,Life Ladder,Czechia,2022,2022,2022,country-year,observed,no,Coverage-only row generated from validated WHR2024 annual mirror; outcome value omitted.
WHR2024_ANNUAL,Gallup/WHR,Life Ladder,Czechia,2023,2023,2023,country-year,observed,no,Coverage-only row generated from validated WHR2024 annual mirror; outcome value omitted.
WHR2024_ANNUAL,Gallup/WHR,Life Ladder,Denmark,2005,2005,2005,country-year,observed,no,Coverage-only row generated from validated WHR2024 annual mirror; outcome value omitted.
WHR2024_ANNUAL,Gallup/WHR,Life Ladder,Denmark,2007,2007,2007,country-year,observed,no,Coverage-only row generated from validated WHR2024 annual mirror; outcome value omitted.
WHR2024_ANNUAL,Gallup/WHR,Life Ladder,Denmark,2008,2008,2008,country-year,observed,no,Coverage-only row generated from validated WHR2024 annual mirror; outcome value omitted.
WHR2024_ANNUAL,Gallup/WHR,Life Ladder,Denmark,2009,2009,2009,country-year,observed,no,Coverage-only row generated from validated WHR2024 annual mirror; outcome value omitted.
WHR2024_ANNUAL,Gallup/WHR,Life Ladder,Denmark,2010,2010,2010,country-year,observed,no,Coverage-only row generated from validated WHR2024 annual mirror; outcome value omitted.
WHR2024_ANNUAL,Gallup/WHR,Life Ladder,Denmark,2011,2011,2011,country-year,observed,no,Coverage-only row generated from validated WHR2024 annual mirror; outcome value omitted.
WHR2024_ANNUAL,Gallup/WHR,Life Ladder,Denmark,2012,2012,2012,country-year,observed,no,Coverage-only row generated from validated WHR2024 annual mirror; outcome value omitted.
WHR2024_ANNUAL,Gallup/WHR,Life Ladder,Denmark,2013,2013,2013,country-year,observed,no,Coverage-only row generated from validated WHR2024 annual mirror; outcome value omitted.
WHR2024_ANNUAL,Gallup/WHR,Life Ladder,Denmark,2014,2014,2014,country-year,observed,no,Coverage-only row generated from validated WHR2024 annual mirror; outcome value omitted.
WHR2024_ANNUAL,Gallup/WHR,Life Ladder,Denmark,2015,2015,2015,country-year,observed,no,Coverage-only row generated from validated WHR2024 annual mirror; outcome value omitted.
WHR2024_ANNUAL,Gallup/WHR,Life Ladder,Denmark,2016,2016,2016,country-year,observed,no,Coverage-only row generated from validated WHR2024 annual mirror; outcome value omitted.
WHR2024_ANNUAL,Gallup/WHR,Life Ladder,Denmark,2017,2017,2017,country-year,observed,no,Coverage-only row generated from validated WHR2024 annual mirror; outcome value omitted.
WHR2024_ANNUAL,Gallup/WHR,Life Ladder,Denmark,2018,2018,2018,country-year,observed,no,Coverage-only row generated from validated WHR2024 annual mirror; outcome value omitted.
WHR2024_ANNUAL,Gallup/WHR,Life Ladder,Denmark,2019,2019,2019,country-year,observed,no,Coverage-only row generated from validated WHR2024 annual mirror; outcome value omitted.
WHR2024_ANNUAL,Gallup/WHR,Life Ladder,Denmark,2020,2020,2020,country-year,observed,no,Coverage-only row generated from validated WHR2024 annual mirror; outcome value omitted.
WHR2024_ANNUAL,Gallup/WHR,Life Ladder,Denmark,2021,2021,2021,country-year,observed,no,Coverage-only row generated from validated WHR2024 annual mirror; outcome value omitted.
WHR2024_ANNUAL,Gallup/WHR,Life Ladder,Denmark,2022,2022,2022,country-year,observed,no,Coverage-only row generated from validated WHR2024 annual mirror; outcome value omitted.
WHR2024_ANNUAL,Gallup/WHR,Life Ladder,Denmark,2023,2023,2023,country-year,observed,no,Coverage-only row generated from validated WHR2024 annual mirror; outcome value omitted.
WHR2024_ANNUAL,Gallup/WHR,Life Ladder,Djibouti,2008,2008,2008,country-year,observed,no,Coverage-only row generated from validated WHR2024 annual mirror; outcome value omitted.
WHR2024_ANNUAL,Gallup/WHR,Life Ladder,Djibouti,2009,2009,2009,country-year,observed,no,Coverage-only row generated from validated WHR2024 annual mirror; outcome value omitted.
WHR2024_ANNUAL,Gallup/WHR,Life Ladder,Djibouti,2010,2010,2010,country-year,observed,no,Coverage-only row generated from validated WHR2024 annual mirror; outcome value omitted.
WHR2024_ANNUAL,Gallup/WHR,Life Ladder,Djibouti,2011,2011,2011,country-year,observed,no,Coverage-only row generated from validated WHR2024 annual mirror; outcome value omitted.
WHR2024_ANNUAL,Gallup/WHR,Life Ladder,Dominican Republic,2006,2006,2006,country-year,observed,no,Coverage-only row generated from validated WHR2024 annual mirror; outcome value omitted.
WHR2024_ANNUAL,Gallup/WHR,Life Ladder,Dominican Republic,2007,2007,2007,country-year,observed,no,Coverage-only row generated from validated WHR2024 annual mirror; outcome value omitted.
WHR2024_ANNUAL,Gallup/WHR,Life Ladder,Dominican Republic,2008,2008,2008,country-year,observed,no,Coverage-only row generated from validated WHR2024 annual mirror; outcome value omitted.
WHR2024_ANNUAL,Gallup/WHR,Life Ladder,Dominican Republic,2009,2009,2009,country-year,observed,no,Coverage-only row generated from validated WHR2024 annual mirror; outcome value omitted.
WHR2024_ANNUAL,Gallup/WHR,Life Ladder,Dominican Republic,2010,2010,2010,country-year,observed,no,Coverage-only row generated from validated WHR2024 annual mirror; outcome value omitted.
WHR2024_ANNUAL,Gallup/WHR,Life Ladder,Dominican Republic,2011,2011,2011,country-year,observed,no,Coverage-only row generated from validated WHR2024 annual mirror; outcome value omitted.
WHR2024_ANNUAL,Gallup/WHR,Life Ladder,Dominican Republic,2012,2012,2012,country-year,observed,no,Coverage-only row generated from validated WHR2024 annual mirror; outcome value omitted.
WHR2024_ANNUAL,Gallup/WHR,Life Ladder,Dominican Republic,2013,2013,2013,country-year,observed,no,Coverage-only row generated from validated WHR2024 annual mirror; outcome value omitted.
WHR2024_ANNUAL,Gallup/WHR,Life Ladder,Dominican Republic,2014,2014,2014,country-year,observed,no,Coverage-only row generated from validated WHR2024 annual mirror; outcome value omitted.
WHR2024_ANNUAL,Gallup/WHR,Life Ladder,Dominican Republic,2015,2015,2015,country-year,observed,no,Coverage-only row generated from validated WHR2024 annual mirror; outcome value omitted.
WHR2024_ANNUAL,Gallup/WHR,Life Ladder,Dominican Republic,2016,2016,2016,country-year,observed,no,Coverage-only row generated from validated WHR2024 annual mirror; outcome value omitted.
WHR2024_ANNUAL,Gallup/WHR,Life Ladder,Dominican Republic,2017,2017,2017,country-year,observed,no,Coverage-only row generated from validated WHR2024 annual mirror; outcome value omitted.
WHR2024_ANNUAL,Gallup/WHR,Life Ladder,Dominican Republic,2018,2018,2018,country-year,observed,no,Coverage-only row generated from validated WHR2024 annual mirror; outcome value omitted.
WHR2024_ANNUAL,Gallup/WHR,Life Ladder,Dominican Republic,2019,2019,2019,country-year,observed,no,Coverage-only row generated from validated WHR2024 annual mirror; outcome value omitted.
WHR2024_ANNUAL,Gallup/WHR,Life Ladder,Dominican Republic,2020,2020,2020,country-year,observed,no,Coverage-only row generated from validated WHR2024 annual mirror; outcome value omitted.
WHR2024_ANNUAL,Gallup/WHR,Life Ladder,Dominican Republic,2021,2021,2021,country-year,observed,no,Coverage-only row generated from validated WHR2024 annual mirror; outcome value omitted.
WHR2024_ANNUAL,Gallup/WHR,Life Ladder,Dominican Republic,2022,2022,2022,country-year,observed,no,Coverage-only row generated from validated WHR2024 annual mirror; outcome value omitted.
WHR2024_ANNUAL,Gallup/WHR,Life Ladder,Dominican Republic,2023,2023,2023,country-year,observed,no,Coverage-only row generated from validated WHR2024 annual mirror; outcome value omitted.
WHR2024_ANNUAL,Gallup/WHR,Life Ladder,Ecuador,2006,2006,2006,country-year,observed,no,Coverage-only row generated from validated WHR2024 annual mirror; outcome value omitted.
WHR2024_ANNUAL,Gallup/WHR,Life Ladder,Ecuador,2007,2007,2007,country-year,observed,no,Coverage-only row generated from validated WHR2024 annual mirror; outcome value omitted.
WHR2024_ANNUAL,Gallup/WHR,Life Ladder,Ecuador,2008,2008,2008,country-year,observed,no,Coverage-only row generated from validated WHR2024 annual mirror; outcome value omitted.
WHR2024_ANNUAL,Gallup/WHR,Life Ladder,Ecuador,2009,2009,2009,country-year,observed,no,Coverage-only row generated from validated WHR2024 annual mirror; outcome value omitted.
WHR2024_ANNUAL,Gallup/WHR,Life Ladder,Ecuador,2010,2010,2010,country-year,observed,no,Coverage-only row generated from validated WHR2024 annual mirror; outcome value omitted.
WHR2024_ANNUAL,Gallup/WHR,Life Ladder,Ecuador,2011,2011,2011,country-year,observed,no,Coverage-only row generated from validated WHR2024 annual mirror; outcome value omitted.
WHR2024_ANNUAL,Gallup/WHR,Life Ladder,Ecuador,2012,2012,2012,country-year,observed,no,Coverage-only row generated from validated WHR2024 annual mirror; outcome value omitted.
WHR2024_ANNUAL,Gallup/WHR,Life Ladder,Ecuador,2013,2013,2013,country-year,observed,no,Coverage-only row generated from validated WHR2024 annual mirror; outcome value omitted.
WHR2024_ANNUAL,Gallup/WHR,Life Ladder,Ecuador,2014,2014,2014,country-year,observed,no,Coverage-only row generated from validated WHR2024 annual mirror; outcome value omitted.
WHR2024_ANNUAL,Gallup/WHR,Life Ladder,Ecuador,2015,2015,2015,country-year,observed,no,Coverage-only row generated from validated WHR2024 annual mirror; outcome value omitted.
WHR2024_ANNUAL,Gallup/WHR,Life Ladder,Ecuador,2016,2016,2016,country-year,observed,no,Coverage-only row generated from validated WHR2024 annual mirror; outcome value omitted.
WHR2024_ANNUAL,Gallup/WHR,Life Ladder,Ecuador,2017,2017,2017,country-year,observed,no,Coverage-only row generated from validated WHR2024 annual mirror; outcome value omitted.
WHR2024_ANNUAL,Gallup/WHR,Life Ladder,Ecuador,2018,2018,2018,country-year,observed,no,Coverage-only row generated from validated WHR2024 annual mirror; outcome value omitted.
WHR2024_ANNUAL,Gallup/WHR,Life Ladder,Ecuador,2019,2019,2019,country-year,observed,no,Coverage-only row generated from validated WHR2024 annual mirror; outcome value omitted.
WHR2024_ANNUAL,Gallup/WHR,Life Ladder,Ecuador,2020,2020,2020,country-year,observed,no,Coverage-only row generated from validated WHR2024 annual mirror; outcome value omitted.
WHR2024_ANNUAL,Gallup/WHR,Life Ladder,Ecuador,2021,2021,2021,country-year,observed,no,Coverage-only row generated from validated WHR2024 annual mirror; outcome value omitted.
WHR2024_ANNUAL,Gallup/WHR,Life Ladder,Ecuador,2022,2022,2022,country-year,observed,no,Coverage-only row generated from validated WHR2024 annual mirror; outcome value omitted.
WHR2024_ANNUAL,Gallup/WHR,Life Ladder,Ecuador,2023,2023,2023,country-year,observed,no,Coverage-only row generated from validated WHR2024 annual mirror; outcome value omitted.
WHR2024_ANNUAL,Gallup/WHR,Life Ladder,Egypt,2005,2005,2005,country-year,observed,no,Coverage-only row generated from validated WHR2024 annual mirror; outcome value omitted.
WHR2024_ANNUAL,Gallup/WHR,Life Ladder,Egypt,2007,2007,2007,country-year,observed,no,Coverage-only row generated from validated WHR2024 annual mirror; outcome value omitted.
WHR2024_ANNUAL,Gallup/WHR,Life Ladder,Egypt,2008,2008,2008,country-year,observed,no,Coverage-only row generated from validated WHR2024 annual mirror; outcome value omitted.
WHR2024_ANNUAL,Gallup/WHR,Life Ladder,Egypt,2009,2009,2009,country-year,observed,no,Coverage-only row generated from validated WHR2024 annual mirror; outcome value omitted.
WHR2024_ANNUAL,Gallup/WHR,Life Ladder,Egypt,2010,2010,2010,country-year,observed,no,Coverage-only row generated from validated WHR2024 annual mirror; outcome value omitted.
WHR2024_ANNUAL,Gallup/WHR,Life Ladder,Egypt,2011,2011,2011,country-year,observed,no,Coverage-only row generated from validated WHR2024 annual mirror; outcome value omitted.
WHR2024_ANNUAL,Gallup/WHR,Life Ladder,Egypt,2012,2012,2012,country-year,observed,no,Coverage-only row generated from validated WHR2024 annual mirror; outcome value omitted.
WHR2024_ANNUAL,Gallup/WHR,Life Ladder,Egypt,2013,2013,2013,country-year,observed,no,Coverage-only row generated from validated WHR2024 annual mirror; outcome value omitted.
WHR2024_ANNUAL,Gallup/WHR,Life Ladder,Egypt,2014,2014,2014,country-year,observed,no,Coverage-only row generated from validated WHR2024 annual mirror; outcome value omitted.
WHR2024_ANNUAL,Gallup/WHR,Life Ladder,Egypt,2015,2015,2015,country-year,observed,no,Coverage-only row generated from validated WHR2024 annual mirror; outcome value omitted.
WHR2024_ANNUAL,Gallup/WHR,Life Ladder,Egypt,2016,2016,2016,country-year,observed,no,Coverage-only row generated from validated WHR2024 annual mirror; outcome value omitted.
WHR2024_ANNUAL,Gallup/WHR,Life Ladder,Egypt,2017,2017,2017,country-year,observed,no,Coverage-only row generated from validated WHR2024 annual mirror; outcome value omitted.
WHR2024_ANNUAL,Gallup/WHR,Life Ladder,Egypt,2018,2018,2018,country-year,observed,no,Coverage-only row generated from validated WHR2024 annual mirror; outcome value omitted.
WHR2024_ANNUAL,Gallup/WHR,Life Ladder,Egypt,2019,2019,2019,country-year,observed,no,Coverage-only row generated from validated WHR2024 annual mirror; outcome value omitted.
WHR2024_ANNUAL,Gallup/WHR,Life Ladder,Egypt,2020,2020,2020,country-year,observed,no,Coverage-only row generated from validated WHR2024 annual mirror; outcome value omitted.
WHR2024_ANNUAL,Gallup/WHR,Life Ladder,Egypt,2021,2021,2021,country-year,observed,no,Coverage-only row generated from validated WHR2024 annual mirror; outcome value omitted.
WHR2024_ANNUAL,Gallup/WHR,Life Ladder,Egypt,2022,2022,2022,country-year,observed,no,Coverage-only row generated from validated WHR2024 annual mirror; outcome value omitted.
WHR2024_ANNUAL,Gallup/WHR,Life Ladder,Egypt,2023,2023,2023,country-year,observed,no,Coverage-only row generated from validated WHR2024 annual mirror; outcome value omitted.
WHR2024_ANNUAL,Gallup/WHR,Life Ladder,El Salvador,2006,2006,2006,country-year,observed,no,Coverage-only row generated from validated WHR2024 annual mirror; outcome value omitted.
WHR2024_ANNUAL,Gallup/WHR,Life Ladder,El Salvador,2007,2007,2007,country-year,observed,no,Coverage-only row generated from validated WHR2024 annual mirror; outcome value omitted.
WHR2024_ANNUAL,Gallup/WHR,Life Ladder,El Salvador,2008,2008,2008,country-year,observed,no,Coverage-only row generated from validated WHR2024 annual mirror; outcome value omitted.
WHR2024_ANNUAL,Gallup/WHR,Life Ladder,El Salvador,2009,2009,2009,country-year,observed,no,Coverage-only row generated from validated WHR2024 annual mirror; outcome value omitted.
WHR2024_ANNUAL,Gallup/WHR,Life Ladder,El Salvador,2010,2010,2010,country-year,observed,no,Coverage-only row generated from validated WHR2024 annual mirror; outcome value omitted.
WHR2024_ANNUAL,Gallup/WHR,Life Ladder,El Salvador,2011,2011,2011,country-year,observed,no,Coverage-only row generated from validated WHR2024 annual mirror; outcome value omitted.
WHR2024_ANNUAL,Gallup/WHR,Life Ladder,El Salvador,2012,2012,2012,country-year,observed,no,Coverage-only row generated from validated WHR2024 annual mirror; outcome value omitted.
WHR2024_ANNUAL,Gallup/WHR,Life Ladder,El Salvador,2013,2013,2013,country-year,observed,no,Coverage-only row generated from validated WHR2024 annual mirror; outcome value omitted.
WHR2024_ANNUAL,Gallup/WHR,Life Ladder,El Salvador,2014,2014,2014,country-year,observed,no,Coverage-only row generated from validated WHR2024 annual mirror; outcome value omitted.
WHR2024_ANNUAL,Gallup/WHR,Life Ladder,El Salvador,2015,2015,2015,country-year,observed,no,Coverage-only row generated from validated WHR2024 annual mirror; outcome value omitted.
WHR2024_ANNUAL,Gallup/WHR,Life Ladder,El Salvador,2016,2016,2016,country-year,observed,no,Coverage-only row generated from validated WHR2024 annual mirror; outcome value omitted.
WHR2024_ANNUAL,Gallup/WHR,Life Ladder,El Salvador,2017,2017,2017,country-year,observed,no,Coverage-only row generated from validated WHR2024 annual mirror; outcome value omitted.
WHR2024_ANNUAL,Gallup/WHR,Life Ladder,El Salvador,2018,2018,2018,country-year,observed,no,Coverage-only row generated from validated WHR2024 annual mirror; outcome value omitted.
WHR2024_ANNUAL,Gallup/WHR,Life Ladder,El Salvador,2019,2019,2019,country-year,observed,no,Coverage-only row generated from validated WHR2024 annual mirror; outcome value omitted.
WHR2024_ANNUAL,Gallup/WHR,Life Ladder,El Salvador,2020,2020,2020,country-year,observed,no,Coverage-only row generated from validated WHR2024 annual mirror; outcome value omitted.
WHR2024_ANNUAL,Gallup/WHR,Life Ladder,El Salvador,2021,2021,2021,country-year,observed,no,Coverage-only row generated from validated WHR2024 annual mirror; outcome value omitted.
WHR2024_ANNUAL,Gallup/WHR,Life Ladder,El Salvador,2022,2022,2022,country-year,observed,no,Coverage-only row generated from validated WHR2024 annual mirror; outcome value omitted.
WHR2024_ANNUAL,Gallup/WHR,Life Ladder,El Salvador,2023,2023,2023,country-year,observed,no,Coverage-only row generated from validated WHR2024 annual mirror; outcome value omitted.
WHR2024_ANNUAL,Gallup/WHR,Life Ladder,Estonia,2006,2006,2006,country-year,observed,no,Coverage-only row generated from validated WHR2024 annual mirror; outcome value omitted.
WHR2024_ANNUAL,Gallup/WHR,Life Ladder,Estonia,2007,2007,2007,country-year,observed,no,Coverage-only row generated from validated WHR2024 annual mirror; outcome value omitted.
WHR2024_ANNUAL,Gallup/WHR,Life Ladder,Estonia,2008,2008,2008,country-year,observed,no,Coverage-only row generated from validated WHR2024 annual mirror; outcome value omitted.
WHR2024_ANNUAL,Gallup/WHR,Life Ladder,Estonia,2009,2009,2009,country-year,observed,no,Coverage-only row generated from validated WHR2024 annual mirror; outcome value omitted.
WHR2024_ANNUAL,Gallup/WHR,Life Ladder,Estonia,2011,2011,2011,country-year,observed,no,Coverage-only row generated from validated WHR2024 annual mirror; outcome value omitted.
WHR2024_ANNUAL,Gallup/WHR,Life Ladder,Estonia,2012,2012,2012,country-year,observed,no,Coverage-only row generated from validated WHR2024 annual mirror; outcome value omitted.
WHR2024_ANNUAL,Gallup/WHR,Life Ladder,Estonia,2013,2013,2013,country-year,observed,no,Coverage-only row generated from validated WHR2024 annual mirror; outcome value omitted.
WHR2024_ANNUAL,Gallup/WHR,Life Ladder,Estonia,2014,2014,2014,country-year,observed,no,Coverage-only row generated from validated WHR2024 annual mirror; outcome value omitted.
WHR2024_ANNUAL,Gallup/WHR,Life Ladder,Estonia,2015,2015,2015,country-year,observed,no,Coverage-only row generated from validated WHR2024 annual mirror; outcome value omitted.
WHR2024_ANNUAL,Gallup/WHR,Life Ladder,Estonia,2016,2016,2016,country-year,observed,no,Coverage-only row generated from validated WHR2024 annual mirror; outcome value omitted.
WHR2024_ANNUAL,Gallup/WHR,Life Ladder,Estonia,2017,2017,2017,country-year,observed,no,Coverage-only row generated from validated WHR2024 annual mirror; outcome value omitted.
WHR2024_ANNUAL,Gallup/WHR,Life Ladder,Estonia,2018,2018,2018,country-year,observed,no,Coverage-only row generated from validated WHR2024 annual mirror; outcome value omitted.
WHR2024_ANNUAL,Gallup/WHR,Life Ladder,Estonia,2019,2019,2019,country-year,observed,no,Coverage-only row generated from validated WHR2024 annual mirror; outcome value omitted.
WHR2024_ANNUAL,Gallup/WHR,Life Ladder,Estonia,2020,2020,2020,country-year,observed,no,Coverage-only row generated from validated WHR2024 annual mirror; outcome value omitted.
WHR2024_ANNUAL,Gallup/WHR,Life Ladder,Estonia,2021,2021,2021,country-year,observed,no,Coverage-only row generated from validated WHR2024 annual mirror; outcome value omitted.
WHR2024_ANNUAL,Gallup/WHR,Life Ladder,Estonia,2022,2022,2022,country-year,observed,no,Coverage-only row generated from validated WHR2024 annual mirror; outcome value omitted.
WHR2024_ANNUAL,Gallup/WHR,Life Ladder,Estonia,2023,2023,2023,country-year,observed,no,Coverage-only row generated from validated WHR2024 annual mirror; outcome value omitted.
WHR2024_ANNUAL,Gallup/WHR,Life Ladder,Eswatini,2011,2011,2011,country-year,observed,no,Coverage-only row generated from validated WHR2024 annual mirror; outcome value omitted.
WHR2024_ANNUAL,Gallup/WHR,Life Ladder,Eswatini,2018,2018,2018,country-year,observed,no,Coverage-only row generated from validated WHR2024 annual mirror; outcome value omitted.
WHR2024_ANNUAL,Gallup/WHR,Life Ladder,Eswatini,2019,2019,2019,country-year,observed,no,Coverage-only row generated from validated WHR2024 annual mirror; outcome value omitted.
WHR2024_ANNUAL,Gallup/WHR,Life Ladder,Eswatini,2022,2022,2022,country-year,observed,no,Coverage-only row generated from validated WHR2024 annual mirror; outcome value omitted.
WHR2024_ANNUAL,Gallup/WHR,Life Ladder,Ethiopia,2012,2012,2012,country-year,observed,no,Coverage-only row generated from validated WHR2024 annual mirror; outcome value omitted.
WHR2024_ANNUAL,Gallup/WHR,Life Ladder,Ethiopia,2013,2013,2013,country-year,observed,no,Coverage-only row generated from validated WHR2024 annual mirror; outcome value omitted.
WHR2024_ANNUAL,Gallup/WHR,Life Ladder,Ethiopia,2014,2014,2014,country-year,observed,no,Coverage-only row generated from validated WHR2024 annual mirror; outcome value omitted.
WHR2024_ANNUAL,Gallup/WHR,Life Ladder,Ethiopia,2015,2015,2015,country-year,observed,no,Coverage-only row generated from validated WHR2024 annual mirror; outcome value omitted.
WHR2024_ANNUAL,Gallup/WHR,Life Ladder,Ethiopia,2016,2016,2016,country-year,observed,no,Coverage-only row generated from validated WHR2024 annual mirror; outcome value omitted.
WHR2024_ANNUAL,Gallup/WHR,Life Ladder,Ethiopia,2017,2017,2017,country-year,observed,no,Coverage-only row generated from validated WHR2024 annual mirror; outcome value omitted.
WHR2024_ANNUAL,Gallup/WHR,Life Ladder,Ethiopia,2018,2018,2018,country-year,observed,no,Coverage-only row generated from validated WHR2024 annual mirror; outcome value omitted.
WHR2024_ANNUAL,Gallup/WHR,Life Ladder,Ethiopia,2019,2019,2019,country-year,observed,no,Coverage-only row generated from validated WHR2024 annual mirror; outcome value omitted.
WHR2024_ANNUAL,Gallup/WHR,Life Ladder,Ethiopia,2020,2020,2020,country-year,observed,no,Coverage-only row generated from validated WHR2024 annual mirror; outcome value omitted.
WHR2024_ANNUAL,Gallup/WHR,Life Ladder,Ethiopia,2022,2022,2022,country-year,observed,no,Coverage-only row generated from validated WHR2024 annual mirror; outcome value omitted.
WHR2024_ANNUAL,Gallup/WHR,Life Ladder,Ethiopia,2023,2023,2023,country-year,observed,no,Coverage-only row generated from validated WHR2024 annual mirror; outcome value omitted.
WHR2024_ANNUAL,Gallup/WHR,Life Ladder,Finland,2006,2006,2006,country-year,observed,no,Coverage-only row generated from validated WHR2024 annual mirror; outcome value omitted.
WHR2024_ANNUAL,Gallup/WHR,Life Ladder,Finland,2008,2008,2008,country-year,observed,no,Coverage-only row generated from validated WHR2024 annual mirror; outcome value omitted.
WHR2024_ANNUAL,Gallup/WHR,Life Ladder,Finland,2010,2010,2010,country-year,observed,no,Coverage-only row generated from validated WHR2024 annual mirror; outcome value omitted.
WHR2024_ANNUAL,Gallup/WHR,Life Ladder,Finland,2011,2011,2011,country-year,observed,no,Coverage-only row generated from validated WHR2024 annual mirror; outcome value omitted.
WHR2024_ANNUAL,Gallup/WHR,Life Ladder,Finland,2012,2012,2012,country-year,observed,no,Coverage-only row generated from validated WHR2024 annual mirror; outcome value omitted.
WHR2024_ANNUAL,Gallup/WHR,Life Ladder,Finland,2013,2013,2013,country-year,observed,no,Coverage-only row generated from validated WHR2024 annual mirror; outcome value omitted.
WHR2024_ANNUAL,Gallup/WHR,Life Ladder,Finland,2014,2014,2014,country-year,observed,no,Coverage-only row generated from validated WHR2024 annual mirror; outcome value omitted.
WHR2024_ANNUAL,Gallup/WHR,Life Ladder,Finland,2015,2015,2015,country-year,observed,no,Coverage-only row generated from validated WHR2024 annual mirror; outcome value omitted.
WHR2024_ANNUAL,Gallup/WHR,Life Ladder,Finland,2016,2016,2016,country-year,observed,no,Coverage-only row generated from validated WHR2024 annual mirror; outcome value omitted.
WHR2024_ANNUAL,Gallup/WHR,Life Ladder,Finland,2017,2017,2017,country-year,observed,no,Coverage-only row generated from validated WHR2024 annual mirror; outcome value omitted.
WHR2024_ANNUAL,Gallup/WHR,Life Ladder,Finland,2018,2018,2018,country-year,observed,no,Coverage-only row generated from validated WHR2024 annual mirror; outcome value omitted.
WHR2024_ANNUAL,Gallup/WHR,Life Ladder,Finland,2019,2019,2019,country-year,observed,no,Coverage-only row generated from validated WHR2024 annual mirror; outcome value omitted.
WHR2024_ANNUAL,Gallup/WHR,Life Ladder,Finland,2020,2020,2020,country-year,observed,no,Coverage-only row generated from validated WHR2024 annual mirror; outcome value omitted.
WHR2024_ANNUAL,Gallup/WHR,Life Ladder,Finland,2021,2021,2021,country-year,observed,no,Coverage-only row generated from validated WHR2024 annual mirror; outcome value omitted.
WHR2024_ANNUAL,Gallup/WHR,Life Ladder,Finland,2022,2022,2022,country-year,observed,no,Coverage-only row generated from validated WHR2024 annual mirror; outcome value omitted.
WHR2024_ANNUAL,Gallup/WHR,Life Ladder,Finland,2023,2023,2023,country-year,observed,no,Coverage-only row generated from validated WHR2024 annual mirror; outcome value omitted.
WHR2024_ANNUAL,Gallup/WHR,Life Ladder,France,2005,2005,2005,country-year,observed,no,Coverage-only row generated from validated WHR2024 annual mirror; outcome value omitted.
WHR2024_ANNUAL,Gallup/WHR,Life Ladder,France,2006,2006,2006,country-year,observed,no,Coverage-only row generated from validated WHR2024 annual mirror; outcome value omitted.
WHR2024_ANNUAL,Gallup/WHR,Life Ladder,France,2008,2008,2008,country-year,observed,no,Coverage-only row generated from validated WHR2024 annual mirror; outcome value omitted.
WHR2024_ANNUAL,Gallup/WHR,Life Ladder,France,2009,2009,2009,country-year,observed,no,Coverage-only row generated from validated WHR2024 annual mirror; outcome value omitted.
WHR2024_ANNUAL,Gallup/WHR,Life Ladder,France,2010,2010,2010,country-year,observed,no,Coverage-only row generated from validated WHR2024 annual mirror; outcome value omitted.
WHR2024_ANNUAL,Gallup/WHR,Life Ladder,France,2011,2011,2011,country-year,observed,no,Coverage-only row generated from validated WHR2024 annual mirror; outcome value omitted.
WHR2024_ANNUAL,Gallup/WHR,Life Ladder,France,2012,2012,2012,country-year,observed,no,Coverage-only row generated from validated WHR2024 annual mirror; outcome value omitted.
WHR2024_ANNUAL,Gallup/WHR,Life Ladder,France,2013,2013,2013,country-year,observed,no,Coverage-only row generated from validated WHR2024 annual mirror; outcome value omitted.
WHR2024_ANNUAL,Gallup/WHR,Life Ladder,France,2014,2014,2014,country-year,observed,no,Coverage-only row generated from validated WHR2024 annual mirror; outcome value omitted.
WHR2024_ANNUAL,Gallup/WHR,Life Ladder,France,2015,2015,2015,country-year,observed,no,Coverage-only row generated from validated WHR2024 annual mirror; outcome value omitted.
WHR2024_ANNUAL,Gallup/WHR,Life Ladder,France,2016,2016,2016,country-year,observed,no,Coverage-only row generated from validated WHR2024 annual mirror; outcome value omitted.
WHR2024_ANNUAL,Gallup/WHR,Life Ladder,France,2017,2017,2017,country-year,observed,no,Coverage-only row generated from validated WHR2024 annual mirror; outcome value omitted.
WHR2024_ANNUAL,Gallup/WHR,Life Ladder,France,2018,2018,2018,country-year,observed,no,Coverage-only row generated from validated WHR2024 annual mirror; outcome value omitted.
WHR2024_ANNUAL,Gallup/WHR,Life Ladder,France,2019,2019,2019,country-year,observed,no,Coverage-only row generated from validated WHR2024 annual mirror; outcome value omitted.
WHR2024_ANNUAL,Gallup/WHR,Life Ladder,France,2020,2020,2020,country-year,observed,no,Coverage-only row generated from validated WHR2024 annual mirror; outcome value omitted.
WHR2024_ANNUAL,Gallup/WHR,Life Ladder,France,2021,2021,2021,country-year,observed,no,Coverage-only row generated from validated WHR2024 annual mirror; outcome value omitted.
WHR2024_ANNUAL,Gallup/WHR,Life Ladder,France,2022,2022,2022,country-year,observed,no,Coverage-only row generated from validated WHR2024 annual mirror; outcome value omitted.
WHR2024_ANNUAL,Gallup/WHR,Life Ladder,France,2023,2023,2023,country-year,observed,no,Coverage-only row generated from validated WHR2024 annual mirror; outcome value omitted.
WHR2024_ANNUAL,Gallup/WHR,Life Ladder,Gabon,2011,2011,2011,country-year,observed,no,Coverage-only row generated from validated WHR2024 annual mirror; outcome value omitted.
WHR2024_ANNUAL,Gallup/WHR,Life Ladder,Gabon,2012,2012,2012,country-year,observed,no,Coverage-only row generated from validated WHR2024 annual mirror; outcome value omitted.
WHR2024_ANNUAL,Gallup/WHR,Life Ladder,Gabon,2013,2013,2013,country-year,observed,no,Coverage-only row generated from validated WHR2024 annual mirror; outcome value omitted.
WHR2024_ANNUAL,Gallup/WHR,Life Ladder,Gabon,2014,2014,2014,country-year,observed,no,Coverage-only row generated from validated WHR2024 annual mirror; outcome value omitted.
WHR2024_ANNUAL,Gallup/WHR,Life Ladder,Gabon,2015,2015,2015,country-year,observed,no,Coverage-only row generated from validated WHR2024 annual mirror; outcome value omitted.
WHR2024_ANNUAL,Gallup/WHR,Life Ladder,Gabon,2016,2016,2016,country-year,observed,no,Coverage-only row generated from validated WHR2024 annual mirror; outcome value omitted.
WHR2024_ANNUAL,Gallup/WHR,Life Ladder,Gabon,2017,2017,2017,country-year,observed,no,Coverage-only row generated from validated WHR2024 annual mirror; outcome value omitted.
WHR2024_ANNUAL,Gallup/WHR,Life Ladder,Gabon,2018,2018,2018,country-year,observed,no,Coverage-only row generated from validated WHR2024 annual mirror; outcome value omitted.
WHR2024_ANNUAL,Gallup/WHR,Life Ladder,Gabon,2019,2019,2019,country-year,observed,no,Coverage-only row generated from validated WHR2024 annual mirror; outcome value omitted.
WHR2024_ANNUAL,Gallup/WHR,Life Ladder,Gabon,2020,2020,2020,country-year,observed,no,Coverage-only row generated from validated WHR2024 annual mirror; outcome value omitted.
WHR2024_ANNUAL,Gallup/WHR,Life Ladder,Gabon,2021,2021,2021,country-year,observed,no,Coverage-only row generated from validated WHR2024 annual mirror; outcome value omitted.
WHR2024_ANNUAL,Gallup/WHR,Life Ladder,Gabon,2022,2022,2022,country-year,observed,no,Coverage-only row generated from validated WHR2024 annual mirror; outcome value omitted.
WHR2024_ANNUAL,Gallup/WHR,Life Ladder,Gabon,2023,2023,2023,country-year,observed,no,Coverage-only row generated from validated WHR2024 annual mirror; outcome value omitted.
WHR2024_ANNUAL,Gallup/WHR,Life Ladder,Gambia,2017,2017,2017,country-year,observed,no,Coverage-only row generated from validated WHR2024 annual mirror; outcome value omitted.
WHR2024_ANNUAL,Gallup/WHR,Life Ladder,Gambia,2018,2018,2018,country-year,observed,no,Coverage-only row generated from validated WHR2024 annual mirror; outcome value omitted.
WHR2024_ANNUAL,Gallup/WHR,Life Ladder,Gambia,2019,2019,2019,country-year,observed,no,Coverage-only row generated from validated WHR2024 annual mirror; outcome value omitted.
WHR2024_ANNUAL,Gallup/WHR,Life Ladder,Gambia,2022,2022,2022,country-year,observed,no,Coverage-only row generated from validated WHR2024 annual mirror; outcome value omitted.
WHR2024_ANNUAL,Gallup/WHR,Life Ladder,Gambia,2023,2023,2023,country-year,observed,no,Coverage-only row generated from validated WHR2024 annual mirror; outcome value omitted.
WHR2024_ANNUAL,Gallup/WHR,Life Ladder,Georgia,2006,2006,2006,country-year,observed,no,Coverage-only row generated from validated WHR2024 annual mirror; outcome value omitted.
WHR2024_ANNUAL,Gallup/WHR,Life Ladder,Georgia,2007,2007,2007,country-year,observed,no,Coverage-only row generated from validated WHR2024 annual mirror; outcome value omitted.
WHR2024_ANNUAL,Gallup/WHR,Life Ladder,Georgia,2008,2008,2008,country-year,observed,no,Coverage-only row generated from validated WHR2024 annual mirror; outcome value omitted.
WHR2024_ANNUAL,Gallup/WHR,Life Ladder,Georgia,2009,2009,2009,country-year,observed,no,Coverage-only row generated from validated WHR2024 annual mirror; outcome value omitted.
WHR2024_ANNUAL,Gallup/WHR,Life Ladder,Georgia,2010,2010,2010,country-year,observed,no,Coverage-only row generated from validated WHR2024 annual mirror; outcome value omitted.
WHR2024_ANNUAL,Gallup/WHR,Life Ladder,Georgia,2011,2011,2011,country-year,observed,no,Coverage-only row generated from validated WHR2024 annual mirror; outcome value omitted.
WHR2024_ANNUAL,Gallup/WHR,Life Ladder,Georgia,2012,2012,2012,country-year,observed,no,Coverage-only row generated from validated WHR2024 annual mirror; outcome value omitted.
WHR2024_ANNUAL,Gallup/WHR,Life Ladder,Georgia,2013,2013,2013,country-year,observed,no,Coverage-only row generated from validated WHR2024 annual mirror; outcome value omitted.
WHR2024_ANNUAL,Gallup/WHR,Life Ladder,Georgia,2014,2014,2014,country-year,observed,no,Coverage-only row generated from validated WHR2024 annual mirror; outcome value omitted.
WHR2024_ANNUAL,Gallup/WHR,Life Ladder,Georgia,2015,2015,2015,country-year,observed,no,Coverage-only row generated from validated WHR2024 annual mirror; outcome value omitted.
WHR2024_ANNUAL,Gallup/WHR,Life Ladder,Georgia,2016,2016,2016,country-year,observed,no,Coverage-only row generated from validated WHR2024 annual mirror; outcome value omitted.
WHR2024_ANNUAL,Gallup/WHR,Life Ladder,Georgia,2017,2017,2017,country-year,observed,no,Coverage-only row generated from validated WHR2024 annual mirror; outcome value omitted.
WHR2024_ANNUAL,Gallup/WHR,Life Ladder,Georgia,2018,2018,2018,country-year,observed,no,Coverage-only row generated from validated WHR2024 annual mirror; outcome value omitted.
WHR2024_ANNUAL,Gallup/WHR,Life Ladder,Georgia,2019,2019,2019,country-year,observed,no,Coverage-only row generated from validated WHR2024 annual mirror; outcome value omitted.
WHR2024_ANNUAL,Gallup/WHR,Life Ladder,Georgia,2020,2020,2020,country-year,observed,no,Coverage-only row generated from validated WHR2024 annual mirror; outcome value omitted.
WHR2024_ANNUAL,Gallup/WHR,Life Ladder,Georgia,2021,2021,2021,country-year,observed,no,Coverage-only row generated from validated WHR2024 annual mirror; outcome value omitted.
WHR2024_ANNUAL,Gallup/WHR,Life Ladder,Georgia,2022,2022,2022,country-year,observed,no,Coverage-only row generated from validated WHR2024 annual mirror; outcome value omitted.
WHR2024_ANNUAL,Gallup/WHR,Life Ladder,Georgia,2023,2023,2023,country-year,observed,no,Coverage-only row generated from validated WHR2024 annual mirror; outcome value omitted.
WHR2024_ANNUAL,Gallup/WHR,Life Ladder,Germany,2005,2005,2005,country-year,observed,no,Coverage-only row generated from validated WHR2024 annual mirror; outcome value omitted.
WHR2024_ANNUAL,Gallup/WHR,Life Ladder,Germany,2007,2007,2007,country-year,observed,no,Coverage-only row generated from validated WHR2024 annual mirror; outcome value omitted.
WHR2024_ANNUAL,Gallup/WHR,Life Ladder,Germany,2008,2008,2008,country-year,observed,no,Coverage-only row generated from validated WHR2024 annual mirror; outcome value omitted.
WHR2024_ANNUAL,Gallup/WHR,Life Ladder,Germany,2009,2009,2009,country-year,observed,no,Coverage-only row generated from validated WHR2024 annual mirror; outcome value omitted.
WHR2024_ANNUAL,Gallup/WHR,Life Ladder,Germany,2010,2010,2010,country-year,observed,no,Coverage-only row generated from validated WHR2024 annual mirror; outcome value omitted.
WHR2024_ANNUAL,Gallup/WHR,Life Ladder,Germany,2011,2011,2011,country-year,observed,no,Coverage-only row generated from validated WHR2024 annual mirror; outcome value omitted.
WHR2024_ANNUAL,Gallup/WHR,Life Ladder,Germany,2012,2012,2012,country-year,observed,no,Coverage-only row generated from validated WHR2024 annual mirror; outcome value omitted.
WHR2024_ANNUAL,Gallup/WHR,Life Ladder,Germany,2013,2013,2013,country-year,observed,no,Coverage-only row generated from validated WHR2024 annual mirror; outcome value omitted.
WHR2024_ANNUAL,Gallup/WHR,Life Ladder,Germany,2014,2014,2014,country-year,observed,no,Coverage-only row generated from validated WHR2024 annual mirror; outcome value omitted.
WHR2024_ANNUAL,Gallup/WHR,Life Ladder,Germany,2015,2015,2015,country-year,observed,no,Coverage-only row generated from validated WHR2024 annual mirror; outcome value omitted.
WHR2024_ANNUAL,Gallup/WHR,Life Ladder,Germany,2016,2016,2016,country-year,observed,no,Coverage-only row generated from validated WHR2024 annual mirror; outcome value omitted.
WHR2024_ANNUAL,Gallup/WHR,Life Ladder,Germany,2017,2017,2017,country-year,observed,no,Coverage-only row generated from validated WHR2024 annual mirror; outcome value omitted.
WHR2024_ANNUAL,Gallup/WHR,Life Ladder,Germany,2018,2018,2018,country-year,observed,no,Coverage-only row generated from validated WHR2024 annual mirror; outcome value omitted.
WHR2024_ANNUAL,Gallup/WHR,Life Ladder,Germany,2019,2019,2019,country-year,observed,no,Coverage-only row generated from validated WHR2024 annual mirror; outcome value omitted.
WHR2024_ANNUAL,Gallup/WHR,Life Ladder,Germany,2020,2020,2020,country-year,observed,no,Coverage-only row generated from validated WHR2024 annual mirror; outcome value omitted.
WHR2024_ANNUAL,Gallup/WHR,Life Ladder,Germany,2021,2021,2021,country-year,observed,no,Coverage-only row generated from validated WHR2024 annual mirror; outcome value omitted.
WHR2024_ANNUAL,Gallup/WHR,Life Ladder,Germany,2022,2022,2022,country-year,observed,no,Coverage-only row generated from validated WHR2024 annual mirror; outcome value omitted.
WHR2024_ANNUAL,Gallup/WHR,Life Ladder,Germany,2023,2023,2023,country-year,observed,no,Coverage-only row generated from validated WHR2024 annual mirror; outcome value omitted.
WHR2024_ANNUAL,Gallup/WHR,Life Ladder,Ghana,2006,2006,2006,country-year,observed,no,Coverage-only row generated from validated WHR2024 annual mirror; outcome value omitted.
WHR2024_ANNUAL,Gallup/WHR,Life Ladder,Ghana,2007,2007,2007,country-year,observed,no,Coverage-only row generated from validated WHR2024 annual mirror; outcome value omitted.
WHR2024_ANNUAL,Gallup/WHR,Life Ladder,Ghana,2008,2008,2008,country-year,observed,no,Coverage-only row generated from validated WHR2024 annual mirror; outcome value omitted.
WHR2024_ANNUAL,Gallup/WHR,Life Ladder,Ghana,2009,2009,2009,country-year,observed,no,Coverage-only row generated from validated WHR2024 annual mirror; outcome value omitted.
WHR2024_ANNUAL,Gallup/WHR,Life Ladder,Ghana,2010,2010,2010,country-year,observed,no,Coverage-only row generated from validated WHR2024 annual mirror; outcome value omitted.
WHR2024_ANNUAL,Gallup/WHR,Life Ladder,Ghana,2011,2011,2011,country-year,observed,no,Coverage-only row generated from validated WHR2024 annual mirror; outcome value omitted.
WHR2024_ANNUAL,Gallup/WHR,Life Ladder,Ghana,2012,2012,2012,country-year,observed,no,Coverage-only row generated from validated WHR2024 annual mirror; outcome value omitted.
WHR2024_ANNUAL,Gallup/WHR,Life Ladder,Ghana,2013,2013,2013,country-year,observed,no,Coverage-only row generated from validated WHR2024 annual mirror; outcome value omitted.
WHR2024_ANNUAL,Gallup/WHR,Life Ladder,Ghana,2014,2014,2014,country-year,observed,no,Coverage-only row generated from validated WHR2024 annual mirror; outcome value omitted.
WHR2024_ANNUAL,Gallup/WHR,Life Ladder,Ghana,2015,2015,2015,country-year,observed,no,Coverage-only row generated from validated WHR2024 annual mirror; outcome value omitted.
WHR2024_ANNUAL,Gallup/WHR,Life Ladder,Ghana,2016,2016,2016,country-year,observed,no,Coverage-only row generated from validated WHR2024 annual mirror; outcome value omitted.
WHR2024_ANNUAL,Gallup/WHR,Life Ladder,Ghana,2017,2017,2017,country-year,observed,no,Coverage-only row generated from validated WHR2024 annual mirror; outcome value omitted.
WHR2024_ANNUAL,Gallup/WHR,Life Ladder,Ghana,2018,2018,2018,country-year,observed,no,Coverage-only row generated from validated WHR2024 annual mirror; outcome value omitted.
WHR2024_ANNUAL,Gallup/WHR,Life Ladder,Ghana,2019,2019,2019,country-year,observed,no,Coverage-only row generated from validated WHR2024 annual mirror; outcome value omitted.
WHR2024_ANNUAL,Gallup/WHR,Life Ladder,Ghana,2020,2020,2020,country-year,observed,no,Coverage-only row generated from validated WHR2024 annual mirror; outcome value omitted.
WHR2024_ANNUAL,Gallup/WHR,Life Ladder,Ghana,2021,2021,2021,country-year,observed,no,Coverage-only row generated from validated WHR2024 annual mirror; outcome value omitted.
WHR2024_ANNUAL,Gallup/WHR,Life Ladder,Ghana,2022,2022,2022,country-year,observed,no,Coverage-only row generated from validated WHR2024 annual mirror; outcome value omitted.
WHR2024_ANNUAL,Gallup/WHR,Life Ladder,Ghana,2023,2023,2023,country-year,observed,no,Coverage-only row generated from validated WHR2024 annual mirror; outcome value omitted.
WHR2024_ANNUAL,Gallup/WHR,Life Ladder,Greece,2005,2005,2005,country-year,observed,no,Coverage-only row generated from validated WHR2024 annual mirror; outcome value omitted.
WHR2024_ANNUAL,Gallup/WHR,Life Ladder,Greece,2007,2007,2007,country-year,observed,no,Coverage-only row generated from validated WHR2024 annual mirror; outcome value omitted.
WHR2024_ANNUAL,Gallup/WHR,Life Ladder,Greece,2009,2009,2009,country-year,observed,no,Coverage-only row generated from validated WHR2024 annual mirror; outcome value omitted.
WHR2024_ANNUAL,Gallup/WHR,Life Ladder,Greece,2010,2010,2010,country-year,observed,no,Coverage-only row generated from validated WHR2024 annual mirror; outcome value omitted.
WHR2024_ANNUAL,Gallup/WHR,Life Ladder,Greece,2011,2011,2011,country-year,observed,no,Coverage-only row generated from validated WHR2024 annual mirror; outcome value omitted.
WHR2024_ANNUAL,Gallup/WHR,Life Ladder,Greece,2012,2012,2012,country-year,observed,no,Coverage-only row generated from validated WHR2024 annual mirror; outcome value omitted.
WHR2024_ANNUAL,Gallup/WHR,Life Ladder,Greece,2013,2013,2013,country-year,observed,no,Coverage-only row generated from validated WHR2024 annual mirror; outcome value omitted.
WHR2024_ANNUAL,Gallup/WHR,Life Ladder,Greece,2014,2014,2014,country-year,observed,no,Coverage-only row generated from validated WHR2024 annual mirror; outcome value omitted.
WHR2024_ANNUAL,Gallup/WHR,Life Ladder,Greece,2015,2015,2015,country-year,observed,no,Coverage-only row generated from validated WHR2024 annual mirror; outcome value omitted.
WHR2024_ANNUAL,Gallup/WHR,Life Ladder,Greece,2016,2016,2016,country-year,observed,no,Coverage-only row generated from validated WHR2024 annual mirror; outcome value omitted.
WHR2024_ANNUAL,Gallup/WHR,Life Ladder,Greece,2017,2017,2017,country-year,observed,no,Coverage-only row generated from validated WHR2024 annual mirror; outcome value omitted.
WHR2024_ANNUAL,Gallup/WHR,Life Ladder,Greece,2018,2018,2018,country-year,observed,no,Coverage-only row generated from validated WHR2024 annual mirror; outcome value omitted.
WHR2024_ANNUAL,Gallup/WHR,Life Ladder,Greece,2019,2019,2019,country-year,observed,no,Coverage-only row generated from validated WHR2024 annual mirror; outcome value omitted.
WHR2024_ANNUAL,Gallup/WHR,Life Ladder,Greece,2020,2020,2020,country-year,observed,no,Coverage-only row generated from validated WHR2024 annual mirror; outcome value omitted.
WHR2024_ANNUAL,Gallup/WHR,Life Ladder,Greece,2021,2021,2021,country-year,observed,no,Coverage-only row generated from validated WHR2024 annual mirror; outcome value omitted.
WHR2024_ANNUAL,Gallup/WHR,Life Ladder,Greece,2022,2022,2022,country-year,observed,no,Coverage-only row generated from validated WHR2024 annual mirror; outcome value omitted.
WHR2024_ANNUAL,Gallup/WHR,Life Ladder,Greece,2023,2023,2023,country-year,observed,no,Coverage-only row generated from validated WHR2024 annual mirror; outcome value omitted.
WHR2024_ANNUAL,Gallup/WHR,Life Ladder,Guatemala,2006,2006,2006,country-year,observed,no,Coverage-only row generated from validated WHR2024 annual mirror; outcome value omitted.
WHR2024_ANNUAL,Gallup/WHR,Life Ladder,Guatemala,2007,2007,2007,country-year,observed,no,Coverage-only row generated from validated WHR2024 annual mirror; outcome value omitted.
WHR2024_ANNUAL,Gallup/WHR,Life Ladder,Guatemala,2008,2008,2008,country-year,observed,no,Coverage-only row generated from validated WHR2024 annual mirror; outcome value omitted.
WHR2024_ANNUAL,Gallup/WHR,Life Ladder,Guatemala,2009,2009,2009,country-year,observed,no,Coverage-only row generated from validated WHR2024 annual mirror; outcome value omitted.
WHR2024_ANNUAL,Gallup/WHR,Life Ladder,Guatemala,2010,2010,2010,country-year,observed,no,Coverage-only row generated from validated WHR2024 annual mirror; outcome value omitted.
WHR2024_ANNUAL,Gallup/WHR,Life Ladder,Guatemala,2011,2011,2011,country-year,observed,no,Coverage-only row generated from validated WHR2024 annual mirror; outcome value omitted.
WHR2024_ANNUAL,Gallup/WHR,Life Ladder,Guatemala,2012,2012,2012,country-year,observed,no,Coverage-only row generated from validated WHR2024 annual mirror; outcome value omitted.
WHR2024_ANNUAL,Gallup/WHR,Life Ladder,Guatemala,2013,2013,2013,country-year,observed,no,Coverage-only row generated from validated WHR2024 annual mirror; outcome value omitted.
WHR2024_ANNUAL,Gallup/WHR,Life Ladder,Guatemala,2014,2014,2014,country-year,observed,no,Coverage-only row generated from validated WHR2024 annual mirror; outcome value omitted.
WHR2024_ANNUAL,Gallup/WHR,Life Ladder,Guatemala,2015,2015,2015,country-year,observed,no,Coverage-only row generated from validated WHR2024 annual mirror; outcome value omitted.
WHR2024_ANNUAL,Gallup/WHR,Life Ladder,Guatemala,2016,2016,2016,country-year,observed,no,Coverage-only row generated from validated WHR2024 annual mirror; outcome value omitted.
WHR2024_ANNUAL,Gallup/WHR,Life Ladder,Guatemala,2017,2017,2017,country-year,observed,no,Coverage-only row generated from validated WHR2024 annual mirror; outcome value omitted.
WHR2024_ANNUAL,Gallup/WHR,Life Ladder,Guatemala,2018,2018,2018,country-year,observed,no,Coverage-only row generated from validated WHR2024 annual mirror; outcome value omitted.
WHR2024_ANNUAL,Gallup/WHR,Life Ladder,Guatemala,2019,2019,2019,country-year,observed,no,Coverage-only row generated from validated WHR2024 annual mirror; outcome value omitted.
WHR2024_ANNUAL,Gallup/WHR,Life Ladder,Guatemala,2022,2022,2022,country-year,observed,no,Coverage-only row generated from validated WHR2024 annual mirror; outcome value omitted.
WHR2024_ANNUAL,Gallup/WHR,Life Ladder,Guatemala,2023,2023,2023,country-year,observed,no,Coverage-only row generated from validated WHR2024 annual mirror; outcome value omitted.
WHR2024_ANNUAL,Gallup/WHR,Life Ladder,Guinea,2011,2011,2011,country-year,observed,no,Coverage-only row generated from validated WHR2024 annual mirror; outcome value omitted.
WHR2024_ANNUAL,Gallup/WHR,Life Ladder,Guinea,2012,2012,2012,country-year,observed,no,Coverage-only row generated from validated WHR2024 annual mirror; outcome value omitted.
WHR2024_ANNUAL,Gallup/WHR,Life Ladder,Guinea,2013,2013,2013,country-year,observed,no,Coverage-only row generated from validated WHR2024 annual mirror; outcome value omitted.
WHR2024_ANNUAL,Gallup/WHR,Life Ladder,Guinea,2014,2014,2014,country-year,observed,no,Coverage-only row generated from validated WHR2024 annual mirror; outcome value omitted.
WHR2024_ANNUAL,Gallup/WHR,Life Ladder,Guinea,2015,2015,2015,country-year,observed,no,Coverage-only row generated from validated WHR2024 annual mirror; outcome value omitted.
WHR2024_ANNUAL,Gallup/WHR,Life Ladder,Guinea,2016,2016,2016,country-year,observed,no,Coverage-only row generated from validated WHR2024 annual mirror; outcome value omitted.
WHR2024_ANNUAL,Gallup/WHR,Life Ladder,Guinea,2017,2017,2017,country-year,observed,no,Coverage-only row generated from validated WHR2024 annual mirror; outcome value omitted.
WHR2024_ANNUAL,Gallup/WHR,Life Ladder,Guinea,2018,2018,2018,country-year,observed,no,Coverage-only row generated from validated WHR2024 annual mirror; outcome value omitted.
WHR2024_ANNUAL,Gallup/WHR,Life Ladder,Guinea,2019,2019,2019,country-year,observed,no,Coverage-only row generated from validated WHR2024 annual mirror; outcome value omitted.
WHR2024_ANNUAL,Gallup/WHR,Life Ladder,Guinea,2020,2020,2020,country-year,observed,no,Coverage-only row generated from validated WHR2024 annual mirror; outcome value omitted.
WHR2024_ANNUAL,Gallup/WHR,Life Ladder,Guinea,2021,2021,2021,country-year,observed,no,Coverage-only row generated from validated WHR2024 annual mirror; outcome value omitted.
WHR2024_ANNUAL,Gallup/WHR,Life Ladder,Guinea,2022,2022,2022,country-year,observed,no,Coverage-only row generated from validated WHR2024 annual mirror; outcome value omitted.
WHR2024_ANNUAL,Gallup/WHR,Life Ladder,Guinea,2023,2023,2023,country-year,observed,no,Coverage-only row generated from validated WHR2024 annual mirror; outcome value omitted.
WHR2024_ANNUAL,Gallup/WHR,Life Ladder,Guyana,2007,2007,2007,country-year,observed,no,Coverage-only row generated from validated WHR2024 annual mirror; outcome value omitted.
WHR2024_ANNUAL,Gallup/WHR,Life Ladder,Haiti,2006,2006,2006,country-year,observed,no,Coverage-only row generated from validated WHR2024 annual mirror; outcome value omitted.
WHR2024_ANNUAL,Gallup/WHR,Life Ladder,Haiti,2008,2008,2008,country-year,observed,no,Coverage-only row generated from validated WHR2024 annual mirror; outcome value omitted.
WHR2024_ANNUAL,Gallup/WHR,Life Ladder,Haiti,2010,2010,2010,country-year,observed,no,Coverage-only row generated from validated WHR2024 annual mirror; outcome value omitted.
WHR2024_ANNUAL,Gallup/WHR,Life Ladder,Haiti,2011,2011,2011,country-year,observed,no,Coverage-only row generated from validated WHR2024 annual mirror; outcome value omitted.
WHR2024_ANNUAL,Gallup/WHR,Life Ladder,Haiti,2012,2012,2012,country-year,observed,no,Coverage-only row generated from validated WHR2024 annual mirror; outcome value omitted.
WHR2024_ANNUAL,Gallup/WHR,Life Ladder,Haiti,2013,2013,2013,country-year,observed,no,Coverage-only row generated from validated WHR2024 annual mirror; outcome value omitted.
WHR2024_ANNUAL,Gallup/WHR,Life Ladder,Haiti,2014,2014,2014,country-year,observed,no,Coverage-only row generated from validated WHR2024 annual mirror; outcome value omitted.
WHR2024_ANNUAL,Gallup/WHR,Life Ladder,Haiti,2015,2015,2015,country-year,observed,no,Coverage-only row generated from validated WHR2024 annual mirror; outcome value omitted.
WHR2024_ANNUAL,Gallup/WHR,Life Ladder,Haiti,2016,2016,2016,country-year,observed,no,Coverage-only row generated from validated WHR2024 annual mirror; outcome value omitted.
WHR2024_ANNUAL,Gallup/WHR,Life Ladder,Haiti,2017,2017,2017,country-year,observed,no,Coverage-only row generated from validated WHR2024 annual mirror; outcome value omitted.
WHR2024_ANNUAL,Gallup/WHR,Life Ladder,Haiti,2018,2018,2018,country-year,observed,no,Coverage-only row generated from validated WHR2024 annual mirror; outcome value omitted.
WHR2024_ANNUAL,Gallup/WHR,Life Ladder,Honduras,2006,2006,2006,country-year,observed,no,Coverage-only row generated from validated WHR2024 annual mirror; outcome value omitted.
WHR2024_ANNUAL,Gallup/WHR,Life Ladder,Honduras,2007,2007,2007,country-year,observed,no,Coverage-only row generated from validated WHR2024 annual mirror; outcome value omitted.
WHR2024_ANNUAL,Gallup/WHR,Life Ladder,Honduras,2008,2008,2008,country-year,observed,no,Coverage-only row generated from validated WHR2024 annual mirror; outcome value omitted.
WHR2024_ANNUAL,Gallup/WHR,Life Ladder,Honduras,2009,2009,2009,country-year,observed,no,Coverage-only row generated from validated WHR2024 annual mirror; outcome value omitted.
WHR2024_ANNUAL,Gallup/WHR,Life Ladder,Honduras,2010,2010,2010,country-year,observed,no,Coverage-only row generated from validated WHR2024 annual mirror; outcome value omitted.
WHR2024_ANNUAL,Gallup/WHR,Life Ladder,Honduras,2011,2011,2011,country-year,observed,no,Coverage-only row generated from validated WHR2024 annual mirror; outcome value omitted.
WHR2024_ANNUAL,Gallup/WHR,Life Ladder,Honduras,2012,2012,2012,country-year,observed,no,Coverage-only row generated from validated WHR2024 annual mirror; outcome value omitted.
WHR2024_ANNUAL,Gallup/WHR,Life Ladder,Honduras,2013,2013,2013,country-year,observed,no,Coverage-only row generated from validated WHR2024 annual mirror; outcome value omitted.
WHR2024_ANNUAL,Gallup/WHR,Life Ladder,Honduras,2014,2014,2014,country-year,observed,no,Coverage-only row generated from validated WHR2024 annual mirror; outcome value omitted.
WHR2024_ANNUAL,Gallup/WHR,Life Ladder,Honduras,2015,2015,2015,country-year,observed,no,Coverage-only row generated from validated WHR2024 annual mirror; outcome value omitted.
WHR2024_ANNUAL,Gallup/WHR,Life Ladder,Honduras,2016,2016,2016,country-year,observed,no,Coverage-only row generated from validated WHR2024 annual mirror; outcome value omitted.
WHR2024_ANNUAL,Gallup/WHR,Life Ladder,Honduras,2017,2017,2017,country-year,observed,no,Coverage-only row generated from validated WHR2024 annual mirror; outcome value omitted.
WHR2024_ANNUAL,Gallup/WHR,Life Ladder,Honduras,2018,2018,2018,country-year,observed,no,Coverage-only row generated from validated WHR2024 annual mirror; outcome value omitted.
WHR2024_ANNUAL,Gallup/WHR,Life Ladder,Honduras,2019,2019,2019,country-year,observed,no,Coverage-only row generated from validated WHR2024 annual mirror; outcome value omitted.
WHR2024_ANNUAL,Gallup/WHR,Life Ladder,Honduras,2021,2021,2021,country-year,observed,no,Coverage-only row generated from validated WHR2024 annual mirror; outcome value omitted.
WHR2024_ANNUAL,Gallup/WHR,Life Ladder,Honduras,2022,2022,2022,country-year,observed,no,Coverage-only row generated from validated WHR2024 annual mirror; outcome value omitted.
WHR2024_ANNUAL,Gallup/WHR,Life Ladder,Honduras,2023,2023,2023,country-year,observed,no,Coverage-only row generated from validated WHR2024 annual mirror; outcome value omitted.
WHR2024_ANNUAL,Gallup/WHR,Life Ladder,Hong Kong S.A.R. of China,2006,2006,2006,country-year,observed,no,Coverage-only row generated from validated WHR2024 annual mirror; outcome value omitted.
WHR2024_ANNUAL,Gallup/WHR,Life Ladder,Hong Kong S.A.R. of China,2008,2008,2008,country-year,observed,no,Coverage-only row generated from validated WHR2024 annual mirror; outcome value omitted.
WHR2024_ANNUAL,Gallup/WHR,Life Ladder,Hong Kong S.A.R. of China,2009,2009,2009,country-year,observed,no,Coverage-only row generated from validated WHR2024 annual mirror; outcome value omitted.
WHR2024_ANNUAL,Gallup/WHR,Life Ladder,Hong Kong S.A.R. of China,2010,2010,2010,country-year,observed,no,Coverage-only row generated from validated WHR2024 annual mirror; outcome value omitted.
WHR2024_ANNUAL,Gallup/WHR,Life Ladder,Hong Kong S.A.R. of China,2011,2011,2011,country-year,observed,no,Coverage-only row generated from validated WHR2024 annual mirror; outcome value omitted.
WHR2024_ANNUAL,Gallup/WHR,Life Ladder,Hong Kong S.A.R. of China,2012,2012,2012,country-year,observed,no,Coverage-only row generated from validated WHR2024 annual mirror; outcome value omitted.
WHR2024_ANNUAL,Gallup/WHR,Life Ladder,Hong Kong S.A.R. of China,2014,2014,2014,country-year,observed,no,Coverage-only row generated from validated WHR2024 annual mirror; outcome value omitted.
WHR2024_ANNUAL,Gallup/WHR,Life Ladder,Hong Kong S.A.R. of China,2016,2016,2016,country-year,observed,no,Coverage-only row generated from validated WHR2024 annual mirror; outcome value omitted.
WHR2024_ANNUAL,Gallup/WHR,Life Ladder,Hong Kong S.A.R. of China,2017,2017,2017,country-year,observed,no,Coverage-only row generated from validated WHR2024 annual mirror; outcome value omitted.
WHR2024_ANNUAL,Gallup/WHR,Life Ladder,Hong Kong S.A.R. of China,2019,2019,2019,country-year,observed,no,Coverage-only row generated from validated WHR2024 annual mirror; outcome value omitted.
WHR2024_ANNUAL,Gallup/WHR,Life Ladder,Hong Kong S.A.R. of China,2020,2020,2020,country-year,observed,no,Coverage-only row generated from validated WHR2024 annual mirror; outcome value omitted.
WHR2024_ANNUAL,Gallup/WHR,Life Ladder,Hong Kong S.A.R. of China,2021,2021,2021,country-year,observed,no,Coverage-only row generated from validated WHR2024 annual mirror; outcome value omitted.
WHR2024_ANNUAL,Gallup/WHR,Life Ladder,Hong Kong S.A.R. of China,2022,2022,2022,country-year,observed,no,Coverage-only row generated from validated WHR2024 annual mirror; outcome value omitted.
WHR2024_ANNUAL,Gallup/WHR,Life Ladder,Hungary,2005,2005,2005,country-year,observed,no,Coverage-only row generated from validated WHR2024 annual mirror; outcome value omitted.
WHR2024_ANNUAL,Gallup/WHR,Life Ladder,Hungary,2007,2007,2007,country-year,observed,no,Coverage-only row generated from validated WHR2024 annual mirror; outcome value omitted.
WHR2024_ANNUAL,Gallup/WHR,Life Ladder,Hungary,2009,2009,2009,country-year,observed,no,Coverage-only row generated from validated WHR2024 annual mirror; outcome value omitted.
WHR2024_ANNUAL,Gallup/WHR,Life Ladder,Hungary,2010,2010,2010,country-year,observed,no,Coverage-only row generated from validated WHR2024 annual mirror; outcome value omitted.
WHR2024_ANNUAL,Gallup/WHR,Life Ladder,Hungary,2011,2011,2011,country-year,observed,no,Coverage-only row generated from validated WHR2024 annual mirror; outcome value omitted.
WHR2024_ANNUAL,Gallup/WHR,Life Ladder,Hungary,2012,2012,2012,country-year,observed,no,Coverage-only row generated from validated WHR2024 annual mirror; outcome value omitted.
WHR2024_ANNUAL,Gallup/WHR,Life Ladder,Hungary,2013,2013,2013,country-year,observed,no,Coverage-only row generated from validated WHR2024 annual mirror; outcome value omitted.
WHR2024_ANNUAL,Gallup/WHR,Life Ladder,Hungary,2014,2014,2014,country-year,observed,no,Coverage-only row generated from validated WHR2024 annual mirror; outcome value omitted.
WHR2024_ANNUAL,Gallup/WHR,Life Ladder,Hungary,2015,2015,2015,country-year,observed,no,Coverage-only row generated from validated WHR2024 annual mirror; outcome value omitted.
WHR2024_ANNUAL,Gallup/WHR,Life Ladder,Hungary,2016,2016,2016,country-year,observed,no,Coverage-only row generated from validated WHR2024 annual mirror; outcome value omitted.
WHR2024_ANNUAL,Gallup/WHR,Life Ladder,Hungary,2017,2017,2017,country-year,observed,no,Coverage-only row generated from validated WHR2024 annual mirror; outcome value omitted.
WHR2024_ANNUAL,Gallup/WHR,Life Ladder,Hungary,2018,2018,2018,country-year,observed,no,Coverage-only row generated from validated WHR2024 annual mirror; outcome value omitted.
WHR2024_ANNUAL,Gallup/WHR,Life Ladder,Hungary,2019,2019,2019,country-year,observed,no,Coverage-only row generated from validated WHR2024 annual mirror; outcome value omitted.
WHR2024_ANNUAL,Gallup/WHR,Life Ladder,Hungary,2020,2020,2020,country-year,observed,no,Coverage-only row generated from validated WHR2024 annual mirror; outcome value omitted.
WHR2024_ANNUAL,Gallup/WHR,Life Ladder,Hungary,2021,2021,2021,country-year,observed,no,Coverage-only row generated from validated WHR2024 annual mirror; outcome value omitted.
WHR2024_ANNUAL,Gallup/WHR,Life Ladder,Hungary,2022,2022,2022,country-year,observed,no,Coverage-only row generated from validated WHR2024 annual mirror; outcome value omitted.
WHR2024_ANNUAL,Gallup/WHR,Life Ladder,Hungary,2023,2023,2023,country-year,observed,no,Coverage-only row generated from validated WHR2024 annual mirror; outcome value omitted.
WHR2024_ANNUAL,Gallup/WHR,Life Ladder,Iceland,2008,2008,2008,country-year,observed,no,Coverage-only row generated from validated WHR2024 annual mirror; outcome value omitted.
WHR2024_ANNUAL,Gallup/WHR,Life Ladder,Iceland,2012,2012,2012,country-year,observed,no,Coverage-only row generated from validated WHR2024 annual mirror; outcome value omitted.
WHR2024_ANNUAL,Gallup/WHR,Life Ladder,Iceland,2013,2013,2013,country-year,observed,no,Coverage-only row generated from validated WHR2024 annual mirror; outcome value omitted.
WHR2024_ANNUAL,Gallup/WHR,Life Ladder,Iceland,2015,2015,2015,country-year,observed,no,Coverage-only row generated from validated WHR2024 annual mirror; outcome value omitted.
WHR2024_ANNUAL,Gallup/WHR,Life Ladder,Iceland,2016,2016,2016,country-year,observed,no,Coverage-only row generated from validated WHR2024 annual mirror; outcome value omitted.
WHR2024_ANNUAL,Gallup/WHR,Life Ladder,Iceland,2017,2017,2017,country-year,observed,no,Coverage-only row generated from validated WHR2024 annual mirror; outcome value omitted.
WHR2024_ANNUAL,Gallup/WHR,Life Ladder,Iceland,2019,2019,2019,country-year,observed,no,Coverage-only row generated from validated WHR2024 annual mirror; outcome value omitted.
WHR2024_ANNUAL,Gallup/WHR,Life Ladder,Iceland,2020,2020,2020,country-year,observed,no,Coverage-only row generated from validated WHR2024 annual mirror; outcome value omitted.
WHR2024_ANNUAL,Gallup/WHR,Life Ladder,Iceland,2021,2021,2021,country-year,observed,no,Coverage-only row generated from validated WHR2024 annual mirror; outcome value omitted.
WHR2024_ANNUAL,Gallup/WHR,Life Ladder,Iceland,2022,2022,2022,country-year,observed,no,Coverage-only row generated from validated WHR2024 annual mirror; outcome value omitted.
WHR2024_ANNUAL,Gallup/WHR,Life Ladder,Iceland,2023,2023,2023,country-year,observed,no,Coverage-only row generated from validated WHR2024 annual mirror; outcome value omitted.
WHR2024_ANNUAL,Gallup/WHR,Life Ladder,India,2006,2006,2006,country-year,observed,no,Coverage-only row generated from validated WHR2024 annual mirror; outcome value omitted.
WHR2024_ANNUAL,Gallup/WHR,Life Ladder,India,2007,2007,2007,country-year,observed,no,Coverage-only row generated from validated WHR2024 annual mirror; outcome value omitted.
WHR2024_ANNUAL,Gallup/WHR,Life Ladder,India,2008,2008,2008,country-year,observed,no,Coverage-only row generated from validated WHR2024 annual mirror; outcome value omitted.
WHR2024_ANNUAL,Gallup/WHR,Life Ladder,India,2009,2009,2009,country-year,observed,no,Coverage-only row generated from validated WHR2024 annual mirror; outcome value omitted.
WHR2024_ANNUAL,Gallup/WHR,Life Ladder,India,2010,2010,2010,country-year,observed,no,Coverage-only row generated from validated WHR2024 annual mirror; outcome value omitted.
WHR2024_ANNUAL,Gallup/WHR,Life Ladder,India,2011,2011,2011,country-year,observed,no,Coverage-only row generated from validated WHR2024 annual mirror; outcome value omitted.
WHR2024_ANNUAL,Gallup/WHR,Life Ladder,India,2012,2012,2012,country-year,observed,no,Coverage-only row generated from validated WHR2024 annual mirror; outcome value omitted.
WHR2024_ANNUAL,Gallup/WHR,Life Ladder,India,2013,2013,2013,country-year,observed,no,Coverage-only row generated from validated WHR2024 annual mirror; outcome value omitted.
WHR2024_ANNUAL,Gallup/WHR,Life Ladder,India,2014,2014,2014,country-year,observed,no,Coverage-only row generated from validated WHR2024 annual mirror; outcome value omitted.
WHR2024_ANNUAL,Gallup/WHR,Life Ladder,India,2015,2015,2015,country-year,observed,no,Coverage-only row generated from validated WHR2024 annual mirror; outcome value omitted.
WHR2024_ANNUAL,Gallup/WHR,Life Ladder,India,2016,2016,2016,country-year,observed,no,Coverage-only row generated from validated WHR2024 annual mirror; outcome value omitted.
WHR2024_ANNUAL,Gallup/WHR,Life Ladder,India,2017,2017,2017,country-year,observed,no,Coverage-only row generated from validated WHR2024 annual mirror; outcome value omitted.
WHR2024_ANNUAL,Gallup/WHR,Life Ladder,India,2018,2018,2018,country-year,observed,no,Coverage-only row generated from validated WHR2024 annual mirror; outcome value omitted.
WHR2024_ANNUAL,Gallup/WHR,Life Ladder,India,2019,2019,2019,country-year,observed,no,Coverage-only row generated from validated WHR2024 annual mirror; outcome value omitted.
WHR2024_ANNUAL,Gallup/WHR,Life Ladder,India,2020,2020,2020,country-year,observed,no,Coverage-only row generated from validated WHR2024 annual mirror; outcome value omitted.
WHR2024_ANNUAL,Gallup/WHR,Life Ladder,India,2021,2021,2021,country-year,observed,no,Coverage-only row generated from validated WHR2024 annual mirror; outcome value omitted.
WHR2024_ANNUAL,Gallup/WHR,Life Ladder,India,2022,2022,2022,country-year,observed,no,Coverage-only row generated from validated WHR2024 annual mirror; outcome value omitted.
WHR2024_ANNUAL,Gallup/WHR,Life Ladder,India,2023,2023,2023,country-year,observed,no,Coverage-only row generated from validated WHR2024 annual mirror; outcome value omitted.
WHR2024_ANNUAL,Gallup/WHR,Life Ladder,Indonesia,2006,2006,2006,country-year,observed,no,Coverage-only row generated from validated WHR2024 annual mirror; outcome value omitted.
WHR2024_ANNUAL,Gallup/WHR,Life Ladder,Indonesia,2007,2007,2007,country-year,observed,no,Coverage-only row generated from validated WHR2024 annual mirror; outcome value omitted.
WHR2024_ANNUAL,Gallup/WHR,Life Ladder,Indonesia,2008,2008,2008,country-year,observed,no,Coverage-only row generated from validated WHR2024 annual mirror; outcome value omitted.
WHR2024_ANNUAL,Gallup/WHR,Life Ladder,Indonesia,2009,2009,2009,country-year,observed,no,Coverage-only row generated from validated WHR2024 annual mirror; outcome value omitted.
WHR2024_ANNUAL,Gallup/WHR,Life Ladder,Indonesia,2010,2010,2010,country-year,observed,no,Coverage-only row generated from validated WHR2024 annual mirror; outcome value omitted.
WHR2024_ANNUAL,Gallup/WHR,Life Ladder,Indonesia,2011,2011,2011,country-year,observed,no,Coverage-only row generated from validated WHR2024 annual mirror; outcome value omitted.
WHR2024_ANNUAL,Gallup/WHR,Life Ladder,Indonesia,2012,2012,2012,country-year,observed,no,Coverage-only row generated from validated WHR2024 annual mirror; outcome value omitted.
WHR2024_ANNUAL,Gallup/WHR,Life Ladder,Indonesia,2013,2013,2013,country-year,observed,no,Coverage-only row generated from validated WHR2024 annual mirror; outcome value omitted.
WHR2024_ANNUAL,Gallup/WHR,Life Ladder,Indonesia,2014,2014,2014,country-year,observed,no,Coverage-only row generated from validated WHR2024 annual mirror; outcome value omitted.
WHR2024_ANNUAL,Gallup/WHR,Life Ladder,Indonesia,2015,2015,2015,country-year,observed,no,Coverage-only row generated from validated WHR2024 annual mirror; outcome value omitted.
WHR2024_ANNUAL,Gallup/WHR,Life Ladder,Indonesia,2016,2016,2016,country-year,observed,no,Coverage-only row generated from validated WHR2024 annual mirror; outcome value omitted.
WHR2024_ANNUAL,Gallup/WHR,Life Ladder,Indonesia,2017,2017,2017,country-year,observed,no,Coverage-only row generated from validated WHR2024 annual mirror; outcome value omitted.
WHR2024_ANNUAL,Gallup/WHR,Life Ladder,Indonesia,2018,2018,2018,country-year,observed,no,Coverage-only row generated from validated WHR2024 annual mirror; outcome value omitted.
WHR2024_ANNUAL,Gallup/WHR,Life Ladder,Indonesia,2019,2019,2019,country-year,observed,no,Coverage-only row generated from validated WHR2024 annual mirror; outcome value omitted.
WHR2024_ANNUAL,Gallup/WHR,Life Ladder,Indonesia,2020,2020,2020,country-year,observed,no,Coverage-only row generated from validated WHR2024 annual mirror; outcome value omitted.
WHR2024_ANNUAL,Gallup/WHR,Life Ladder,Indonesia,2021,2021,2021,country-year,observed,no,Coverage-only row generated from validated WHR2024 annual mirror; outcome value omitted.
WHR2024_ANNUAL,Gallup/WHR,Life Ladder,Indonesia,2022,2022,2022,country-year,observed,no,Coverage-only row generated from validated WHR2024 annual mirror; outcome value omitted.
WHR2024_ANNUAL,Gallup/WHR,Life Ladder,Indonesia,2023,2023,2023,country-year,observed,no,Coverage-only row generated from validated WHR2024 annual mirror; outcome value omitted.
WHR2024_ANNUAL,Gallup/WHR,Life Ladder,Iran,2005,2005,2005,country-year,observed,no,Coverage-only row generated from validated WHR2024 annual mirror; outcome value omitted.
WHR2024_ANNUAL,Gallup/WHR,Life Ladder,Iran,2007,2007,2007,country-year,observed,no,Coverage-only row generated from validated WHR2024 annual mirror; outcome value omitted.
WHR2024_ANNUAL,Gallup/WHR,Life Ladder,Iran,2008,2008,2008,country-year,observed,no,Coverage-only row generated from validated WHR2024 annual mirror; outcome value omitted.
WHR2024_ANNUAL,Gallup/WHR,Life Ladder,Iran,2011,2011,2011,country-year,observed,no,Coverage-only row generated from validated WHR2024 annual mirror; outcome value omitted.
WHR2024_ANNUAL,Gallup/WHR,Life Ladder,Iran,2012,2012,2012,country-year,observed,no,Coverage-only row generated from validated WHR2024 annual mirror; outcome value omitted.
WHR2024_ANNUAL,Gallup/WHR,Life Ladder,Iran,2013,2013,2013,country-year,observed,no,Coverage-only row generated from validated WHR2024 annual mirror; outcome value omitted.
WHR2024_ANNUAL,Gallup/WHR,Life Ladder,Iran,2014,2014,2014,country-year,observed,no,Coverage-only row generated from validated WHR2024 annual mirror; outcome value omitted.
WHR2024_ANNUAL,Gallup/WHR,Life Ladder,Iran,2015,2015,2015,country-year,observed,no,Coverage-only row generated from validated WHR2024 annual mirror; outcome value omitted.
WHR2024_ANNUAL,Gallup/WHR,Life Ladder,Iran,2016,2016,2016,country-year,observed,no,Coverage-only row generated from validated WHR2024 annual mirror; outcome value omitted.
WHR2024_ANNUAL,Gallup/WHR,Life Ladder,Iran,2017,2017,2017,country-year,observed,no,Coverage-only row generated from validated WHR2024 annual mirror; outcome value omitted.
WHR2024_ANNUAL,Gallup/WHR,Life Ladder,Iran,2018,2018,2018,country-year,observed,no,Coverage-only row generated from validated WHR2024 annual mirror; outcome value omitted.
WHR2024_ANNUAL,Gallup/WHR,Life Ladder,Iran,2019,2019,2019,country-year,observed,no,Coverage-only row generated from validated WHR2024 annual mirror; outcome value omitted.
WHR2024_ANNUAL,Gallup/WHR,Life Ladder,Iran,2020,2020,2020,country-year,observed,no,Coverage-only row generated from validated WHR2024 annual mirror; outcome value omitted.
WHR2024_ANNUAL,Gallup/WHR,Life Ladder,Iran,2021,2021,2021,country-year,observed,no,Coverage-only row generated from validated WHR2024 annual mirror; outcome value omitted.
WHR2024_ANNUAL,Gallup/WHR,Life Ladder,Iran,2022,2022,2022,country-year,observed,no,Coverage-only row generated from validated WHR2024 annual mirror; outcome value omitted.
WHR2024_ANNUAL,Gallup/WHR,Life Ladder,Iran,2023,2023,2023,country-year,observed,no,Coverage-only row generated from validated WHR2024 annual mirror; outcome value omitted.
WHR2024_ANNUAL,Gallup/WHR,Life Ladder,Iraq,2008,2008,2008,country-year,observed,no,Coverage-only row generated from validated WHR2024 annual mirror; outcome value omitted.
WHR2024_ANNUAL,Gallup/WHR,Life Ladder,Iraq,2009,2009,2009,country-year,observed,no,Coverage-only row generated from validated WHR2024 annual mirror; outcome value omitted.
WHR2024_ANNUAL,Gallup/WHR,Life Ladder,Iraq,2010,2010,2010,country-year,observed,no,Coverage-only row generated from validated WHR2024 annual mirror; outcome value omitted.
WHR2024_ANNUAL,Gallup/WHR,Life Ladder,Iraq,2011,2011,2011,country-year,observed,no,Coverage-only row generated from validated WHR2024 annual mirror; outcome value omitted.
WHR2024_ANNUAL,Gallup/WHR,Life Ladder,Iraq,2012,2012,2012,country-year,observed,no,Coverage-only row generated from validated WHR2024 annual mirror; outcome value omitted.
WHR2024_ANNUAL,Gallup/WHR,Life Ladder,Iraq,2013,2013,2013,country-year,observed,no,Coverage-only row generated from validated WHR2024 annual mirror; outcome value omitted.
WHR2024_ANNUAL,Gallup/WHR,Life Ladder,Iraq,2014,2014,2014,country-year,observed,no,Coverage-only row generated from validated WHR2024 annual mirror; outcome value omitted.
WHR2024_ANNUAL,Gallup/WHR,Life Ladder,Iraq,2015,2015,2015,country-year,observed,no,Coverage-only row generated from validated WHR2024 annual mirror; outcome value omitted.
WHR2024_ANNUAL,Gallup/WHR,Life Ladder,Iraq,2016,2016,2016,country-year,observed,no,Coverage-only row generated from validated WHR2024 annual mirror; outcome value omitted.
WHR2024_ANNUAL,Gallup/WHR,Life Ladder,Iraq,2017,2017,2017,country-year,observed,no,Coverage-only row generated from validated WHR2024 annual mirror; outcome value omitted.
WHR2024_ANNUAL,Gallup/WHR,Life Ladder,Iraq,2018,2018,2018,country-year,observed,no,Coverage-only row generated from validated WHR2024 annual mirror; outcome value omitted.
WHR2024_ANNUAL,Gallup/WHR,Life Ladder,Iraq,2020,2020,2020,country-year,observed,no,Coverage-only row generated from validated WHR2024 annual mirror; outcome value omitted.
WHR2024_ANNUAL,Gallup/WHR,Life Ladder,Iraq,2021,2021,2021,country-year,observed,no,Coverage-only row generated from validated WHR2024 annual mirror; outcome value omitted.
WHR2024_ANNUAL,Gallup/WHR,Life Ladder,Iraq,2022,2022,2022,country-year,observed,no,Coverage-only row generated from validated WHR2024 annual mirror; outcome value omitted.
WHR2024_ANNUAL,Gallup/WHR,Life Ladder,Iraq,2023,2023,2023,country-year,observed,no,Coverage-only row generated from validated WHR2024 annual mirror; outcome value omitted.
WHR2024_ANNUAL,Gallup/WHR,Life Ladder,Ireland,2006,2006,2006,country-year,observed,no,Coverage-only row generated from validated WHR2024 annual mirror; outcome value omitted.
WHR2024_ANNUAL,Gallup/WHR,Life Ladder,Ireland,2008,2008,2008,country-year,observed,no,Coverage-only row generated from validated WHR2024 annual mirror; outcome value omitted.
WHR2024_ANNUAL,Gallup/WHR,Life Ladder,Ireland,2009,2009,2009,country-year,observed,no,Coverage-only row generated from validated WHR2024 annual mirror; outcome value omitted.
WHR2024_ANNUAL,Gallup/WHR,Life Ladder,Ireland,2010,2010,2010,country-year,observed,no,Coverage-only row generated from validated WHR2024 annual mirror; outcome value omitted.
WHR2024_ANNUAL,Gallup/WHR,Life Ladder,Ireland,2011,2011,2011,country-year,observed,no,Coverage-only row generated from validated WHR2024 annual mirror; outcome value omitted.
WHR2024_ANNUAL,Gallup/WHR,Life Ladder,Ireland,2012,2012,2012,country-year,observed,no,Coverage-only row generated from validated WHR2024 annual mirror; outcome value omitted.
WHR2024_ANNUAL,Gallup/WHR,Life Ladder,Ireland,2013,2013,2013,country-year,observed,no,Coverage-only row generated from validated WHR2024 annual mirror; outcome value omitted.
WHR2024_ANNUAL,Gallup/WHR,Life Ladder,Ireland,2014,2014,2014,country-year,observed,no,Coverage-only row generated from validated WHR2024 annual mirror; outcome value omitted.
WHR2024_ANNUAL,Gallup/WHR,Life Ladder,Ireland,2015,2015,2015,country-year,observed,no,Coverage-only row generated from validated WHR2024 annual mirror; outcome value omitted.
WHR2024_ANNUAL,Gallup/WHR,Life Ladder,Ireland,2016,2016,2016,country-year,observed,no,Coverage-only row generated from validated WHR2024 annual mirror; outcome value omitted.
WHR2024_ANNUAL,Gallup/WHR,Life Ladder,Ireland,2017,2017,2017,country-year,observed,no,Coverage-only row generated from validated WHR2024 annual mirror; outcome value omitted.
WHR2024_ANNUAL,Gallup/WHR,Life Ladder,Ireland,2018,2018,2018,country-year,observed,no,Coverage-only row generated from validated WHR2024 annual mirror; outcome value omitted.
WHR2024_ANNUAL,Gallup/WHR,Life Ladder,Ireland,2019,2019,2019,country-year,observed,no,Coverage-only row generated from validated WHR2024 annual mirror; outcome value omitted.
WHR2024_ANNUAL,Gallup/WHR,Life Ladder,Ireland,2020,2020,2020,country-year,observed,no,Coverage-only row generated from validated WHR2024 annual mirror; outcome value omitted.
WHR2024_ANNUAL,Gallup/WHR,Life Ladder,Ireland,2021,2021,2021,country-year,observed,no,Coverage-only row generated from validated WHR2024 annual mirror; outcome value omitted.
WHR2024_ANNUAL,Gallup/WHR,Life Ladder,Ireland,2022,2022,2022,country-year,observed,no,Coverage-only row generated from validated WHR2024 annual mirror; outcome value omitted.
WHR2024_ANNUAL,Gallup/WHR,Life Ladder,Ireland,2023,2023,2023,country-year,observed,no,Coverage-only row generated from validated WHR2024 annual mirror; outcome value omitted.
WHR2024_ANNUAL,Gallup/WHR,Life Ladder,Israel,2006,2006,2006,country-year,observed,no,Coverage-only row generated from validated WHR2024 annual mirror; outcome value omitted.
WHR2024_ANNUAL,Gallup/WHR,Life Ladder,Israel,2007,2007,2007,country-year,observed,no,Coverage-only row generated from validated WHR2024 annual mirror; outcome value omitted.
WHR2024_ANNUAL,Gallup/WHR,Life Ladder,Israel,2008,2008,2008,country-year,observed,no,Coverage-only row generated from validated WHR2024 annual mirror; outcome value omitted.
WHR2024_ANNUAL,Gallup/WHR,Life Ladder,Israel,2009,2009,2009,country-year,observed,no,Coverage-only row generated from validated WHR2024 annual mirror; outcome value omitted.
WHR2024_ANNUAL,Gallup/WHR,Life Ladder,Israel,2010,2010,2010,country-year,observed,no,Coverage-only row generated from validated WHR2024 annual mirror; outcome value omitted.
WHR2024_ANNUAL,Gallup/WHR,Life Ladder,Israel,2011,2011,2011,country-year,observed,no,Coverage-only row generated from validated WHR2024 annual mirror; outcome value omitted.
WHR2024_ANNUAL,Gallup/WHR,Life Ladder,Israel,2012,2012,2012,country-year,observed,no,Coverage-only row generated from validated WHR2024 annual mirror; outcome value omitted.
WHR2024_ANNUAL,Gallup/WHR,Life Ladder,Israel,2013,2013,2013,country-year,observed,no,Coverage-only row generated from validated WHR2024 annual mirror; outcome value omitted.
WHR2024_ANNUAL,Gallup/WHR,Life Ladder,Israel,2014,2014,2014,country-year,observed,no,Coverage-only row generated from validated WHR2024 annual mirror; outcome value omitted.
WHR2024_ANNUAL,Gallup/WHR,Life Ladder,Israel,2015,2015,2015,country-year,observed,no,Coverage-only row generated from validated WHR2024 annual mirror; outcome value omitted.
WHR2024_ANNUAL,Gallup/WHR,Life Ladder,Israel,2016,2016,2016,country-year,observed,no,Coverage-only row generated from validated WHR2024 annual mirror; outcome value omitted.
WHR2024_ANNUAL,Gallup/WHR,Life Ladder,Israel,2017,2017,2017,country-year,observed,no,Coverage-only row generated from validated WHR2024 annual mirror; outcome value omitted.
WHR2024_ANNUAL,Gallup/WHR,Life Ladder,Israel,2018,2018,2018,country-year,observed,no,Coverage-only row generated from validated WHR2024 annual mirror; outcome value omitted.
WHR2024_ANNUAL,Gallup/WHR,Life Ladder,Israel,2019,2019,2019,country-year,observed,no,Coverage-only row generated from validated WHR2024 annual mirror; outcome value omitted.
WHR2024_ANNUAL,Gallup/WHR,Life Ladder,Israel,2020,2020,2020,country-year,observed,no,Coverage-only row generated from validated WHR2024 annual mirror; outcome value omitted.
WHR2024_ANNUAL,Gallup/WHR,Life Ladder,Israel,2021,2021,2021,country-year,observed,no,Coverage-only row generated from validated WHR2024 annual mirror; outcome value omitted.
WHR2024_ANNUAL,Gallup/WHR,Life Ladder,Israel,2022,2022,2022,country-year,observed,no,Coverage-only row generated from validated WHR2024 annual mirror; outcome value omitted.
WHR2024_ANNUAL,Gallup/WHR,Life Ladder,Israel,2023,2023,2023,country-year,observed,no,Coverage-only row generated from validated WHR2024 annual mirror; outcome value omitted.
WHR2024_ANNUAL,Gallup/WHR,Life Ladder,Italy,2005,2005,2005,country-year,observed,no,Coverage-only row generated from validated WHR2024 annual mirror; outcome value omitted.
WHR2024_ANNUAL,Gallup/WHR,Life Ladder,Italy,2007,2007,2007,country-year,observed,no,Coverage-only row generated from validated WHR2024 annual mirror; outcome value omitted.
WHR2024_ANNUAL,Gallup/WHR,Life Ladder,Italy,2008,2008,2008,country-year,observed,no,Coverage-only row generated from validated WHR2024 annual mirror; outcome value omitted.
WHR2024_ANNUAL,Gallup/WHR,Life Ladder,Italy,2009,2009,2009,country-year,observed,no,Coverage-only row generated from validated WHR2024 annual mirror; outcome value omitted.
WHR2024_ANNUAL,Gallup/WHR,Life Ladder,Italy,2010,2010,2010,country-year,observed,no,Coverage-only row generated from validated WHR2024 annual mirror; outcome value omitted.
WHR2024_ANNUAL,Gallup/WHR,Life Ladder,Italy,2011,2011,2011,country-year,observed,no,Coverage-only row generated from validated WHR2024 annual mirror; outcome value omitted.
WHR2024_ANNUAL,Gallup/WHR,Life Ladder,Italy,2012,2012,2012,country-year,observed,no,Coverage-only row generated from validated WHR2024 annual mirror; outcome value omitted.
WHR2024_ANNUAL,Gallup/WHR,Life Ladder,Italy,2013,2013,2013,country-year,observed,no,Coverage-only row generated from validated WHR2024 annual mirror; outcome value omitted.
WHR2024_ANNUAL,Gallup/WHR,Life Ladder,Italy,2014,2014,2014,country-year,observed,no,Coverage-only row generated from validated WHR2024 annual mirror; outcome value omitted.
WHR2024_ANNUAL,Gallup/WHR,Life Ladder,Italy,2015,2015,2015,country-year,observed,no,Coverage-only row generated from validated WHR2024 annual mirror; outcome value omitted.
WHR2024_ANNUAL,Gallup/WHR,Life Ladder,Italy,2016,2016,2016,country-year,observed,no,Coverage-only row generated from validated WHR2024 annual mirror; outcome value omitted.
WHR2024_ANNUAL,Gallup/WHR,Life Ladder,Italy,2017,2017,2017,country-year,observed,no,Coverage-only row generated from validated WHR2024 annual mirror; outcome value omitted.
WHR2024_ANNUAL,Gallup/WHR,Life Ladder,Italy,2018,2018,2018,country-year,observed,no,Coverage-only row generated from validated WHR2024 annual mirror; outcome value omitted.
WHR2024_ANNUAL,Gallup/WHR,Life Ladder,Italy,2019,2019,2019,country-year,observed,no,Coverage-only row generated from validated WHR2024 annual mirror; outcome value omitted.
WHR2024_ANNUAL,Gallup/WHR,Life Ladder,Italy,2020,2020,2020,country-year,observed,no,Coverage-only row generated from validated WHR2024 annual mirror; outcome value omitted.
WHR2024_ANNUAL,Gallup/WHR,Life Ladder,Italy,2021,2021,2021,country-year,observed,no,Coverage-only row generated from validated WHR2024 annual mirror; outcome value omitted.
WHR2024_ANNUAL,Gallup/WHR,Life Ladder,Italy,2022,2022,2022,country-year,observed,no,Coverage-only row generated from validated WHR2024 annual mirror; outcome value omitted.
WHR2024_ANNUAL,Gallup/WHR,Life Ladder,Italy,2023,2023,2023,country-year,observed,no,Coverage-only row generated from validated WHR2024 annual mirror; outcome value omitted.
WHR2024_ANNUAL,Gallup/WHR,Life Ladder,Ivory Coast,2009,2009,2009,country-year,observed,no,Coverage-only row generated from validated WHR2024 annual mirror; outcome value omitted.
WHR2024_ANNUAL,Gallup/WHR,Life Ladder,Ivory Coast,2013,2013,2013,country-year,observed,no,Coverage-only row generated from validated WHR2024 annual mirror; outcome value omitted.
WHR2024_ANNUAL,Gallup/WHR,Life Ladder,Ivory Coast,2014,2014,2014,country-year,observed,no,Coverage-only row generated from validated WHR2024 annual mirror; outcome value omitted.
WHR2024_ANNUAL,Gallup/WHR,Life Ladder,Ivory Coast,2015,2015,2015,country-year,observed,no,Coverage-only row generated from validated WHR2024 annual mirror; outcome value omitted.
WHR2024_ANNUAL,Gallup/WHR,Life Ladder,Ivory Coast,2016,2016,2016,country-year,observed,no,Coverage-only row generated from validated WHR2024 annual mirror; outcome value omitted.
WHR2024_ANNUAL,Gallup/WHR,Life Ladder,Ivory Coast,2017,2017,2017,country-year,observed,no,Coverage-only row generated from validated WHR2024 annual mirror; outcome value omitted.
WHR2024_ANNUAL,Gallup/WHR,Life Ladder,Ivory Coast,2018,2018,2018,country-year,observed,no,Coverage-only row generated from validated WHR2024 annual mirror; outcome value omitted.
WHR2024_ANNUAL,Gallup/WHR,Life Ladder,Ivory Coast,2019,2019,2019,country-year,observed,no,Coverage-only row generated from validated WHR2024 annual mirror; outcome value omitted.
WHR2024_ANNUAL,Gallup/WHR,Life Ladder,Ivory Coast,2020,2020,2020,country-year,observed,no,Coverage-only row generated from validated WHR2024 annual mirror; outcome value omitted.
WHR2024_ANNUAL,Gallup/WHR,Life Ladder,Ivory Coast,2021,2021,2021,country-year,observed,no,Coverage-only row generated from validated WHR2024 annual mirror; outcome value omitted.
WHR2024_ANNUAL,Gallup/WHR,Life Ladder,Ivory Coast,2022,2022,2022,country-year,observed,no,Coverage-only row generated from validated WHR2024 annual mirror; outcome value omitted.
WHR2024_ANNUAL,Gallup/WHR,Life Ladder,Ivory Coast,2023,2023,2023,country-year,observed,no,Coverage-only row generated from validated WHR2024 annual mirror; outcome value omitted.
WHR2024_ANNUAL,Gallup/WHR,Life Ladder,Jamaica,2006,2006,2006,country-year,observed,no,Coverage-only row generated from validated WHR2024 annual mirror; outcome value omitted.
WHR2024_ANNUAL,Gallup/WHR,Life Ladder,Jamaica,2011,2011,2011,country-year,observed,no,Coverage-only row generated from validated WHR2024 annual mirror; outcome value omitted.
WHR2024_ANNUAL,Gallup/WHR,Life Ladder,Jamaica,2013,2013,2013,country-year,observed,no,Coverage-only row generated from validated WHR2024 annual mirror; outcome value omitted.
WHR2024_ANNUAL,Gallup/WHR,Life Ladder,Jamaica,2014,2014,2014,country-year,observed,no,Coverage-only row generated from validated WHR2024 annual mirror; outcome value omitted.
WHR2024_ANNUAL,Gallup/WHR,Life Ladder,Jamaica,2017,2017,2017,country-year,observed,no,Coverage-only row generated from validated WHR2024 annual mirror; outcome value omitted.
WHR2024_ANNUAL,Gallup/WHR,Life Ladder,Jamaica,2019,2019,2019,country-year,observed,no,Coverage-only row generated from validated WHR2024 annual mirror; outcome value omitted.
WHR2024_ANNUAL,Gallup/WHR,Life Ladder,Jamaica,2020,2020,2020,country-year,observed,no,Coverage-only row generated from validated WHR2024 annual mirror; outcome value omitted.
WHR2024_ANNUAL,Gallup/WHR,Life Ladder,Jamaica,2021,2021,2021,country-year,observed,no,Coverage-only row generated from validated WHR2024 annual mirror; outcome value omitted.
WHR2024_ANNUAL,Gallup/WHR,Life Ladder,Jamaica,2022,2022,2022,country-year,observed,no,Coverage-only row generated from validated WHR2024 annual mirror; outcome value omitted.
WHR2024_ANNUAL,Gallup/WHR,Life Ladder,Japan,2005,2005,2005,country-year,observed,no,Coverage-only row generated from validated WHR2024 annual mirror; outcome value omitted.
WHR2024_ANNUAL,Gallup/WHR,Life Ladder,Japan,2007,2007,2007,country-year,observed,no,Coverage-only row generated from validated WHR2024 annual mirror; outcome value omitted.
WHR2024_ANNUAL,Gallup/WHR,Life Ladder,Japan,2008,2008,2008,country-year,observed,no,Coverage-only row generated from validated WHR2024 annual mirror; outcome value omitted.
WHR2024_ANNUAL,Gallup/WHR,Life Ladder,Japan,2009,2009,2009,country-year,observed,no,Coverage-only row generated from validated WHR2024 annual mirror; outcome value omitted.
WHR2024_ANNUAL,Gallup/WHR,Life Ladder,Japan,2010,2010,2010,country-year,observed,no,Coverage-only row generated from validated WHR2024 annual mirror; outcome value omitted.
WHR2024_ANNUAL,Gallup/WHR,Life Ladder,Japan,2011,2011,2011,country-year,observed,no,Coverage-only row generated from validated WHR2024 annual mirror; outcome value omitted.
WHR2024_ANNUAL,Gallup/WHR,Life Ladder,Japan,2012,2012,2012,country-year,observed,no,Coverage-only row generated from validated WHR2024 annual mirror; outcome value omitted.
WHR2024_ANNUAL,Gallup/WHR,Life Ladder,Japan,2013,2013,2013,country-year,observed,no,Coverage-only row generated from validated WHR2024 annual mirror; outcome value omitted.
WHR2024_ANNUAL,Gallup/WHR,Life Ladder,Japan,2014,2014,2014,country-year,observed,no,Coverage-only row generated from validated WHR2024 annual mirror; outcome value omitted.
WHR2024_ANNUAL,Gallup/WHR,Life Ladder,Japan,2015,2015,2015,country-year,observed,no,Coverage-only row generated from validated WHR2024 annual mirror; outcome value omitted.
WHR2024_ANNUAL,Gallup/WHR,Life Ladder,Japan,2016,2016,2016,country-year,observed,no,Coverage-only row generated from validated WHR2024 annual mirror; outcome value omitted.
WHR2024_ANNUAL,Gallup/WHR,Life Ladder,Japan,2017,2017,2017,country-year,observed,no,Coverage-only row generated from validated WHR2024 annual mirror; outcome value omitted.
WHR2024_ANNUAL,Gallup/WHR,Life Ladder,Japan,2018,2018,2018,country-year,observed,no,Coverage-only row generated from validated WHR2024 annual mirror; outcome value omitted.
WHR2024_ANNUAL,Gallup/WHR,Life Ladder,Japan,2019,2019,2019,country-year,observed,no,Coverage-only row generated from validated WHR2024 annual mirror; outcome value omitted.
WHR2024_ANNUAL,Gallup/WHR,Life Ladder,Japan,2020,2020,2020,country-year,observed,no,Coverage-only row generated from validated WHR2024 annual mirror; outcome value omitted.
WHR2024_ANNUAL,Gallup/WHR,Life Ladder,Japan,2021,2021,2021,country-year,observed,no,Coverage-only row generated from validated WHR2024 annual mirror; outcome value omitted.
WHR2024_ANNUAL,Gallup/WHR,Life Ladder,Japan,2022,2022,2022,country-year,observed,no,Coverage-only row generated from validated WHR2024 annual mirror; outcome value omitted.
WHR2024_ANNUAL,Gallup/WHR,Life Ladder,Japan,2023,2023,2023,country-year,observed,no,Coverage-only row generated from validated WHR2024 annual mirror; outcome value omitted.
WHR2024_ANNUAL,Gallup/WHR,Life Ladder,Jordan,2005,2005,2005,country-year,observed,no,Coverage-only row generated from validated WHR2024 annual mirror; outcome value omitted.
WHR2024_ANNUAL,Gallup/WHR,Life Ladder,Jordan,2007,2007,2007,country-year,observed,no,Coverage-only row generated from validated WHR2024 annual mirror; outcome value omitted.
WHR2024_ANNUAL,Gallup/WHR,Life Ladder,Jordan,2008,2008,2008,country-year,observed,no,Coverage-only row generated from validated WHR2024 annual mirror; outcome value omitted.
WHR2024_ANNUAL,Gallup/WHR,Life Ladder,Jordan,2009,2009,2009,country-year,observed,no,Coverage-only row generated from validated WHR2024 annual mirror; outcome value omitted.
WHR2024_ANNUAL,Gallup/WHR,Life Ladder,Jordan,2010,2010,2010,country-year,observed,no,Coverage-only row generated from validated WHR2024 annual mirror; outcome value omitted.
WHR2024_ANNUAL,Gallup/WHR,Life Ladder,Jordan,2011,2011,2011,country-year,observed,no,Coverage-only row generated from validated WHR2024 annual mirror; outcome value omitted.
WHR2024_ANNUAL,Gallup/WHR,Life Ladder,Jordan,2012,2012,2012,country-year,observed,no,Coverage-only row generated from validated WHR2024 annual mirror; outcome value omitted.
WHR2024_ANNUAL,Gallup/WHR,Life Ladder,Jordan,2013,2013,2013,country-year,observed,no,Coverage-only row generated from validated WHR2024 annual mirror; outcome value omitted.
WHR2024_ANNUAL,Gallup/WHR,Life Ladder,Jordan,2014,2014,2014,country-year,observed,no,Coverage-only row generated from validated WHR2024 annual mirror; outcome value omitted.
WHR2024_ANNUAL,Gallup/WHR,Life Ladder,Jordan,2015,2015,2015,country-year,observed,no,Coverage-only row generated from validated WHR2024 annual mirror; outcome value omitted.
WHR2024_ANNUAL,Gallup/WHR,Life Ladder,Jordan,2016,2016,2016,country-year,observed,no,Coverage-only row generated from validated WHR2024 annual mirror; outcome value omitted.
WHR2024_ANNUAL,Gallup/WHR,Life Ladder,Jordan,2017,2017,2017,country-year,observed,no,Coverage-only row generated from validated WHR2024 annual mirror; outcome value omitted.
WHR2024_ANNUAL,Gallup/WHR,Life Ladder,Jordan,2018,2018,2018,country-year,observed,no,Coverage-only row generated from validated WHR2024 annual mirror; outcome value omitted.
WHR2024_ANNUAL,Gallup/WHR,Life Ladder,Jordan,2019,2019,2019,country-year,observed,no,Coverage-only row generated from validated WHR2024 annual mirror; outcome value omitted.
WHR2024_ANNUAL,Gallup/WHR,Life Ladder,Jordan,2020,2020,2020,country-year,observed,no,Coverage-only row generated from validated WHR2024 annual mirror; outcome value omitted.
WHR2024_ANNUAL,Gallup/WHR,Life Ladder,Jordan,2021,2021,2021,country-year,observed,no,Coverage-only row generated from validated WHR2024 annual mirror; outcome value omitted.
WHR2024_ANNUAL,Gallup/WHR,Life Ladder,Jordan,2022,2022,2022,country-year,observed,no,Coverage-only row generated from validated WHR2024 annual mirror; outcome value omitted.
WHR2024_ANNUAL,Gallup/WHR,Life Ladder,Jordan,2023,2023,2023,country-year,observed,no,Coverage-only row generated from validated WHR2024 annual mirror; outcome value omitted.
WHR2024_ANNUAL,Gallup/WHR,Life Ladder,Kazakhstan,2006,2006,2006,country-year,observed,no,Coverage-only row generated from validated WHR2024 annual mirror; outcome value omitted.
WHR2024_ANNUAL,Gallup/WHR,Life Ladder,Kazakhstan,2007,2007,2007,country-year,observed,no,Coverage-only row generated from validated WHR2024 annual mirror; outcome value omitted.
WHR2024_ANNUAL,Gallup/WHR,Life Ladder,Kazakhstan,2008,2008,2008,country-year,observed,no,Coverage-only row generated from validated WHR2024 annual mirror; outcome value omitted.
WHR2024_ANNUAL,Gallup/WHR,Life Ladder,Kazakhstan,2009,2009,2009,country-year,observed,no,Coverage-only row generated from validated WHR2024 annual mirror; outcome value omitted.
WHR2024_ANNUAL,Gallup/WHR,Life Ladder,Kazakhstan,2010,2010,2010,country-year,observed,no,Coverage-only row generated from validated WHR2024 annual mirror; outcome value omitted.
WHR2024_ANNUAL,Gallup/WHR,Life Ladder,Kazakhstan,2011,2011,2011,country-year,observed,no,Coverage-only row generated from validated WHR2024 annual mirror; outcome value omitted.
WHR2024_ANNUAL,Gallup/WHR,Life Ladder,Kazakhstan,2012,2012,2012,country-year,observed,no,Coverage-only row generated from validated WHR2024 annual mirror; outcome value omitted.
WHR2024_ANNUAL,Gallup/WHR,Life Ladder,Kazakhstan,2013,2013,2013,country-year,observed,no,Coverage-only row generated from validated WHR2024 annual mirror; outcome value omitted.
WHR2024_ANNUAL,Gallup/WHR,Life Ladder,Kazakhstan,2014,2014,2014,country-year,observed,no,Coverage-only row generated from validated WHR2024 annual mirror; outcome value omitted.
WHR2024_ANNUAL,Gallup/WHR,Life Ladder,Kazakhstan,2015,2015,2015,country-year,observed,no,Coverage-only row generated from validated WHR2024 annual mirror; outcome value omitted.
WHR2024_ANNUAL,Gallup/WHR,Life Ladder,Kazakhstan,2016,2016,2016,country-year,observed,no,Coverage-only row generated from validated WHR2024 annual mirror; outcome value omitted.
WHR2024_ANNUAL,Gallup/WHR,Life Ladder,Kazakhstan,2017,2017,2017,country-year,observed,no,Coverage-only row generated from validated WHR2024 annual mirror; outcome value omitted.
WHR2024_ANNUAL,Gallup/WHR,Life Ladder,Kazakhstan,2018,2018,2018,country-year,observed,no,Coverage-only row generated from validated WHR2024 annual mirror; outcome value omitted.
WHR2024_ANNUAL,Gallup/WHR,Life Ladder,Kazakhstan,2019,2019,2019,country-year,observed,no,Coverage-only row generated from validated WHR2024 annual mirror; outcome value omitted.
WHR2024_ANNUAL,Gallup/WHR,Life Ladder,Kazakhstan,2020,2020,2020,country-year,observed,no,Coverage-only row generated from validated WHR2024 annual mirror; outcome value omitted.
WHR2024_ANNUAL,Gallup/WHR,Life Ladder,Kazakhstan,2021,2021,2021,country-year,observed,no,Coverage-only row generated from validated WHR2024 annual mirror; outcome value omitted.
WHR2024_ANNUAL,Gallup/WHR,Life Ladder,Kazakhstan,2022,2022,2022,country-year,observed,no,Coverage-only row generated from validated WHR2024 annual mirror; outcome value omitted.
WHR2024_ANNUAL,Gallup/WHR,Life Ladder,Kazakhstan,2023,2023,2023,country-year,observed,no,Coverage-only row generated from validated WHR2024 annual mirror; outcome value omitted.
WHR2024_ANNUAL,Gallup/WHR,Life Ladder,Kenya,2006,2006,2006,country-year,observed,no,Coverage-only row generated from validated WHR2024 annual mirror; outcome value omitted.
WHR2024_ANNUAL,Gallup/WHR,Life Ladder,Kenya,2007,2007,2007,country-year,observed,no,Coverage-only row generated from validated WHR2024 annual mirror; outcome value omitted.
WHR2024_ANNUAL,Gallup/WHR,Life Ladder,Kenya,2008,2008,2008,country-year,observed,no,Coverage-only row generated from validated WHR2024 annual mirror; outcome value omitted.
WHR2024_ANNUAL,Gallup/WHR,Life Ladder,Kenya,2009,2009,2009,country-year,observed,no,Coverage-only row generated from validated WHR2024 annual mirror; outcome value omitted.
WHR2024_ANNUAL,Gallup/WHR,Life Ladder,Kenya,2010,2010,2010,country-year,observed,no,Coverage-only row generated from validated WHR2024 annual mirror; outcome value omitted.
WHR2024_ANNUAL,Gallup/WHR,Life Ladder,Kenya,2011,2011,2011,country-year,observed,no,Coverage-only row generated from validated WHR2024 annual mirror; outcome value omitted.
WHR2024_ANNUAL,Gallup/WHR,Life Ladder,Kenya,2012,2012,2012,country-year,observed,no,Coverage-only row generated from validated WHR2024 annual mirror; outcome value omitted.
WHR2024_ANNUAL,Gallup/WHR,Life Ladder,Kenya,2013,2013,2013,country-year,observed,no,Coverage-only row generated from validated WHR2024 annual mirror; outcome value omitted.
WHR2024_ANNUAL,Gallup/WHR,Life Ladder,Kenya,2014,2014,2014,country-year,observed,no,Coverage-only row generated from validated WHR2024 annual mirror; outcome value omitted.
WHR2024_ANNUAL,Gallup/WHR,Life Ladder,Kenya,2015,2015,2015,country-year,observed,no,Coverage-only row generated from validated WHR2024 annual mirror; outcome value omitted.
WHR2024_ANNUAL,Gallup/WHR,Life Ladder,Kenya,2016,2016,2016,country-year,observed,no,Coverage-only row generated from validated WHR2024 annual mirror; outcome value omitted.
WHR2024_ANNUAL,Gallup/WHR,Life Ladder,Kenya,2017,2017,2017,country-year,observed,no,Coverage-only row generated from validated WHR2024 annual mirror; outcome value omitted.
WHR2024_ANNUAL,Gallup/WHR,Life Ladder,Kenya,2018,2018,2018,country-year,observed,no,Coverage-only row generated from validated WHR2024 annual mirror; outcome value omitted.
WHR2024_ANNUAL,Gallup/WHR,Life Ladder,Kenya,2019,2019,2019,country-year,observed,no,Coverage-only row generated from validated WHR2024 annual mirror; outcome value omitted.
WHR2024_ANNUAL,Gallup/WHR,Life Ladder,Kenya,2020,2020,2020,country-year,observed,no,Coverage-only row generated from validated WHR2024 annual mirror; outcome value omitted.
WHR2024_ANNUAL,Gallup/WHR,Life Ladder,Kenya,2021,2021,2021,country-year,observed,no,Coverage-only row generated from validated WHR2024 annual mirror; outcome value omitted.
WHR2024_ANNUAL,Gallup/WHR,Life Ladder,Kenya,2022,2022,2022,country-year,observed,no,Coverage-only row generated from validated WHR2024 annual mirror; outcome value omitted.
WHR2024_ANNUAL,Gallup/WHR,Life Ladder,Kenya,2023,2023,2023,country-year,observed,no,Coverage-only row generated from validated WHR2024 annual mirror; outcome value omitted.
WHR2024_ANNUAL,Gallup/WHR,Life Ladder,Kosovo,2007,2007,2007,country-year,observed,no,Coverage-only row generated from validated WHR2024 annual mirror; outcome value omitted.
WHR2024_ANNUAL,Gallup/WHR,Life Ladder,Kosovo,2008,2008,2008,country-year,observed,no,Coverage-only row generated from validated WHR2024 annual mirror; outcome value omitted.
WHR2024_ANNUAL,Gallup/WHR,Life Ladder,Kosovo,2009,2009,2009,country-year,observed,no,Coverage-only row generated from validated WHR2024 annual mirror; outcome value omitted.
WHR2024_ANNUAL,Gallup/WHR,Life Ladder,Kosovo,2010,2010,2010,country-year,observed,no,Coverage-only row generated from validated WHR2024 annual mirror; outcome value omitted.
WHR2024_ANNUAL,Gallup/WHR,Life Ladder,Kosovo,2011,2011,2011,country-year,observed,no,Coverage-only row generated from validated WHR2024 annual mirror; outcome value omitted.
WHR2024_ANNUAL,Gallup/WHR,Life Ladder,Kosovo,2012,2012,2012,country-year,observed,no,Coverage-only row generated from validated WHR2024 annual mirror; outcome value omitted.
WHR2024_ANNUAL,Gallup/WHR,Life Ladder,Kosovo,2013,2013,2013,country-year,observed,no,Coverage-only row generated from validated WHR2024 annual mirror; outcome value omitted.
WHR2024_ANNUAL,Gallup/WHR,Life Ladder,Kosovo,2014,2014,2014,country-year,observed,no,Coverage-only row generated from validated WHR2024 annual mirror; outcome value omitted.
WHR2024_ANNUAL,Gallup/WHR,Life Ladder,Kosovo,2015,2015,2015,country-year,observed,no,Coverage-only row generated from validated WHR2024 annual mirror; outcome value omitted.
WHR2024_ANNUAL,Gallup/WHR,Life Ladder,Kosovo,2016,2016,2016,country-year,observed,no,Coverage-only row generated from validated WHR2024 annual mirror; outcome value omitted.
WHR2024_ANNUAL,Gallup/WHR,Life Ladder,Kosovo,2017,2017,2017,country-year,observed,no,Coverage-only row generated from validated WHR2024 annual mirror; outcome value omitted.
WHR2024_ANNUAL,Gallup/WHR,Life Ladder,Kosovo,2018,2018,2018,country-year,observed,no,Coverage-only row generated from validated WHR2024 annual mirror; outcome value omitted.
WHR2024_ANNUAL,Gallup/WHR,Life Ladder,Kosovo,2019,2019,2019,country-year,observed,no,Coverage-only row generated from validated WHR2024 annual mirror; outcome value omitted.
WHR2024_ANNUAL,Gallup/WHR,Life Ladder,Kosovo,2020,2020,2020,country-year,observed,no,Coverage-only row generated from validated WHR2024 annual mirror; outcome value omitted.
WHR2024_ANNUAL,Gallup/WHR,Life Ladder,Kosovo,2021,2021,2021,country-year,observed,no,Coverage-only row generated from validated WHR2024 annual mirror; outcome value omitted.
WHR2024_ANNUAL,Gallup/WHR,Life Ladder,Kosovo,2022,2022,2022,country-year,observed,no,Coverage-only row generated from validated WHR2024 annual mirror; outcome value omitted.
WHR2024_ANNUAL,Gallup/WHR,Life Ladder,Kosovo,2023,2023,2023,country-year,observed,no,Coverage-only row generated from validated WHR2024 annual mirror; outcome value omitted.
WHR2024_ANNUAL,Gallup/WHR,Life Ladder,Kuwait,2006,2006,2006,country-year,observed,no,Coverage-only row generated from validated WHR2024 annual mirror; outcome value omitted.
WHR2024_ANNUAL,Gallup/WHR,Life Ladder,Kuwait,2009,2009,2009,country-year,observed,no,Coverage-only row generated from validated WHR2024 annual mirror; outcome value omitted.
WHR2024_ANNUAL,Gallup/WHR,Life Ladder,Kuwait,2010,2010,2010,country-year,observed,no,Coverage-only row generated from validated WHR2024 annual mirror; outcome value omitted.
WHR2024_ANNUAL,Gallup/WHR,Life Ladder,Kuwait,2011,2011,2011,country-year,observed,no,Coverage-only row generated from validated WHR2024 annual mirror; outcome value omitted.
WHR2024_ANNUAL,Gallup/WHR,Life Ladder,Kuwait,2012,2012,2012,country-year,observed,no,Coverage-only row generated from validated WHR2024 annual mirror; outcome value omitted.
WHR2024_ANNUAL,Gallup/WHR,Life Ladder,Kuwait,2013,2013,2013,country-year,observed,no,Coverage-only row generated from validated WHR2024 annual mirror; outcome value omitted.
WHR2024_ANNUAL,Gallup/WHR,Life Ladder,Kuwait,2014,2014,2014,country-year,observed,no,Coverage-only row generated from validated WHR2024 annual mirror; outcome value omitted.
WHR2024_ANNUAL,Gallup/WHR,Life Ladder,Kuwait,2015,2015,2015,country-year,observed,no,Coverage-only row generated from validated WHR2024 annual mirror; outcome value omitted.
WHR2024_ANNUAL,Gallup/WHR,Life Ladder,Kuwait,2016,2016,2016,country-year,observed,no,Coverage-only row generated from validated WHR2024 annual mirror; outcome value omitted.
WHR2024_ANNUAL,Gallup/WHR,Life Ladder,Kuwait,2017,2017,2017,country-year,observed,no,Coverage-only row generated from validated WHR2024 annual mirror; outcome value omitted.
WHR2024_ANNUAL,Gallup/WHR,Life Ladder,Kuwait,2019,2019,2019,country-year,observed,no,Coverage-only row generated from validated WHR2024 annual mirror; outcome value omitted.
WHR2024_ANNUAL,Gallup/WHR,Life Ladder,Kuwait,2022,2022,2022,country-year,observed,no,Coverage-only row generated from validated WHR2024 annual mirror; outcome value omitted.
WHR2024_ANNUAL,Gallup/WHR,Life Ladder,Kuwait,2023,2023,2023,country-year,observed,no,Coverage-only row generated from validated WHR2024 annual mirror; outcome value omitted.
WHR2024_ANNUAL,Gallup/WHR,Life Ladder,Kyrgyzstan,2006,2006,2006,country-year,observed,no,Coverage-only row generated from validated WHR2024 annual mirror; outcome value omitted.
WHR2024_ANNUAL,Gallup/WHR,Life Ladder,Kyrgyzstan,2007,2007,2007,country-year,observed,no,Coverage-only row generated from validated WHR2024 annual mirror; outcome value omitted.
WHR2024_ANNUAL,Gallup/WHR,Life Ladder,Kyrgyzstan,2008,2008,2008,country-year,observed,no,Coverage-only row generated from validated WHR2024 annual mirror; outcome value omitted.
WHR2024_ANNUAL,Gallup/WHR,Life Ladder,Kyrgyzstan,2009,2009,2009,country-year,observed,no,Coverage-only row generated from validated WHR2024 annual mirror; outcome value omitted.
WHR2024_ANNUAL,Gallup/WHR,Life Ladder,Kyrgyzstan,2010,2010,2010,country-year,observed,no,Coverage-only row generated from validated WHR2024 annual mirror; outcome value omitted.
WHR2024_ANNUAL,Gallup/WHR,Life Ladder,Kyrgyzstan,2011,2011,2011,country-year,observed,no,Coverage-only row generated from validated WHR2024 annual mirror; outcome value omitted.
WHR2024_ANNUAL,Gallup/WHR,Life Ladder,Kyrgyzstan,2012,2012,2012,country-year,observed,no,Coverage-only row generated from validated WHR2024 annual mirror; outcome value omitted.
WHR2024_ANNUAL,Gallup/WHR,Life Ladder,Kyrgyzstan,2013,2013,2013,country-year,observed,no,Coverage-only row generated from validated WHR2024 annual mirror; outcome value omitted.
WHR2024_ANNUAL,Gallup/WHR,Life Ladder,Kyrgyzstan,2014,2014,2014,country-year,observed,no,Coverage-only row generated from validated WHR2024 annual mirror; outcome value omitted.
WHR2024_ANNUAL,Gallup/WHR,Life Ladder,Kyrgyzstan,2015,2015,2015,country-year,observed,no,Coverage-only row generated from validated WHR2024 annual mirror; outcome value omitted.
WHR2024_ANNUAL,Gallup/WHR,Life Ladder,Kyrgyzstan,2016,2016,2016,country-year,observed,no,Coverage-only row generated from validated WHR2024 annual mirror; outcome value omitted.
WHR2024_ANNUAL,Gallup/WHR,Life Ladder,Kyrgyzstan,2017,2017,2017,country-year,observed,no,Coverage-only row generated from validated WHR2024 annual mirror; outcome value omitted.
WHR2024_ANNUAL,Gallup/WHR,Life Ladder,Kyrgyzstan,2018,2018,2018,country-year,observed,no,Coverage-only row generated from validated WHR2024 annual mirror; outcome value omitted.
WHR2024_ANNUAL,Gallup/WHR,Life Ladder,Kyrgyzstan,2019,2019,2019,country-year,observed,no,Coverage-only row generated from validated WHR2024 annual mirror; outcome value omitted.
WHR2024_ANNUAL,Gallup/WHR,Life Ladder,Kyrgyzstan,2020,2020,2020,country-year,observed,no,Coverage-only row generated from validated WHR2024 annual mirror; outcome value omitted.
WHR2024_ANNUAL,Gallup/WHR,Life Ladder,Kyrgyzstan,2021,2021,2021,country-year,observed,no,Coverage-only row generated from validated WHR2024 annual mirror; outcome value omitted.
WHR2024_ANNUAL,Gallup/WHR,Life Ladder,Kyrgyzstan,2022,2022,2022,country-year,observed,no,Coverage-only row generated from validated WHR2024 annual mirror; outcome value omitted.
WHR2024_ANNUAL,Gallup/WHR,Life Ladder,Kyrgyzstan,2023,2023,2023,country-year,observed,no,Coverage-only row generated from validated WHR2024 annual mirror; outcome value omitted.
WHR2024_ANNUAL,Gallup/WHR,Life Ladder,Laos,2006,2006,2006,country-year,observed,no,Coverage-only row generated from validated WHR2024 annual mirror; outcome value omitted.
WHR2024_ANNUAL,Gallup/WHR,Life Ladder,Laos,2007,2007,2007,country-year,observed,no,Coverage-only row generated from validated WHR2024 annual mirror; outcome value omitted.
WHR2024_ANNUAL,Gallup/WHR,Life Ladder,Laos,2008,2008,2008,country-year,observed,no,Coverage-only row generated from validated WHR2024 annual mirror; outcome value omitted.
WHR2024_ANNUAL,Gallup/WHR,Life Ladder,Laos,2011,2011,2011,country-year,observed,no,Coverage-only row generated from validated WHR2024 annual mirror; outcome value omitted.
WHR2024_ANNUAL,Gallup/WHR,Life Ladder,Laos,2012,2012,2012,country-year,observed,no,Coverage-only row generated from validated WHR2024 annual mirror; outcome value omitted.
WHR2024_ANNUAL,Gallup/WHR,Life Ladder,Laos,2017,2017,2017,country-year,observed,no,Coverage-only row generated from validated WHR2024 annual mirror; outcome value omitted.
WHR2024_ANNUAL,Gallup/WHR,Life Ladder,Laos,2018,2018,2018,country-year,observed,no,Coverage-only row generated from validated WHR2024 annual mirror; outcome value omitted.
WHR2024_ANNUAL,Gallup/WHR,Life Ladder,Laos,2019,2019,2019,country-year,observed,no,Coverage-only row generated from validated WHR2024 annual mirror; outcome value omitted.
WHR2024_ANNUAL,Gallup/WHR,Life Ladder,Laos,2020,2020,2020,country-year,observed,no,Coverage-only row generated from validated WHR2024 annual mirror; outcome value omitted.
WHR2024_ANNUAL,Gallup/WHR,Life Ladder,Laos,2021,2021,2021,country-year,observed,no,Coverage-only row generated from validated WHR2024 annual mirror; outcome value omitted.
WHR2024_ANNUAL,Gallup/WHR,Life Ladder,Laos,2022,2022,2022,country-year,observed,no,Coverage-only row generated from validated WHR2024 annual mirror; outcome value omitted.
WHR2024_ANNUAL,Gallup/WHR,Life Ladder,Laos,2023,2023,2023,country-year,observed,no,Coverage-only row generated from validated WHR2024 annual mirror; outcome value omitted.
WHR2024_ANNUAL,Gallup/WHR,Life Ladder,Latvia,2006,2006,2006,country-year,observed,no,Coverage-only row generated from validated WHR2024 annual mirror; outcome value omitted.
WHR2024_ANNUAL,Gallup/WHR,Life Ladder,Latvia,2007,2007,2007,country-year,observed,no,Coverage-only row generated from validated WHR2024 annual mirror; outcome value omitted.
WHR2024_ANNUAL,Gallup/WHR,Life Ladder,Latvia,2008,2008,2008,country-year,observed,no,Coverage-only row generated from validated WHR2024 annual mirror; outcome value omitted.
WHR2024_ANNUAL,Gallup/WHR,Life Ladder,Latvia,2009,2009,2009,country-year,observed,no,Coverage-only row generated from validated WHR2024 annual mirror; outcome value omitted.
WHR2024_ANNUAL,Gallup/WHR,Life Ladder,Latvia,2011,2011,2011,country-year,observed,no,Coverage-only row generated from validated WHR2024 annual mirror; outcome value omitted.
WHR2024_ANNUAL,Gallup/WHR,Life Ladder,Latvia,2012,2012,2012,country-year,observed,no,Coverage-only row generated from validated WHR2024 annual mirror; outcome value omitted.
WHR2024_ANNUAL,Gallup/WHR,Life Ladder,Latvia,2013,2013,2013,country-year,observed,no,Coverage-only row generated from validated WHR2024 annual mirror; outcome value omitted.
WHR2024_ANNUAL,Gallup/WHR,Life Ladder,Latvia,2014,2014,2014,country-year,observed,no,Coverage-only row generated from validated WHR2024 annual mirror; outcome value omitted.
WHR2024_ANNUAL,Gallup/WHR,Life Ladder,Latvia,2015,2015,2015,country-year,observed,no,Coverage-only row generated from validated WHR2024 annual mirror; outcome value omitted.
WHR2024_ANNUAL,Gallup/WHR,Life Ladder,Latvia,2016,2016,2016,country-year,observed,no,Coverage-only row generated from validated WHR2024 annual mirror; outcome value omitted.
WHR2024_ANNUAL,Gallup/WHR,Life Ladder,Latvia,2017,2017,2017,country-year,observed,no,Coverage-only row generated from validated WHR2024 annual mirror; outcome value omitted.
WHR2024_ANNUAL,Gallup/WHR,Life Ladder,Latvia,2018,2018,2018,country-year,observed,no,Coverage-only row generated from validated WHR2024 annual mirror; outcome value omitted.
WHR2024_ANNUAL,Gallup/WHR,Life Ladder,Latvia,2019,2019,2019,country-year,observed,no,Coverage-only row generated from validated WHR2024 annual mirror; outcome value omitted.
WHR2024_ANNUAL,Gallup/WHR,Life Ladder,Latvia,2020,2020,2020,country-year,observed,no,Coverage-only row generated from validated WHR2024 annual mirror; outcome value omitted.
WHR2024_ANNUAL,Gallup/WHR,Life Ladder,Latvia,2021,2021,2021,country-year,observed,no,Coverage-only row generated from validated WHR2024 annual mirror; outcome value omitted.
WHR2024_ANNUAL,Gallup/WHR,Life Ladder,Latvia,2022,2022,2022,country-year,observed,no,Coverage-only row generated from validated WHR2024 annual mirror; outcome value omitted.
WHR2024_ANNUAL,Gallup/WHR,Life Ladder,Latvia,2023,2023,2023,country-year,observed,no,Coverage-only row generated from validated WHR2024 annual mirror; outcome value omitted.
WHR2024_ANNUAL,Gallup/WHR,Life Ladder,Lebanon,2005,2005,2005,country-year,observed,no,Coverage-only row generated from validated WHR2024 annual mirror; outcome value omitted.
WHR2024_ANNUAL,Gallup/WHR,Life Ladder,Lebanon,2006,2006,2006,country-year,observed,no,Coverage-only row generated from validated WHR2024 annual mirror; outcome value omitted.
WHR2024_ANNUAL,Gallup/WHR,Life Ladder,Lebanon,2008,2008,2008,country-year,observed,no,Coverage-only row generated from validated WHR2024 annual mirror; outcome value omitted.
WHR2024_ANNUAL,Gallup/WHR,Life Ladder,Lebanon,2009,2009,2009,country-year,observed,no,Coverage-only row generated from validated WHR2024 annual mirror; outcome value omitted.
WHR2024_ANNUAL,Gallup/WHR,Life Ladder,Lebanon,2010,2010,2010,country-year,observed,no,Coverage-only row generated from validated WHR2024 annual mirror; outcome value omitted.
WHR2024_ANNUAL,Gallup/WHR,Life Ladder,Lebanon,2011,2011,2011,country-year,observed,no,Coverage-only row generated from validated WHR2024 annual mirror; outcome value omitted.
WHR2024_ANNUAL,Gallup/WHR,Life Ladder,Lebanon,2012,2012,2012,country-year,observed,no,Coverage-only row generated from validated WHR2024 annual mirror; outcome value omitted.
WHR2024_ANNUAL,Gallup/WHR,Life Ladder,Lebanon,2013,2013,2013,country-year,observed,no,Coverage-only row generated from validated WHR2024 annual mirror; outcome value omitted.
WHR2024_ANNUAL,Gallup/WHR,Life Ladder,Lebanon,2014,2014,2014,country-year,observed,no,Coverage-only row generated from validated WHR2024 annual mirror; outcome value omitted.
WHR2024_ANNUAL,Gallup/WHR,Life Ladder,Lebanon,2015,2015,2015,country-year,observed,no,Coverage-only row generated from validated WHR2024 annual mirror; outcome value omitted.
WHR2024_ANNUAL,Gallup/WHR,Life Ladder,Lebanon,2016,2016,2016,country-year,observed,no,Coverage-only row generated from validated WHR2024 annual mirror; outcome value omitted.
WHR2024_ANNUAL,Gallup/WHR,Life Ladder,Lebanon,2017,2017,2017,country-year,observed,no,Coverage-only row generated from validated WHR2024 annual mirror; outcome value omitted.
WHR2024_ANNUAL,Gallup/WHR,Life Ladder,Lebanon,2018,2018,2018,country-year,observed,no,Coverage-only row generated from validated WHR2024 annual mirror; outcome value omitted.
WHR2024_ANNUAL,Gallup/WHR,Life Ladder,Lebanon,2019,2019,2019,country-year,observed,no,Coverage-only row generated from validated WHR2024 annual mirror; outcome value omitted.
WHR2024_ANNUAL,Gallup/WHR,Life Ladder,Lebanon,2020,2020,2020,country-year,observed,no,Coverage-only row generated from validated WHR2024 annual mirror; outcome value omitted.
WHR2024_ANNUAL,Gallup/WHR,Life Ladder,Lebanon,2021,2021,2021,country-year,observed,no,Coverage-only row generated from validated WHR2024 annual mirror; outcome value omitted.
WHR2024_ANNUAL,Gallup/WHR,Life Ladder,Lebanon,2022,2022,2022,country-year,observed,no,Coverage-only row generated from validated WHR2024 annual mirror; outcome value omitted.
WHR2024_ANNUAL,Gallup/WHR,Life Ladder,Lebanon,2023,2023,2023,country-year,observed,no,Coverage-only row generated from validated WHR2024 annual mirror; outcome value omitted.
WHR2024_ANNUAL,Gallup/WHR,Life Ladder,Lesotho,2011,2011,2011,country-year,observed,no,Coverage-only row generated from validated WHR2024 annual mirror; outcome value omitted.
WHR2024_ANNUAL,Gallup/WHR,Life Ladder,Lesotho,2016,2016,2016,country-year,observed,no,Coverage-only row generated from validated WHR2024 annual mirror; outcome value omitted.
WHR2024_ANNUAL,Gallup/WHR,Life Ladder,Lesotho,2017,2017,2017,country-year,observed,no,Coverage-only row generated from validated WHR2024 annual mirror; outcome value omitted.
WHR2024_ANNUAL,Gallup/WHR,Life Ladder,Lesotho,2019,2019,2019,country-year,observed,no,Coverage-only row generated from validated WHR2024 annual mirror; outcome value omitted.
WHR2024_ANNUAL,Gallup/WHR,Life Ladder,Lesotho,2022,2022,2022,country-year,observed,no,Coverage-only row generated from validated WHR2024 annual mirror; outcome value omitted.
WHR2024_ANNUAL,Gallup/WHR,Life Ladder,Liberia,2007,2007,2007,country-year,observed,no,Coverage-only row generated from validated WHR2024 annual mirror; outcome value omitted.
WHR2024_ANNUAL,Gallup/WHR,Life Ladder,Liberia,2008,2008,2008,country-year,observed,no,Coverage-only row generated from validated WHR2024 annual mirror; outcome value omitted.
WHR2024_ANNUAL,Gallup/WHR,Life Ladder,Liberia,2010,2010,2010,country-year,observed,no,Coverage-only row generated from validated WHR2024 annual mirror; outcome value omitted.
WHR2024_ANNUAL,Gallup/WHR,Life Ladder,Liberia,2014,2014,2014,country-year,observed,no,Coverage-only row generated from validated WHR2024 annual mirror; outcome value omitted.
WHR2024_ANNUAL,Gallup/WHR,Life Ladder,Liberia,2015,2015,2015,country-year,observed,no,Coverage-only row generated from validated WHR2024 annual mirror; outcome value omitted.
WHR2024_ANNUAL,Gallup/WHR,Life Ladder,Liberia,2016,2016,2016,country-year,observed,no,Coverage-only row generated from validated WHR2024 annual mirror; outcome value omitted.
WHR2024_ANNUAL,Gallup/WHR,Life Ladder,Liberia,2017,2017,2017,country-year,observed,no,Coverage-only row generated from validated WHR2024 annual mirror; outcome value omitted.
WHR2024_ANNUAL,Gallup/WHR,Life Ladder,Liberia,2018,2018,2018,country-year,observed,no,Coverage-only row generated from validated WHR2024 annual mirror; outcome value omitted.
WHR2024_ANNUAL,Gallup/WHR,Life Ladder,Liberia,2019,2019,2019,country-year,observed,no,Coverage-only row generated from validated WHR2024 annual mirror; outcome value omitted.
WHR2024_ANNUAL,Gallup/WHR,Life Ladder,Liberia,2022,2022,2022,country-year,observed,no,Coverage-only row generated from validated WHR2024 annual mirror; outcome value omitted.
WHR2024_ANNUAL,Gallup/WHR,Life Ladder,Liberia,2023,2023,2023,country-year,observed,no,Coverage-only row generated from validated WHR2024 annual mirror; outcome value omitted.
WHR2024_ANNUAL,Gallup/WHR,Life Ladder,Libya,2012,2012,2012,country-year,observed,no,Coverage-only row generated from validated WHR2024 annual mirror; outcome value omitted.
WHR2024_ANNUAL,Gallup/WHR,Life Ladder,Libya,2015,2015,2015,country-year,observed,no,Coverage-only row generated from validated WHR2024 annual mirror; outcome value omitted.
WHR2024_ANNUAL,Gallup/WHR,Life Ladder,Libya,2016,2016,2016,country-year,observed,no,Coverage-only row generated from validated WHR2024 annual mirror; outcome value omitted.
WHR2024_ANNUAL,Gallup/WHR,Life Ladder,Libya,2017,2017,2017,country-year,observed,no,Coverage-only row generated from validated WHR2024 annual mirror; outcome value omitted.
WHR2024_ANNUAL,Gallup/WHR,Life Ladder,Libya,2018,2018,2018,country-year,observed,no,Coverage-only row generated from validated WHR2024 annual mirror; outcome value omitted.
WHR2024_ANNUAL,Gallup/WHR,Life Ladder,Libya,2019,2019,2019,country-year,observed,no,Coverage-only row generated from validated WHR2024 annual mirror; outcome value omitted.
WHR2024_ANNUAL,Gallup/WHR,Life Ladder,Libya,2022,2022,2022,country-year,observed,no,Coverage-only row generated from validated WHR2024 annual mirror; outcome value omitted.
WHR2024_ANNUAL,Gallup/WHR,Life Ladder,Libya,2023,2023,2023,country-year,observed,no,Coverage-only row generated from validated WHR2024 annual mirror; outcome value omitted.
WHR2024_ANNUAL,Gallup/WHR,Life Ladder,Lithuania,2006,2006,2006,country-year,observed,no,Coverage-only row generated from validated WHR2024 annual mirror; outcome value omitted.
WHR2024_ANNUAL,Gallup/WHR,Life Ladder,Lithuania,2007,2007,2007,country-year,observed,no,Coverage-only row generated from validated WHR2024 annual mirror; outcome value omitted.
WHR2024_ANNUAL,Gallup/WHR,Life Ladder,Lithuania,2008,2008,2008,country-year,observed,no,Coverage-only row generated from validated WHR2024 annual mirror; outcome value omitted.
WHR2024_ANNUAL,Gallup/WHR,Life Ladder,Lithuania,2009,2009,2009,country-year,observed,no,Coverage-only row generated from validated WHR2024 annual mirror; outcome value omitted.
WHR2024_ANNUAL,Gallup/WHR,Life Ladder,Lithuania,2010,2010,2010,country-year,observed,no,Coverage-only row generated from validated WHR2024 annual mirror; outcome value omitted.
WHR2024_ANNUAL,Gallup/WHR,Life Ladder,Lithuania,2011,2011,2011,country-year,observed,no,Coverage-only row generated from validated WHR2024 annual mirror; outcome value omitted.
WHR2024_ANNUAL,Gallup/WHR,Life Ladder,Lithuania,2012,2012,2012,country-year,observed,no,Coverage-only row generated from validated WHR2024 annual mirror; outcome value omitted.
WHR2024_ANNUAL,Gallup/WHR,Life Ladder,Lithuania,2013,2013,2013,country-year,observed,no,Coverage-only row generated from validated WHR2024 annual mirror; outcome value omitted.
WHR2024_ANNUAL,Gallup/WHR,Life Ladder,Lithuania,2014,2014,2014,country-year,observed,no,Coverage-only row generated from validated WHR2024 annual mirror; outcome value omitted.
WHR2024_ANNUAL,Gallup/WHR,Life Ladder,Lithuania,2015,2015,2015,country-year,observed,no,Coverage-only row generated from validated WHR2024 annual mirror; outcome value omitted.
WHR2024_ANNUAL,Gallup/WHR,Life Ladder,Lithuania,2016,2016,2016,country-year,observed,no,Coverage-only row generated from validated WHR2024 annual mirror; outcome value omitted.
WHR2024_ANNUAL,Gallup/WHR,Life Ladder,Lithuania,2017,2017,2017,country-year,observed,no,Coverage-only row generated from validated WHR2024 annual mirror; outcome value omitted.
WHR2024_ANNUAL,Gallup/WHR,Life Ladder,Lithuania,2018,2018,2018,country-year,observed,no,Coverage-only row generated from validated WHR2024 annual mirror; outcome value omitted.
WHR2024_ANNUAL,Gallup/WHR,Life Ladder,Lithuania,2019,2019,2019,country-year,observed,no,Coverage-only row generated from validated WHR2024 annual mirror; outcome value omitted.
WHR2024_ANNUAL,Gallup/WHR,Life Ladder,Lithuania,2020,2020,2020,country-year,observed,no,Coverage-only row generated from validated WHR2024 annual mirror; outcome value omitted.
WHR2024_ANNUAL,Gallup/WHR,Life Ladder,Lithuania,2021,2021,2021,country-year,observed,no,Coverage-only row generated from validated WHR2024 annual mirror; outcome value omitted.
WHR2024_ANNUAL,Gallup/WHR,Life Ladder,Lithuania,2022,2022,2022,country-year,observed,no,Coverage-only row generated from validated WHR2024 annual mirror; outcome value omitted.
WHR2024_ANNUAL,Gallup/WHR,Life Ladder,Lithuania,2023,2023,2023,country-year,observed,no,Coverage-only row generated from validated WHR2024 annual mirror; outcome value omitted.
WHR2024_ANNUAL,Gallup/WHR,Life Ladder,Luxembourg,2009,2009,2009,country-year,observed,no,Coverage-only row generated from validated WHR2024 annual mirror; outcome value omitted.
WHR2024_ANNUAL,Gallup/WHR,Life Ladder,Luxembourg,2010,2010,2010,country-year,observed,no,Coverage-only row generated from validated WHR2024 annual mirror; outcome value omitted.
WHR2024_ANNUAL,Gallup/WHR,Life Ladder,Luxembourg,2011,2011,2011,country-year,observed,no,Coverage-only row generated from validated WHR2024 annual mirror; outcome value omitted.
WHR2024_ANNUAL,Gallup/WHR,Life Ladder,Luxembourg,2012,2012,2012,country-year,observed,no,Coverage-only row generated from validated WHR2024 annual mirror; outcome value omitted.
WHR2024_ANNUAL,Gallup/WHR,Life Ladder,Luxembourg,2013,2013,2013,country-year,observed,no,Coverage-only row generated from validated WHR2024 annual mirror; outcome value omitted.
WHR2024_ANNUAL,Gallup/WHR,Life Ladder,Luxembourg,2014,2014,2014,country-year,observed,no,Coverage-only row generated from validated WHR2024 annual mirror; outcome value omitted.
WHR2024_ANNUAL,Gallup/WHR,Life Ladder,Luxembourg,2015,2015,2015,country-year,observed,no,Coverage-only row generated from validated WHR2024 annual mirror; outcome value omitted.
WHR2024_ANNUAL,Gallup/WHR,Life Ladder,Luxembourg,2016,2016,2016,country-year,observed,no,Coverage-only row generated from validated WHR2024 annual mirror; outcome value omitted.
WHR2024_ANNUAL,Gallup/WHR,Life Ladder,Luxembourg,2017,2017,2017,country-year,observed,no,Coverage-only row generated from validated WHR2024 annual mirror; outcome value omitted.
WHR2024_ANNUAL,Gallup/WHR,Life Ladder,Luxembourg,2018,2018,2018,country-year,observed,no,Coverage-only row generated from validated WHR2024 annual mirror; outcome value omitted.
WHR2024_ANNUAL,Gallup/WHR,Life Ladder,Luxembourg,2019,2019,2019,country-year,observed,no,Coverage-only row generated from validated WHR2024 annual mirror; outcome value omitted.
WHR2024_ANNUAL,Gallup/WHR,Life Ladder,Luxembourg,2022,2022,2022,country-year,observed,no,Coverage-only row generated from validated WHR2024 annual mirror; outcome value omitted.
WHR2024_ANNUAL,Gallup/WHR,Life Ladder,Luxembourg,2023,2023,2023,country-year,observed,no,Coverage-only row generated from validated WHR2024 annual mirror; outcome value omitted.
WHR2024_ANNUAL,Gallup/WHR,Life Ladder,Madagascar,2006,2006,2006,country-year,observed,no,Coverage-only row generated from validated WHR2024 annual mirror; outcome value omitted.
WHR2024_ANNUAL,Gallup/WHR,Life Ladder,Madagascar,2008,2008,2008,country-year,observed,no,Coverage-only row generated from validated WHR2024 annual mirror; outcome value omitted.
WHR2024_ANNUAL,Gallup/WHR,Life Ladder,Madagascar,2011,2011,2011,country-year,observed,no,Coverage-only row generated from validated WHR2024 annual mirror; outcome value omitted.
WHR2024_ANNUAL,Gallup/WHR,Life Ladder,Madagascar,2012,2012,2012,country-year,observed,no,Coverage-only row generated from validated WHR2024 annual mirror; outcome value omitted.
WHR2024_ANNUAL,Gallup/WHR,Life Ladder,Madagascar,2013,2013,2013,country-year,observed,no,Coverage-only row generated from validated WHR2024 annual mirror; outcome value omitted.
WHR2024_ANNUAL,Gallup/WHR,Life Ladder,Madagascar,2014,2014,2014,country-year,observed,no,Coverage-only row generated from validated WHR2024 annual mirror; outcome value omitted.
WHR2024_ANNUAL,Gallup/WHR,Life Ladder,Madagascar,2015,2015,2015,country-year,observed,no,Coverage-only row generated from validated WHR2024 annual mirror; outcome value omitted.
WHR2024_ANNUAL,Gallup/WHR,Life Ladder,Madagascar,2016,2016,2016,country-year,observed,no,Coverage-only row generated from validated WHR2024 annual mirror; outcome value omitted.
WHR2024_ANNUAL,Gallup/WHR,Life Ladder,Madagascar,2017,2017,2017,country-year,observed,no,Coverage-only row generated from validated WHR2024 annual mirror; outcome value omitted.
WHR2024_ANNUAL,Gallup/WHR,Life Ladder,Madagascar,2018,2018,2018,country-year,observed,no,Coverage-only row generated from validated WHR2024 annual mirror; outcome value omitted.
WHR2024_ANNUAL,Gallup/WHR,Life Ladder,Madagascar,2019,2019,2019,country-year,observed,no,Coverage-only row generated from validated WHR2024 annual mirror; outcome value omitted.
WHR2024_ANNUAL,Gallup/WHR,Life Ladder,Madagascar,2022,2022,2022,country-year,observed,no,Coverage-only row generated from validated WHR2024 annual mirror; outcome value omitted.
WHR2024_ANNUAL,Gallup/WHR,Life Ladder,Madagascar,2023,2023,2023,country-year,observed,no,Coverage-only row generated from validated WHR2024 annual mirror; outcome value omitted.
WHR2024_ANNUAL,Gallup/WHR,Life Ladder,Malawi,2006,2006,2006,country-year,observed,no,Coverage-only row generated from validated WHR2024 annual mirror; outcome value omitted.
WHR2024_ANNUAL,Gallup/WHR,Life Ladder,Malawi,2007,2007,2007,country-year,observed,no,Coverage-only row generated from validated WHR2024 annual mirror; outcome value omitted.
WHR2024_ANNUAL,Gallup/WHR,Life Ladder,Malawi,2009,2009,2009,country-year,observed,no,Coverage-only row generated from validated WHR2024 annual mirror; outcome value omitted.
WHR2024_ANNUAL,Gallup/WHR,Life Ladder,Malawi,2011,2011,2011,country-year,observed,no,Coverage-only row generated from validated WHR2024 annual mirror; outcome value omitted.
WHR2024_ANNUAL,Gallup/WHR,Life Ladder,Malawi,2012,2012,2012,country-year,observed,no,Coverage-only row generated from validated WHR2024 annual mirror; outcome value omitted.
WHR2024_ANNUAL,Gallup/WHR,Life Ladder,Malawi,2013,2013,2013,country-year,observed,no,Coverage-only row generated from validated WHR2024 annual mirror; outcome value omitted.
WHR2024_ANNUAL,Gallup/WHR,Life Ladder,Malawi,2014,2014,2014,country-year,observed,no,Coverage-only row generated from validated WHR2024 annual mirror; outcome value omitted.
WHR2024_ANNUAL,Gallup/WHR,Life Ladder,Malawi,2015,2015,2015,country-year,observed,no,Coverage-only row generated from validated WHR2024 annual mirror; outcome value omitted.
WHR2024_ANNUAL,Gallup/WHR,Life Ladder,Malawi,2016,2016,2016,country-year,observed,no,Coverage-only row generated from validated WHR2024 annual mirror; outcome value omitted.
WHR2024_ANNUAL,Gallup/WHR,Life Ladder,Malawi,2017,2017,2017,country-year,observed,no,Coverage-only row generated from validated WHR2024 annual mirror; outcome value omitted.
WHR2024_ANNUAL,Gallup/WHR,Life Ladder,Malawi,2018,2018,2018,country-year,observed,no,Coverage-only row generated from validated WHR2024 annual mirror; outcome value omitted.
WHR2024_ANNUAL,Gallup/WHR,Life Ladder,Malawi,2019,2019,2019,country-year,observed,no,Coverage-only row generated from validated WHR2024 annual mirror; outcome value omitted.
WHR2024_ANNUAL,Gallup/WHR,Life Ladder,Malawi,2021,2021,2021,country-year,observed,no,Coverage-only row generated from validated WHR2024 annual mirror; outcome value omitted.
WHR2024_ANNUAL,Gallup/WHR,Life Ladder,Malawi,2022,2022,2022,country-year,observed,no,Coverage-only row generated from validated WHR2024 annual mirror; outcome value omitted.
WHR2024_ANNUAL,Gallup/WHR,Life Ladder,Malawi,2023,2023,2023,country-year,observed,no,Coverage-only row generated from validated WHR2024 annual mirror; outcome value omitted.
WHR2024_ANNUAL,Gallup/WHR,Life Ladder,Malaysia,2006,2006,2006,country-year,observed,no,Coverage-only row generated from validated WHR2024 annual mirror; outcome value omitted.
WHR2024_ANNUAL,Gallup/WHR,Life Ladder,Malaysia,2007,2007,2007,country-year,observed,no,Coverage-only row generated from validated WHR2024 annual mirror; outcome value omitted.
WHR2024_ANNUAL,Gallup/WHR,Life Ladder,Malaysia,2008,2008,2008,country-year,observed,no,Coverage-only row generated from validated WHR2024 annual mirror; outcome value omitted.
WHR2024_ANNUAL,Gallup/WHR,Life Ladder,Malaysia,2009,2009,2009,country-year,observed,no,Coverage-only row generated from validated WHR2024 annual mirror; outcome value omitted.
WHR2024_ANNUAL,Gallup/WHR,Life Ladder,Malaysia,2010,2010,2010,country-year,observed,no,Coverage-only row generated from validated WHR2024 annual mirror; outcome value omitted.
WHR2024_ANNUAL,Gallup/WHR,Life Ladder,Malaysia,2011,2011,2011,country-year,observed,no,Coverage-only row generated from validated WHR2024 annual mirror; outcome value omitted.
WHR2024_ANNUAL,Gallup/WHR,Life Ladder,Malaysia,2012,2012,2012,country-year,observed,no,Coverage-only row generated from validated WHR2024 annual mirror; outcome value omitted.
WHR2024_ANNUAL,Gallup/WHR,Life Ladder,Malaysia,2013,2013,2013,country-year,observed,no,Coverage-only row generated from validated WHR2024 annual mirror; outcome value omitted.
WHR2024_ANNUAL,Gallup/WHR,Life Ladder,Malaysia,2014,2014,2014,country-year,observed,no,Coverage-only row generated from validated WHR2024 annual mirror; outcome value omitted.
WHR2024_ANNUAL,Gallup/WHR,Life Ladder,Malaysia,2015,2015,2015,country-year,observed,no,Coverage-only row generated from validated WHR2024 annual mirror; outcome value omitted.
WHR2024_ANNUAL,Gallup/WHR,Life Ladder,Malaysia,2018,2018,2018,country-year,observed,no,Coverage-only row generated from validated WHR2024 annual mirror; outcome value omitted.
WHR2024_ANNUAL,Gallup/WHR,Life Ladder,Malaysia,2019,2019,2019,country-year,observed,no,Coverage-only row generated from validated WHR2024 annual mirror; outcome value omitted.
WHR2024_ANNUAL,Gallup/WHR,Life Ladder,Malaysia,2020,2020,2020,country-year,observed,no,Coverage-only row generated from validated WHR2024 annual mirror; outcome value omitted.
WHR2024_ANNUAL,Gallup/WHR,Life Ladder,Malaysia,2021,2021,2021,country-year,observed,no,Coverage-only row generated from validated WHR2024 annual mirror; outcome value omitted.
WHR2024_ANNUAL,Gallup/WHR,Life Ladder,Malaysia,2022,2022,2022,country-year,observed,no,Coverage-only row generated from validated WHR2024 annual mirror; outcome value omitted.
WHR2024_ANNUAL,Gallup/WHR,Life Ladder,Malaysia,2023,2023,2023,country-year,observed,no,Coverage-only row generated from validated WHR2024 annual mirror; outcome value omitted.
WHR2024_ANNUAL,Gallup/WHR,Life Ladder,Maldives,2018,2018,2018,country-year,observed,no,Coverage-only row generated from validated WHR2024 annual mirror; outcome value omitted.
WHR2024_ANNUAL,Gallup/WHR,Life Ladder,Mali,2006,2006,2006,country-year,observed,no,Coverage-only row generated from validated WHR2024 annual mirror; outcome value omitted.
WHR2024_ANNUAL,Gallup/WHR,Life Ladder,Mali,2008,2008,2008,country-year,observed,no,Coverage-only row generated from validated WHR2024 annual mirror; outcome value omitted.
WHR2024_ANNUAL,Gallup/WHR,Life Ladder,Mali,2009,2009,2009,country-year,observed,no,Coverage-only row generated from validated WHR2024 annual mirror; outcome value omitted.
WHR2024_ANNUAL,Gallup/WHR,Life Ladder,Mali,2010,2010,2010,country-year,observed,no,Coverage-only row generated from validated WHR2024 annual mirror; outcome value omitted.
WHR2024_ANNUAL,Gallup/WHR,Life Ladder,Mali,2011,2011,2011,country-year,observed,no,Coverage-only row generated from validated WHR2024 annual mirror; outcome value omitted.
WHR2024_ANNUAL,Gallup/WHR,Life Ladder,Mali,2012,2012,2012,country-year,observed,no,Coverage-only row generated from validated WHR2024 annual mirror; outcome value omitted.
WHR2024_ANNUAL,Gallup/WHR,Life Ladder,Mali,2013,2013,2013,country-year,observed,no,Coverage-only row generated from validated WHR2024 annual mirror; outcome value omitted.
WHR2024_ANNUAL,Gallup/WHR,Life Ladder,Mali,2014,2014,2014,country-year,observed,no,Coverage-only row generated from validated WHR2024 annual mirror; outcome value omitted.
WHR2024_ANNUAL,Gallup/WHR,Life Ladder,Mali,2015,2015,2015,country-year,observed,no,Coverage-only row generated from validated WHR2024 annual mirror; outcome value omitted.
WHR2024_ANNUAL,Gallup/WHR,Life Ladder,Mali,2016,2016,2016,country-year,observed,no,Coverage-only row generated from validated WHR2024 annual mirror; outcome value omitted.
WHR2024_ANNUAL,Gallup/WHR,Life Ladder,Mali,2017,2017,2017,country-year,observed,no,Coverage-only row generated from validated WHR2024 annual mirror; outcome value omitted.
WHR2024_ANNUAL,Gallup/WHR,Life Ladder,Mali,2018,2018,2018,country-year,observed,no,Coverage-only row generated from validated WHR2024 annual mirror; outcome value omitted.
WHR2024_ANNUAL,Gallup/WHR,Life Ladder,Mali,2019,2019,2019,country-year,observed,no,Coverage-only row generated from validated WHR2024 annual mirror; outcome value omitted.
WHR2024_ANNUAL,Gallup/WHR,Life Ladder,Mali,2020,2020,2020,country-year,observed,no,Coverage-only row generated from validated WHR2024 annual mirror; outcome value omitted.
WHR2024_ANNUAL,Gallup/WHR,Life Ladder,Mali,2021,2021,2021,country-year,observed,no,Coverage-only row generated from validated WHR2024 annual mirror; outcome value omitted.
WHR2024_ANNUAL,Gallup/WHR,Life Ladder,Mali,2022,2022,2022,country-year,observed,no,Coverage-only row generated from validated WHR2024 annual mirror; outcome value omitted.
WHR2024_ANNUAL,Gallup/WHR,Life Ladder,Mali,2023,2023,2023,country-year,observed,no,Coverage-only row generated from validated WHR2024 annual mirror; outcome value omitted.
WHR2024_ANNUAL,Gallup/WHR,Life Ladder,Malta,2009,2009,2009,country-year,observed,no,Coverage-only row generated from validated WHR2024 annual mirror; outcome value omitted.
WHR2024_ANNUAL,Gallup/WHR,Life Ladder,Malta,2010,2010,2010,country-year,observed,no,Coverage-only row generated from validated WHR2024 annual mirror; outcome value omitted.
WHR2024_ANNUAL,Gallup/WHR,Life Ladder,Malta,2011,2011,2011,country-year,observed,no,Coverage-only row generated from validated WHR2024 annual mirror; outcome value omitted.
WHR2024_ANNUAL,Gallup/WHR,Life Ladder,Malta,2012,2012,2012,country-year,observed,no,Coverage-only row generated from validated WHR2024 annual mirror; outcome value omitted.
WHR2024_ANNUAL,Gallup/WHR,Life Ladder,Malta,2013,2013,2013,country-year,observed,no,Coverage-only row generated from validated WHR2024 annual mirror; outcome value omitted.
WHR2024_ANNUAL,Gallup/WHR,Life Ladder,Malta,2014,2014,2014,country-year,observed,no,Coverage-only row generated from validated WHR2024 annual mirror; outcome value omitted.
WHR2024_ANNUAL,Gallup/WHR,Life Ladder,Malta,2015,2015,2015,country-year,observed,no,Coverage-only row generated from validated WHR2024 annual mirror; outcome value omitted.
WHR2024_ANNUAL,Gallup/WHR,Life Ladder,Malta,2016,2016,2016,country-year,observed,no,Coverage-only row generated from validated WHR2024 annual mirror; outcome value omitted.
WHR2024_ANNUAL,Gallup/WHR,Life Ladder,Malta,2017,2017,2017,country-year,observed,no,Coverage-only row generated from validated WHR2024 annual mirror; outcome value omitted.
WHR2024_ANNUAL,Gallup/WHR,Life Ladder,Malta,2018,2018,2018,country-year,observed,no,Coverage-only row generated from validated WHR2024 annual mirror; outcome value omitted.
WHR2024_ANNUAL,Gallup/WHR,Life Ladder,Malta,2019,2019,2019,country-year,observed,no,Coverage-only row generated from validated WHR2024 annual mirror; outcome value omitted.
WHR2024_ANNUAL,Gallup/WHR,Life Ladder,Malta,2020,2020,2020,country-year,observed,no,Coverage-only row generated from validated WHR2024 annual mirror; outcome value omitted.
WHR2024_ANNUAL,Gallup/WHR,Life Ladder,Malta,2021,2021,2021,country-year,observed,no,Coverage-only row generated from validated WHR2024 annual mirror; outcome value omitted.
WHR2024_ANNUAL,Gallup/WHR,Life Ladder,Malta,2022,2022,2022,country-year,observed,no,Coverage-only row generated from validated WHR2024 annual mirror; outcome value omitted.
WHR2024_ANNUAL,Gallup/WHR,Life Ladder,Malta,2023,2023,2023,country-year,observed,no,Coverage-only row generated from validated WHR2024 annual mirror; outcome value omitted.
WHR2024_ANNUAL,Gallup/WHR,Life Ladder,Mauritania,2007,2007,2007,country-year,observed,no,Coverage-only row generated from validated WHR2024 annual mirror; outcome value omitted.
WHR2024_ANNUAL,Gallup/WHR,Life Ladder,Mauritania,2008,2008,2008,country-year,observed,no,Coverage-only row generated from validated WHR2024 annual mirror; outcome value omitted.
WHR2024_ANNUAL,Gallup/WHR,Life Ladder,Mauritania,2009,2009,2009,country-year,observed,no,Coverage-only row generated from validated WHR2024 annual mirror; outcome value omitted.
WHR2024_ANNUAL,Gallup/WHR,Life Ladder,Mauritania,2010,2010,2010,country-year,observed,no,Coverage-only row generated from validated WHR2024 annual mirror; outcome value omitted.
WHR2024_ANNUAL,Gallup/WHR,Life Ladder,Mauritania,2011,2011,2011,country-year,observed,no,Coverage-only row generated from validated WHR2024 annual mirror; outcome value omitted.
WHR2024_ANNUAL,Gallup/WHR,Life Ladder,Mauritania,2012,2012,2012,country-year,observed,no,Coverage-only row generated from validated WHR2024 annual mirror; outcome value omitted.
WHR2024_ANNUAL,Gallup/WHR,Life Ladder,Mauritania,2013,2013,2013,country-year,observed,no,Coverage-only row generated from validated WHR2024 annual mirror; outcome value omitted.
WHR2024_ANNUAL,Gallup/WHR,Life Ladder,Mauritania,2014,2014,2014,country-year,observed,no,Coverage-only row generated from validated WHR2024 annual mirror; outcome value omitted.
WHR2024_ANNUAL,Gallup/WHR,Life Ladder,Mauritania,2015,2015,2015,country-year,observed,no,Coverage-only row generated from validated WHR2024 annual mirror; outcome value omitted.
WHR2024_ANNUAL,Gallup/WHR,Life Ladder,Mauritania,2016,2016,2016,country-year,observed,no,Coverage-only row generated from validated WHR2024 annual mirror; outcome value omitted.
WHR2024_ANNUAL,Gallup/WHR,Life Ladder,Mauritania,2017,2017,2017,country-year,observed,no,Coverage-only row generated from validated WHR2024 annual mirror; outcome value omitted.
WHR2024_ANNUAL,Gallup/WHR,Life Ladder,Mauritania,2018,2018,2018,country-year,observed,no,Coverage-only row generated from validated WHR2024 annual mirror; outcome value omitted.
WHR2024_ANNUAL,Gallup/WHR,Life Ladder,Mauritania,2019,2019,2019,country-year,observed,no,Coverage-only row generated from validated WHR2024 annual mirror; outcome value omitted.
WHR2024_ANNUAL,Gallup/WHR,Life Ladder,Mauritania,2022,2022,2022,country-year,observed,no,Coverage-only row generated from validated WHR2024 annual mirror; outcome value omitted.
WHR2024_ANNUAL,Gallup/WHR,Life Ladder,Mauritania,2023,2023,2023,country-year,observed,no,Coverage-only row generated from validated WHR2024 annual mirror; outcome value omitted.
WHR2024_ANNUAL,Gallup/WHR,Life Ladder,Mauritius,2011,2011,2011,country-year,observed,no,Coverage-only row generated from validated WHR2024 annual mirror; outcome value omitted.
WHR2024_ANNUAL,Gallup/WHR,Life Ladder,Mauritius,2014,2014,2014,country-year,observed,no,Coverage-only row generated from validated WHR2024 annual mirror; outcome value omitted.
WHR2024_ANNUAL,Gallup/WHR,Life Ladder,Mauritius,2016,2016,2016,country-year,observed,no,Coverage-only row generated from validated WHR2024 annual mirror; outcome value omitted.
WHR2024_ANNUAL,Gallup/WHR,Life Ladder,Mauritius,2017,2017,2017,country-year,observed,no,Coverage-only row generated from validated WHR2024 annual mirror; outcome value omitted.
WHR2024_ANNUAL,Gallup/WHR,Life Ladder,Mauritius,2018,2018,2018,country-year,observed,no,Coverage-only row generated from validated WHR2024 annual mirror; outcome value omitted.
WHR2024_ANNUAL,Gallup/WHR,Life Ladder,Mauritius,2019,2019,2019,country-year,observed,no,Coverage-only row generated from validated WHR2024 annual mirror; outcome value omitted.
WHR2024_ANNUAL,Gallup/WHR,Life Ladder,Mauritius,2020,2020,2020,country-year,observed,no,Coverage-only row generated from validated WHR2024 annual mirror; outcome value omitted.
WHR2024_ANNUAL,Gallup/WHR,Life Ladder,Mauritius,2021,2021,2021,country-year,observed,no,Coverage-only row generated from validated WHR2024 annual mirror; outcome value omitted.
WHR2024_ANNUAL,Gallup/WHR,Life Ladder,Mauritius,2022,2022,2022,country-year,observed,no,Coverage-only row generated from validated WHR2024 annual mirror; outcome value omitted.
WHR2024_ANNUAL,Gallup/WHR,Life Ladder,Mauritius,2023,2023,2023,country-year,observed,no,Coverage-only row generated from validated WHR2024 annual mirror; outcome value omitted.
WHR2024_ANNUAL,Gallup/WHR,Life Ladder,Mexico,2005,2005,2005,country-year,observed,no,Coverage-only row generated from validated WHR2024 annual mirror; outcome value omitted.
WHR2024_ANNUAL,Gallup/WHR,Life Ladder,Mexico,2007,2007,2007,country-year,observed,no,Coverage-only row generated from validated WHR2024 annual mirror; outcome value omitted.
WHR2024_ANNUAL,Gallup/WHR,Life Ladder,Mexico,2008,2008,2008,country-year,observed,no,Coverage-only row generated from validated WHR2024 annual mirror; outcome value omitted.
WHR2024_ANNUAL,Gallup/WHR,Life Ladder,Mexico,2009,2009,2009,country-year,observed,no,Coverage-only row generated from validated WHR2024 annual mirror; outcome value omitted.
WHR2024_ANNUAL,Gallup/WHR,Life Ladder,Mexico,2010,2010,2010,country-year,observed,no,Coverage-only row generated from validated WHR2024 annual mirror; outcome value omitted.
WHR2024_ANNUAL,Gallup/WHR,Life Ladder,Mexico,2011,2011,2011,country-year,observed,no,Coverage-only row generated from validated WHR2024 annual mirror; outcome value omitted.
WHR2024_ANNUAL,Gallup/WHR,Life Ladder,Mexico,2012,2012,2012,country-year,observed,no,Coverage-only row generated from validated WHR2024 annual mirror; outcome value omitted.
WHR2024_ANNUAL,Gallup/WHR,Life Ladder,Mexico,2013,2013,2013,country-year,observed,no,Coverage-only row generated from validated WHR2024 annual mirror; outcome value omitted.
WHR2024_ANNUAL,Gallup/WHR,Life Ladder,Mexico,2014,2014,2014,country-year,observed,no,Coverage-only row generated from validated WHR2024 annual mirror; outcome value omitted.
WHR2024_ANNUAL,Gallup/WHR,Life Ladder,Mexico,2015,2015,2015,country-year,observed,no,Coverage-only row generated from validated WHR2024 annual mirror; outcome value omitted.
WHR2024_ANNUAL,Gallup/WHR,Life Ladder,Mexico,2016,2016,2016,country-year,observed,no,Coverage-only row generated from validated WHR2024 annual mirror; outcome value omitted.
WHR2024_ANNUAL,Gallup/WHR,Life Ladder,Mexico,2017,2017,2017,country-year,observed,no,Coverage-only row generated from validated WHR2024 annual mirror; outcome value omitted.
WHR2024_ANNUAL,Gallup/WHR,Life Ladder,Mexico,2018,2018,2018,country-year,observed,no,Coverage-only row generated from validated WHR2024 annual mirror; outcome value omitted.
WHR2024_ANNUAL,Gallup/WHR,Life Ladder,Mexico,2019,2019,2019,country-year,observed,no,Coverage-only row generated from validated WHR2024 annual mirror; outcome value omitted.
WHR2024_ANNUAL,Gallup/WHR,Life Ladder,Mexico,2020,2020,2020,country-year,observed,no,Coverage-only row generated from validated WHR2024 annual mirror; outcome value omitted.
WHR2024_ANNUAL,Gallup/WHR,Life Ladder,Mexico,2021,2021,2021,country-year,observed,no,Coverage-only row generated from validated WHR2024 annual mirror; outcome value omitted.
WHR2024_ANNUAL,Gallup/WHR,Life Ladder,Mexico,2022,2022,2022,country-year,observed,no,Coverage-only row generated from validated WHR2024 annual mirror; outcome value omitted.
WHR2024_ANNUAL,Gallup/WHR,Life Ladder,Mexico,2023,2023,2023,country-year,observed,no,Coverage-only row generated from validated WHR2024 annual mirror; outcome value omitted.
WHR2024_ANNUAL,Gallup/WHR,Life Ladder,Moldova,2006,2006,2006,country-year,observed,no,Coverage-only row generated from validated WHR2024 annual mirror; outcome value omitted.
WHR2024_ANNUAL,Gallup/WHR,Life Ladder,Moldova,2007,2007,2007,country-year,observed,no,Coverage-only row generated from validated WHR2024 annual mirror; outcome value omitted.
WHR2024_ANNUAL,Gallup/WHR,Life Ladder,Moldova,2008,2008,2008,country-year,observed,no,Coverage-only row generated from validated WHR2024 annual mirror; outcome value omitted.
WHR2024_ANNUAL,Gallup/WHR,Life Ladder,Moldova,2009,2009,2009,country-year,observed,no,Coverage-only row generated from validated WHR2024 annual mirror; outcome value omitted.
WHR2024_ANNUAL,Gallup/WHR,Life Ladder,Moldova,2010,2010,2010,country-year,observed,no,Coverage-only row generated from validated WHR2024 annual mirror; outcome value omitted.
WHR2024_ANNUAL,Gallup/WHR,Life Ladder,Moldova,2011,2011,2011,country-year,observed,no,Coverage-only row generated from validated WHR2024 annual mirror; outcome value omitted.
WHR2024_ANNUAL,Gallup/WHR,Life Ladder,Moldova,2012,2012,2012,country-year,observed,no,Coverage-only row generated from validated WHR2024 annual mirror; outcome value omitted.
WHR2024_ANNUAL,Gallup/WHR,Life Ladder,Moldova,2013,2013,2013,country-year,observed,no,Coverage-only row generated from validated WHR2024 annual mirror; outcome value omitted.
WHR2024_ANNUAL,Gallup/WHR,Life Ladder,Moldova,2014,2014,2014,country-year,observed,no,Coverage-only row generated from validated WHR2024 annual mirror; outcome value omitted.
WHR2024_ANNUAL,Gallup/WHR,Life Ladder,Moldova,2015,2015,2015,country-year,observed,no,Coverage-only row generated from validated WHR2024 annual mirror; outcome value omitted.
WHR2024_ANNUAL,Gallup/WHR,Life Ladder,Moldova,2016,2016,2016,country-year,observed,no,Coverage-only row generated from validated WHR2024 annual mirror; outcome value omitted.
WHR2024_ANNUAL,Gallup/WHR,Life Ladder,Moldova,2017,2017,2017,country-year,observed,no,Coverage-only row generated from validated WHR2024 annual mirror; outcome value omitted.
WHR2024_ANNUAL,Gallup/WHR,Life Ladder,Moldova,2018,2018,2018,country-year,observed,no,Coverage-only row generated from validated WHR2024 annual mirror; outcome value omitted.
WHR2024_ANNUAL,Gallup/WHR,Life Ladder,Moldova,2019,2019,2019,country-year,observed,no,Coverage-only row generated from validated WHR2024 annual mirror; outcome value omitted.
WHR2024_ANNUAL,Gallup/WHR,Life Ladder,Moldova,2020,2020,2020,country-year,observed,no,Coverage-only row generated from validated WHR2024 annual mirror; outcome value omitted.
WHR2024_ANNUAL,Gallup/WHR,Life Ladder,Moldova,2021,2021,2021,country-year,observed,no,Coverage-only row generated from validated WHR2024 annual mirror; outcome value omitted.
WHR2024_ANNUAL,Gallup/WHR,Life Ladder,Moldova,2022,2022,2022,country-year,observed,no,Coverage-only row generated from validated WHR2024 annual mirror; outcome value omitted.
WHR2024_ANNUAL,Gallup/WHR,Life Ladder,Moldova,2023,2023,2023,country-year,observed,no,Coverage-only row generated from validated WHR2024 annual mirror; outcome value omitted.
WHR2024_ANNUAL,Gallup/WHR,Life Ladder,Mongolia,2007,2007,2007,country-year,observed,no,Coverage-only row generated from validated WHR2024 annual mirror; outcome value omitted.
WHR2024_ANNUAL,Gallup/WHR,Life Ladder,Mongolia,2008,2008,2008,country-year,observed,no,Coverage-only row generated from validated WHR2024 annual mirror; outcome value omitted.
WHR2024_ANNUAL,Gallup/WHR,Life Ladder,Mongolia,2010,2010,2010,country-year,observed,no,Coverage-only row generated from validated WHR2024 annual mirror; outcome value omitted.
WHR2024_ANNUAL,Gallup/WHR,Life Ladder,Mongolia,2011,2011,2011,country-year,observed,no,Coverage-only row generated from validated WHR2024 annual mirror; outcome value omitted.
WHR2024_ANNUAL,Gallup/WHR,Life Ladder,Mongolia,2012,2012,2012,country-year,observed,no,Coverage-only row generated from validated WHR2024 annual mirror; outcome value omitted.
WHR2024_ANNUAL,Gallup/WHR,Life Ladder,Mongolia,2013,2013,2013,country-year,observed,no,Coverage-only row generated from validated WHR2024 annual mirror; outcome value omitted.
WHR2024_ANNUAL,Gallup/WHR,Life Ladder,Mongolia,2014,2014,2014,country-year,observed,no,Coverage-only row generated from validated WHR2024 annual mirror; outcome value omitted.
WHR2024_ANNUAL,Gallup/WHR,Life Ladder,Mongolia,2015,2015,2015,country-year,observed,no,Coverage-only row generated from validated WHR2024 annual mirror; outcome value omitted.
WHR2024_ANNUAL,Gallup/WHR,Life Ladder,Mongolia,2016,2016,2016,country-year,observed,no,Coverage-only row generated from validated WHR2024 annual mirror; outcome value omitted.
WHR2024_ANNUAL,Gallup/WHR,Life Ladder,Mongolia,2017,2017,2017,country-year,observed,no,Coverage-only row generated from validated WHR2024 annual mirror; outcome value omitted.
WHR2024_ANNUAL,Gallup/WHR,Life Ladder,Mongolia,2018,2018,2018,country-year,observed,no,Coverage-only row generated from validated WHR2024 annual mirror; outcome value omitted.
WHR2024_ANNUAL,Gallup/WHR,Life Ladder,Mongolia,2019,2019,2019,country-year,observed,no,Coverage-only row generated from validated WHR2024 annual mirror; outcome value omitted.
WHR2024_ANNUAL,Gallup/WHR,Life Ladder,Mongolia,2020,2020,2020,country-year,observed,no,Coverage-only row generated from validated WHR2024 annual mirror; outcome value omitted.
WHR2024_ANNUAL,Gallup/WHR,Life Ladder,Mongolia,2021,2021,2021,country-year,observed,no,Coverage-only row generated from validated WHR2024 annual mirror; outcome value omitted.
WHR2024_ANNUAL,Gallup/WHR,Life Ladder,Mongolia,2022,2022,2022,country-year,observed,no,Coverage-only row generated from validated WHR2024 annual mirror; outcome value omitted.
WHR2024_ANNUAL,Gallup/WHR,Life Ladder,Mongolia,2023,2023,2023,country-year,observed,no,Coverage-only row generated from validated WHR2024 annual mirror; outcome value omitted.
WHR2024_ANNUAL,Gallup/WHR,Life Ladder,Montenegro,2007,2007,2007,country-year,observed,no,Coverage-only row generated from validated WHR2024 annual mirror; outcome value omitted.
WHR2024_ANNUAL,Gallup/WHR,Life Ladder,Montenegro,2009,2009,2009,country-year,observed,no,Coverage-only row generated from validated WHR2024 annual mirror; outcome value omitted.
WHR2024_ANNUAL,Gallup/WHR,Life Ladder,Montenegro,2010,2010,2010,country-year,observed,no,Coverage-only row generated from validated WHR2024 annual mirror; outcome value omitted.
WHR2024_ANNUAL,Gallup/WHR,Life Ladder,Montenegro,2011,2011,2011,country-year,observed,no,Coverage-only row generated from validated WHR2024 annual mirror; outcome value omitted.
WHR2024_ANNUAL,Gallup/WHR,Life Ladder,Montenegro,2012,2012,2012,country-year,observed,no,Coverage-only row generated from validated WHR2024 annual mirror; outcome value omitted.
WHR2024_ANNUAL,Gallup/WHR,Life Ladder,Montenegro,2013,2013,2013,country-year,observed,no,Coverage-only row generated from validated WHR2024 annual mirror; outcome value omitted.
WHR2024_ANNUAL,Gallup/WHR,Life Ladder,Montenegro,2014,2014,2014,country-year,observed,no,Coverage-only row generated from validated WHR2024 annual mirror; outcome value omitted.
WHR2024_ANNUAL,Gallup/WHR,Life Ladder,Montenegro,2015,2015,2015,country-year,observed,no,Coverage-only row generated from validated WHR2024 annual mirror; outcome value omitted.
WHR2024_ANNUAL,Gallup/WHR,Life Ladder,Montenegro,2016,2016,2016,country-year,observed,no,Coverage-only row generated from validated WHR2024 annual mirror; outcome value omitted.
WHR2024_ANNUAL,Gallup/WHR,Life Ladder,Montenegro,2017,2017,2017,country-year,observed,no,Coverage-only row generated from validated WHR2024 annual mirror; outcome value omitted.
WHR2024_ANNUAL,Gallup/WHR,Life Ladder,Montenegro,2018,2018,2018,country-year,observed,no,Coverage-only row generated from validated WHR2024 annual mirror; outcome value omitted.
WHR2024_ANNUAL,Gallup/WHR,Life Ladder,Montenegro,2019,2019,2019,country-year,observed,no,Coverage-only row generated from validated WHR2024 annual mirror; outcome value omitted.
WHR2024_ANNUAL,Gallup/WHR,Life Ladder,Montenegro,2020,2020,2020,country-year,observed,no,Coverage-only row generated from validated WHR2024 annual mirror; outcome value omitted.
WHR2024_ANNUAL,Gallup/WHR,Life Ladder,Montenegro,2022,2022,2022,country-year,observed,no,Coverage-only row generated from validated WHR2024 annual mirror; outcome value omitted.
WHR2024_ANNUAL,Gallup/WHR,Life Ladder,Montenegro,2023,2023,2023,country-year,observed,no,Coverage-only row generated from validated WHR2024 annual mirror; outcome value omitted.
WHR2024_ANNUAL,Gallup/WHR,Life Ladder,Morocco,2010,2010,2010,country-year,observed,no,Coverage-only row generated from validated WHR2024 annual mirror; outcome value omitted.
WHR2024_ANNUAL,Gallup/WHR,Life Ladder,Morocco,2011,2011,2011,country-year,observed,no,Coverage-only row generated from validated WHR2024 annual mirror; outcome value omitted.
WHR2024_ANNUAL,Gallup/WHR,Life Ladder,Morocco,2012,2012,2012,country-year,observed,no,Coverage-only row generated from validated WHR2024 annual mirror; outcome value omitted.
WHR2024_ANNUAL,Gallup/WHR,Life Ladder,Morocco,2013,2013,2013,country-year,observed,no,Coverage-only row generated from validated WHR2024 annual mirror; outcome value omitted.
WHR2024_ANNUAL,Gallup/WHR,Life Ladder,Morocco,2015,2015,2015,country-year,observed,no,Coverage-only row generated from validated WHR2024 annual mirror; outcome value omitted.
WHR2024_ANNUAL,Gallup/WHR,Life Ladder,Morocco,2016,2016,2016,country-year,observed,no,Coverage-only row generated from validated WHR2024 annual mirror; outcome value omitted.
WHR2024_ANNUAL,Gallup/WHR,Life Ladder,Morocco,2017,2017,2017,country-year,observed,no,Coverage-only row generated from validated WHR2024 annual mirror; outcome value omitted.
WHR2024_ANNUAL,Gallup/WHR,Life Ladder,Morocco,2018,2018,2018,country-year,observed,no,Coverage-only row generated from validated WHR2024 annual mirror; outcome value omitted.
WHR2024_ANNUAL,Gallup/WHR,Life Ladder,Morocco,2019,2019,2019,country-year,observed,no,Coverage-only row generated from validated WHR2024 annual mirror; outcome value omitted.
WHR2024_ANNUAL,Gallup/WHR,Life Ladder,Morocco,2020,2020,2020,country-year,observed,no,Coverage-only row generated from validated WHR2024 annual mirror; outcome value omitted.
WHR2024_ANNUAL,Gallup/WHR,Life Ladder,Morocco,2021,2021,2021,country-year,observed,no,Coverage-only row generated from validated WHR2024 annual mirror; outcome value omitted.
WHR2024_ANNUAL,Gallup/WHR,Life Ladder,Morocco,2022,2022,2022,country-year,observed,no,Coverage-only row generated from validated WHR2024 annual mirror; outcome value omitted.
WHR2024_ANNUAL,Gallup/WHR,Life Ladder,Morocco,2023,2023,2023,country-year,observed,no,Coverage-only row generated from validated WHR2024 annual mirror; outcome value omitted.
WHR2024_ANNUAL,Gallup/WHR,Life Ladder,Mozambique,2006,2006,2006,country-year,observed,no,Coverage-only row generated from validated WHR2024 annual mirror; outcome value omitted.
WHR2024_ANNUAL,Gallup/WHR,Life Ladder,Mozambique,2007,2007,2007,country-year,observed,no,Coverage-only row generated from validated WHR2024 annual mirror; outcome value omitted.
WHR2024_ANNUAL,Gallup/WHR,Life Ladder,Mozambique,2008,2008,2008,country-year,observed,no,Coverage-only row generated from validated WHR2024 annual mirror; outcome value omitted.
WHR2024_ANNUAL,Gallup/WHR,Life Ladder,Mozambique,2011,2011,2011,country-year,observed,no,Coverage-only row generated from validated WHR2024 annual mirror; outcome value omitted.
WHR2024_ANNUAL,Gallup/WHR,Life Ladder,Mozambique,2015,2015,2015,country-year,observed,no,Coverage-only row generated from validated WHR2024 annual mirror; outcome value omitted.
WHR2024_ANNUAL,Gallup/WHR,Life Ladder,Mozambique,2017,2017,2017,country-year,observed,no,Coverage-only row generated from validated WHR2024 annual mirror; outcome value omitted.
WHR2024_ANNUAL,Gallup/WHR,Life Ladder,Mozambique,2018,2018,2018,country-year,observed,no,Coverage-only row generated from validated WHR2024 annual mirror; outcome value omitted.
WHR2024_ANNUAL,Gallup/WHR,Life Ladder,Mozambique,2019,2019,2019,country-year,observed,no,Coverage-only row generated from validated WHR2024 annual mirror; outcome value omitted.
WHR2024_ANNUAL,Gallup/WHR,Life Ladder,Mozambique,2021,2021,2021,country-year,observed,no,Coverage-only row generated from validated WHR2024 annual mirror; outcome value omitted.
WHR2024_ANNUAL,Gallup/WHR,Life Ladder,Mozambique,2022,2022,2022,country-year,observed,no,Coverage-only row generated from validated WHR2024 annual mirror; outcome value omitted.
WHR2024_ANNUAL,Gallup/WHR,Life Ladder,Mozambique,2023,2023,2023,country-year,observed,no,Coverage-only row generated from validated WHR2024 annual mirror; outcome value omitted.
WHR2024_ANNUAL,Gallup/WHR,Life Ladder,Myanmar,2012,2012,2012,country-year,observed,no,Coverage-only row generated from validated WHR2024 annual mirror; outcome value omitted.
WHR2024_ANNUAL,Gallup/WHR,Life Ladder,Myanmar,2013,2013,2013,country-year,observed,no,Coverage-only row generated from validated WHR2024 annual mirror; outcome value omitted.
WHR2024_ANNUAL,Gallup/WHR,Life Ladder,Myanmar,2014,2014,2014,country-year,observed,no,Coverage-only row generated from validated WHR2024 annual mirror; outcome value omitted.
WHR2024_ANNUAL,Gallup/WHR,Life Ladder,Myanmar,2015,2015,2015,country-year,observed,no,Coverage-only row generated from validated WHR2024 annual mirror; outcome value omitted.
WHR2024_ANNUAL,Gallup/WHR,Life Ladder,Myanmar,2016,2016,2016,country-year,observed,no,Coverage-only row generated from validated WHR2024 annual mirror; outcome value omitted.
WHR2024_ANNUAL,Gallup/WHR,Life Ladder,Myanmar,2017,2017,2017,country-year,observed,no,Coverage-only row generated from validated WHR2024 annual mirror; outcome value omitted.
WHR2024_ANNUAL,Gallup/WHR,Life Ladder,Myanmar,2018,2018,2018,country-year,observed,no,Coverage-only row generated from validated WHR2024 annual mirror; outcome value omitted.
WHR2024_ANNUAL,Gallup/WHR,Life Ladder,Myanmar,2019,2019,2019,country-year,observed,no,Coverage-only row generated from validated WHR2024 annual mirror; outcome value omitted.
WHR2024_ANNUAL,Gallup/WHR,Life Ladder,Myanmar,2020,2020,2020,country-year,observed,no,Coverage-only row generated from validated WHR2024 annual mirror; outcome value omitted.
WHR2024_ANNUAL,Gallup/WHR,Life Ladder,Myanmar,2021,2021,2021,country-year,observed,no,Coverage-only row generated from validated WHR2024 annual mirror; outcome value omitted.
WHR2024_ANNUAL,Gallup/WHR,Life Ladder,Myanmar,2022,2022,2022,country-year,observed,no,Coverage-only row generated from validated WHR2024 annual mirror; outcome value omitted.
WHR2024_ANNUAL,Gallup/WHR,Life Ladder,Myanmar,2023,2023,2023,country-year,observed,no,Coverage-only row generated from validated WHR2024 annual mirror; outcome value omitted.
WHR2024_ANNUAL,Gallup/WHR,Life Ladder,Namibia,2007,2007,2007,country-year,observed,no,Coverage-only row generated from validated WHR2024 annual mirror; outcome value omitted.
WHR2024_ANNUAL,Gallup/WHR,Life Ladder,Namibia,2014,2014,2014,country-year,observed,no,Coverage-only row generated from validated WHR2024 annual mirror; outcome value omitted.
WHR2024_ANNUAL,Gallup/WHR,Life Ladder,Namibia,2017,2017,2017,country-year,observed,no,Coverage-only row generated from validated WHR2024 annual mirror; outcome value omitted.
WHR2024_ANNUAL,Gallup/WHR,Life Ladder,Namibia,2018,2018,2018,country-year,observed,no,Coverage-only row generated from validated WHR2024 annual mirror; outcome value omitted.
WHR2024_ANNUAL,Gallup/WHR,Life Ladder,Namibia,2019,2019,2019,country-year,observed,no,Coverage-only row generated from validated WHR2024 annual mirror; outcome value omitted.
WHR2024_ANNUAL,Gallup/WHR,Life Ladder,Namibia,2020,2020,2020,country-year,observed,no,Coverage-only row generated from validated WHR2024 annual mirror; outcome value omitted.
WHR2024_ANNUAL,Gallup/WHR,Life Ladder,Namibia,2021,2021,2021,country-year,observed,no,Coverage-only row generated from validated WHR2024 annual mirror; outcome value omitted.
WHR2024_ANNUAL,Gallup/WHR,Life Ladder,Namibia,2022,2022,2022,country-year,observed,no,Coverage-only row generated from validated WHR2024 annual mirror; outcome value omitted.
WHR2024_ANNUAL,Gallup/WHR,Life Ladder,Namibia,2023,2023,2023,country-year,observed,no,Coverage-only row generated from validated WHR2024 annual mirror; outcome value omitted.
WHR2024_ANNUAL,Gallup/WHR,Life Ladder,Nepal,2006,2006,2006,country-year,observed,no,Coverage-only row generated from validated WHR2024 annual mirror; outcome value omitted.
WHR2024_ANNUAL,Gallup/WHR,Life Ladder,Nepal,2007,2007,2007,country-year,observed,no,Coverage-only row generated from validated WHR2024 annual mirror; outcome value omitted.
WHR2024_ANNUAL,Gallup/WHR,Life Ladder,Nepal,2008,2008,2008,country-year,observed,no,Coverage-only row generated from validated WHR2024 annual mirror; outcome value omitted.
WHR2024_ANNUAL,Gallup/WHR,Life Ladder,Nepal,2009,2009,2009,country-year,observed,no,Coverage-only row generated from validated WHR2024 annual mirror; outcome value omitted.
WHR2024_ANNUAL,Gallup/WHR,Life Ladder,Nepal,2010,2010,2010,country-year,observed,no,Coverage-only row generated from validated WHR2024 annual mirror; outcome value omitted.
WHR2024_ANNUAL,Gallup/WHR,Life Ladder,Nepal,2011,2011,2011,country-year,observed,no,Coverage-only row generated from validated WHR2024 annual mirror; outcome value omitted.
WHR2024_ANNUAL,Gallup/WHR,Life Ladder,Nepal,2012,2012,2012,country-year,observed,no,Coverage-only row generated from validated WHR2024 annual mirror; outcome value omitted.
WHR2024_ANNUAL,Gallup/WHR,Life Ladder,Nepal,2013,2013,2013,country-year,observed,no,Coverage-only row generated from validated WHR2024 annual mirror; outcome value omitted.
WHR2024_ANNUAL,Gallup/WHR,Life Ladder,Nepal,2014,2014,2014,country-year,observed,no,Coverage-only row generated from validated WHR2024 annual mirror; outcome value omitted.
WHR2024_ANNUAL,Gallup/WHR,Life Ladder,Nepal,2015,2015,2015,country-year,observed,no,Coverage-only row generated from validated WHR2024 annual mirror; outcome value omitted.
WHR2024_ANNUAL,Gallup/WHR,Life Ladder,Nepal,2016,2016,2016,country-year,observed,no,Coverage-only row generated from validated WHR2024 annual mirror; outcome value omitted.
WHR2024_ANNUAL,Gallup/WHR,Life Ladder,Nepal,2017,2017,2017,country-year,observed,no,Coverage-only row generated from validated WHR2024 annual mirror; outcome value omitted.
WHR2024_ANNUAL,Gallup/WHR,Life Ladder,Nepal,2018,2018,2018,country-year,observed,no,Coverage-only row generated from validated WHR2024 annual mirror; outcome value omitted.
WHR2024_ANNUAL,Gallup/WHR,Life Ladder,Nepal,2019,2019,2019,country-year,observed,no,Coverage-only row generated from validated WHR2024 annual mirror; outcome value omitted.
WHR2024_ANNUAL,Gallup/WHR,Life Ladder,Nepal,2020,2020,2020,country-year,observed,no,Coverage-only row generated from validated WHR2024 annual mirror; outcome value omitted.
WHR2024_ANNUAL,Gallup/WHR,Life Ladder,Nepal,2021,2021,2021,country-year,observed,no,Coverage-only row generated from validated WHR2024 annual mirror; outcome value omitted.
WHR2024_ANNUAL,Gallup/WHR,Life Ladder,Nepal,2022,2022,2022,country-year,observed,no,Coverage-only row generated from validated WHR2024 annual mirror; outcome value omitted.
WHR2024_ANNUAL,Gallup/WHR,Life Ladder,Nepal,2023,2023,2023,country-year,observed,no,Coverage-only row generated from validated WHR2024 annual mirror; outcome value omitted.
WHR2024_ANNUAL,Gallup/WHR,Life Ladder,Netherlands,2005,2005,2005,country-year,observed,no,Coverage-only row generated from validated WHR2024 annual mirror; outcome value omitted.
WHR2024_ANNUAL,Gallup/WHR,Life Ladder,Netherlands,2007,2007,2007,country-year,observed,no,Coverage-only row generated from validated WHR2024 annual mirror; outcome value omitted.
WHR2024_ANNUAL,Gallup/WHR,Life Ladder,Netherlands,2008,2008,2008,country-year,observed,no,Coverage-only row generated from validated WHR2024 annual mirror; outcome value omitted.
WHR2024_ANNUAL,Gallup/WHR,Life Ladder,Netherlands,2010,2010,2010,country-year,observed,no,Coverage-only row generated from validated WHR2024 annual mirror; outcome value omitted.
WHR2024_ANNUAL,Gallup/WHR,Life Ladder,Netherlands,2011,2011,2011,country-year,observed,no,Coverage-only row generated from validated WHR2024 annual mirror; outcome value omitted.
WHR2024_ANNUAL,Gallup/WHR,Life Ladder,Netherlands,2012,2012,2012,country-year,observed,no,Coverage-only row generated from validated WHR2024 annual mirror; outcome value omitted.
WHR2024_ANNUAL,Gallup/WHR,Life Ladder,Netherlands,2013,2013,2013,country-year,observed,no,Coverage-only row generated from validated WHR2024 annual mirror; outcome value omitted.
WHR2024_ANNUAL,Gallup/WHR,Life Ladder,Netherlands,2014,2014,2014,country-year,observed,no,Coverage-only row generated from validated WHR2024 annual mirror; outcome value omitted.
WHR2024_ANNUAL,Gallup/WHR,Life Ladder,Netherlands,2015,2015,2015,country-year,observed,no,Coverage-only row generated from validated WHR2024 annual mirror; outcome value omitted.
WHR2024_ANNUAL,Gallup/WHR,Life Ladder,Netherlands,2016,2016,2016,country-year,observed,no,Coverage-only row generated from validated WHR2024 annual mirror; outcome value omitted.
WHR2024_ANNUAL,Gallup/WHR,Life Ladder,Netherlands,2017,2017,2017,country-year,observed,no,Coverage-only row generated from validated WHR2024 annual mirror; outcome value omitted.
WHR2024_ANNUAL,Gallup/WHR,Life Ladder,Netherlands,2018,2018,2018,country-year,observed,no,Coverage-only row generated from validated WHR2024 annual mirror; outcome value omitted.
WHR2024_ANNUAL,Gallup/WHR,Life Ladder,Netherlands,2019,2019,2019,country-year,observed,no,Coverage-only row generated from validated WHR2024 annual mirror; outcome value omitted.
WHR2024_ANNUAL,Gallup/WHR,Life Ladder,Netherlands,2020,2020,2020,country-year,observed,no,Coverage-only row generated from validated WHR2024 annual mirror; outcome value omitted.
WHR2024_ANNUAL,Gallup/WHR,Life Ladder,Netherlands,2021,2021,2021,country-year,observed,no,Coverage-only row generated from validated WHR2024 annual mirror; outcome value omitted.
WHR2024_ANNUAL,Gallup/WHR,Life Ladder,Netherlands,2022,2022,2022,country-year,observed,no,Coverage-only row generated from validated WHR2024 annual mirror; outcome value omitted.
WHR2024_ANNUAL,Gallup/WHR,Life Ladder,Netherlands,2023,2023,2023,country-year,observed,no,Coverage-only row generated from validated WHR2024 annual mirror; outcome value omitted.
WHR2024_ANNUAL,Gallup/WHR,Life Ladder,New Zealand,2006,2006,2006,country-year,observed,no,Coverage-only row generated from validated WHR2024 annual mirror; outcome value omitted.
WHR2024_ANNUAL,Gallup/WHR,Life Ladder,New Zealand,2007,2007,2007,country-year,observed,no,Coverage-only row generated from validated WHR2024 annual mirror; outcome value omitted.
WHR2024_ANNUAL,Gallup/WHR,Life Ladder,New Zealand,2008,2008,2008,country-year,observed,no,Coverage-only row generated from validated WHR2024 annual mirror; outcome value omitted.
WHR2024_ANNUAL,Gallup/WHR,Life Ladder,New Zealand,2010,2010,2010,country-year,observed,no,Coverage-only row generated from validated WHR2024 annual mirror; outcome value omitted.
WHR2024_ANNUAL,Gallup/WHR,Life Ladder,New Zealand,2011,2011,2011,country-year,observed,no,Coverage-only row generated from validated WHR2024 annual mirror; outcome value omitted.
WHR2024_ANNUAL,Gallup/WHR,Life Ladder,New Zealand,2012,2012,2012,country-year,observed,no,Coverage-only row generated from validated WHR2024 annual mirror; outcome value omitted.
WHR2024_ANNUAL,Gallup/WHR,Life Ladder,New Zealand,2013,2013,2013,country-year,observed,no,Coverage-only row generated from validated WHR2024 annual mirror; outcome value omitted.
WHR2024_ANNUAL,Gallup/WHR,Life Ladder,New Zealand,2014,2014,2014,country-year,observed,no,Coverage-only row generated from validated WHR2024 annual mirror; outcome value omitted.
WHR2024_ANNUAL,Gallup/WHR,Life Ladder,New Zealand,2015,2015,2015,country-year,observed,no,Coverage-only row generated from validated WHR2024 annual mirror; outcome value omitted.
WHR2024_ANNUAL,Gallup/WHR,Life Ladder,New Zealand,2016,2016,2016,country-year,observed,no,Coverage-only row generated from validated WHR2024 annual mirror; outcome value omitted.
WHR2024_ANNUAL,Gallup/WHR,Life Ladder,New Zealand,2017,2017,2017,country-year,observed,no,Coverage-only row generated from validated WHR2024 annual mirror; outcome value omitted.
WHR2024_ANNUAL,Gallup/WHR,Life Ladder,New Zealand,2018,2018,2018,country-year,observed,no,Coverage-only row generated from validated WHR2024 annual mirror; outcome value omitted.
WHR2024_ANNUAL,Gallup/WHR,Life Ladder,New Zealand,2019,2019,2019,country-year,observed,no,Coverage-only row generated from validated WHR2024 annual mirror; outcome value omitted.
WHR2024_ANNUAL,Gallup/WHR,Life Ladder,New Zealand,2020,2020,2020,country-year,observed,no,Coverage-only row generated from validated WHR2024 annual mirror; outcome value omitted.
WHR2024_ANNUAL,Gallup/WHR,Life Ladder,New Zealand,2021,2021,2021,country-year,observed,no,Coverage-only row generated from validated WHR2024 annual mirror; outcome value omitted.
WHR2024_ANNUAL,Gallup/WHR,Life Ladder,New Zealand,2022,2022,2022,country-year,observed,no,Coverage-only row generated from validated WHR2024 annual mirror; outcome value omitted.
WHR2024_ANNUAL,Gallup/WHR,Life Ladder,New Zealand,2023,2023,2023,country-year,observed,no,Coverage-only row generated from validated WHR2024 annual mirror; outcome value omitted.
WHR2024_ANNUAL,Gallup/WHR,Life Ladder,Nicaragua,2006,2006,2006,country-year,observed,no,Coverage-only row generated from validated WHR2024 annual mirror; outcome value omitted.
WHR2024_ANNUAL,Gallup/WHR,Life Ladder,Nicaragua,2007,2007,2007,country-year,observed,no,Coverage-only row generated from validated WHR2024 annual mirror; outcome value omitted.
WHR2024_ANNUAL,Gallup/WHR,Life Ladder,Nicaragua,2008,2008,2008,country-year,observed,no,Coverage-only row generated from validated WHR2024 annual mirror; outcome value omitted.
WHR2024_ANNUAL,Gallup/WHR,Life Ladder,Nicaragua,2009,2009,2009,country-year,observed,no,Coverage-only row generated from validated WHR2024 annual mirror; outcome value omitted.
WHR2024_ANNUAL,Gallup/WHR,Life Ladder,Nicaragua,2010,2010,2010,country-year,observed,no,Coverage-only row generated from validated WHR2024 annual mirror; outcome value omitted.
WHR2024_ANNUAL,Gallup/WHR,Life Ladder,Nicaragua,2011,2011,2011,country-year,observed,no,Coverage-only row generated from validated WHR2024 annual mirror; outcome value omitted.
WHR2024_ANNUAL,Gallup/WHR,Life Ladder,Nicaragua,2012,2012,2012,country-year,observed,no,Coverage-only row generated from validated WHR2024 annual mirror; outcome value omitted.
WHR2024_ANNUAL,Gallup/WHR,Life Ladder,Nicaragua,2013,2013,2013,country-year,observed,no,Coverage-only row generated from validated WHR2024 annual mirror; outcome value omitted.
WHR2024_ANNUAL,Gallup/WHR,Life Ladder,Nicaragua,2014,2014,2014,country-year,observed,no,Coverage-only row generated from validated WHR2024 annual mirror; outcome value omitted.
WHR2024_ANNUAL,Gallup/WHR,Life Ladder,Nicaragua,2015,2015,2015,country-year,observed,no,Coverage-only row generated from validated WHR2024 annual mirror; outcome value omitted.
WHR2024_ANNUAL,Gallup/WHR,Life Ladder,Nicaragua,2016,2016,2016,country-year,observed,no,Coverage-only row generated from validated WHR2024 annual mirror; outcome value omitted.
WHR2024_ANNUAL,Gallup/WHR,Life Ladder,Nicaragua,2017,2017,2017,country-year,observed,no,Coverage-only row generated from validated WHR2024 annual mirror; outcome value omitted.
WHR2024_ANNUAL,Gallup/WHR,Life Ladder,Nicaragua,2018,2018,2018,country-year,observed,no,Coverage-only row generated from validated WHR2024 annual mirror; outcome value omitted.
WHR2024_ANNUAL,Gallup/WHR,Life Ladder,Nicaragua,2019,2019,2019,country-year,observed,no,Coverage-only row generated from validated WHR2024 annual mirror; outcome value omitted.
WHR2024_ANNUAL,Gallup/WHR,Life Ladder,Nicaragua,2020,2020,2020,country-year,observed,no,Coverage-only row generated from validated WHR2024 annual mirror; outcome value omitted.
WHR2024_ANNUAL,Gallup/WHR,Life Ladder,Nicaragua,2021,2021,2021,country-year,observed,no,Coverage-only row generated from validated WHR2024 annual mirror; outcome value omitted.
WHR2024_ANNUAL,Gallup/WHR,Life Ladder,Nicaragua,2022,2022,2022,country-year,observed,no,Coverage-only row generated from validated WHR2024 annual mirror; outcome value omitted.
WHR2024_ANNUAL,Gallup/WHR,Life Ladder,Nicaragua,2023,2023,2023,country-year,observed,no,Coverage-only row generated from validated WHR2024 annual mirror; outcome value omitted.
WHR2024_ANNUAL,Gallup/WHR,Life Ladder,Niger,2006,2006,2006,country-year,observed,no,Coverage-only row generated from validated WHR2024 annual mirror; outcome value omitted.
WHR2024_ANNUAL,Gallup/WHR,Life Ladder,Niger,2007,2007,2007,country-year,observed,no,Coverage-only row generated from validated WHR2024 annual mirror; outcome value omitted.
WHR2024_ANNUAL,Gallup/WHR,Life Ladder,Niger,2008,2008,2008,country-year,observed,no,Coverage-only row generated from validated WHR2024 annual mirror; outcome value omitted.
WHR2024_ANNUAL,Gallup/WHR,Life Ladder,Niger,2009,2009,2009,country-year,observed,no,Coverage-only row generated from validated WHR2024 annual mirror; outcome value omitted.
WHR2024_ANNUAL,Gallup/WHR,Life Ladder,Niger,2010,2010,2010,country-year,observed,no,Coverage-only row generated from validated WHR2024 annual mirror; outcome value omitted.
WHR2024_ANNUAL,Gallup/WHR,Life Ladder,Niger,2011,2011,2011,country-year,observed,no,Coverage-only row generated from validated WHR2024 annual mirror; outcome value omitted.
WHR2024_ANNUAL,Gallup/WHR,Life Ladder,Niger,2012,2012,2012,country-year,observed,no,Coverage-only row generated from validated WHR2024 annual mirror; outcome value omitted.
WHR2024_ANNUAL,Gallup/WHR,Life Ladder,Niger,2013,2013,2013,country-year,observed,no,Coverage-only row generated from validated WHR2024 annual mirror; outcome value omitted.
WHR2024_ANNUAL,Gallup/WHR,Life Ladder,Niger,2014,2014,2014,country-year,observed,no,Coverage-only row generated from validated WHR2024 annual mirror; outcome value omitted.
WHR2024_ANNUAL,Gallup/WHR,Life Ladder,Niger,2015,2015,2015,country-year,observed,no,Coverage-only row generated from validated WHR2024 annual mirror; outcome value omitted.
WHR2024_ANNUAL,Gallup/WHR,Life Ladder,Niger,2016,2016,2016,country-year,observed,no,Coverage-only row generated from validated WHR2024 annual mirror; outcome value omitted.
WHR2024_ANNUAL,Gallup/WHR,Life Ladder,Niger,2017,2017,2017,country-year,observed,no,Coverage-only row generated from validated WHR2024 annual mirror; outcome value omitted.
WHR2024_ANNUAL,Gallup/WHR,Life Ladder,Niger,2018,2018,2018,country-year,observed,no,Coverage-only row generated from validated WHR2024 annual mirror; outcome value omitted.
WHR2024_ANNUAL,Gallup/WHR,Life Ladder,Niger,2019,2019,2019,country-year,observed,no,Coverage-only row generated from validated WHR2024 annual mirror; outcome value omitted.
WHR2024_ANNUAL,Gallup/WHR,Life Ladder,Niger,2022,2022,2022,country-year,observed,no,Coverage-only row generated from validated WHR2024 annual mirror; outcome value omitted.
WHR2024_ANNUAL,Gallup/WHR,Life Ladder,Niger,2023,2023,2023,country-year,observed,no,Coverage-only row generated from validated WHR2024 annual mirror; outcome value omitted.
WHR2024_ANNUAL,Gallup/WHR,Life Ladder,Nigeria,2006,2006,2006,country-year,observed,no,Coverage-only row generated from validated WHR2024 annual mirror; outcome value omitted.
WHR2024_ANNUAL,Gallup/WHR,Life Ladder,Nigeria,2007,2007,2007,country-year,observed,no,Coverage-only row generated from validated WHR2024 annual mirror; outcome value omitted.
WHR2024_ANNUAL,Gallup/WHR,Life Ladder,Nigeria,2008,2008,2008,country-year,observed,no,Coverage-only row generated from validated WHR2024 annual mirror; outcome value omitted.
WHR2024_ANNUAL,Gallup/WHR,Life Ladder,Nigeria,2009,2009,2009,country-year,observed,no,Coverage-only row generated from validated WHR2024 annual mirror; outcome value omitted.
WHR2024_ANNUAL,Gallup/WHR,Life Ladder,Nigeria,2010,2010,2010,country-year,observed,no,Coverage-only row generated from validated WHR2024 annual mirror; outcome value omitted.
WHR2024_ANNUAL,Gallup/WHR,Life Ladder,Nigeria,2012,2012,2012,country-year,observed,no,Coverage-only row generated from validated WHR2024 annual mirror; outcome value omitted.
WHR2024_ANNUAL,Gallup/WHR,Life Ladder,Nigeria,2013,2013,2013,country-year,observed,no,Coverage-only row generated from validated WHR2024 annual mirror; outcome value omitted.
WHR2024_ANNUAL,Gallup/WHR,Life Ladder,Nigeria,2015,2015,2015,country-year,observed,no,Coverage-only row generated from validated WHR2024 annual mirror; outcome value omitted.
WHR2024_ANNUAL,Gallup/WHR,Life Ladder,Nigeria,2016,2016,2016,country-year,observed,no,Coverage-only row generated from validated WHR2024 annual mirror; outcome value omitted.
WHR2024_ANNUAL,Gallup/WHR,Life Ladder,Nigeria,2017,2017,2017,country-year,observed,no,Coverage-only row generated from validated WHR2024 annual mirror; outcome value omitted.
WHR2024_ANNUAL,Gallup/WHR,Life Ladder,Nigeria,2018,2018,2018,country-year,observed,no,Coverage-only row generated from validated WHR2024 annual mirror; outcome value omitted.
WHR2024_ANNUAL,Gallup/WHR,Life Ladder,Nigeria,2019,2019,2019,country-year,observed,no,Coverage-only row generated from validated WHR2024 annual mirror; outcome value omitted.
WHR2024_ANNUAL,Gallup/WHR,Life Ladder,Nigeria,2020,2020,2020,country-year,observed,no,Coverage-only row generated from validated WHR2024 annual mirror; outcome value omitted.
WHR2024_ANNUAL,Gallup/WHR,Life Ladder,Nigeria,2021,2021,2021,country-year,observed,no,Coverage-only row generated from validated WHR2024 annual mirror; outcome value omitted.
WHR2024_ANNUAL,Gallup/WHR,Life Ladder,Nigeria,2022,2022,2022,country-year,observed,no,Coverage-only row generated from validated WHR2024 annual mirror; outcome value omitted.
WHR2024_ANNUAL,Gallup/WHR,Life Ladder,Nigeria,2023,2023,2023,country-year,observed,no,Coverage-only row generated from validated WHR2024 annual mirror; outcome value omitted.
WHR2024_ANNUAL,Gallup/WHR,Life Ladder,North Macedonia,2007,2007,2007,country-year,observed,no,Coverage-only row generated from validated WHR2024 annual mirror; outcome value omitted.
WHR2024_ANNUAL,Gallup/WHR,Life Ladder,North Macedonia,2009,2009,2009,country-year,observed,no,Coverage-only row generated from validated WHR2024 annual mirror; outcome value omitted.
WHR2024_ANNUAL,Gallup/WHR,Life Ladder,North Macedonia,2010,2010,2010,country-year,observed,no,Coverage-only row generated from validated WHR2024 annual mirror; outcome value omitted.
WHR2024_ANNUAL,Gallup/WHR,Life Ladder,North Macedonia,2011,2011,2011,country-year,observed,no,Coverage-only row generated from validated WHR2024 annual mirror; outcome value omitted.
WHR2024_ANNUAL,Gallup/WHR,Life Ladder,North Macedonia,2012,2012,2012,country-year,observed,no,Coverage-only row generated from validated WHR2024 annual mirror; outcome value omitted.
WHR2024_ANNUAL,Gallup/WHR,Life Ladder,North Macedonia,2013,2013,2013,country-year,observed,no,Coverage-only row generated from validated WHR2024 annual mirror; outcome value omitted.
WHR2024_ANNUAL,Gallup/WHR,Life Ladder,North Macedonia,2014,2014,2014,country-year,observed,no,Coverage-only row generated from validated WHR2024 annual mirror; outcome value omitted.
WHR2024_ANNUAL,Gallup/WHR,Life Ladder,North Macedonia,2015,2015,2015,country-year,observed,no,Coverage-only row generated from validated WHR2024 annual mirror; outcome value omitted.
WHR2024_ANNUAL,Gallup/WHR,Life Ladder,North Macedonia,2016,2016,2016,country-year,observed,no,Coverage-only row generated from validated WHR2024 annual mirror; outcome value omitted.
WHR2024_ANNUAL,Gallup/WHR,Life Ladder,North Macedonia,2017,2017,2017,country-year,observed,no,Coverage-only row generated from validated WHR2024 annual mirror; outcome value omitted.
WHR2024_ANNUAL,Gallup/WHR,Life Ladder,North Macedonia,2018,2018,2018,country-year,observed,no,Coverage-only row generated from validated WHR2024 annual mirror; outcome value omitted.
WHR2024_ANNUAL,Gallup/WHR,Life Ladder,North Macedonia,2019,2019,2019,country-year,observed,no,Coverage-only row generated from validated WHR2024 annual mirror; outcome value omitted.
WHR2024_ANNUAL,Gallup/WHR,Life Ladder,North Macedonia,2020,2020,2020,country-year,observed,no,Coverage-only row generated from validated WHR2024 annual mirror; outcome value omitted.
WHR2024_ANNUAL,Gallup/WHR,Life Ladder,North Macedonia,2021,2021,2021,country-year,observed,no,Coverage-only row generated from validated WHR2024 annual mirror; outcome value omitted.
WHR2024_ANNUAL,Gallup/WHR,Life Ladder,North Macedonia,2022,2022,2022,country-year,observed,no,Coverage-only row generated from validated WHR2024 annual mirror; outcome value omitted.
WHR2024_ANNUAL,Gallup/WHR,Life Ladder,North Macedonia,2023,2023,2023,country-year,observed,no,Coverage-only row generated from validated WHR2024 annual mirror; outcome value omitted.
WHR2024_ANNUAL,Gallup/WHR,Life Ladder,Norway,2006,2006,2006,country-year,observed,no,Coverage-only row generated from validated WHR2024 annual mirror; outcome value omitted.
WHR2024_ANNUAL,Gallup/WHR,Life Ladder,Norway,2008,2008,2008,country-year,observed,no,Coverage-only row generated from validated WHR2024 annual mirror; outcome value omitted.
WHR2024_ANNUAL,Gallup/WHR,Life Ladder,Norway,2012,2012,2012,country-year,observed,no,Coverage-only row generated from validated WHR2024 annual mirror; outcome value omitted.
WHR2024_ANNUAL,Gallup/WHR,Life Ladder,Norway,2014,2014,2014,country-year,observed,no,Coverage-only row generated from validated WHR2024 annual mirror; outcome value omitted.
WHR2024_ANNUAL,Gallup/WHR,Life Ladder,Norway,2015,2015,2015,country-year,observed,no,Coverage-only row generated from validated WHR2024 annual mirror; outcome value omitted.
WHR2024_ANNUAL,Gallup/WHR,Life Ladder,Norway,2016,2016,2016,country-year,observed,no,Coverage-only row generated from validated WHR2024 annual mirror; outcome value omitted.
WHR2024_ANNUAL,Gallup/WHR,Life Ladder,Norway,2017,2017,2017,country-year,observed,no,Coverage-only row generated from validated WHR2024 annual mirror; outcome value omitted.
WHR2024_ANNUAL,Gallup/WHR,Life Ladder,Norway,2018,2018,2018,country-year,observed,no,Coverage-only row generated from validated WHR2024 annual mirror; outcome value omitted.
WHR2024_ANNUAL,Gallup/WHR,Life Ladder,Norway,2019,2019,2019,country-year,observed,no,Coverage-only row generated from validated WHR2024 annual mirror; outcome value omitted.
WHR2024_ANNUAL,Gallup/WHR,Life Ladder,Norway,2020,2020,2020,country-year,observed,no,Coverage-only row generated from validated WHR2024 annual mirror; outcome value omitted.
WHR2024_ANNUAL,Gallup/WHR,Life Ladder,Norway,2021,2021,2021,country-year,observed,no,Coverage-only row generated from validated WHR2024 annual mirror; outcome value omitted.
WHR2024_ANNUAL,Gallup/WHR,Life Ladder,Norway,2022,2022,2022,country-year,observed,no,Coverage-only row generated from validated WHR2024 annual mirror; outcome value omitted.
WHR2024_ANNUAL,Gallup/WHR,Life Ladder,Norway,2023,2023,2023,country-year,observed,no,Coverage-only row generated from validated WHR2024 annual mirror; outcome value omitted.
WHR2024_ANNUAL,Gallup/WHR,Life Ladder,Oman,2011,2011,2011,country-year,observed,no,Coverage-only row generated from validated WHR2024 annual mirror; outcome value omitted.
WHR2024_ANNUAL,Gallup/WHR,Life Ladder,Pakistan,2005,2005,2005,country-year,observed,no,Coverage-only row generated from validated WHR2024 annual mirror; outcome value omitted.
WHR2024_ANNUAL,Gallup/WHR,Life Ladder,Pakistan,2007,2007,2007,country-year,observed,no,Coverage-only row generated from validated WHR2024 annual mirror; outcome value omitted.
WHR2024_ANNUAL,Gallup/WHR,Life Ladder,Pakistan,2008,2008,2008,country-year,observed,no,Coverage-only row generated from validated WHR2024 annual mirror; outcome value omitted.
WHR2024_ANNUAL,Gallup/WHR,Life Ladder,Pakistan,2009,2009,2009,country-year,observed,no,Coverage-only row generated from validated WHR2024 annual mirror; outcome value omitted.
WHR2024_ANNUAL,Gallup/WHR,Life Ladder,Pakistan,2010,2010,2010,country-year,observed,no,Coverage-only row generated from validated WHR2024 annual mirror; outcome value omitted.
WHR2024_ANNUAL,Gallup/WHR,Life Ladder,Pakistan,2011,2011,2011,country-year,observed,no,Coverage-only row generated from validated WHR2024 annual mirror; outcome value omitted.
WHR2024_ANNUAL,Gallup/WHR,Life Ladder,Pakistan,2012,2012,2012,country-year,observed,no,Coverage-only row generated from validated WHR2024 annual mirror; outcome value omitted.
WHR2024_ANNUAL,Gallup/WHR,Life Ladder,Pakistan,2013,2013,2013,country-year,observed,no,Coverage-only row generated from validated WHR2024 annual mirror; outcome value omitted.
WHR2024_ANNUAL,Gallup/WHR,Life Ladder,Pakistan,2014,2014,2014,country-year,observed,no,Coverage-only row generated from validated WHR2024 annual mirror; outcome value omitted.
WHR2024_ANNUAL,Gallup/WHR,Life Ladder,Pakistan,2015,2015,2015,country-year,observed,no,Coverage-only row generated from validated WHR2024 annual mirror; outcome value omitted.
WHR2024_ANNUAL,Gallup/WHR,Life Ladder,Pakistan,2016,2016,2016,country-year,observed,no,Coverage-only row generated from validated WHR2024 annual mirror; outcome value omitted.
WHR2024_ANNUAL,Gallup/WHR,Life Ladder,Pakistan,2017,2017,2017,country-year,observed,no,Coverage-only row generated from validated WHR2024 annual mirror; outcome value omitted.
WHR2024_ANNUAL,Gallup/WHR,Life Ladder,Pakistan,2018,2018,2018,country-year,observed,no,Coverage-only row generated from validated WHR2024 annual mirror; outcome value omitted.
WHR2024_ANNUAL,Gallup/WHR,Life Ladder,Pakistan,2019,2019,2019,country-year,observed,no,Coverage-only row generated from validated WHR2024 annual mirror; outcome value omitted.
WHR2024_ANNUAL,Gallup/WHR,Life Ladder,Pakistan,2020,2020,2020,country-year,observed,no,Coverage-only row generated from validated WHR2024 annual mirror; outcome value omitted.
WHR2024_ANNUAL,Gallup/WHR,Life Ladder,Pakistan,2021,2021,2021,country-year,observed,no,Coverage-only row generated from validated WHR2024 annual mirror; outcome value omitted.
WHR2024_ANNUAL,Gallup/WHR,Life Ladder,Pakistan,2022,2022,2022,country-year,observed,no,Coverage-only row generated from validated WHR2024 annual mirror; outcome value omitted.
WHR2024_ANNUAL,Gallup/WHR,Life Ladder,Pakistan,2023,2023,2023,country-year,observed,no,Coverage-only row generated from validated WHR2024 annual mirror; outcome value omitted.
WHR2024_ANNUAL,Gallup/WHR,Life Ladder,Panama,2006,2006,2006,country-year,observed,no,Coverage-only row generated from validated WHR2024 annual mirror; outcome value omitted.
WHR2024_ANNUAL,Gallup/WHR,Life Ladder,Panama,2007,2007,2007,country-year,observed,no,Coverage-only row generated from validated WHR2024 annual mirror; outcome value omitted.
WHR2024_ANNUAL,Gallup/WHR,Life Ladder,Panama,2008,2008,2008,country-year,observed,no,Coverage-only row generated from validated WHR2024 annual mirror; outcome value omitted.
WHR2024_ANNUAL,Gallup/WHR,Life Ladder,Panama,2009,2009,2009,country-year,observed,no,Coverage-only row generated from validated WHR2024 annual mirror; outcome value omitted.
WHR2024_ANNUAL,Gallup/WHR,Life Ladder,Panama,2010,2010,2010,country-year,observed,no,Coverage-only row generated from validated WHR2024 annual mirror; outcome value omitted.
WHR2024_ANNUAL,Gallup/WHR,Life Ladder,Panama,2011,2011,2011,country-year,observed,no,Coverage-only row generated from validated WHR2024 annual mirror; outcome value omitted.
WHR2024_ANNUAL,Gallup/WHR,Life Ladder,Panama,2012,2012,2012,country-year,observed,no,Coverage-only row generated from validated WHR2024 annual mirror; outcome value omitted.
WHR2024_ANNUAL,Gallup/WHR,Life Ladder,Panama,2013,2013,2013,country-year,observed,no,Coverage-only row generated from validated WHR2024 annual mirror; outcome value omitted.
WHR2024_ANNUAL,Gallup/WHR,Life Ladder,Panama,2014,2014,2014,country-year,observed,no,Coverage-only row generated from validated WHR2024 annual mirror; outcome value omitted.
WHR2024_ANNUAL,Gallup/WHR,Life Ladder,Panama,2015,2015,2015,country-year,observed,no,Coverage-only row generated from validated WHR2024 annual mirror; outcome value omitted.
WHR2024_ANNUAL,Gallup/WHR,Life Ladder,Panama,2016,2016,2016,country-year,observed,no,Coverage-only row generated from validated WHR2024 annual mirror; outcome value omitted.
WHR2024_ANNUAL,Gallup/WHR,Life Ladder,Panama,2017,2017,2017,country-year,observed,no,Coverage-only row generated from validated WHR2024 annual mirror; outcome value omitted.
WHR2024_ANNUAL,Gallup/WHR,Life Ladder,Panama,2018,2018,2018,country-year,observed,no,Coverage-only row generated from validated WHR2024 annual mirror; outcome value omitted.
WHR2024_ANNUAL,Gallup/WHR,Life Ladder,Panama,2019,2019,2019,country-year,observed,no,Coverage-only row generated from validated WHR2024 annual mirror; outcome value omitted.
WHR2024_ANNUAL,Gallup/WHR,Life Ladder,Panama,2021,2021,2021,country-year,observed,no,Coverage-only row generated from validated WHR2024 annual mirror; outcome value omitted.
WHR2024_ANNUAL,Gallup/WHR,Life Ladder,Panama,2022,2022,2022,country-year,observed,no,Coverage-only row generated from validated WHR2024 annual mirror; outcome value omitted.
WHR2024_ANNUAL,Gallup/WHR,Life Ladder,Panama,2023,2023,2023,country-year,observed,no,Coverage-only row generated from validated WHR2024 annual mirror; outcome value omitted.
WHR2024_ANNUAL,Gallup/WHR,Life Ladder,Paraguay,2006,2006,2006,country-year,observed,no,Coverage-only row generated from validated WHR2024 annual mirror; outcome value omitted.
WHR2024_ANNUAL,Gallup/WHR,Life Ladder,Paraguay,2007,2007,2007,country-year,observed,no,Coverage-only row generated from validated WHR2024 annual mirror; outcome value omitted.
WHR2024_ANNUAL,Gallup/WHR,Life Ladder,Paraguay,2008,2008,2008,country-year,observed,no,Coverage-only row generated from validated WHR2024 annual mirror; outcome value omitted.
WHR2024_ANNUAL,Gallup/WHR,Life Ladder,Paraguay,2009,2009,2009,country-year,observed,no,Coverage-only row generated from validated WHR2024 annual mirror; outcome value omitted.
WHR2024_ANNUAL,Gallup/WHR,Life Ladder,Paraguay,2010,2010,2010,country-year,observed,no,Coverage-only row generated from validated WHR2024 annual mirror; outcome value omitted.
WHR2024_ANNUAL,Gallup/WHR,Life Ladder,Paraguay,2011,2011,2011,country-year,observed,no,Coverage-only row generated from validated WHR2024 annual mirror; outcome value omitted.
WHR2024_ANNUAL,Gallup/WHR,Life Ladder,Paraguay,2012,2012,2012,country-year,observed,no,Coverage-only row generated from validated WHR2024 annual mirror; outcome value omitted.
WHR2024_ANNUAL,Gallup/WHR,Life Ladder,Paraguay,2013,2013,2013,country-year,observed,no,Coverage-only row generated from validated WHR2024 annual mirror; outcome value omitted.
WHR2024_ANNUAL,Gallup/WHR,Life Ladder,Paraguay,2014,2014,2014,country-year,observed,no,Coverage-only row generated from validated WHR2024 annual mirror; outcome value omitted.
WHR2024_ANNUAL,Gallup/WHR,Life Ladder,Paraguay,2015,2015,2015,country-year,observed,no,Coverage-only row generated from validated WHR2024 annual mirror; outcome value omitted.
WHR2024_ANNUAL,Gallup/WHR,Life Ladder,Paraguay,2016,2016,2016,country-year,observed,no,Coverage-only row generated from validated WHR2024 annual mirror; outcome value omitted.
WHR2024_ANNUAL,Gallup/WHR,Life Ladder,Paraguay,2017,2017,2017,country-year,observed,no,Coverage-only row generated from validated WHR2024 annual mirror; outcome value omitted.
WHR2024_ANNUAL,Gallup/WHR,Life Ladder,Paraguay,2019,2019,2019,country-year,observed,no,Coverage-only row generated from validated WHR2024 annual mirror; outcome value omitted.
WHR2024_ANNUAL,Gallup/WHR,Life Ladder,Paraguay,2020,2020,2020,country-year,observed,no,Coverage-only row generated from validated WHR2024 annual mirror; outcome value omitted.
WHR2024_ANNUAL,Gallup/WHR,Life Ladder,Paraguay,2021,2021,2021,country-year,observed,no,Coverage-only row generated from validated WHR2024 annual mirror; outcome value omitted.
WHR2024_ANNUAL,Gallup/WHR,Life Ladder,Paraguay,2022,2022,2022,country-year,observed,no,Coverage-only row generated from validated WHR2024 annual mirror; outcome value omitted.
WHR2024_ANNUAL,Gallup/WHR,Life Ladder,Paraguay,2023,2023,2023,country-year,observed,no,Coverage-only row generated from validated WHR2024 annual mirror; outcome value omitted.
WHR2024_ANNUAL,Gallup/WHR,Life Ladder,Peru,2006,2006,2006,country-year,observed,no,Coverage-only row generated from validated WHR2024 annual mirror; outcome value omitted.
WHR2024_ANNUAL,Gallup/WHR,Life Ladder,Peru,2007,2007,2007,country-year,observed,no,Coverage-only row generated from validated WHR2024 annual mirror; outcome value omitted.
WHR2024_ANNUAL,Gallup/WHR,Life Ladder,Peru,2008,2008,2008,country-year,observed,no,Coverage-only row generated from validated WHR2024 annual mirror; outcome value omitted.
WHR2024_ANNUAL,Gallup/WHR,Life Ladder,Peru,2009,2009,2009,country-year,observed,no,Coverage-only row generated from validated WHR2024 annual mirror; outcome value omitted.
WHR2024_ANNUAL,Gallup/WHR,Life Ladder,Peru,2010,2010,2010,country-year,observed,no,Coverage-only row generated from validated WHR2024 annual mirror; outcome value omitted.
WHR2024_ANNUAL,Gallup/WHR,Life Ladder,Peru,2011,2011,2011,country-year,observed,no,Coverage-only row generated from validated WHR2024 annual mirror; outcome value omitted.
WHR2024_ANNUAL,Gallup/WHR,Life Ladder,Peru,2012,2012,2012,country-year,observed,no,Coverage-only row generated from validated WHR2024 annual mirror; outcome value omitted.
WHR2024_ANNUAL,Gallup/WHR,Life Ladder,Peru,2013,2013,2013,country-year,observed,no,Coverage-only row generated from validated WHR2024 annual mirror; outcome value omitted.
WHR2024_ANNUAL,Gallup/WHR,Life Ladder,Peru,2014,2014,2014,country-year,observed,no,Coverage-only row generated from validated WHR2024 annual mirror; outcome value omitted.
WHR2024_ANNUAL,Gallup/WHR,Life Ladder,Peru,2015,2015,2015,country-year,observed,no,Coverage-only row generated from validated WHR2024 annual mirror; outcome value omitted.
WHR2024_ANNUAL,Gallup/WHR,Life Ladder,Peru,2016,2016,2016,country-year,observed,no,Coverage-only row generated from validated WHR2024 annual mirror; outcome value omitted.
WHR2024_ANNUAL,Gallup/WHR,Life Ladder,Peru,2017,2017,2017,country-year,observed,no,Coverage-only row generated from validated WHR2024 annual mirror; outcome value omitted.
WHR2024_ANNUAL,Gallup/WHR,Life Ladder,Peru,2018,2018,2018,country-year,observed,no,Coverage-only row generated from validated WHR2024 annual mirror; outcome value omitted.
WHR2024_ANNUAL,Gallup/WHR,Life Ladder,Peru,2019,2019,2019,country-year,observed,no,Coverage-only row generated from validated WHR2024 annual mirror; outcome value omitted.
WHR2024_ANNUAL,Gallup/WHR,Life Ladder,Peru,2020,2020,2020,country-year,observed,no,Coverage-only row generated from validated WHR2024 annual mirror; outcome value omitted.
WHR2024_ANNUAL,Gallup/WHR,Life Ladder,Peru,2021,2021,2021,country-year,observed,no,Coverage-only row generated from validated WHR2024 annual mirror; outcome value omitted.
WHR2024_ANNUAL,Gallup/WHR,Life Ladder,Peru,2022,2022,2022,country-year,observed,no,Coverage-only row generated from validated WHR2024 annual mirror; outcome value omitted.
WHR2024_ANNUAL,Gallup/WHR,Life Ladder,Peru,2023,2023,2023,country-year,observed,no,Coverage-only row generated from validated WHR2024 annual mirror; outcome value omitted.
WHR2024_ANNUAL,Gallup/WHR,Life Ladder,Philippines,2006,2006,2006,country-year,observed,no,Coverage-only row generated from validated WHR2024 annual mirror; outcome value omitted.
WHR2024_ANNUAL,Gallup/WHR,Life Ladder,Philippines,2007,2007,2007,country-year,observed,no,Coverage-only row generated from validated WHR2024 annual mirror; outcome value omitted.
WHR2024_ANNUAL,Gallup/WHR,Life Ladder,Philippines,2008,2008,2008,country-year,observed,no,Coverage-only row generated from validated WHR2024 annual mirror; outcome value omitted.
WHR2024_ANNUAL,Gallup/WHR,Life Ladder,Philippines,2009,2009,2009,country-year,observed,no,Coverage-only row generated from validated WHR2024 annual mirror; outcome value omitted.
WHR2024_ANNUAL,Gallup/WHR,Life Ladder,Philippines,2010,2010,2010,country-year,observed,no,Coverage-only row generated from validated WHR2024 annual mirror; outcome value omitted.
WHR2024_ANNUAL,Gallup/WHR,Life Ladder,Philippines,2011,2011,2011,country-year,observed,no,Coverage-only row generated from validated WHR2024 annual mirror; outcome value omitted.
WHR2024_ANNUAL,Gallup/WHR,Life Ladder,Philippines,2012,2012,2012,country-year,observed,no,Coverage-only row generated from validated WHR2024 annual mirror; outcome value omitted.
WHR2024_ANNUAL,Gallup/WHR,Life Ladder,Philippines,2013,2013,2013,country-year,observed,no,Coverage-only row generated from validated WHR2024 annual mirror; outcome value omitted.
WHR2024_ANNUAL,Gallup/WHR,Life Ladder,Philippines,2014,2014,2014,country-year,observed,no,Coverage-only row generated from validated WHR2024 annual mirror; outcome value omitted.
WHR2024_ANNUAL,Gallup/WHR,Life Ladder,Philippines,2015,2015,2015,country-year,observed,no,Coverage-only row generated from validated WHR2024 annual mirror; outcome value omitted.
WHR2024_ANNUAL,Gallup/WHR,Life Ladder,Philippines,2016,2016,2016,country-year,observed,no,Coverage-only row generated from validated WHR2024 annual mirror; outcome value omitted.
WHR2024_ANNUAL,Gallup/WHR,Life Ladder,Philippines,2017,2017,2017,country-year,observed,no,Coverage-only row generated from validated WHR2024 annual mirror; outcome value omitted.
WHR2024_ANNUAL,Gallup/WHR,Life Ladder,Philippines,2018,2018,2018,country-year,observed,no,Coverage-only row generated from validated WHR2024 annual mirror; outcome value omitted.
WHR2024_ANNUAL,Gallup/WHR,Life Ladder,Philippines,2019,2019,2019,country-year,observed,no,Coverage-only row generated from validated WHR2024 annual mirror; outcome value omitted.
WHR2024_ANNUAL,Gallup/WHR,Life Ladder,Philippines,2020,2020,2020,country-year,observed,no,Coverage-only row generated from validated WHR2024 annual mirror; outcome value omitted.
WHR2024_ANNUAL,Gallup/WHR,Life Ladder,Philippines,2021,2021,2021,country-year,observed,no,Coverage-only row generated from validated WHR2024 annual mirror; outcome value omitted.
WHR2024_ANNUAL,Gallup/WHR,Life Ladder,Philippines,2022,2022,2022,country-year,observed,no,Coverage-only row generated from validated WHR2024 annual mirror; outcome value omitted.
WHR2024_ANNUAL,Gallup/WHR,Life Ladder,Philippines,2023,2023,2023,country-year,observed,no,Coverage-only row generated from validated WHR2024 annual mirror; outcome value omitted.
WHR2024_ANNUAL,Gallup/WHR,Life Ladder,Poland,2005,2005,2005,country-year,observed,no,Coverage-only row generated from validated WHR2024 annual mirror; outcome value omitted.
WHR2024_ANNUAL,Gallup/WHR,Life Ladder,Poland,2007,2007,2007,country-year,observed,no,Coverage-only row generated from validated WHR2024 annual mirror; outcome value omitted.
WHR2024_ANNUAL,Gallup/WHR,Life Ladder,Poland,2009,2009,2009,country-year,observed,no,Coverage-only row generated from validated WHR2024 annual mirror; outcome value omitted.
WHR2024_ANNUAL,Gallup/WHR,Life Ladder,Poland,2010,2010,2010,country-year,observed,no,Coverage-only row generated from validated WHR2024 annual mirror; outcome value omitted.
WHR2024_ANNUAL,Gallup/WHR,Life Ladder,Poland,2011,2011,2011,country-year,observed,no,Coverage-only row generated from validated WHR2024 annual mirror; outcome value omitted.
WHR2024_ANNUAL,Gallup/WHR,Life Ladder,Poland,2012,2012,2012,country-year,observed,no,Coverage-only row generated from validated WHR2024 annual mirror; outcome value omitted.
WHR2024_ANNUAL,Gallup/WHR,Life Ladder,Poland,2013,2013,2013,country-year,observed,no,Coverage-only row generated from validated WHR2024 annual mirror; outcome value omitted.
WHR2024_ANNUAL,Gallup/WHR,Life Ladder,Poland,2014,2014,2014,country-year,observed,no,Coverage-only row generated from validated WHR2024 annual mirror; outcome value omitted.
WHR2024_ANNUAL,Gallup/WHR,Life Ladder,Poland,2015,2015,2015,country-year,observed,no,Coverage-only row generated from validated WHR2024 annual mirror; outcome value omitted.
WHR2024_ANNUAL,Gallup/WHR,Life Ladder,Poland,2016,2016,2016,country-year,observed,no,Coverage-only row generated from validated WHR2024 annual mirror; outcome value omitted.
WHR2024_ANNUAL,Gallup/WHR,Life Ladder,Poland,2017,2017,2017,country-year,observed,no,Coverage-only row generated from validated WHR2024 annual mirror; outcome value omitted.
WHR2024_ANNUAL,Gallup/WHR,Life Ladder,Poland,2018,2018,2018,country-year,observed,no,Coverage-only row generated from validated WHR2024 annual mirror; outcome value omitted.
WHR2024_ANNUAL,Gallup/WHR,Life Ladder,Poland,2019,2019,2019,country-year,observed,no,Coverage-only row generated from validated WHR2024 annual mirror; outcome value omitted.
WHR2024_ANNUAL,Gallup/WHR,Life Ladder,Poland,2020,2020,2020,country-year,observed,no,Coverage-only row generated from validated WHR2024 annual mirror; outcome value omitted.
WHR2024_ANNUAL,Gallup/WHR,Life Ladder,Poland,2021,2021,2021,country-year,observed,no,Coverage-only row generated from validated WHR2024 annual mirror; outcome value omitted.
WHR2024_ANNUAL,Gallup/WHR,Life Ladder,Poland,2022,2022,2022,country-year,observed,no,Coverage-only row generated from validated WHR2024 annual mirror; outcome value omitted.
WHR2024_ANNUAL,Gallup/WHR,Life Ladder,Poland,2023,2023,2023,country-year,observed,no,Coverage-only row generated from validated WHR2024 annual mirror; outcome value omitted.
WHR2024_ANNUAL,Gallup/WHR,Life Ladder,Portugal,2006,2006,2006,country-year,observed,no,Coverage-only row generated from validated WHR2024 annual mirror; outcome value omitted.
WHR2024_ANNUAL,Gallup/WHR,Life Ladder,Portugal,2008,2008,2008,country-year,observed,no,Coverage-only row generated from validated WHR2024 annual mirror; outcome value omitted.
WHR2024_ANNUAL,Gallup/WHR,Life Ladder,Portugal,2010,2010,2010,country-year,observed,no,Coverage-only row generated from validated WHR2024 annual mirror; outcome value omitted.
WHR2024_ANNUAL,Gallup/WHR,Life Ladder,Portugal,2011,2011,2011,country-year,observed,no,Coverage-only row generated from validated WHR2024 annual mirror; outcome value omitted.
WHR2024_ANNUAL,Gallup/WHR,Life Ladder,Portugal,2012,2012,2012,country-year,observed,no,Coverage-only row generated from validated WHR2024 annual mirror; outcome value omitted.
WHR2024_ANNUAL,Gallup/WHR,Life Ladder,Portugal,2013,2013,2013,country-year,observed,no,Coverage-only row generated from validated WHR2024 annual mirror; outcome value omitted.
WHR2024_ANNUAL,Gallup/WHR,Life Ladder,Portugal,2014,2014,2014,country-year,observed,no,Coverage-only row generated from validated WHR2024 annual mirror; outcome value omitted.
WHR2024_ANNUAL,Gallup/WHR,Life Ladder,Portugal,2015,2015,2015,country-year,observed,no,Coverage-only row generated from validated WHR2024 annual mirror; outcome value omitted.
WHR2024_ANNUAL,Gallup/WHR,Life Ladder,Portugal,2016,2016,2016,country-year,observed,no,Coverage-only row generated from validated WHR2024 annual mirror; outcome value omitted.
WHR2024_ANNUAL,Gallup/WHR,Life Ladder,Portugal,2017,2017,2017,country-year,observed,no,Coverage-only row generated from validated WHR2024 annual mirror; outcome value omitted.
WHR2024_ANNUAL,Gallup/WHR,Life Ladder,Portugal,2018,2018,2018,country-year,observed,no,Coverage-only row generated from validated WHR2024 annual mirror; outcome value omitted.
WHR2024_ANNUAL,Gallup/WHR,Life Ladder,Portugal,2019,2019,2019,country-year,observed,no,Coverage-only row generated from validated WHR2024 annual mirror; outcome value omitted.
WHR2024_ANNUAL,Gallup/WHR,Life Ladder,Portugal,2020,2020,2020,country-year,observed,no,Coverage-only row generated from validated WHR2024 annual mirror; outcome value omitted.
WHR2024_ANNUAL,Gallup/WHR,Life Ladder,Portugal,2021,2021,2021,country-year,observed,no,Coverage-only row generated from validated WHR2024 annual mirror; outcome value omitted.
WHR2024_ANNUAL,Gallup/WHR,Life Ladder,Portugal,2022,2022,2022,country-year,observed,no,Coverage-only row generated from validated WHR2024 annual mirror; outcome value omitted.
WHR2024_ANNUAL,Gallup/WHR,Life Ladder,Portugal,2023,2023,2023,country-year,observed,no,Coverage-only row generated from validated WHR2024 annual mirror; outcome value omitted.
WHR2024_ANNUAL,Gallup/WHR,Life Ladder,Qatar,2009,2009,2009,country-year,observed,no,Coverage-only row generated from validated WHR2024 annual mirror; outcome value omitted.
WHR2024_ANNUAL,Gallup/WHR,Life Ladder,Qatar,2010,2010,2010,country-year,observed,no,Coverage-only row generated from validated WHR2024 annual mirror; outcome value omitted.
WHR2024_ANNUAL,Gallup/WHR,Life Ladder,Qatar,2011,2011,2011,country-year,observed,no,Coverage-only row generated from validated WHR2024 annual mirror; outcome value omitted.
WHR2024_ANNUAL,Gallup/WHR,Life Ladder,Qatar,2012,2012,2012,country-year,observed,no,Coverage-only row generated from validated WHR2024 annual mirror; outcome value omitted.
WHR2024_ANNUAL,Gallup/WHR,Life Ladder,Qatar,2015,2015,2015,country-year,observed,no,Coverage-only row generated from validated WHR2024 annual mirror; outcome value omitted.
WHR2024_ANNUAL,Gallup/WHR,Life Ladder,Romania,2005,2005,2005,country-year,observed,no,Coverage-only row generated from validated WHR2024 annual mirror; outcome value omitted.
WHR2024_ANNUAL,Gallup/WHR,Life Ladder,Romania,2007,2007,2007,country-year,observed,no,Coverage-only row generated from validated WHR2024 annual mirror; outcome value omitted.
WHR2024_ANNUAL,Gallup/WHR,Life Ladder,Romania,2009,2009,2009,country-year,observed,no,Coverage-only row generated from validated WHR2024 annual mirror; outcome value omitted.
WHR2024_ANNUAL,Gallup/WHR,Life Ladder,Romania,2010,2010,2010,country-year,observed,no,Coverage-only row generated from validated WHR2024 annual mirror; outcome value omitted.
WHR2024_ANNUAL,Gallup/WHR,Life Ladder,Romania,2011,2011,2011,country-year,observed,no,Coverage-only row generated from validated WHR2024 annual mirror; outcome value omitted.
WHR2024_ANNUAL,Gallup/WHR,Life Ladder,Romania,2012,2012,2012,country-year,observed,no,Coverage-only row generated from validated WHR2024 annual mirror; outcome value omitted.
WHR2024_ANNUAL,Gallup/WHR,Life Ladder,Romania,2013,2013,2013,country-year,observed,no,Coverage-only row generated from validated WHR2024 annual mirror; outcome value omitted.
WHR2024_ANNUAL,Gallup/WHR,Life Ladder,Romania,2014,2014,2014,country-year,observed,no,Coverage-only row generated from validated WHR2024 annual mirror; outcome value omitted.
WHR2024_ANNUAL,Gallup/WHR,Life Ladder,Romania,2015,2015,2015,country-year,observed,no,Coverage-only row generated from validated WHR2024 annual mirror; outcome value omitted.
WHR2024_ANNUAL,Gallup/WHR,Life Ladder,Romania,2016,2016,2016,country-year,observed,no,Coverage-only row generated from validated WHR2024 annual mirror; outcome value omitted.
WHR2024_ANNUAL,Gallup/WHR,Life Ladder,Romania,2017,2017,2017,country-year,observed,no,Coverage-only row generated from validated WHR2024 annual mirror; outcome value omitted.
WHR2024_ANNUAL,Gallup/WHR,Life Ladder,Romania,2018,2018,2018,country-year,observed,no,Coverage-only row generated from validated WHR2024 annual mirror; outcome value omitted.
WHR2024_ANNUAL,Gallup/WHR,Life Ladder,Romania,2019,2019,2019,country-year,observed,no,Coverage-only row generated from validated WHR2024 annual mirror; outcome value omitted.
WHR2024_ANNUAL,Gallup/WHR,Life Ladder,Romania,2020,2020,2020,country-year,observed,no,Coverage-only row generated from validated WHR2024 annual mirror; outcome value omitted.
WHR2024_ANNUAL,Gallup/WHR,Life Ladder,Romania,2021,2021,2021,country-year,observed,no,Coverage-only row generated from validated WHR2024 annual mirror; outcome value omitted.
WHR2024_ANNUAL,Gallup/WHR,Life Ladder,Romania,2022,2022,2022,country-year,observed,no,Coverage-only row generated from validated WHR2024 annual mirror; outcome value omitted.
WHR2024_ANNUAL,Gallup/WHR,Life Ladder,Romania,2023,2023,2023,country-year,observed,no,Coverage-only row generated from validated WHR2024 annual mirror; outcome value omitted.
WHR2024_ANNUAL,Gallup/WHR,Life Ladder,Russia,2006,2006,2006,country-year,observed,no,Coverage-only row generated from validated WHR2024 annual mirror; outcome value omitted.
WHR2024_ANNUAL,Gallup/WHR,Life Ladder,Russia,2007,2007,2007,country-year,observed,no,Coverage-only row generated from validated WHR2024 annual mirror; outcome value omitted.
WHR2024_ANNUAL,Gallup/WHR,Life Ladder,Russia,2008,2008,2008,country-year,observed,no,Coverage-only row generated from validated WHR2024 annual mirror; outcome value omitted.
WHR2024_ANNUAL,Gallup/WHR,Life Ladder,Russia,2009,2009,2009,country-year,observed,no,Coverage-only row generated from validated WHR2024 annual mirror; outcome value omitted.
WHR2024_ANNUAL,Gallup/WHR,Life Ladder,Russia,2010,2010,2010,country-year,observed,no,Coverage-only row generated from validated WHR2024 annual mirror; outcome value omitted.
WHR2024_ANNUAL,Gallup/WHR,Life Ladder,Russia,2011,2011,2011,country-year,observed,no,Coverage-only row generated from validated WHR2024 annual mirror; outcome value omitted.
WHR2024_ANNUAL,Gallup/WHR,Life Ladder,Russia,2012,2012,2012,country-year,observed,no,Coverage-only row generated from validated WHR2024 annual mirror; outcome value omitted.
WHR2024_ANNUAL,Gallup/WHR,Life Ladder,Russia,2013,2013,2013,country-year,observed,no,Coverage-only row generated from validated WHR2024 annual mirror; outcome value omitted.
WHR2024_ANNUAL,Gallup/WHR,Life Ladder,Russia,2014,2014,2014,country-year,observed,no,Coverage-only row generated from validated WHR2024 annual mirror; outcome value omitted.
WHR2024_ANNUAL,Gallup/WHR,Life Ladder,Russia,2015,2015,2015,country-year,observed,no,Coverage-only row generated from validated WHR2024 annual mirror; outcome value omitted.
WHR2024_ANNUAL,Gallup/WHR,Life Ladder,Russia,2016,2016,2016,country-year,observed,no,Coverage-only row generated from validated WHR2024 annual mirror; outcome value omitted.
WHR2024_ANNUAL,Gallup/WHR,Life Ladder,Russia,2017,2017,2017,country-year,observed,no,Coverage-only row generated from validated WHR2024 annual mirror; outcome value omitted.
WHR2024_ANNUAL,Gallup/WHR,Life Ladder,Russia,2018,2018,2018,country-year,observed,no,Coverage-only row generated from validated WHR2024 annual mirror; outcome value omitted.
WHR2024_ANNUAL,Gallup/WHR,Life Ladder,Russia,2019,2019,2019,country-year,observed,no,Coverage-only row generated from validated WHR2024 annual mirror; outcome value omitted.
WHR2024_ANNUAL,Gallup/WHR,Life Ladder,Russia,2020,2020,2020,country-year,observed,no,Coverage-only row generated from validated WHR2024 annual mirror; outcome value omitted.
WHR2024_ANNUAL,Gallup/WHR,Life Ladder,Russia,2021,2021,2021,country-year,observed,no,Coverage-only row generated from validated WHR2024 annual mirror; outcome value omitted.
WHR2024_ANNUAL,Gallup/WHR,Life Ladder,Russia,2022,2022,2022,country-year,observed,no,Coverage-only row generated from validated WHR2024 annual mirror; outcome value omitted.
WHR2024_ANNUAL,Gallup/WHR,Life Ladder,Russia,2023,2023,2023,country-year,observed,no,Coverage-only row generated from validated WHR2024 annual mirror; outcome value omitted.
WHR2024_ANNUAL,Gallup/WHR,Life Ladder,Rwanda,2006,2006,2006,country-year,observed,no,Coverage-only row generated from validated WHR2024 annual mirror; outcome value omitted.
WHR2024_ANNUAL,Gallup/WHR,Life Ladder,Rwanda,2008,2008,2008,country-year,observed,no,Coverage-only row generated from validated WHR2024 annual mirror; outcome value omitted.
WHR2024_ANNUAL,Gallup/WHR,Life Ladder,Rwanda,2009,2009,2009,country-year,observed,no,Coverage-only row generated from validated WHR2024 annual mirror; outcome value omitted.
WHR2024_ANNUAL,Gallup/WHR,Life Ladder,Rwanda,2011,2011,2011,country-year,observed,no,Coverage-only row generated from validated WHR2024 annual mirror; outcome value omitted.
WHR2024_ANNUAL,Gallup/WHR,Life Ladder,Rwanda,2012,2012,2012,country-year,observed,no,Coverage-only row generated from validated WHR2024 annual mirror; outcome value omitted.
WHR2024_ANNUAL,Gallup/WHR,Life Ladder,Rwanda,2013,2013,2013,country-year,observed,no,Coverage-only row generated from validated WHR2024 annual mirror; outcome value omitted.
WHR2024_ANNUAL,Gallup/WHR,Life Ladder,Rwanda,2014,2014,2014,country-year,observed,no,Coverage-only row generated from validated WHR2024 annual mirror; outcome value omitted.
WHR2024_ANNUAL,Gallup/WHR,Life Ladder,Rwanda,2015,2015,2015,country-year,observed,no,Coverage-only row generated from validated WHR2024 annual mirror; outcome value omitted.
WHR2024_ANNUAL,Gallup/WHR,Life Ladder,Rwanda,2016,2016,2016,country-year,observed,no,Coverage-only row generated from validated WHR2024 annual mirror; outcome value omitted.
WHR2024_ANNUAL,Gallup/WHR,Life Ladder,Rwanda,2017,2017,2017,country-year,observed,no,Coverage-only row generated from validated WHR2024 annual mirror; outcome value omitted.
WHR2024_ANNUAL,Gallup/WHR,Life Ladder,Rwanda,2018,2018,2018,country-year,observed,no,Coverage-only row generated from validated WHR2024 annual mirror; outcome value omitted.
WHR2024_ANNUAL,Gallup/WHR,Life Ladder,Rwanda,2019,2019,2019,country-year,observed,no,Coverage-only row generated from validated WHR2024 annual mirror; outcome value omitted.
WHR2024_ANNUAL,Gallup/WHR,Life Ladder,Saudi Arabia,2005,2005,2005,country-year,observed,no,Coverage-only row generated from validated WHR2024 annual mirror; outcome value omitted.
WHR2024_ANNUAL,Gallup/WHR,Life Ladder,Saudi Arabia,2007,2007,2007,country-year,observed,no,Coverage-only row generated from validated WHR2024 annual mirror; outcome value omitted.
WHR2024_ANNUAL,Gallup/WHR,Life Ladder,Saudi Arabia,2008,2008,2008,country-year,observed,no,Coverage-only row generated from validated WHR2024 annual mirror; outcome value omitted.
WHR2024_ANNUAL,Gallup/WHR,Life Ladder,Saudi Arabia,2009,2009,2009,country-year,observed,no,Coverage-only row generated from validated WHR2024 annual mirror; outcome value omitted.
WHR2024_ANNUAL,Gallup/WHR,Life Ladder,Saudi Arabia,2010,2010,2010,country-year,observed,no,Coverage-only row generated from validated WHR2024 annual mirror; outcome value omitted.
WHR2024_ANNUAL,Gallup/WHR,Life Ladder,Saudi Arabia,2011,2011,2011,country-year,observed,no,Coverage-only row generated from validated WHR2024 annual mirror; outcome value omitted.
WHR2024_ANNUAL,Gallup/WHR,Life Ladder,Saudi Arabia,2012,2012,2012,country-year,observed,no,Coverage-only row generated from validated WHR2024 annual mirror; outcome value omitted.
WHR2024_ANNUAL,Gallup/WHR,Life Ladder,Saudi Arabia,2013,2013,2013,country-year,observed,no,Coverage-only row generated from validated WHR2024 annual mirror; outcome value omitted.
WHR2024_ANNUAL,Gallup/WHR,Life Ladder,Saudi Arabia,2014,2014,2014,country-year,observed,no,Coverage-only row generated from validated WHR2024 annual mirror; outcome value omitted.
WHR2024_ANNUAL,Gallup/WHR,Life Ladder,Saudi Arabia,2015,2015,2015,country-year,observed,no,Coverage-only row generated from validated WHR2024 annual mirror; outcome value omitted.
WHR2024_ANNUAL,Gallup/WHR,Life Ladder,Saudi Arabia,2016,2016,2016,country-year,observed,no,Coverage-only row generated from validated WHR2024 annual mirror; outcome value omitted.
WHR2024_ANNUAL,Gallup/WHR,Life Ladder,Saudi Arabia,2017,2017,2017,country-year,observed,no,Coverage-only row generated from validated WHR2024 annual mirror; outcome value omitted.
WHR2024_ANNUAL,Gallup/WHR,Life Ladder,Saudi Arabia,2018,2018,2018,country-year,observed,no,Coverage-only row generated from validated WHR2024 annual mirror; outcome value omitted.
WHR2024_ANNUAL,Gallup/WHR,Life Ladder,Saudi Arabia,2019,2019,2019,country-year,observed,no,Coverage-only row generated from validated WHR2024 annual mirror; outcome value omitted.
WHR2024_ANNUAL,Gallup/WHR,Life Ladder,Saudi Arabia,2020,2020,2020,country-year,observed,no,Coverage-only row generated from validated WHR2024 annual mirror; outcome value omitted.
WHR2024_ANNUAL,Gallup/WHR,Life Ladder,Saudi Arabia,2021,2021,2021,country-year,observed,no,Coverage-only row generated from validated WHR2024 annual mirror; outcome value omitted.
WHR2024_ANNUAL,Gallup/WHR,Life Ladder,Saudi Arabia,2022,2022,2022,country-year,observed,no,Coverage-only row generated from validated WHR2024 annual mirror; outcome value omitted.
WHR2024_ANNUAL,Gallup/WHR,Life Ladder,Saudi Arabia,2023,2023,2023,country-year,observed,no,Coverage-only row generated from validated WHR2024 annual mirror; outcome value omitted.
WHR2024_ANNUAL,Gallup/WHR,Life Ladder,Senegal,2006,2006,2006,country-year,observed,no,Coverage-only row generated from validated WHR2024 annual mirror; outcome value omitted.
WHR2024_ANNUAL,Gallup/WHR,Life Ladder,Senegal,2007,2007,2007,country-year,observed,no,Coverage-only row generated from validated WHR2024 annual mirror; outcome value omitted.
WHR2024_ANNUAL,Gallup/WHR,Life Ladder,Senegal,2008,2008,2008,country-year,observed,no,Coverage-only row generated from validated WHR2024 annual mirror; outcome value omitted.
WHR2024_ANNUAL,Gallup/WHR,Life Ladder,Senegal,2009,2009,2009,country-year,observed,no,Coverage-only row generated from validated WHR2024 annual mirror; outcome value omitted.
WHR2024_ANNUAL,Gallup/WHR,Life Ladder,Senegal,2010,2010,2010,country-year,observed,no,Coverage-only row generated from validated WHR2024 annual mirror; outcome value omitted.
WHR2024_ANNUAL,Gallup/WHR,Life Ladder,Senegal,2011,2011,2011,country-year,observed,no,Coverage-only row generated from validated WHR2024 annual mirror; outcome value omitted.
WHR2024_ANNUAL,Gallup/WHR,Life Ladder,Senegal,2012,2012,2012,country-year,observed,no,Coverage-only row generated from validated WHR2024 annual mirror; outcome value omitted.
WHR2024_ANNUAL,Gallup/WHR,Life Ladder,Senegal,2013,2013,2013,country-year,observed,no,Coverage-only row generated from validated WHR2024 annual mirror; outcome value omitted.
WHR2024_ANNUAL,Gallup/WHR,Life Ladder,Senegal,2014,2014,2014,country-year,observed,no,Coverage-only row generated from validated WHR2024 annual mirror; outcome value omitted.
WHR2024_ANNUAL,Gallup/WHR,Life Ladder,Senegal,2015,2015,2015,country-year,observed,no,Coverage-only row generated from validated WHR2024 annual mirror; outcome value omitted.
WHR2024_ANNUAL,Gallup/WHR,Life Ladder,Senegal,2016,2016,2016,country-year,observed,no,Coverage-only row generated from validated WHR2024 annual mirror; outcome value omitted.
WHR2024_ANNUAL,Gallup/WHR,Life Ladder,Senegal,2017,2017,2017,country-year,observed,no,Coverage-only row generated from validated WHR2024 annual mirror; outcome value omitted.
WHR2024_ANNUAL,Gallup/WHR,Life Ladder,Senegal,2018,2018,2018,country-year,observed,no,Coverage-only row generated from validated WHR2024 annual mirror; outcome value omitted.
WHR2024_ANNUAL,Gallup/WHR,Life Ladder,Senegal,2019,2019,2019,country-year,observed,no,Coverage-only row generated from validated WHR2024 annual mirror; outcome value omitted.
WHR2024_ANNUAL,Gallup/WHR,Life Ladder,Senegal,2020,2020,2020,country-year,observed,no,Coverage-only row generated from validated WHR2024 annual mirror; outcome value omitted.
WHR2024_ANNUAL,Gallup/WHR,Life Ladder,Senegal,2021,2021,2021,country-year,observed,no,Coverage-only row generated from validated WHR2024 annual mirror; outcome value omitted.
WHR2024_ANNUAL,Gallup/WHR,Life Ladder,Senegal,2022,2022,2022,country-year,observed,no,Coverage-only row generated from validated WHR2024 annual mirror; outcome value omitted.
WHR2024_ANNUAL,Gallup/WHR,Life Ladder,Senegal,2023,2023,2023,country-year,observed,no,Coverage-only row generated from validated WHR2024 annual mirror; outcome value omitted.
WHR2024_ANNUAL,Gallup/WHR,Life Ladder,Serbia,2007,2007,2007,country-year,observed,no,Coverage-only row generated from validated WHR2024 annual mirror; outcome value omitted.
WHR2024_ANNUAL,Gallup/WHR,Life Ladder,Serbia,2009,2009,2009,country-year,observed,no,Coverage-only row generated from validated WHR2024 annual mirror; outcome value omitted.
WHR2024_ANNUAL,Gallup/WHR,Life Ladder,Serbia,2010,2010,2010,country-year,observed,no,Coverage-only row generated from validated WHR2024 annual mirror; outcome value omitted.
WHR2024_ANNUAL,Gallup/WHR,Life Ladder,Serbia,2011,2011,2011,country-year,observed,no,Coverage-only row generated from validated WHR2024 annual mirror; outcome value omitted.
WHR2024_ANNUAL,Gallup/WHR,Life Ladder,Serbia,2012,2012,2012,country-year,observed,no,Coverage-only row generated from validated WHR2024 annual mirror; outcome value omitted.
WHR2024_ANNUAL,Gallup/WHR,Life Ladder,Serbia,2013,2013,2013,country-year,observed,no,Coverage-only row generated from validated WHR2024 annual mirror; outcome value omitted.
WHR2024_ANNUAL,Gallup/WHR,Life Ladder,Serbia,2014,2014,2014,country-year,observed,no,Coverage-only row generated from validated WHR2024 annual mirror; outcome value omitted.
WHR2024_ANNUAL,Gallup/WHR,Life Ladder,Serbia,2015,2015,2015,country-year,observed,no,Coverage-only row generated from validated WHR2024 annual mirror; outcome value omitted.
WHR2024_ANNUAL,Gallup/WHR,Life Ladder,Serbia,2016,2016,2016,country-year,observed,no,Coverage-only row generated from validated WHR2024 annual mirror; outcome value omitted.
WHR2024_ANNUAL,Gallup/WHR,Life Ladder,Serbia,2017,2017,2017,country-year,observed,no,Coverage-only row generated from validated WHR2024 annual mirror; outcome value omitted.
WHR2024_ANNUAL,Gallup/WHR,Life Ladder,Serbia,2018,2018,2018,country-year,observed,no,Coverage-only row generated from validated WHR2024 annual mirror; outcome value omitted.
WHR2024_ANNUAL,Gallup/WHR,Life Ladder,Serbia,2019,2019,2019,country-year,observed,no,Coverage-only row generated from validated WHR2024 annual mirror; outcome value omitted.
WHR2024_ANNUAL,Gallup/WHR,Life Ladder,Serbia,2020,2020,2020,country-year,observed,no,Coverage-only row generated from validated WHR2024 annual mirror; outcome value omitted.
WHR2024_ANNUAL,Gallup/WHR,Life Ladder,Serbia,2021,2021,2021,country-year,observed,no,Coverage-only row generated from validated WHR2024 annual mirror; outcome value omitted.
WHR2024_ANNUAL,Gallup/WHR,Life Ladder,Serbia,2022,2022,2022,country-year,observed,no,Coverage-only row generated from validated WHR2024 annual mirror; outcome value omitted.
WHR2024_ANNUAL,Gallup/WHR,Life Ladder,Serbia,2023,2023,2023,country-year,observed,no,Coverage-only row generated from validated WHR2024 annual mirror; outcome value omitted.
WHR2024_ANNUAL,Gallup/WHR,Life Ladder,Sierra Leone,2006,2006,2006,country-year,observed,no,Coverage-only row generated from validated WHR2024 annual mirror; outcome value omitted.
WHR2024_ANNUAL,Gallup/WHR,Life Ladder,Sierra Leone,2007,2007,2007,country-year,observed,no,Coverage-only row generated from validated WHR2024 annual mirror; outcome value omitted.
WHR2024_ANNUAL,Gallup/WHR,Life Ladder,Sierra Leone,2008,2008,2008,country-year,observed,no,Coverage-only row generated from validated WHR2024 annual mirror; outcome value omitted.
WHR2024_ANNUAL,Gallup/WHR,Life Ladder,Sierra Leone,2010,2010,2010,country-year,observed,no,Coverage-only row generated from validated WHR2024 annual mirror; outcome value omitted.
WHR2024_ANNUAL,Gallup/WHR,Life Ladder,Sierra Leone,2011,2011,2011,country-year,observed,no,Coverage-only row generated from validated WHR2024 annual mirror; outcome value omitted.
WHR2024_ANNUAL,Gallup/WHR,Life Ladder,Sierra Leone,2013,2013,2013,country-year,observed,no,Coverage-only row generated from validated WHR2024 annual mirror; outcome value omitted.
WHR2024_ANNUAL,Gallup/WHR,Life Ladder,Sierra Leone,2014,2014,2014,country-year,observed,no,Coverage-only row generated from validated WHR2024 annual mirror; outcome value omitted.
WHR2024_ANNUAL,Gallup/WHR,Life Ladder,Sierra Leone,2015,2015,2015,country-year,observed,no,Coverage-only row generated from validated WHR2024 annual mirror; outcome value omitted.
WHR2024_ANNUAL,Gallup/WHR,Life Ladder,Sierra Leone,2016,2016,2016,country-year,observed,no,Coverage-only row generated from validated WHR2024 annual mirror; outcome value omitted.
WHR2024_ANNUAL,Gallup/WHR,Life Ladder,Sierra Leone,2017,2017,2017,country-year,observed,no,Coverage-only row generated from validated WHR2024 annual mirror; outcome value omitted.
WHR2024_ANNUAL,Gallup/WHR,Life Ladder,Sierra Leone,2018,2018,2018,country-year,observed,no,Coverage-only row generated from validated WHR2024 annual mirror; outcome value omitted.
WHR2024_ANNUAL,Gallup/WHR,Life Ladder,Sierra Leone,2019,2019,2019,country-year,observed,no,Coverage-only row generated from validated WHR2024 annual mirror; outcome value omitted.
WHR2024_ANNUAL,Gallup/WHR,Life Ladder,Sierra Leone,2021,2021,2021,country-year,observed,no,Coverage-only row generated from validated WHR2024 annual mirror; outcome value omitted.
WHR2024_ANNUAL,Gallup/WHR,Life Ladder,Sierra Leone,2022,2022,2022,country-year,observed,no,Coverage-only row generated from validated WHR2024 annual mirror; outcome value omitted.
WHR2024_ANNUAL,Gallup/WHR,Life Ladder,Sierra Leone,2023,2023,2023,country-year,observed,no,Coverage-only row generated from validated WHR2024 annual mirror; outcome value omitted.
WHR2024_ANNUAL,Gallup/WHR,Life Ladder,Singapore,2006,2006,2006,country-year,observed,no,Coverage-only row generated from validated WHR2024 annual mirror; outcome value omitted.
WHR2024_ANNUAL,Gallup/WHR,Life Ladder,Singapore,2007,2007,2007,country-year,observed,no,Coverage-only row generated from validated WHR2024 annual mirror; outcome value omitted.
WHR2024_ANNUAL,Gallup/WHR,Life Ladder,Singapore,2008,2008,2008,country-year,observed,no,Coverage-only row generated from validated WHR2024 annual mirror; outcome value omitted.
WHR2024_ANNUAL,Gallup/WHR,Life Ladder,Singapore,2009,2009,2009,country-year,observed,no,Coverage-only row generated from validated WHR2024 annual mirror; outcome value omitted.
WHR2024_ANNUAL,Gallup/WHR,Life Ladder,Singapore,2010,2010,2010,country-year,observed,no,Coverage-only row generated from validated WHR2024 annual mirror; outcome value omitted.
WHR2024_ANNUAL,Gallup/WHR,Life Ladder,Singapore,2011,2011,2011,country-year,observed,no,Coverage-only row generated from validated WHR2024 annual mirror; outcome value omitted.
WHR2024_ANNUAL,Gallup/WHR,Life Ladder,Singapore,2013,2013,2013,country-year,observed,no,Coverage-only row generated from validated WHR2024 annual mirror; outcome value omitted.
WHR2024_ANNUAL,Gallup/WHR,Life Ladder,Singapore,2014,2014,2014,country-year,observed,no,Coverage-only row generated from validated WHR2024 annual mirror; outcome value omitted.
WHR2024_ANNUAL,Gallup/WHR,Life Ladder,Singapore,2015,2015,2015,country-year,observed,no,Coverage-only row generated from validated WHR2024 annual mirror; outcome value omitted.
WHR2024_ANNUAL,Gallup/WHR,Life Ladder,Singapore,2016,2016,2016,country-year,observed,no,Coverage-only row generated from validated WHR2024 annual mirror; outcome value omitted.
WHR2024_ANNUAL,Gallup/WHR,Life Ladder,Singapore,2017,2017,2017,country-year,observed,no,Coverage-only row generated from validated WHR2024 annual mirror; outcome value omitted.
WHR2024_ANNUAL,Gallup/WHR,Life Ladder,Singapore,2018,2018,2018,country-year,observed,no,Coverage-only row generated from validated WHR2024 annual mirror; outcome value omitted.
WHR2024_ANNUAL,Gallup/WHR,Life Ladder,Singapore,2019,2019,2019,country-year,observed,no,Coverage-only row generated from validated WHR2024 annual mirror; outcome value omitted.
WHR2024_ANNUAL,Gallup/WHR,Life Ladder,Singapore,2021,2021,2021,country-year,observed,no,Coverage-only row generated from validated WHR2024 annual mirror; outcome value omitted.
WHR2024_ANNUAL,Gallup/WHR,Life Ladder,Singapore,2022,2022,2022,country-year,observed,no,Coverage-only row generated from validated WHR2024 annual mirror; outcome value omitted.
WHR2024_ANNUAL,Gallup/WHR,Life Ladder,Singapore,2023,2023,2023,country-year,observed,no,Coverage-only row generated from validated WHR2024 annual mirror; outcome value omitted.
WHR2024_ANNUAL,Gallup/WHR,Life Ladder,Slovakia,2006,2006,2006,country-year,observed,no,Coverage-only row generated from validated WHR2024 annual mirror; outcome value omitted.
WHR2024_ANNUAL,Gallup/WHR,Life Ladder,Slovakia,2010,2010,2010,country-year,observed,no,Coverage-only row generated from validated WHR2024 annual mirror; outcome value omitted.
WHR2024_ANNUAL,Gallup/WHR,Life Ladder,Slovakia,2011,2011,2011,country-year,observed,no,Coverage-only row generated from validated WHR2024 annual mirror; outcome value omitted.
WHR2024_ANNUAL,Gallup/WHR,Life Ladder,Slovakia,2012,2012,2012,country-year,observed,no,Coverage-only row generated from validated WHR2024 annual mirror; outcome value omitted.
WHR2024_ANNUAL,Gallup/WHR,Life Ladder,Slovakia,2013,2013,2013,country-year,observed,no,Coverage-only row generated from validated WHR2024 annual mirror; outcome value omitted.
WHR2024_ANNUAL,Gallup/WHR,Life Ladder,Slovakia,2014,2014,2014,country-year,observed,no,Coverage-only row generated from validated WHR2024 annual mirror; outcome value omitted.
WHR2024_ANNUAL,Gallup/WHR,Life Ladder,Slovakia,2015,2015,2015,country-year,observed,no,Coverage-only row generated from validated WHR2024 annual mirror; outcome value omitted.
WHR2024_ANNUAL,Gallup/WHR,Life Ladder,Slovakia,2016,2016,2016,country-year,observed,no,Coverage-only row generated from validated WHR2024 annual mirror; outcome value omitted.
WHR2024_ANNUAL,Gallup/WHR,Life Ladder,Slovakia,2017,2017,2017,country-year,observed,no,Coverage-only row generated from validated WHR2024 annual mirror; outcome value omitted.
WHR2024_ANNUAL,Gallup/WHR,Life Ladder,Slovakia,2018,2018,2018,country-year,observed,no,Coverage-only row generated from validated WHR2024 annual mirror; outcome value omitted.
WHR2024_ANNUAL,Gallup/WHR,Life Ladder,Slovakia,2019,2019,2019,country-year,observed,no,Coverage-only row generated from validated WHR2024 annual mirror; outcome value omitted.
WHR2024_ANNUAL,Gallup/WHR,Life Ladder,Slovakia,2020,2020,2020,country-year,observed,no,Coverage-only row generated from validated WHR2024 annual mirror; outcome value omitted.
WHR2024_ANNUAL,Gallup/WHR,Life Ladder,Slovakia,2021,2021,2021,country-year,observed,no,Coverage-only row generated from validated WHR2024 annual mirror; outcome value omitted.
WHR2024_ANNUAL,Gallup/WHR,Life Ladder,Slovakia,2022,2022,2022,country-year,observed,no,Coverage-only row generated from validated WHR2024 annual mirror; outcome value omitted.
WHR2024_ANNUAL,Gallup/WHR,Life Ladder,Slovakia,2023,2023,2023,country-year,observed,no,Coverage-only row generated from validated WHR2024 annual mirror; outcome value omitted.
WHR2024_ANNUAL,Gallup/WHR,Life Ladder,Slovenia,2006,2006,2006,country-year,observed,no,Coverage-only row generated from validated WHR2024 annual mirror; outcome value omitted.
WHR2024_ANNUAL,Gallup/WHR,Life Ladder,Slovenia,2009,2009,2009,country-year,observed,no,Coverage-only row generated from validated WHR2024 annual mirror; outcome value omitted.
WHR2024_ANNUAL,Gallup/WHR,Life Ladder,Slovenia,2010,2010,2010,country-year,observed,no,Coverage-only row generated from validated WHR2024 annual mirror; outcome value omitted.
WHR2024_ANNUAL,Gallup/WHR,Life Ladder,Slovenia,2011,2011,2011,country-year,observed,no,Coverage-only row generated from validated WHR2024 annual mirror; outcome value omitted.
WHR2024_ANNUAL,Gallup/WHR,Life Ladder,Slovenia,2012,2012,2012,country-year,observed,no,Coverage-only row generated from validated WHR2024 annual mirror; outcome value omitted.
WHR2024_ANNUAL,Gallup/WHR,Life Ladder,Slovenia,2013,2013,2013,country-year,observed,no,Coverage-only row generated from validated WHR2024 annual mirror; outcome value omitted.
WHR2024_ANNUAL,Gallup/WHR,Life Ladder,Slovenia,2014,2014,2014,country-year,observed,no,Coverage-only row generated from validated WHR2024 annual mirror; outcome value omitted.
WHR2024_ANNUAL,Gallup/WHR,Life Ladder,Slovenia,2015,2015,2015,country-year,observed,no,Coverage-only row generated from validated WHR2024 annual mirror; outcome value omitted.
WHR2024_ANNUAL,Gallup/WHR,Life Ladder,Slovenia,2016,2016,2016,country-year,observed,no,Coverage-only row generated from validated WHR2024 annual mirror; outcome value omitted.
WHR2024_ANNUAL,Gallup/WHR,Life Ladder,Slovenia,2017,2017,2017,country-year,observed,no,Coverage-only row generated from validated WHR2024 annual mirror; outcome value omitted.
WHR2024_ANNUAL,Gallup/WHR,Life Ladder,Slovenia,2018,2018,2018,country-year,observed,no,Coverage-only row generated from validated WHR2024 annual mirror; outcome value omitted.
WHR2024_ANNUAL,Gallup/WHR,Life Ladder,Slovenia,2019,2019,2019,country-year,observed,no,Coverage-only row generated from validated WHR2024 annual mirror; outcome value omitted.
WHR2024_ANNUAL,Gallup/WHR,Life Ladder,Slovenia,2020,2020,2020,country-year,observed,no,Coverage-only row generated from validated WHR2024 annual mirror; outcome value omitted.
WHR2024_ANNUAL,Gallup/WHR,Life Ladder,Slovenia,2021,2021,2021,country-year,observed,no,Coverage-only row generated from validated WHR2024 annual mirror; outcome value omitted.
WHR2024_ANNUAL,Gallup/WHR,Life Ladder,Slovenia,2022,2022,2022,country-year,observed,no,Coverage-only row generated from validated WHR2024 annual mirror; outcome value omitted.
WHR2024_ANNUAL,Gallup/WHR,Life Ladder,Slovenia,2023,2023,2023,country-year,observed,no,Coverage-only row generated from validated WHR2024 annual mirror; outcome value omitted.
WHR2024_ANNUAL,Gallup/WHR,Life Ladder,Somalia,2014,2014,2014,country-year,observed,no,Coverage-only row generated from validated WHR2024 annual mirror; outcome value omitted.
WHR2024_ANNUAL,Gallup/WHR,Life Ladder,Somalia,2015,2015,2015,country-year,observed,no,Coverage-only row generated from validated WHR2024 annual mirror; outcome value omitted.
WHR2024_ANNUAL,Gallup/WHR,Life Ladder,Somalia,2016,2016,2016,country-year,observed,no,Coverage-only row generated from validated WHR2024 annual mirror; outcome value omitted.
WHR2024_ANNUAL,Gallup/WHR,Life Ladder,Somaliland region,2009,2009,2009,country-year,observed,no,Coverage-only row generated from validated WHR2024 annual mirror; outcome value omitted.
WHR2024_ANNUAL,Gallup/WHR,Life Ladder,Somaliland region,2010,2010,2010,country-year,observed,no,Coverage-only row generated from validated WHR2024 annual mirror; outcome value omitted.
WHR2024_ANNUAL,Gallup/WHR,Life Ladder,Somaliland region,2011,2011,2011,country-year,observed,no,Coverage-only row generated from validated WHR2024 annual mirror; outcome value omitted.
WHR2024_ANNUAL,Gallup/WHR,Life Ladder,Somaliland region,2012,2012,2012,country-year,observed,no,Coverage-only row generated from validated WHR2024 annual mirror; outcome value omitted.
WHR2024_ANNUAL,Gallup/WHR,Life Ladder,South Africa,2006,2006,2006,country-year,observed,no,Coverage-only row generated from validated WHR2024 annual mirror; outcome value omitted.
WHR2024_ANNUAL,Gallup/WHR,Life Ladder,South Africa,2007,2007,2007,country-year,observed,no,Coverage-only row generated from validated WHR2024 annual mirror; outcome value omitted.
WHR2024_ANNUAL,Gallup/WHR,Life Ladder,South Africa,2008,2008,2008,country-year,observed,no,Coverage-only row generated from validated WHR2024 annual mirror; outcome value omitted.
WHR2024_ANNUAL,Gallup/WHR,Life Ladder,South Africa,2009,2009,2009,country-year,observed,no,Coverage-only row generated from validated WHR2024 annual mirror; outcome value omitted.
WHR2024_ANNUAL,Gallup/WHR,Life Ladder,South Africa,2010,2010,2010,country-year,observed,no,Coverage-only row generated from validated WHR2024 annual mirror; outcome value omitted.
WHR2024_ANNUAL,Gallup/WHR,Life Ladder,South Africa,2011,2011,2011,country-year,observed,no,Coverage-only row generated from validated WHR2024 annual mirror; outcome value omitted.
WHR2024_ANNUAL,Gallup/WHR,Life Ladder,South Africa,2012,2012,2012,country-year,observed,no,Coverage-only row generated from validated WHR2024 annual mirror; outcome value omitted.
WHR2024_ANNUAL,Gallup/WHR,Life Ladder,South Africa,2013,2013,2013,country-year,observed,no,Coverage-only row generated from validated WHR2024 annual mirror; outcome value omitted.
WHR2024_ANNUAL,Gallup/WHR,Life Ladder,South Africa,2014,2014,2014,country-year,observed,no,Coverage-only row generated from validated WHR2024 annual mirror; outcome value omitted.
WHR2024_ANNUAL,Gallup/WHR,Life Ladder,South Africa,2015,2015,2015,country-year,observed,no,Coverage-only row generated from validated WHR2024 annual mirror; outcome value omitted.
WHR2024_ANNUAL,Gallup/WHR,Life Ladder,South Africa,2016,2016,2016,country-year,observed,no,Coverage-only row generated from validated WHR2024 annual mirror; outcome value omitted.
WHR2024_ANNUAL,Gallup/WHR,Life Ladder,South Africa,2017,2017,2017,country-year,observed,no,Coverage-only row generated from validated WHR2024 annual mirror; outcome value omitted.
WHR2024_ANNUAL,Gallup/WHR,Life Ladder,South Africa,2018,2018,2018,country-year,observed,no,Coverage-only row generated from validated WHR2024 annual mirror; outcome value omitted.
WHR2024_ANNUAL,Gallup/WHR,Life Ladder,South Africa,2019,2019,2019,country-year,observed,no,Coverage-only row generated from validated WHR2024 annual mirror; outcome value omitted.
WHR2024_ANNUAL,Gallup/WHR,Life Ladder,South Africa,2020,2020,2020,country-year,observed,no,Coverage-only row generated from validated WHR2024 annual mirror; outcome value omitted.
WHR2024_ANNUAL,Gallup/WHR,Life Ladder,South Africa,2021,2021,2021,country-year,observed,no,Coverage-only row generated from validated WHR2024 annual mirror; outcome value omitted.
WHR2024_ANNUAL,Gallup/WHR,Life Ladder,South Africa,2022,2022,2022,country-year,observed,no,Coverage-only row generated from validated WHR2024 annual mirror; outcome value omitted.
WHR2024_ANNUAL,Gallup/WHR,Life Ladder,South Africa,2023,2023,2023,country-year,observed,no,Coverage-only row generated from validated WHR2024 annual mirror; outcome value omitted.
WHR2024_ANNUAL,Gallup/WHR,Life Ladder,South Korea,2006,2006,2006,country-year,observed,no,Coverage-only row generated from validated WHR2024 annual mirror; outcome value omitted.
WHR2024_ANNUAL,Gallup/WHR,Life Ladder,South Korea,2007,2007,2007,country-year,observed,no,Coverage-only row generated from validated WHR2024 annual mirror; outcome value omitted.
WHR2024_ANNUAL,Gallup/WHR,Life Ladder,South Korea,2008,2008,2008,country-year,observed,no,Coverage-only row generated from validated WHR2024 annual mirror; outcome value omitted.
WHR2024_ANNUAL,Gallup/WHR,Life Ladder,South Korea,2009,2009,2009,country-year,observed,no,Coverage-only row generated from validated WHR2024 annual mirror; outcome value omitted.
WHR2024_ANNUAL,Gallup/WHR,Life Ladder,South Korea,2010,2010,2010,country-year,observed,no,Coverage-only row generated from validated WHR2024 annual mirror; outcome value omitted.
WHR2024_ANNUAL,Gallup/WHR,Life Ladder,South Korea,2011,2011,2011,country-year,observed,no,Coverage-only row generated from validated WHR2024 annual mirror; outcome value omitted.
WHR2024_ANNUAL,Gallup/WHR,Life Ladder,South Korea,2012,2012,2012,country-year,observed,no,Coverage-only row generated from validated WHR2024 annual mirror; outcome value omitted.
WHR2024_ANNUAL,Gallup/WHR,Life Ladder,South Korea,2013,2013,2013,country-year,observed,no,Coverage-only row generated from validated WHR2024 annual mirror; outcome value omitted.
WHR2024_ANNUAL,Gallup/WHR,Life Ladder,South Korea,2014,2014,2014,country-year,observed,no,Coverage-only row generated from validated WHR2024 annual mirror; outcome value omitted.
WHR2024_ANNUAL,Gallup/WHR,Life Ladder,South Korea,2015,2015,2015,country-year,observed,no,Coverage-only row generated from validated WHR2024 annual mirror; outcome value omitted.
WHR2024_ANNUAL,Gallup/WHR,Life Ladder,South Korea,2016,2016,2016,country-year,observed,no,Coverage-only row generated from validated WHR2024 annual mirror; outcome value omitted.
WHR2024_ANNUAL,Gallup/WHR,Life Ladder,South Korea,2017,2017,2017,country-year,observed,no,Coverage-only row generated from validated WHR2024 annual mirror; outcome value omitted.
WHR2024_ANNUAL,Gallup/WHR,Life Ladder,South Korea,2018,2018,2018,country-year,observed,no,Coverage-only row generated from validated WHR2024 annual mirror; outcome value omitted.
WHR2024_ANNUAL,Gallup/WHR,Life Ladder,South Korea,2019,2019,2019,country-year,observed,no,Coverage-only row generated from validated WHR2024 annual mirror; outcome value omitted.
WHR2024_ANNUAL,Gallup/WHR,Life Ladder,South Korea,2020,2020,2020,country-year,observed,no,Coverage-only row generated from validated WHR2024 annual mirror; outcome value omitted.
WHR2024_ANNUAL,Gallup/WHR,Life Ladder,South Korea,2021,2021,2021,country-year,observed,no,Coverage-only row generated from validated WHR2024 annual mirror; outcome value omitted.
WHR2024_ANNUAL,Gallup/WHR,Life Ladder,South Korea,2022,2022,2022,country-year,observed,no,Coverage-only row generated from validated WHR2024 annual mirror; outcome value omitted.
WHR2024_ANNUAL,Gallup/WHR,Life Ladder,South Korea,2023,2023,2023,country-year,observed,no,Coverage-only row generated from validated WHR2024 annual mirror; outcome value omitted.
WHR2024_ANNUAL,Gallup/WHR,Life Ladder,South Sudan,2014,2014,2014,country-year,observed,no,Coverage-only row generated from validated WHR2024 annual mirror; outcome value omitted.
WHR2024_ANNUAL,Gallup/WHR,Life Ladder,South Sudan,2015,2015,2015,country-year,observed,no,Coverage-only row generated from validated WHR2024 annual mirror; outcome value omitted.
WHR2024_ANNUAL,Gallup/WHR,Life Ladder,South Sudan,2016,2016,2016,country-year,observed,no,Coverage-only row generated from validated WHR2024 annual mirror; outcome value omitted.
WHR2024_ANNUAL,Gallup/WHR,Life Ladder,South Sudan,2017,2017,2017,country-year,observed,no,Coverage-only row generated from validated WHR2024 annual mirror; outcome value omitted.
WHR2024_ANNUAL,Gallup/WHR,Life Ladder,Spain,2005,2005,2005,country-year,observed,no,Coverage-only row generated from validated WHR2024 annual mirror; outcome value omitted.
WHR2024_ANNUAL,Gallup/WHR,Life Ladder,Spain,2007,2007,2007,country-year,observed,no,Coverage-only row generated from validated WHR2024 annual mirror; outcome value omitted.
WHR2024_ANNUAL,Gallup/WHR,Life Ladder,Spain,2008,2008,2008,country-year,observed,no,Coverage-only row generated from validated WHR2024 annual mirror; outcome value omitted.
WHR2024_ANNUAL,Gallup/WHR,Life Ladder,Spain,2009,2009,2009,country-year,observed,no,Coverage-only row generated from validated WHR2024 annual mirror; outcome value omitted.
WHR2024_ANNUAL,Gallup/WHR,Life Ladder,Spain,2010,2010,2010,country-year,observed,no,Coverage-only row generated from validated WHR2024 annual mirror; outcome value omitted.
WHR2024_ANNUAL,Gallup/WHR,Life Ladder,Spain,2011,2011,2011,country-year,observed,no,Coverage-only row generated from validated WHR2024 annual mirror; outcome value omitted.
WHR2024_ANNUAL,Gallup/WHR,Life Ladder,Spain,2012,2012,2012,country-year,observed,no,Coverage-only row generated from validated WHR2024 annual mirror; outcome value omitted.
WHR2024_ANNUAL,Gallup/WHR,Life Ladder,Spain,2013,2013,2013,country-year,observed,no,Coverage-only row generated from validated WHR2024 annual mirror; outcome value omitted.
WHR2024_ANNUAL,Gallup/WHR,Life Ladder,Spain,2014,2014,2014,country-year,observed,no,Coverage-only row generated from validated WHR2024 annual mirror; outcome value omitted.
WHR2024_ANNUAL,Gallup/WHR,Life Ladder,Spain,2015,2015,2015,country-year,observed,no,Coverage-only row generated from validated WHR2024 annual mirror; outcome value omitted.
WHR2024_ANNUAL,Gallup/WHR,Life Ladder,Spain,2016,2016,2016,country-year,observed,no,Coverage-only row generated from validated WHR2024 annual mirror; outcome value omitted.
WHR2024_ANNUAL,Gallup/WHR,Life Ladder,Spain,2017,2017,2017,country-year,observed,no,Coverage-only row generated from validated WHR2024 annual mirror; outcome value omitted.
WHR2024_ANNUAL,Gallup/WHR,Life Ladder,Spain,2018,2018,2018,country-year,observed,no,Coverage-only row generated from validated WHR2024 annual mirror; outcome value omitted.
WHR2024_ANNUAL,Gallup/WHR,Life Ladder,Spain,2019,2019,2019,country-year,observed,no,Coverage-only row generated from validated WHR2024 annual mirror; outcome value omitted.
WHR2024_ANNUAL,Gallup/WHR,Life Ladder,Spain,2020,2020,2020,country-year,observed,no,Coverage-only row generated from validated WHR2024 annual mirror; outcome value omitted.
WHR2024_ANNUAL,Gallup/WHR,Life Ladder,Spain,2021,2021,2021,country-year,observed,no,Coverage-only row generated from validated WHR2024 annual mirror; outcome value omitted.
WHR2024_ANNUAL,Gallup/WHR,Life Ladder,Spain,2022,2022,2022,country-year,observed,no,Coverage-only row generated from validated WHR2024 annual mirror; outcome value omitted.
WHR2024_ANNUAL,Gallup/WHR,Life Ladder,Spain,2023,2023,2023,country-year,observed,no,Coverage-only row generated from validated WHR2024 annual mirror; outcome value omitted.
WHR2024_ANNUAL,Gallup/WHR,Life Ladder,Sri Lanka,2006,2006,2006,country-year,observed,no,Coverage-only row generated from validated WHR2024 annual mirror; outcome value omitted.
WHR2024_ANNUAL,Gallup/WHR,Life Ladder,Sri Lanka,2007,2007,2007,country-year,observed,no,Coverage-only row generated from validated WHR2024 annual mirror; outcome value omitted.
WHR2024_ANNUAL,Gallup/WHR,Life Ladder,Sri Lanka,2008,2008,2008,country-year,observed,no,Coverage-only row generated from validated WHR2024 annual mirror; outcome value omitted.
WHR2024_ANNUAL,Gallup/WHR,Life Ladder,Sri Lanka,2009,2009,2009,country-year,observed,no,Coverage-only row generated from validated WHR2024 annual mirror; outcome value omitted.
WHR2024_ANNUAL,Gallup/WHR,Life Ladder,Sri Lanka,2010,2010,2010,country-year,observed,no,Coverage-only row generated from validated WHR2024 annual mirror; outcome value omitted.
WHR2024_ANNUAL,Gallup/WHR,Life Ladder,Sri Lanka,2011,2011,2011,country-year,observed,no,Coverage-only row generated from validated WHR2024 annual mirror; outcome value omitted.
WHR2024_ANNUAL,Gallup/WHR,Life Ladder,Sri Lanka,2012,2012,2012,country-year,observed,no,Coverage-only row generated from validated WHR2024 annual mirror; outcome value omitted.
WHR2024_ANNUAL,Gallup/WHR,Life Ladder,Sri Lanka,2013,2013,2013,country-year,observed,no,Coverage-only row generated from validated WHR2024 annual mirror; outcome value omitted.
WHR2024_ANNUAL,Gallup/WHR,Life Ladder,Sri Lanka,2014,2014,2014,country-year,observed,no,Coverage-only row generated from validated WHR2024 annual mirror; outcome value omitted.
WHR2024_ANNUAL,Gallup/WHR,Life Ladder,Sri Lanka,2015,2015,2015,country-year,observed,no,Coverage-only row generated from validated WHR2024 annual mirror; outcome value omitted.
WHR2024_ANNUAL,Gallup/WHR,Life Ladder,Sri Lanka,2017,2017,2017,country-year,observed,no,Coverage-only row generated from validated WHR2024 annual mirror; outcome value omitted.
WHR2024_ANNUAL,Gallup/WHR,Life Ladder,Sri Lanka,2018,2018,2018,country-year,observed,no,Coverage-only row generated from validated WHR2024 annual mirror; outcome value omitted.
WHR2024_ANNUAL,Gallup/WHR,Life Ladder,Sri Lanka,2019,2019,2019,country-year,observed,no,Coverage-only row generated from validated WHR2024 annual mirror; outcome value omitted.
WHR2024_ANNUAL,Gallup/WHR,Life Ladder,Sri Lanka,2020,2020,2020,country-year,observed,no,Coverage-only row generated from validated WHR2024 annual mirror; outcome value omitted.
WHR2024_ANNUAL,Gallup/WHR,Life Ladder,Sri Lanka,2021,2021,2021,country-year,observed,no,Coverage-only row generated from validated WHR2024 annual mirror; outcome value omitted.
WHR2024_ANNUAL,Gallup/WHR,Life Ladder,Sri Lanka,2022,2022,2022,country-year,observed,no,Coverage-only row generated from validated WHR2024 annual mirror; outcome value omitted.
WHR2024_ANNUAL,Gallup/WHR,Life Ladder,Sri Lanka,2023,2023,2023,country-year,observed,no,Coverage-only row generated from validated WHR2024 annual mirror; outcome value omitted.
WHR2024_ANNUAL,Gallup/WHR,Life Ladder,State of Palestine,2006,2006,2006,country-year,observed,no,Coverage-only row generated from validated WHR2024 annual mirror; outcome value omitted.
WHR2024_ANNUAL,Gallup/WHR,Life Ladder,State of Palestine,2007,2007,2007,country-year,observed,no,Coverage-only row generated from validated WHR2024 annual mirror; outcome value omitted.
WHR2024_ANNUAL,Gallup/WHR,Life Ladder,State of Palestine,2008,2008,2008,country-year,observed,no,Coverage-only row generated from validated WHR2024 annual mirror; outcome value omitted.
WHR2024_ANNUAL,Gallup/WHR,Life Ladder,State of Palestine,2009,2009,2009,country-year,observed,no,Coverage-only row generated from validated WHR2024 annual mirror; outcome value omitted.
WHR2024_ANNUAL,Gallup/WHR,Life Ladder,State of Palestine,2010,2010,2010,country-year,observed,no,Coverage-only row generated from validated WHR2024 annual mirror; outcome value omitted.
WHR2024_ANNUAL,Gallup/WHR,Life Ladder,State of Palestine,2011,2011,2011,country-year,observed,no,Coverage-only row generated from validated WHR2024 annual mirror; outcome value omitted.
WHR2024_ANNUAL,Gallup/WHR,Life Ladder,State of Palestine,2012,2012,2012,country-year,observed,no,Coverage-only row generated from validated WHR2024 annual mirror; outcome value omitted.
WHR2024_ANNUAL,Gallup/WHR,Life Ladder,State of Palestine,2013,2013,2013,country-year,observed,no,Coverage-only row generated from validated WHR2024 annual mirror; outcome value omitted.
WHR2024_ANNUAL,Gallup/WHR,Life Ladder,State of Palestine,2014,2014,2014,country-year,observed,no,Coverage-only row generated from validated WHR2024 annual mirror; outcome value omitted.
WHR2024_ANNUAL,Gallup/WHR,Life Ladder,State of Palestine,2015,2015,2015,country-year,observed,no,Coverage-only row generated from validated WHR2024 annual mirror; outcome value omitted.
WHR2024_ANNUAL,Gallup/WHR,Life Ladder,State of Palestine,2016,2016,2016,country-year,observed,no,Coverage-only row generated from validated WHR2024 annual mirror; outcome value omitted.
WHR2024_ANNUAL,Gallup/WHR,Life Ladder,State of Palestine,2017,2017,2017,country-year,observed,no,Coverage-only row generated from validated WHR2024 annual mirror; outcome value omitted.
WHR2024_ANNUAL,Gallup/WHR,Life Ladder,State of Palestine,2018,2018,2018,country-year,observed,no,Coverage-only row generated from validated WHR2024 annual mirror; outcome value omitted.
WHR2024_ANNUAL,Gallup/WHR,Life Ladder,State of Palestine,2019,2019,2019,country-year,observed,no,Coverage-only row generated from validated WHR2024 annual mirror; outcome value omitted.
WHR2024_ANNUAL,Gallup/WHR,Life Ladder,State of Palestine,2022,2022,2022,country-year,observed,no,Coverage-only row generated from validated WHR2024 annual mirror; outcome value omitted.
WHR2024_ANNUAL,Gallup/WHR,Life Ladder,State of Palestine,2023,2023,2023,country-year,observed,no,Coverage-only row generated from validated WHR2024 annual mirror; outcome value omitted.
WHR2024_ANNUAL,Gallup/WHR,Life Ladder,Sudan,2009,2009,2009,country-year,observed,no,Coverage-only row generated from validated WHR2024 annual mirror; outcome value omitted.
WHR2024_ANNUAL,Gallup/WHR,Life Ladder,Sudan,2010,2010,2010,country-year,observed,no,Coverage-only row generated from validated WHR2024 annual mirror; outcome value omitted.
WHR2024_ANNUAL,Gallup/WHR,Life Ladder,Sudan,2011,2011,2011,country-year,observed,no,Coverage-only row generated from validated WHR2024 annual mirror; outcome value omitted.
WHR2024_ANNUAL,Gallup/WHR,Life Ladder,Sudan,2012,2012,2012,country-year,observed,no,Coverage-only row generated from validated WHR2024 annual mirror; outcome value omitted.
WHR2024_ANNUAL,Gallup/WHR,Life Ladder,Sudan,2014,2014,2014,country-year,observed,no,Coverage-only row generated from validated WHR2024 annual mirror; outcome value omitted.
WHR2024_ANNUAL,Gallup/WHR,Life Ladder,Suriname,2012,2012,2012,country-year,observed,no,Coverage-only row generated from validated WHR2024 annual mirror; outcome value omitted.
WHR2024_ANNUAL,Gallup/WHR,Life Ladder,Sweden,2005,2005,2005,country-year,observed,no,Coverage-only row generated from validated WHR2024 annual mirror; outcome value omitted.
WHR2024_ANNUAL,Gallup/WHR,Life Ladder,Sweden,2007,2007,2007,country-year,observed,no,Coverage-only row generated from validated WHR2024 annual mirror; outcome value omitted.
WHR2024_ANNUAL,Gallup/WHR,Life Ladder,Sweden,2008,2008,2008,country-year,observed,no,Coverage-only row generated from validated WHR2024 annual mirror; outcome value omitted.
WHR2024_ANNUAL,Gallup/WHR,Life Ladder,Sweden,2009,2009,2009,country-year,observed,no,Coverage-only row generated from validated WHR2024 annual mirror; outcome value omitted.
WHR2024_ANNUAL,Gallup/WHR,Life Ladder,Sweden,2010,2010,2010,country-year,observed,no,Coverage-only row generated from validated WHR2024 annual mirror; outcome value omitted.
WHR2024_ANNUAL,Gallup/WHR,Life Ladder,Sweden,2011,2011,2011,country-year,observed,no,Coverage-only row generated from validated WHR2024 annual mirror; outcome value omitted.
WHR2024_ANNUAL,Gallup/WHR,Life Ladder,Sweden,2012,2012,2012,country-year,observed,no,Coverage-only row generated from validated WHR2024 annual mirror; outcome value omitted.
WHR2024_ANNUAL,Gallup/WHR,Life Ladder,Sweden,2013,2013,2013,country-year,observed,no,Coverage-only row generated from validated WHR2024 annual mirror; outcome value omitted.
WHR2024_ANNUAL,Gallup/WHR,Life Ladder,Sweden,2014,2014,2014,country-year,observed,no,Coverage-only row generated from validated WHR2024 annual mirror; outcome value omitted.
WHR2024_ANNUAL,Gallup/WHR,Life Ladder,Sweden,2015,2015,2015,country-year,observed,no,Coverage-only row generated from validated WHR2024 annual mirror; outcome value omitted.
WHR2024_ANNUAL,Gallup/WHR,Life Ladder,Sweden,2016,2016,2016,country-year,observed,no,Coverage-only row generated from validated WHR2024 annual mirror; outcome value omitted.
WHR2024_ANNUAL,Gallup/WHR,Life Ladder,Sweden,2017,2017,2017,country-year,observed,no,Coverage-only row generated from validated WHR2024 annual mirror; outcome value omitted.
WHR2024_ANNUAL,Gallup/WHR,Life Ladder,Sweden,2018,2018,2018,country-year,observed,no,Coverage-only row generated from validated WHR2024 annual mirror; outcome value omitted.
WHR2024_ANNUAL,Gallup/WHR,Life Ladder,Sweden,2019,2019,2019,country-year,observed,no,Coverage-only row generated from validated WHR2024 annual mirror; outcome value omitted.
WHR2024_ANNUAL,Gallup/WHR,Life Ladder,Sweden,2020,2020,2020,country-year,observed,no,Coverage-only row generated from validated WHR2024 annual mirror; outcome value omitted.
WHR2024_ANNUAL,Gallup/WHR,Life Ladder,Sweden,2021,2021,2021,country-year,observed,no,Coverage-only row generated from validated WHR2024 annual mirror; outcome value omitted.
WHR2024_ANNUAL,Gallup/WHR,Life Ladder,Sweden,2022,2022,2022,country-year,observed,no,Coverage-only row generated from validated WHR2024 annual mirror; outcome value omitted.
WHR2024_ANNUAL,Gallup/WHR,Life Ladder,Sweden,2023,2023,2023,country-year,observed,no,Coverage-only row generated from validated WHR2024 annual mirror; outcome value omitted.
WHR2024_ANNUAL,Gallup/WHR,Life Ladder,Switzerland,2006,2006,2006,country-year,observed,no,Coverage-only row generated from validated WHR2024 annual mirror; outcome value omitted.
WHR2024_ANNUAL,Gallup/WHR,Life Ladder,Switzerland,2009,2009,2009,country-year,observed,no,Coverage-only row generated from validated WHR2024 annual mirror; outcome value omitted.
WHR2024_ANNUAL,Gallup/WHR,Life Ladder,Switzerland,2012,2012,2012,country-year,observed,no,Coverage-only row generated from validated WHR2024 annual mirror; outcome value omitted.
WHR2024_ANNUAL,Gallup/WHR,Life Ladder,Switzerland,2014,2014,2014,country-year,observed,no,Coverage-only row generated from validated WHR2024 annual mirror; outcome value omitted.
WHR2024_ANNUAL,Gallup/WHR,Life Ladder,Switzerland,2015,2015,2015,country-year,observed,no,Coverage-only row generated from validated WHR2024 annual mirror; outcome value omitted.
WHR2024_ANNUAL,Gallup/WHR,Life Ladder,Switzerland,2016,2016,2016,country-year,observed,no,Coverage-only row generated from validated WHR2024 annual mirror; outcome value omitted.
WHR2024_ANNUAL,Gallup/WHR,Life Ladder,Switzerland,2017,2017,2017,country-year,observed,no,Coverage-only row generated from validated WHR2024 annual mirror; outcome value omitted.
WHR2024_ANNUAL,Gallup/WHR,Life Ladder,Switzerland,2018,2018,2018,country-year,observed,no,Coverage-only row generated from validated WHR2024 annual mirror; outcome value omitted.
WHR2024_ANNUAL,Gallup/WHR,Life Ladder,Switzerland,2019,2019,2019,country-year,observed,no,Coverage-only row generated from validated WHR2024 annual mirror; outcome value omitted.
WHR2024_ANNUAL,Gallup/WHR,Life Ladder,Switzerland,2020,2020,2020,country-year,observed,no,Coverage-only row generated from validated WHR2024 annual mirror; outcome value omitted.
WHR2024_ANNUAL,Gallup/WHR,Life Ladder,Switzerland,2021,2021,2021,country-year,observed,no,Coverage-only row generated from validated WHR2024 annual mirror; outcome value omitted.
WHR2024_ANNUAL,Gallup/WHR,Life Ladder,Switzerland,2022,2022,2022,country-year,observed,no,Coverage-only row generated from validated WHR2024 annual mirror; outcome value omitted.
WHR2024_ANNUAL,Gallup/WHR,Life Ladder,Switzerland,2023,2023,2023,country-year,observed,no,Coverage-only row generated from validated WHR2024 annual mirror; outcome value omitted.
WHR2024_ANNUAL,Gallup/WHR,Life Ladder,Syria,2008,2008,2008,country-year,observed,no,Coverage-only row generated from validated WHR2024 annual mirror; outcome value omitted.
WHR2024_ANNUAL,Gallup/WHR,Life Ladder,Syria,2009,2009,2009,country-year,observed,no,Coverage-only row generated from validated WHR2024 annual mirror; outcome value omitted.
WHR2024_ANNUAL,Gallup/WHR,Life Ladder,Syria,2010,2010,2010,country-year,observed,no,Coverage-only row generated from validated WHR2024 annual mirror; outcome value omitted.
WHR2024_ANNUAL,Gallup/WHR,Life Ladder,Syria,2011,2011,2011,country-year,observed,no,Coverage-only row generated from validated WHR2024 annual mirror; outcome value omitted.
WHR2024_ANNUAL,Gallup/WHR,Life Ladder,Syria,2012,2012,2012,country-year,observed,no,Coverage-only row generated from validated WHR2024 annual mirror; outcome value omitted.
WHR2024_ANNUAL,Gallup/WHR,Life Ladder,Syria,2013,2013,2013,country-year,observed,no,Coverage-only row generated from validated WHR2024 annual mirror; outcome value omitted.
WHR2024_ANNUAL,Gallup/WHR,Life Ladder,Syria,2015,2015,2015,country-year,observed,no,Coverage-only row generated from validated WHR2024 annual mirror; outcome value omitted.
WHR2024_ANNUAL,Gallup/WHR,Life Ladder,Taiwan Province of China,2006,2006,2006,country-year,observed,no,Coverage-only row generated from validated WHR2024 annual mirror; outcome value omitted.
WHR2024_ANNUAL,Gallup/WHR,Life Ladder,Taiwan Province of China,2008,2008,2008,country-year,observed,no,Coverage-only row generated from validated WHR2024 annual mirror; outcome value omitted.
WHR2024_ANNUAL,Gallup/WHR,Life Ladder,Taiwan Province of China,2010,2010,2010,country-year,observed,no,Coverage-only row generated from validated WHR2024 annual mirror; outcome value omitted.
WHR2024_ANNUAL,Gallup/WHR,Life Ladder,Taiwan Province of China,2011,2011,2011,country-year,observed,no,Coverage-only row generated from validated WHR2024 annual mirror; outcome value omitted.
WHR2024_ANNUAL,Gallup/WHR,Life Ladder,Taiwan Province of China,2012,2012,2012,country-year,observed,no,Coverage-only row generated from validated WHR2024 annual mirror; outcome value omitted.
WHR2024_ANNUAL,Gallup/WHR,Life Ladder,Taiwan Province of China,2013,2013,2013,country-year,observed,no,Coverage-only row generated from validated WHR2024 annual mirror; outcome value omitted.
WHR2024_ANNUAL,Gallup/WHR,Life Ladder,Taiwan Province of China,2014,2014,2014,country-year,observed,no,Coverage-only row generated from validated WHR2024 annual mirror; outcome value omitted.
WHR2024_ANNUAL,Gallup/WHR,Life Ladder,Taiwan Province of China,2015,2015,2015,country-year,observed,no,Coverage-only row generated from validated WHR2024 annual mirror; outcome value omitted.
WHR2024_ANNUAL,Gallup/WHR,Life Ladder,Taiwan Province of China,2016,2016,2016,country-year,observed,no,Coverage-only row generated from validated WHR2024 annual mirror; outcome value omitted.
WHR2024_ANNUAL,Gallup/WHR,Life Ladder,Taiwan Province of China,2017,2017,2017,country-year,observed,no,Coverage-only row generated from validated WHR2024 annual mirror; outcome value omitted.
WHR2024_ANNUAL,Gallup/WHR,Life Ladder,Taiwan Province of China,2018,2018,2018,country-year,observed,no,Coverage-only row generated from validated WHR2024 annual mirror; outcome value omitted.
WHR2024_ANNUAL,Gallup/WHR,Life Ladder,Taiwan Province of China,2019,2019,2019,country-year,observed,no,Coverage-only row generated from validated WHR2024 annual mirror; outcome value omitted.
WHR2024_ANNUAL,Gallup/WHR,Life Ladder,Taiwan Province of China,2020,2020,2020,country-year,observed,no,Coverage-only row generated from validated WHR2024 annual mirror; outcome value omitted.
WHR2024_ANNUAL,Gallup/WHR,Life Ladder,Taiwan Province of China,2021,2021,2021,country-year,observed,no,Coverage-only row generated from validated WHR2024 annual mirror; outcome value omitted.
WHR2024_ANNUAL,Gallup/WHR,Life Ladder,Taiwan Province of China,2022,2022,2022,country-year,observed,no,Coverage-only row generated from validated WHR2024 annual mirror; outcome value omitted.
WHR2024_ANNUAL,Gallup/WHR,Life Ladder,Taiwan Province of China,2023,2023,2023,country-year,observed,no,Coverage-only row generated from validated WHR2024 annual mirror; outcome value omitted.
WHR2024_ANNUAL,Gallup/WHR,Life Ladder,Tajikistan,2006,2006,2006,country-year,observed,no,Coverage-only row generated from validated WHR2024 annual mirror; outcome value omitted.
WHR2024_ANNUAL,Gallup/WHR,Life Ladder,Tajikistan,2007,2007,2007,country-year,observed,no,Coverage-only row generated from validated WHR2024 annual mirror; outcome value omitted.
WHR2024_ANNUAL,Gallup/WHR,Life Ladder,Tajikistan,2008,2008,2008,country-year,observed,no,Coverage-only row generated from validated WHR2024 annual mirror; outcome value omitted.
WHR2024_ANNUAL,Gallup/WHR,Life Ladder,Tajikistan,2009,2009,2009,country-year,observed,no,Coverage-only row generated from validated WHR2024 annual mirror; outcome value omitted.
WHR2024_ANNUAL,Gallup/WHR,Life Ladder,Tajikistan,2010,2010,2010,country-year,observed,no,Coverage-only row generated from validated WHR2024 annual mirror; outcome value omitted.
WHR2024_ANNUAL,Gallup/WHR,Life Ladder,Tajikistan,2011,2011,2011,country-year,observed,no,Coverage-only row generated from validated WHR2024 annual mirror; outcome value omitted.
WHR2024_ANNUAL,Gallup/WHR,Life Ladder,Tajikistan,2012,2012,2012,country-year,observed,no,Coverage-only row generated from validated WHR2024 annual mirror; outcome value omitted.
WHR2024_ANNUAL,Gallup/WHR,Life Ladder,Tajikistan,2013,2013,2013,country-year,observed,no,Coverage-only row generated from validated WHR2024 annual mirror; outcome value omitted.
WHR2024_ANNUAL,Gallup/WHR,Life Ladder,Tajikistan,2014,2014,2014,country-year,observed,no,Coverage-only row generated from validated WHR2024 annual mirror; outcome value omitted.
WHR2024_ANNUAL,Gallup/WHR,Life Ladder,Tajikistan,2015,2015,2015,country-year,observed,no,Coverage-only row generated from validated WHR2024 annual mirror; outcome value omitted.
WHR2024_ANNUAL,Gallup/WHR,Life Ladder,Tajikistan,2016,2016,2016,country-year,observed,no,Coverage-only row generated from validated WHR2024 annual mirror; outcome value omitted.
WHR2024_ANNUAL,Gallup/WHR,Life Ladder,Tajikistan,2017,2017,2017,country-year,observed,no,Coverage-only row generated from validated WHR2024 annual mirror; outcome value omitted.
WHR2024_ANNUAL,Gallup/WHR,Life Ladder,Tajikistan,2018,2018,2018,country-year,observed,no,Coverage-only row generated from validated WHR2024 annual mirror; outcome value omitted.
WHR2024_ANNUAL,Gallup/WHR,Life Ladder,Tajikistan,2019,2019,2019,country-year,observed,no,Coverage-only row generated from validated WHR2024 annual mirror; outcome value omitted.
WHR2024_ANNUAL,Gallup/WHR,Life Ladder,Tajikistan,2020,2020,2020,country-year,observed,no,Coverage-only row generated from validated WHR2024 annual mirror; outcome value omitted.
WHR2024_ANNUAL,Gallup/WHR,Life Ladder,Tajikistan,2021,2021,2021,country-year,observed,no,Coverage-only row generated from validated WHR2024 annual mirror; outcome value omitted.
WHR2024_ANNUAL,Gallup/WHR,Life Ladder,Tajikistan,2022,2022,2022,country-year,observed,no,Coverage-only row generated from validated WHR2024 annual mirror; outcome value omitted.
WHR2024_ANNUAL,Gallup/WHR,Life Ladder,Tajikistan,2023,2023,2023,country-year,observed,no,Coverage-only row generated from validated WHR2024 annual mirror; outcome value omitted.
WHR2024_ANNUAL,Gallup/WHR,Life Ladder,Tanzania,2006,2006,2006,country-year,observed,no,Coverage-only row generated from validated WHR2024 annual mirror; outcome value omitted.
WHR2024_ANNUAL,Gallup/WHR,Life Ladder,Tanzania,2007,2007,2007,country-year,observed,no,Coverage-only row generated from validated WHR2024 annual mirror; outcome value omitted.
WHR2024_ANNUAL,Gallup/WHR,Life Ladder,Tanzania,2008,2008,2008,country-year,observed,no,Coverage-only row generated from validated WHR2024 annual mirror; outcome value omitted.
WHR2024_ANNUAL,Gallup/WHR,Life Ladder,Tanzania,2009,2009,2009,country-year,observed,no,Coverage-only row generated from validated WHR2024 annual mirror; outcome value omitted.
WHR2024_ANNUAL,Gallup/WHR,Life Ladder,Tanzania,2010,2010,2010,country-year,observed,no,Coverage-only row generated from validated WHR2024 annual mirror; outcome value omitted.
WHR2024_ANNUAL,Gallup/WHR,Life Ladder,Tanzania,2011,2011,2011,country-year,observed,no,Coverage-only row generated from validated WHR2024 annual mirror; outcome value omitted.
WHR2024_ANNUAL,Gallup/WHR,Life Ladder,Tanzania,2012,2012,2012,country-year,observed,no,Coverage-only row generated from validated WHR2024 annual mirror; outcome value omitted.
WHR2024_ANNUAL,Gallup/WHR,Life Ladder,Tanzania,2013,2013,2013,country-year,observed,no,Coverage-only row generated from validated WHR2024 annual mirror; outcome value omitted.
WHR2024_ANNUAL,Gallup/WHR,Life Ladder,Tanzania,2014,2014,2014,country-year,observed,no,Coverage-only row generated from validated WHR2024 annual mirror; outcome value omitted.
WHR2024_ANNUAL,Gallup/WHR,Life Ladder,Tanzania,2015,2015,2015,country-year,observed,no,Coverage-only row generated from validated WHR2024 annual mirror; outcome value omitted.
WHR2024_ANNUAL,Gallup/WHR,Life Ladder,Tanzania,2016,2016,2016,country-year,observed,no,Coverage-only row generated from validated WHR2024 annual mirror; outcome value omitted.
WHR2024_ANNUAL,Gallup/WHR,Life Ladder,Tanzania,2017,2017,2017,country-year,observed,no,Coverage-only row generated from validated WHR2024 annual mirror; outcome value omitted.
WHR2024_ANNUAL,Gallup/WHR,Life Ladder,Tanzania,2018,2018,2018,country-year,observed,no,Coverage-only row generated from validated WHR2024 annual mirror; outcome value omitted.
WHR2024_ANNUAL,Gallup/WHR,Life Ladder,Tanzania,2019,2019,2019,country-year,observed,no,Coverage-only row generated from validated WHR2024 annual mirror; outcome value omitted.
WHR2024_ANNUAL,Gallup/WHR,Life Ladder,Tanzania,2020,2020,2020,country-year,observed,no,Coverage-only row generated from validated WHR2024 annual mirror; outcome value omitted.
WHR2024_ANNUAL,Gallup/WHR,Life Ladder,Tanzania,2021,2021,2021,country-year,observed,no,Coverage-only row generated from validated WHR2024 annual mirror; outcome value omitted.
WHR2024_ANNUAL,Gallup/WHR,Life Ladder,Tanzania,2022,2022,2022,country-year,observed,no,Coverage-only row generated from validated WHR2024 annual mirror; outcome value omitted.
WHR2024_ANNUAL,Gallup/WHR,Life Ladder,Tanzania,2023,2023,2023,country-year,observed,no,Coverage-only row generated from validated WHR2024 annual mirror; outcome value omitted.
WHR2024_ANNUAL,Gallup/WHR,Life Ladder,Thailand,2006,2006,2006,country-year,observed,no,Coverage-only row generated from validated WHR2024 annual mirror; outcome value omitted.
WHR2024_ANNUAL,Gallup/WHR,Life Ladder,Thailand,2007,2007,2007,country-year,observed,no,Coverage-only row generated from validated WHR2024 annual mirror; outcome value omitted.
WHR2024_ANNUAL,Gallup/WHR,Life Ladder,Thailand,2008,2008,2008,country-year,observed,no,Coverage-only row generated from validated WHR2024 annual mirror; outcome value omitted.
WHR2024_ANNUAL,Gallup/WHR,Life Ladder,Thailand,2009,2009,2009,country-year,observed,no,Coverage-only row generated from validated WHR2024 annual mirror; outcome value omitted.
WHR2024_ANNUAL,Gallup/WHR,Life Ladder,Thailand,2010,2010,2010,country-year,observed,no,Coverage-only row generated from validated WHR2024 annual mirror; outcome value omitted.
WHR2024_ANNUAL,Gallup/WHR,Life Ladder,Thailand,2011,2011,2011,country-year,observed,no,Coverage-only row generated from validated WHR2024 annual mirror; outcome value omitted.
WHR2024_ANNUAL,Gallup/WHR,Life Ladder,Thailand,2012,2012,2012,country-year,observed,no,Coverage-only row generated from validated WHR2024 annual mirror; outcome value omitted.
WHR2024_ANNUAL,Gallup/WHR,Life Ladder,Thailand,2013,2013,2013,country-year,observed,no,Coverage-only row generated from validated WHR2024 annual mirror; outcome value omitted.
WHR2024_ANNUAL,Gallup/WHR,Life Ladder,Thailand,2014,2014,2014,country-year,observed,no,Coverage-only row generated from validated WHR2024 annual mirror; outcome value omitted.
WHR2024_ANNUAL,Gallup/WHR,Life Ladder,Thailand,2015,2015,2015,country-year,observed,no,Coverage-only row generated from validated WHR2024 annual mirror; outcome value omitted.
WHR2024_ANNUAL,Gallup/WHR,Life Ladder,Thailand,2016,2016,2016,country-year,observed,no,Coverage-only row generated from validated WHR2024 annual mirror; outcome value omitted.
WHR2024_ANNUAL,Gallup/WHR,Life Ladder,Thailand,2017,2017,2017,country-year,observed,no,Coverage-only row generated from validated WHR2024 annual mirror; outcome value omitted.
WHR2024_ANNUAL,Gallup/WHR,Life Ladder,Thailand,2018,2018,2018,country-year,observed,no,Coverage-only row generated from validated WHR2024 annual mirror; outcome value omitted.
WHR2024_ANNUAL,Gallup/WHR,Life Ladder,Thailand,2019,2019,2019,country-year,observed,no,Coverage-only row generated from validated WHR2024 annual mirror; outcome value omitted.
WHR2024_ANNUAL,Gallup/WHR,Life Ladder,Thailand,2020,2020,2020,country-year,observed,no,Coverage-only row generated from validated WHR2024 annual mirror; outcome value omitted.
WHR2024_ANNUAL,Gallup/WHR,Life Ladder,Thailand,2021,2021,2021,country-year,observed,no,Coverage-only row generated from validated WHR2024 annual mirror; outcome value omitted.
WHR2024_ANNUAL,Gallup/WHR,Life Ladder,Thailand,2022,2022,2022,country-year,observed,no,Coverage-only row generated from validated WHR2024 annual mirror; outcome value omitted.
WHR2024_ANNUAL,Gallup/WHR,Life Ladder,Thailand,2023,2023,2023,country-year,observed,no,Coverage-only row generated from validated WHR2024 annual mirror; outcome value omitted.
WHR2024_ANNUAL,Gallup/WHR,Life Ladder,Togo,2006,2006,2006,country-year,observed,no,Coverage-only row generated from validated WHR2024 annual mirror; outcome value omitted.
WHR2024_ANNUAL,Gallup/WHR,Life Ladder,Togo,2008,2008,2008,country-year,observed,no,Coverage-only row generated from validated WHR2024 annual mirror; outcome value omitted.
WHR2024_ANNUAL,Gallup/WHR,Life Ladder,Togo,2011,2011,2011,country-year,observed,no,Coverage-only row generated from validated WHR2024 annual mirror; outcome value omitted.
WHR2024_ANNUAL,Gallup/WHR,Life Ladder,Togo,2014,2014,2014,country-year,observed,no,Coverage-only row generated from validated WHR2024 annual mirror; outcome value omitted.
WHR2024_ANNUAL,Gallup/WHR,Life Ladder,Togo,2015,2015,2015,country-year,observed,no,Coverage-only row generated from validated WHR2024 annual mirror; outcome value omitted.
WHR2024_ANNUAL,Gallup/WHR,Life Ladder,Togo,2016,2016,2016,country-year,observed,no,Coverage-only row generated from validated WHR2024 annual mirror; outcome value omitted.
WHR2024_ANNUAL,Gallup/WHR,Life Ladder,Togo,2017,2017,2017,country-year,observed,no,Coverage-only row generated from validated WHR2024 annual mirror; outcome value omitted.
WHR2024_ANNUAL,Gallup/WHR,Life Ladder,Togo,2018,2018,2018,country-year,observed,no,Coverage-only row generated from validated WHR2024 annual mirror; outcome value omitted.
WHR2024_ANNUAL,Gallup/WHR,Life Ladder,Togo,2019,2019,2019,country-year,observed,no,Coverage-only row generated from validated WHR2024 annual mirror; outcome value omitted.
WHR2024_ANNUAL,Gallup/WHR,Life Ladder,Togo,2021,2021,2021,country-year,observed,no,Coverage-only row generated from validated WHR2024 annual mirror; outcome value omitted.
WHR2024_ANNUAL,Gallup/WHR,Life Ladder,Togo,2022,2022,2022,country-year,observed,no,Coverage-only row generated from validated WHR2024 annual mirror; outcome value omitted.
WHR2024_ANNUAL,Gallup/WHR,Life Ladder,Togo,2023,2023,2023,country-year,observed,no,Coverage-only row generated from validated WHR2024 annual mirror; outcome value omitted.
WHR2024_ANNUAL,Gallup/WHR,Life Ladder,Trinidad and Tobago,2006,2006,2006,country-year,observed,no,Coverage-only row generated from validated WHR2024 annual mirror; outcome value omitted.
WHR2024_ANNUAL,Gallup/WHR,Life Ladder,Trinidad and Tobago,2008,2008,2008,country-year,observed,no,Coverage-only row generated from validated WHR2024 annual mirror; outcome value omitted.
WHR2024_ANNUAL,Gallup/WHR,Life Ladder,Trinidad and Tobago,2011,2011,2011,country-year,observed,no,Coverage-only row generated from validated WHR2024 annual mirror; outcome value omitted.
WHR2024_ANNUAL,Gallup/WHR,Life Ladder,Trinidad and Tobago,2013,2013,2013,country-year,observed,no,Coverage-only row generated from validated WHR2024 annual mirror; outcome value omitted.
WHR2024_ANNUAL,Gallup/WHR,Life Ladder,Trinidad and Tobago,2017,2017,2017,country-year,observed,no,Coverage-only row generated from validated WHR2024 annual mirror; outcome value omitted.
WHR2024_ANNUAL,Gallup/WHR,Life Ladder,Tunisia,2009,2009,2009,country-year,observed,no,Coverage-only row generated from validated WHR2024 annual mirror; outcome value omitted.
WHR2024_ANNUAL,Gallup/WHR,Life Ladder,Tunisia,2010,2010,2010,country-year,observed,no,Coverage-only row generated from validated WHR2024 annual mirror; outcome value omitted.
WHR2024_ANNUAL,Gallup/WHR,Life Ladder,Tunisia,2011,2011,2011,country-year,observed,no,Coverage-only row generated from validated WHR2024 annual mirror; outcome value omitted.
WHR2024_ANNUAL,Gallup/WHR,Life Ladder,Tunisia,2012,2012,2012,country-year,observed,no,Coverage-only row generated from validated WHR2024 annual mirror; outcome value omitted.
WHR2024_ANNUAL,Gallup/WHR,Life Ladder,Tunisia,2013,2013,2013,country-year,observed,no,Coverage-only row generated from validated WHR2024 annual mirror; outcome value omitted.
WHR2024_ANNUAL,Gallup/WHR,Life Ladder,Tunisia,2014,2014,2014,country-year,observed,no,Coverage-only row generated from validated WHR2024 annual mirror; outcome value omitted.
WHR2024_ANNUAL,Gallup/WHR,Life Ladder,Tunisia,2015,2015,2015,country-year,observed,no,Coverage-only row generated from validated WHR2024 annual mirror; outcome value omitted.
WHR2024_ANNUAL,Gallup/WHR,Life Ladder,Tunisia,2016,2016,2016,country-year,observed,no,Coverage-only row generated from validated WHR2024 annual mirror; outcome value omitted.
WHR2024_ANNUAL,Gallup/WHR,Life Ladder,Tunisia,2017,2017,2017,country-year,observed,no,Coverage-only row generated from validated WHR2024 annual mirror; outcome value omitted.
WHR2024_ANNUAL,Gallup/WHR,Life Ladder,Tunisia,2018,2018,2018,country-year,observed,no,Coverage-only row generated from validated WHR2024 annual mirror; outcome value omitted.
WHR2024_ANNUAL,Gallup/WHR,Life Ladder,Tunisia,2019,2019,2019,country-year,observed,no,Coverage-only row generated from validated WHR2024 annual mirror; outcome value omitted.
WHR2024_ANNUAL,Gallup/WHR,Life Ladder,Tunisia,2020,2020,2020,country-year,observed,no,Coverage-only row generated from validated WHR2024 annual mirror; outcome value omitted.
WHR2024_ANNUAL,Gallup/WHR,Life Ladder,Tunisia,2021,2021,2021,country-year,observed,no,Coverage-only row generated from validated WHR2024 annual mirror; outcome value omitted.
WHR2024_ANNUAL,Gallup/WHR,Life Ladder,Tunisia,2022,2022,2022,country-year,observed,no,Coverage-only row generated from validated WHR2024 annual mirror; outcome value omitted.
WHR2024_ANNUAL,Gallup/WHR,Life Ladder,Tunisia,2023,2023,2023,country-year,observed,no,Coverage-only row generated from validated WHR2024 annual mirror; outcome value omitted.
WHR2024_ANNUAL,Gallup/WHR,Life Ladder,Turkmenistan,2009,2009,2009,country-year,observed,no,Coverage-only row generated from validated WHR2024 annual mirror; outcome value omitted.
WHR2024_ANNUAL,Gallup/WHR,Life Ladder,Turkmenistan,2011,2011,2011,country-year,observed,no,Coverage-only row generated from validated WHR2024 annual mirror; outcome value omitted.
WHR2024_ANNUAL,Gallup/WHR,Life Ladder,Turkmenistan,2012,2012,2012,country-year,observed,no,Coverage-only row generated from validated WHR2024 annual mirror; outcome value omitted.
WHR2024_ANNUAL,Gallup/WHR,Life Ladder,Turkmenistan,2013,2013,2013,country-year,observed,no,Coverage-only row generated from validated WHR2024 annual mirror; outcome value omitted.
WHR2024_ANNUAL,Gallup/WHR,Life Ladder,Turkmenistan,2014,2014,2014,country-year,observed,no,Coverage-only row generated from validated WHR2024 annual mirror; outcome value omitted.
WHR2024_ANNUAL,Gallup/WHR,Life Ladder,Turkmenistan,2015,2015,2015,country-year,observed,no,Coverage-only row generated from validated WHR2024 annual mirror; outcome value omitted.
WHR2024_ANNUAL,Gallup/WHR,Life Ladder,Turkmenistan,2016,2016,2016,country-year,observed,no,Coverage-only row generated from validated WHR2024 annual mirror; outcome value omitted.
WHR2024_ANNUAL,Gallup/WHR,Life Ladder,Turkmenistan,2017,2017,2017,country-year,observed,no,Coverage-only row generated from validated WHR2024 annual mirror; outcome value omitted.
WHR2024_ANNUAL,Gallup/WHR,Life Ladder,Turkmenistan,2018,2018,2018,country-year,observed,no,Coverage-only row generated from validated WHR2024 annual mirror; outcome value omitted.
WHR2024_ANNUAL,Gallup/WHR,Life Ladder,Turkmenistan,2019,2019,2019,country-year,observed,no,Coverage-only row generated from validated WHR2024 annual mirror; outcome value omitted.
WHR2024_ANNUAL,Gallup/WHR,Life Ladder,Türkiye,2005,2005,2005,country-year,observed,no,Coverage-only row generated from validated WHR2024 annual mirror; outcome value omitted.
WHR2024_ANNUAL,Gallup/WHR,Life Ladder,Türkiye,2007,2007,2007,country-year,observed,no,Coverage-only row generated from validated WHR2024 annual mirror; outcome value omitted.
WHR2024_ANNUAL,Gallup/WHR,Life Ladder,Türkiye,2008,2008,2008,country-year,observed,no,Coverage-only row generated from validated WHR2024 annual mirror; outcome value omitted.
WHR2024_ANNUAL,Gallup/WHR,Life Ladder,Türkiye,2009,2009,2009,country-year,observed,no,Coverage-only row generated from validated WHR2024 annual mirror; outcome value omitted.
WHR2024_ANNUAL,Gallup/WHR,Life Ladder,Türkiye,2010,2010,2010,country-year,observed,no,Coverage-only row generated from validated WHR2024 annual mirror; outcome value omitted.
WHR2024_ANNUAL,Gallup/WHR,Life Ladder,Türkiye,2011,2011,2011,country-year,observed,no,Coverage-only row generated from validated WHR2024 annual mirror; outcome value omitted.
WHR2024_ANNUAL,Gallup/WHR,Life Ladder,Türkiye,2012,2012,2012,country-year,observed,no,Coverage-only row generated from validated WHR2024 annual mirror; outcome value omitted.
WHR2024_ANNUAL,Gallup/WHR,Life Ladder,Türkiye,2013,2013,2013,country-year,observed,no,Coverage-only row generated from validated WHR2024 annual mirror; outcome value omitted.
WHR2024_ANNUAL,Gallup/WHR,Life Ladder,Türkiye,2014,2014,2014,country-year,observed,no,Coverage-only row generated from validated WHR2024 annual mirror; outcome value omitted.
WHR2024_ANNUAL,Gallup/WHR,Life Ladder,Türkiye,2015,2015,2015,country-year,observed,no,Coverage-only row generated from validated WHR2024 annual mirror; outcome value omitted.
WHR2024_ANNUAL,Gallup/WHR,Life Ladder,Türkiye,2016,2016,2016,country-year,observed,no,Coverage-only row generated from validated WHR2024 annual mirror; outcome value omitted.
WHR2024_ANNUAL,Gallup/WHR,Life Ladder,Türkiye,2017,2017,2017,country-year,observed,no,Coverage-only row generated from validated WHR2024 annual mirror; outcome value omitted.
WHR2024_ANNUAL,Gallup/WHR,Life Ladder,Türkiye,2018,2018,2018,country-year,observed,no,Coverage-only row generated from validated WHR2024 annual mirror; outcome value omitted.
WHR2024_ANNUAL,Gallup/WHR,Life Ladder,Türkiye,2019,2019,2019,country-year,observed,no,Coverage-only row generated from validated WHR2024 annual mirror; outcome value omitted.
WHR2024_ANNUAL,Gallup/WHR,Life Ladder,Türkiye,2020,2020,2020,country-year,observed,no,Coverage-only row generated from validated WHR2024 annual mirror; outcome value omitted.
WHR2024_ANNUAL,Gallup/WHR,Life Ladder,Türkiye,2021,2021,2021,country-year,observed,no,Coverage-only row generated from validated WHR2024 annual mirror; outcome value omitted.
WHR2024_ANNUAL,Gallup/WHR,Life Ladder,Türkiye,2022,2022,2022,country-year,observed,no,Coverage-only row generated from validated WHR2024 annual mirror; outcome value omitted.
WHR2024_ANNUAL,Gallup/WHR,Life Ladder,Türkiye,2023,2023,2023,country-year,observed,no,Coverage-only row generated from validated WHR2024 annual mirror; outcome value omitted.
WHR2024_ANNUAL,Gallup/WHR,Life Ladder,Uganda,2006,2006,2006,country-year,observed,no,Coverage-only row generated from validated WHR2024 annual mirror; outcome value omitted.
WHR2024_ANNUAL,Gallup/WHR,Life Ladder,Uganda,2007,2007,2007,country-year,observed,no,Coverage-only row generated from validated WHR2024 annual mirror; outcome value omitted.
WHR2024_ANNUAL,Gallup/WHR,Life Ladder,Uganda,2008,2008,2008,country-year,observed,no,Coverage-only row generated from validated WHR2024 annual mirror; outcome value omitted.
WHR2024_ANNUAL,Gallup/WHR,Life Ladder,Uganda,2009,2009,2009,country-year,observed,no,Coverage-only row generated from validated WHR2024 annual mirror; outcome value omitted.
WHR2024_ANNUAL,Gallup/WHR,Life Ladder,Uganda,2010,2010,2010,country-year,observed,no,Coverage-only row generated from validated WHR2024 annual mirror; outcome value omitted.
WHR2024_ANNUAL,Gallup/WHR,Life Ladder,Uganda,2011,2011,2011,country-year,observed,no,Coverage-only row generated from validated WHR2024 annual mirror; outcome value omitted.
WHR2024_ANNUAL,Gallup/WHR,Life Ladder,Uganda,2012,2012,2012,country-year,observed,no,Coverage-only row generated from validated WHR2024 annual mirror; outcome value omitted.
WHR2024_ANNUAL,Gallup/WHR,Life Ladder,Uganda,2013,2013,2013,country-year,observed,no,Coverage-only row generated from validated WHR2024 annual mirror; outcome value omitted.
WHR2024_ANNUAL,Gallup/WHR,Life Ladder,Uganda,2014,2014,2014,country-year,observed,no,Coverage-only row generated from validated WHR2024 annual mirror; outcome value omitted.
WHR2024_ANNUAL,Gallup/WHR,Life Ladder,Uganda,2015,2015,2015,country-year,observed,no,Coverage-only row generated from validated WHR2024 annual mirror; outcome value omitted.
WHR2024_ANNUAL,Gallup/WHR,Life Ladder,Uganda,2016,2016,2016,country-year,observed,no,Coverage-only row generated from validated WHR2024 annual mirror; outcome value omitted.
WHR2024_ANNUAL,Gallup/WHR,Life Ladder,Uganda,2017,2017,2017,country-year,observed,no,Coverage-only row generated from validated WHR2024 annual mirror; outcome value omitted.
WHR2024_ANNUAL,Gallup/WHR,Life Ladder,Uganda,2018,2018,2018,country-year,observed,no,Coverage-only row generated from validated WHR2024 annual mirror; outcome value omitted.
WHR2024_ANNUAL,Gallup/WHR,Life Ladder,Uganda,2019,2019,2019,country-year,observed,no,Coverage-only row generated from validated WHR2024 annual mirror; outcome value omitted.
WHR2024_ANNUAL,Gallup/WHR,Life Ladder,Uganda,2020,2020,2020,country-year,observed,no,Coverage-only row generated from validated WHR2024 annual mirror; outcome value omitted.
WHR2024_ANNUAL,Gallup/WHR,Life Ladder,Uganda,2021,2021,2021,country-year,observed,no,Coverage-only row generated from validated WHR2024 annual mirror; outcome value omitted.
WHR2024_ANNUAL,Gallup/WHR,Life Ladder,Uganda,2022,2022,2022,country-year,observed,no,Coverage-only row generated from validated WHR2024 annual mirror; outcome value omitted.
WHR2024_ANNUAL,Gallup/WHR,Life Ladder,Uganda,2023,2023,2023,country-year,observed,no,Coverage-only row generated from validated WHR2024 annual mirror; outcome value omitted.
WHR2024_ANNUAL,Gallup/WHR,Life Ladder,Ukraine,2006,2006,2006,country-year,observed,no,Coverage-only row generated from validated WHR2024 annual mirror; outcome value omitted.
WHR2024_ANNUAL,Gallup/WHR,Life Ladder,Ukraine,2007,2007,2007,country-year,observed,no,Coverage-only row generated from validated WHR2024 annual mirror; outcome value omitted.
WHR2024_ANNUAL,Gallup/WHR,Life Ladder,Ukraine,2008,2008,2008,country-year,observed,no,Coverage-only row generated from validated WHR2024 annual mirror; outcome value omitted.
WHR2024_ANNUAL,Gallup/WHR,Life Ladder,Ukraine,2009,2009,2009,country-year,observed,no,Coverage-only row generated from validated WHR2024 annual mirror; outcome value omitted.
WHR2024_ANNUAL,Gallup/WHR,Life Ladder,Ukraine,2010,2010,2010,country-year,observed,no,Coverage-only row generated from validated WHR2024 annual mirror; outcome value omitted.
WHR2024_ANNUAL,Gallup/WHR,Life Ladder,Ukraine,2011,2011,2011,country-year,observed,no,Coverage-only row generated from validated WHR2024 annual mirror; outcome value omitted.
WHR2024_ANNUAL,Gallup/WHR,Life Ladder,Ukraine,2012,2012,2012,country-year,observed,no,Coverage-only row generated from validated WHR2024 annual mirror; outcome value omitted.
WHR2024_ANNUAL,Gallup/WHR,Life Ladder,Ukraine,2013,2013,2013,country-year,observed,no,Coverage-only row generated from validated WHR2024 annual mirror; outcome value omitted.
WHR2024_ANNUAL,Gallup/WHR,Life Ladder,Ukraine,2014,2014,2014,country-year,observed,no,Coverage-only row generated from validated WHR2024 annual mirror; outcome value omitted.
WHR2024_ANNUAL,Gallup/WHR,Life Ladder,Ukraine,2015,2015,2015,country-year,observed,no,Coverage-only row generated from validated WHR2024 annual mirror; outcome value omitted.
WHR2024_ANNUAL,Gallup/WHR,Life Ladder,Ukraine,2016,2016,2016,country-year,observed,no,Coverage-only row generated from validated WHR2024 annual mirror; outcome value omitted.
WHR2024_ANNUAL,Gallup/WHR,Life Ladder,Ukraine,2017,2017,2017,country-year,observed,no,Coverage-only row generated from validated WHR2024 annual mirror; outcome value omitted.
WHR2024_ANNUAL,Gallup/WHR,Life Ladder,Ukraine,2018,2018,2018,country-year,observed,no,Coverage-only row generated from validated WHR2024 annual mirror; outcome value omitted.
WHR2024_ANNUAL,Gallup/WHR,Life Ladder,Ukraine,2019,2019,2019,country-year,observed,no,Coverage-only row generated from validated WHR2024 annual mirror; outcome value omitted.
WHR2024_ANNUAL,Gallup/WHR,Life Ladder,Ukraine,2020,2020,2020,country-year,observed,no,Coverage-only row generated from validated WHR2024 annual mirror; outcome value omitted.
WHR2024_ANNUAL,Gallup/WHR,Life Ladder,Ukraine,2021,2021,2021,country-year,observed,no,Coverage-only row generated from validated WHR2024 annual mirror; outcome value omitted.
WHR2024_ANNUAL,Gallup/WHR,Life Ladder,Ukraine,2022,2022,2022,country-year,observed,no,Coverage-only row generated from validated WHR2024 annual mirror; outcome value omitted.
WHR2024_ANNUAL,Gallup/WHR,Life Ladder,Ukraine,2023,2023,2023,country-year,observed,no,Coverage-only row generated from validated WHR2024 annual mirror; outcome value omitted.
WHR2024_ANNUAL,Gallup/WHR,Life Ladder,United Arab Emirates,2006,2006,2006,country-year,observed,no,Coverage-only row generated from validated WHR2024 annual mirror; outcome value omitted.
WHR2024_ANNUAL,Gallup/WHR,Life Ladder,United Arab Emirates,2009,2009,2009,country-year,observed,no,Coverage-only row generated from validated WHR2024 annual mirror; outcome value omitted.
WHR2024_ANNUAL,Gallup/WHR,Life Ladder,United Arab Emirates,2010,2010,2010,country-year,observed,no,Coverage-only row generated from validated WHR2024 annual mirror; outcome value omitted.
WHR2024_ANNUAL,Gallup/WHR,Life Ladder,United Arab Emirates,2011,2011,2011,country-year,observed,no,Coverage-only row generated from validated WHR2024 annual mirror; outcome value omitted.
WHR2024_ANNUAL,Gallup/WHR,Life Ladder,United Arab Emirates,2012,2012,2012,country-year,observed,no,Coverage-only row generated from validated WHR2024 annual mirror; outcome value omitted.
WHR2024_ANNUAL,Gallup/WHR,Life Ladder,United Arab Emirates,2013,2013,2013,country-year,observed,no,Coverage-only row generated from validated WHR2024 annual mirror; outcome value omitted.
WHR2024_ANNUAL,Gallup/WHR,Life Ladder,United Arab Emirates,2014,2014,2014,country-year,observed,no,Coverage-only row generated from validated WHR2024 annual mirror; outcome value omitted.
WHR2024_ANNUAL,Gallup/WHR,Life Ladder,United Arab Emirates,2015,2015,2015,country-year,observed,no,Coverage-only row generated from validated WHR2024 annual mirror; outcome value omitted.
WHR2024_ANNUAL,Gallup/WHR,Life Ladder,United Arab Emirates,2016,2016,2016,country-year,observed,no,Coverage-only row generated from validated WHR2024 annual mirror; outcome value omitted.
WHR2024_ANNUAL,Gallup/WHR,Life Ladder,United Arab Emirates,2017,2017,2017,country-year,observed,no,Coverage-only row generated from validated WHR2024 annual mirror; outcome value omitted.
WHR2024_ANNUAL,Gallup/WHR,Life Ladder,United Arab Emirates,2018,2018,2018,country-year,observed,no,Coverage-only row generated from validated WHR2024 annual mirror; outcome value omitted.
WHR2024_ANNUAL,Gallup/WHR,Life Ladder,United Arab Emirates,2019,2019,2019,country-year,observed,no,Coverage-only row generated from validated WHR2024 annual mirror; outcome value omitted.
WHR2024_ANNUAL,Gallup/WHR,Life Ladder,United Arab Emirates,2020,2020,2020,country-year,observed,no,Coverage-only row generated from validated WHR2024 annual mirror; outcome value omitted.
WHR2024_ANNUAL,Gallup/WHR,Life Ladder,United Arab Emirates,2021,2021,2021,country-year,observed,no,Coverage-only row generated from validated WHR2024 annual mirror; outcome value omitted.
WHR2024_ANNUAL,Gallup/WHR,Life Ladder,United Arab Emirates,2022,2022,2022,country-year,observed,no,Coverage-only row generated from validated WHR2024 annual mirror; outcome value omitted.
WHR2024_ANNUAL,Gallup/WHR,Life Ladder,United Arab Emirates,2023,2023,2023,country-year,observed,no,Coverage-only row generated from validated WHR2024 annual mirror; outcome value omitted.
WHR2024_ANNUAL,Gallup/WHR,Life Ladder,United Kingdom,2005,2005,2005,country-year,observed,no,Coverage-only row generated from validated WHR2024 annual mirror; outcome value omitted.
WHR2024_ANNUAL,Gallup/WHR,Life Ladder,United Kingdom,2007,2007,2007,country-year,observed,no,Coverage-only row generated from validated WHR2024 annual mirror; outcome value omitted.
WHR2024_ANNUAL,Gallup/WHR,Life Ladder,United Kingdom,2008,2008,2008,country-year,observed,no,Coverage-only row generated from validated WHR2024 annual mirror; outcome value omitted.
WHR2024_ANNUAL,Gallup/WHR,Life Ladder,United Kingdom,2009,2009,2009,country-year,observed,no,Coverage-only row generated from validated WHR2024 annual mirror; outcome value omitted.
WHR2024_ANNUAL,Gallup/WHR,Life Ladder,United Kingdom,2010,2010,2010,country-year,observed,no,Coverage-only row generated from validated WHR2024 annual mirror; outcome value omitted.
WHR2024_ANNUAL,Gallup/WHR,Life Ladder,United Kingdom,2011,2011,2011,country-year,observed,no,Coverage-only row generated from validated WHR2024 annual mirror; outcome value omitted.
WHR2024_ANNUAL,Gallup/WHR,Life Ladder,United Kingdom,2012,2012,2012,country-year,observed,no,Coverage-only row generated from validated WHR2024 annual mirror; outcome value omitted.
WHR2024_ANNUAL,Gallup/WHR,Life Ladder,United Kingdom,2013,2013,2013,country-year,observed,no,Coverage-only row generated from validated WHR2024 annual mirror; outcome value omitted.
WHR2024_ANNUAL,Gallup/WHR,Life Ladder,United Kingdom,2014,2014,2014,country-year,observed,no,Coverage-only row generated from validated WHR2024 annual mirror; outcome value omitted.
WHR2024_ANNUAL,Gallup/WHR,Life Ladder,United Kingdom,2015,2015,2015,country-year,observed,no,Coverage-only row generated from validated WHR2024 annual mirror; outcome value omitted.
WHR2024_ANNUAL,Gallup/WHR,Life Ladder,United Kingdom,2016,2016,2016,country-year,observed,no,Coverage-only row generated from validated WHR2024 annual mirror; outcome value omitted.
WHR2024_ANNUAL,Gallup/WHR,Life Ladder,United Kingdom,2017,2017,2017,country-year,observed,no,Coverage-only row generated from validated WHR2024 annual mirror; outcome value omitted.
WHR2024_ANNUAL,Gallup/WHR,Life Ladder,United Kingdom,2018,2018,2018,country-year,observed,no,Coverage-only row generated from validated WHR2024 annual mirror; outcome value omitted.
WHR2024_ANNUAL,Gallup/WHR,Life Ladder,United Kingdom,2019,2019,2019,country-year,observed,no,Coverage-only row generated from validated WHR2024 annual mirror; outcome value omitted.
WHR2024_ANNUAL,Gallup/WHR,Life Ladder,United Kingdom,2020,2020,2020,country-year,observed,no,Coverage-only row generated from validated WHR2024 annual mirror; outcome value omitted.
WHR2024_ANNUAL,Gallup/WHR,Life Ladder,United Kingdom,2021,2021,2021,country-year,observed,no,Coverage-only row generated from validated WHR2024 annual mirror; outcome value omitted.
WHR2024_ANNUAL,Gallup/WHR,Life Ladder,United Kingdom,2022,2022,2022,country-year,observed,no,Coverage-only row generated from validated WHR2024 annual mirror; outcome value omitted.
WHR2024_ANNUAL,Gallup/WHR,Life Ladder,United Kingdom,2023,2023,2023,country-year,observed,no,Coverage-only row generated from validated WHR2024 annual mirror; outcome value omitted.
WHR2024_ANNUAL,Gallup/WHR,Life Ladder,United States,2006,2006,2006,country-year,observed,no,Coverage-only row generated from validated WHR2024 annual mirror; outcome value omitted.
WHR2024_ANNUAL,Gallup/WHR,Life Ladder,United States,2007,2007,2007,country-year,observed,no,Coverage-only row generated from validated WHR2024 annual mirror; outcome value omitted.
WHR2024_ANNUAL,Gallup/WHR,Life Ladder,United States,2008,2008,2008,country-year,observed,no,Coverage-only row generated from validated WHR2024 annual mirror; outcome value omitted.
WHR2024_ANNUAL,Gallup/WHR,Life Ladder,United States,2009,2009,2009,country-year,observed,no,Coverage-only row generated from validated WHR2024 annual mirror; outcome value omitted.
WHR2024_ANNUAL,Gallup/WHR,Life Ladder,United States,2010,2010,2010,country-year,observed,no,Coverage-only row generated from validated WHR2024 annual mirror; outcome value omitted.
WHR2024_ANNUAL,Gallup/WHR,Life Ladder,United States,2011,2011,2011,country-year,observed,no,Coverage-only row generated from validated WHR2024 annual mirror; outcome value omitted.
WHR2024_ANNUAL,Gallup/WHR,Life Ladder,United States,2012,2012,2012,country-year,observed,no,Coverage-only row generated from validated WHR2024 annual mirror; outcome value omitted.
WHR2024_ANNUAL,Gallup/WHR,Life Ladder,United States,2013,2013,2013,country-year,observed,no,Coverage-only row generated from validated WHR2024 annual mirror; outcome value omitted.
WHR2024_ANNUAL,Gallup/WHR,Life Ladder,United States,2014,2014,2014,country-year,observed,no,Coverage-only row generated from validated WHR2024 annual mirror; outcome value omitted.
WHR2024_ANNUAL,Gallup/WHR,Life Ladder,United States,2015,2015,2015,country-year,observed,no,Coverage-only row generated from validated WHR2024 annual mirror; outcome value omitted.
WHR2024_ANNUAL,Gallup/WHR,Life Ladder,United States,2016,2016,2016,country-year,observed,no,Coverage-only row generated from validated WHR2024 annual mirror; outcome value omitted.
WHR2024_ANNUAL,Gallup/WHR,Life Ladder,United States,2017,2017,2017,country-year,observed,no,Coverage-only row generated from validated WHR2024 annual mirror; outcome value omitted.
WHR2024_ANNUAL,Gallup/WHR,Life Ladder,United States,2018,2018,2018,country-year,observed,no,Coverage-only row generated from validated WHR2024 annual mirror; outcome value omitted.
WHR2024_ANNUAL,Gallup/WHR,Life Ladder,United States,2019,2019,2019,country-year,observed,no,Coverage-only row generated from validated WHR2024 annual mirror; outcome value omitted.
WHR2024_ANNUAL,Gallup/WHR,Life Ladder,United States,2020,2020,2020,country-year,observed,no,Coverage-only row generated from validated WHR2024 annual mirror; outcome value omitted.
WHR2024_ANNUAL,Gallup/WHR,Life Ladder,United States,2021,2021,2021,country-year,observed,no,Coverage-only row generated from validated WHR2024 annual mirror; outcome value omitted.
WHR2024_ANNUAL,Gallup/WHR,Life Ladder,United States,2022,2022,2022,country-year,observed,no,Coverage-only row generated from validated WHR2024 annual mirror; outcome value omitted.
WHR2024_ANNUAL,Gallup/WHR,Life Ladder,United States,2023,2023,2023,country-year,observed,no,Coverage-only row generated from validated WHR2024 annual mirror; outcome value omitted.
WHR2024_ANNUAL,Gallup/WHR,Life Ladder,Uruguay,2006,2006,2006,country-year,observed,no,Coverage-only row generated from validated WHR2024 annual mirror; outcome value omitted.
WHR2024_ANNUAL,Gallup/WHR,Life Ladder,Uruguay,2007,2007,2007,country-year,observed,no,Coverage-only row generated from validated WHR2024 annual mirror; outcome value omitted.
WHR2024_ANNUAL,Gallup/WHR,Life Ladder,Uruguay,2008,2008,2008,country-year,observed,no,Coverage-only row generated from validated WHR2024 annual mirror; outcome value omitted.
WHR2024_ANNUAL,Gallup/WHR,Life Ladder,Uruguay,2009,2009,2009,country-year,observed,no,Coverage-only row generated from validated WHR2024 annual mirror; outcome value omitted.
WHR2024_ANNUAL,Gallup/WHR,Life Ladder,Uruguay,2010,2010,2010,country-year,observed,no,Coverage-only row generated from validated WHR2024 annual mirror; outcome value omitted.
WHR2024_ANNUAL,Gallup/WHR,Life Ladder,Uruguay,2011,2011,2011,country-year,observed,no,Coverage-only row generated from validated WHR2024 annual mirror; outcome value omitted.
WHR2024_ANNUAL,Gallup/WHR,Life Ladder,Uruguay,2012,2012,2012,country-year,observed,no,Coverage-only row generated from validated WHR2024 annual mirror; outcome value omitted.
WHR2024_ANNUAL,Gallup/WHR,Life Ladder,Uruguay,2013,2013,2013,country-year,observed,no,Coverage-only row generated from validated WHR2024 annual mirror; outcome value omitted.
WHR2024_ANNUAL,Gallup/WHR,Life Ladder,Uruguay,2014,2014,2014,country-year,observed,no,Coverage-only row generated from validated WHR2024 annual mirror; outcome value omitted.
WHR2024_ANNUAL,Gallup/WHR,Life Ladder,Uruguay,2015,2015,2015,country-year,observed,no,Coverage-only row generated from validated WHR2024 annual mirror; outcome value omitted.
WHR2024_ANNUAL,Gallup/WHR,Life Ladder,Uruguay,2016,2016,2016,country-year,observed,no,Coverage-only row generated from validated WHR2024 annual mirror; outcome value omitted.
WHR2024_ANNUAL,Gallup/WHR,Life Ladder,Uruguay,2017,2017,2017,country-year,observed,no,Coverage-only row generated from validated WHR2024 annual mirror; outcome value omitted.
WHR2024_ANNUAL,Gallup/WHR,Life Ladder,Uruguay,2018,2018,2018,country-year,observed,no,Coverage-only row generated from validated WHR2024 annual mirror; outcome value omitted.
WHR2024_ANNUAL,Gallup/WHR,Life Ladder,Uruguay,2019,2019,2019,country-year,observed,no,Coverage-only row generated from validated WHR2024 annual mirror; outcome value omitted.
WHR2024_ANNUAL,Gallup/WHR,Life Ladder,Uruguay,2020,2020,2020,country-year,observed,no,Coverage-only row generated from validated WHR2024 annual mirror; outcome value omitted.
WHR2024_ANNUAL,Gallup/WHR,Life Ladder,Uruguay,2021,2021,2021,country-year,observed,no,Coverage-only row generated from validated WHR2024 annual mirror; outcome value omitted.
WHR2024_ANNUAL,Gallup/WHR,Life Ladder,Uruguay,2022,2022,2022,country-year,observed,no,Coverage-only row generated from validated WHR2024 annual mirror; outcome value omitted.
WHR2024_ANNUAL,Gallup/WHR,Life Ladder,Uruguay,2023,2023,2023,country-year,observed,no,Coverage-only row generated from validated WHR2024 annual mirror; outcome value omitted.
WHR2024_ANNUAL,Gallup/WHR,Life Ladder,Uzbekistan,2006,2006,2006,country-year,observed,no,Coverage-only row generated from validated WHR2024 annual mirror; outcome value omitted.
WHR2024_ANNUAL,Gallup/WHR,Life Ladder,Uzbekistan,2008,2008,2008,country-year,observed,no,Coverage-only row generated from validated WHR2024 annual mirror; outcome value omitted.
WHR2024_ANNUAL,Gallup/WHR,Life Ladder,Uzbekistan,2009,2009,2009,country-year,observed,no,Coverage-only row generated from validated WHR2024 annual mirror; outcome value omitted.
WHR2024_ANNUAL,Gallup/WHR,Life Ladder,Uzbekistan,2010,2010,2010,country-year,observed,no,Coverage-only row generated from validated WHR2024 annual mirror; outcome value omitted.
WHR2024_ANNUAL,Gallup/WHR,Life Ladder,Uzbekistan,2011,2011,2011,country-year,observed,no,Coverage-only row generated from validated WHR2024 annual mirror; outcome value omitted.
WHR2024_ANNUAL,Gallup/WHR,Life Ladder,Uzbekistan,2012,2012,2012,country-year,observed,no,Coverage-only row generated from validated WHR2024 annual mirror; outcome value omitted.
WHR2024_ANNUAL,Gallup/WHR,Life Ladder,Uzbekistan,2013,2013,2013,country-year,observed,no,Coverage-only row generated from validated WHR2024 annual mirror; outcome value omitted.
WHR2024_ANNUAL,Gallup/WHR,Life Ladder,Uzbekistan,2014,2014,2014,country-year,observed,no,Coverage-only row generated from validated WHR2024 annual mirror; outcome value omitted.
WHR2024_ANNUAL,Gallup/WHR,Life Ladder,Uzbekistan,2015,2015,2015,country-year,observed,no,Coverage-only row generated from validated WHR2024 annual mirror; outcome value omitted.
WHR2024_ANNUAL,Gallup/WHR,Life Ladder,Uzbekistan,2016,2016,2016,country-year,observed,no,Coverage-only row generated from validated WHR2024 annual mirror; outcome value omitted.
WHR2024_ANNUAL,Gallup/WHR,Life Ladder,Uzbekistan,2017,2017,2017,country-year,observed,no,Coverage-only row generated from validated WHR2024 annual mirror; outcome value omitted.
WHR2024_ANNUAL,Gallup/WHR,Life Ladder,Uzbekistan,2018,2018,2018,country-year,observed,no,Coverage-only row generated from validated WHR2024 annual mirror; outcome value omitted.
WHR2024_ANNUAL,Gallup/WHR,Life Ladder,Uzbekistan,2019,2019,2019,country-year,observed,no,Coverage-only row generated from validated WHR2024 annual mirror; outcome value omitted.
WHR2024_ANNUAL,Gallup/WHR,Life Ladder,Uzbekistan,2020,2020,2020,country-year,observed,no,Coverage-only row generated from validated WHR2024 annual mirror; outcome value omitted.
WHR2024_ANNUAL,Gallup/WHR,Life Ladder,Uzbekistan,2021,2021,2021,country-year,observed,no,Coverage-only row generated from validated WHR2024 annual mirror; outcome value omitted.
WHR2024_ANNUAL,Gallup/WHR,Life Ladder,Uzbekistan,2022,2022,2022,country-year,observed,no,Coverage-only row generated from validated WHR2024 annual mirror; outcome value omitted.
WHR2024_ANNUAL,Gallup/WHR,Life Ladder,Uzbekistan,2023,2023,2023,country-year,observed,no,Coverage-only row generated from validated WHR2024 annual mirror; outcome value omitted.
WHR2024_ANNUAL,Gallup/WHR,Life Ladder,Venezuela,2005,2005,2005,country-year,observed,no,Coverage-only row generated from validated WHR2024 annual mirror; outcome value omitted.
WHR2024_ANNUAL,Gallup/WHR,Life Ladder,Venezuela,2006,2006,2006,country-year,observed,no,Coverage-only row generated from validated WHR2024 annual mirror; outcome value omitted.
WHR2024_ANNUAL,Gallup/WHR,Life Ladder,Venezuela,2008,2008,2008,country-year,observed,no,Coverage-only row generated from validated WHR2024 annual mirror; outcome value omitted.
WHR2024_ANNUAL,Gallup/WHR,Life Ladder,Venezuela,2009,2009,2009,country-year,observed,no,Coverage-only row generated from validated WHR2024 annual mirror; outcome value omitted.
WHR2024_ANNUAL,Gallup/WHR,Life Ladder,Venezuela,2010,2010,2010,country-year,observed,no,Coverage-only row generated from validated WHR2024 annual mirror; outcome value omitted.
WHR2024_ANNUAL,Gallup/WHR,Life Ladder,Venezuela,2011,2011,2011,country-year,observed,no,Coverage-only row generated from validated WHR2024 annual mirror; outcome value omitted.
WHR2024_ANNUAL,Gallup/WHR,Life Ladder,Venezuela,2012,2012,2012,country-year,observed,no,Coverage-only row generated from validated WHR2024 annual mirror; outcome value omitted.
WHR2024_ANNUAL,Gallup/WHR,Life Ladder,Venezuela,2013,2013,2013,country-year,observed,no,Coverage-only row generated from validated WHR2024 annual mirror; outcome value omitted.
WHR2024_ANNUAL,Gallup/WHR,Life Ladder,Venezuela,2014,2014,2014,country-year,observed,no,Coverage-only row generated from validated WHR2024 annual mirror; outcome value omitted.
WHR2024_ANNUAL,Gallup/WHR,Life Ladder,Venezuela,2015,2015,2015,country-year,observed,no,Coverage-only row generated from validated WHR2024 annual mirror; outcome value omitted.
WHR2024_ANNUAL,Gallup/WHR,Life Ladder,Venezuela,2016,2016,2016,country-year,observed,no,Coverage-only row generated from validated WHR2024 annual mirror; outcome value omitted.
WHR2024_ANNUAL,Gallup/WHR,Life Ladder,Venezuela,2017,2017,2017,country-year,observed,no,Coverage-only row generated from validated WHR2024 annual mirror; outcome value omitted.
WHR2024_ANNUAL,Gallup/WHR,Life Ladder,Venezuela,2018,2018,2018,country-year,observed,no,Coverage-only row generated from validated WHR2024 annual mirror; outcome value omitted.
WHR2024_ANNUAL,Gallup/WHR,Life Ladder,Venezuela,2019,2019,2019,country-year,observed,no,Coverage-only row generated from validated WHR2024 annual mirror; outcome value omitted.
WHR2024_ANNUAL,Gallup/WHR,Life Ladder,Venezuela,2020,2020,2020,country-year,observed,no,Coverage-only row generated from validated WHR2024 annual mirror; outcome value omitted.
WHR2024_ANNUAL,Gallup/WHR,Life Ladder,Venezuela,2021,2021,2021,country-year,observed,no,Coverage-only row generated from validated WHR2024 annual mirror; outcome value omitted.
WHR2024_ANNUAL,Gallup/WHR,Life Ladder,Venezuela,2022,2022,2022,country-year,observed,no,Coverage-only row generated from validated WHR2024 annual mirror; outcome value omitted.
WHR2024_ANNUAL,Gallup/WHR,Life Ladder,Venezuela,2023,2023,2023,country-year,observed,no,Coverage-only row generated from validated WHR2024 annual mirror; outcome value omitted.
WHR2024_ANNUAL,Gallup/WHR,Life Ladder,Vietnam,2006,2006,2006,country-year,observed,no,Coverage-only row generated from validated WHR2024 annual mirror; outcome value omitted.
WHR2024_ANNUAL,Gallup/WHR,Life Ladder,Vietnam,2007,2007,2007,country-year,observed,no,Coverage-only row generated from validated WHR2024 annual mirror; outcome value omitted.
WHR2024_ANNUAL,Gallup/WHR,Life Ladder,Vietnam,2008,2008,2008,country-year,observed,no,Coverage-only row generated from validated WHR2024 annual mirror; outcome value omitted.
WHR2024_ANNUAL,Gallup/WHR,Life Ladder,Vietnam,2009,2009,2009,country-year,observed,no,Coverage-only row generated from validated WHR2024 annual mirror; outcome value omitted.
WHR2024_ANNUAL,Gallup/WHR,Life Ladder,Vietnam,2010,2010,2010,country-year,observed,no,Coverage-only row generated from validated WHR2024 annual mirror; outcome value omitted.
WHR2024_ANNUAL,Gallup/WHR,Life Ladder,Vietnam,2011,2011,2011,country-year,observed,no,Coverage-only row generated from validated WHR2024 annual mirror; outcome value omitted.
WHR2024_ANNUAL,Gallup/WHR,Life Ladder,Vietnam,2012,2012,2012,country-year,observed,no,Coverage-only row generated from validated WHR2024 annual mirror; outcome value omitted.
WHR2024_ANNUAL,Gallup/WHR,Life Ladder,Vietnam,2013,2013,2013,country-year,observed,no,Coverage-only row generated from validated WHR2024 annual mirror; outcome value omitted.
WHR2024_ANNUAL,Gallup/WHR,Life Ladder,Vietnam,2014,2014,2014,country-year,observed,no,Coverage-only row generated from validated WHR2024 annual mirror; outcome value omitted.
WHR2024_ANNUAL,Gallup/WHR,Life Ladder,Vietnam,2015,2015,2015,country-year,observed,no,Coverage-only row generated from validated WHR2024 annual mirror; outcome value omitted.
WHR2024_ANNUAL,Gallup/WHR,Life Ladder,Vietnam,2016,2016,2016,country-year,observed,no,Coverage-only row generated from validated WHR2024 annual mirror; outcome value omitted.
WHR2024_ANNUAL,Gallup/WHR,Life Ladder,Vietnam,2017,2017,2017,country-year,observed,no,Coverage-only row generated from validated WHR2024 annual mirror; outcome value omitted.
WHR2024_ANNUAL,Gallup/WHR,Life Ladder,Vietnam,2018,2018,2018,country-year,observed,no,Coverage-only row generated from validated WHR2024 annual mirror; outcome value omitted.
WHR2024_ANNUAL,Gallup/WHR,Life Ladder,Vietnam,2019,2019,2019,country-year,observed,no,Coverage-only row generated from validated WHR2024 annual mirror; outcome value omitted.
WHR2024_ANNUAL,Gallup/WHR,Life Ladder,Vietnam,2020,2020,2020,country-year,observed,no,Coverage-only row generated from validated WHR2024 annual mirror; outcome value omitted.
WHR2024_ANNUAL,Gallup/WHR,Life Ladder,Vietnam,2021,2021,2021,country-year,observed,no,Coverage-only row generated from validated WHR2024 annual mirror; outcome value omitted.
WHR2024_ANNUAL,Gallup/WHR,Life Ladder,Vietnam,2022,2022,2022,country-year,observed,no,Coverage-only row generated from validated WHR2024 annual mirror; outcome value omitted.
WHR2024_ANNUAL,Gallup/WHR,Life Ladder,Vietnam,2023,2023,2023,country-year,observed,no,Coverage-only row generated from validated WHR2024 annual mirror; outcome value omitted.
WHR2024_ANNUAL,Gallup/WHR,Life Ladder,Yemen,2007,2007,2007,country-year,observed,no,Coverage-only row generated from validated WHR2024 annual mirror; outcome value omitted.
WHR2024_ANNUAL,Gallup/WHR,Life Ladder,Yemen,2009,2009,2009,country-year,observed,no,Coverage-only row generated from validated WHR2024 annual mirror; outcome value omitted.
WHR2024_ANNUAL,Gallup/WHR,Life Ladder,Yemen,2010,2010,2010,country-year,observed,no,Coverage-only row generated from validated WHR2024 annual mirror; outcome value omitted.
WHR2024_ANNUAL,Gallup/WHR,Life Ladder,Yemen,2011,2011,2011,country-year,observed,no,Coverage-only row generated from validated WHR2024 annual mirror; outcome value omitted.
WHR2024_ANNUAL,Gallup/WHR,Life Ladder,Yemen,2012,2012,2012,country-year,observed,no,Coverage-only row generated from validated WHR2024 annual mirror; outcome value omitted.
WHR2024_ANNUAL,Gallup/WHR,Life Ladder,Yemen,2013,2013,2013,country-year,observed,no,Coverage-only row generated from validated WHR2024 annual mirror; outcome value omitted.
WHR2024_ANNUAL,Gallup/WHR,Life Ladder,Yemen,2014,2014,2014,country-year,observed,no,Coverage-only row generated from validated WHR2024 annual mirror; outcome value omitted.
WHR2024_ANNUAL,Gallup/WHR,Life Ladder,Yemen,2015,2015,2015,country-year,observed,no,Coverage-only row generated from validated WHR2024 annual mirror; outcome value omitted.
WHR2024_ANNUAL,Gallup/WHR,Life Ladder,Yemen,2016,2016,2016,country-year,observed,no,Coverage-only row generated from validated WHR2024 annual mirror; outcome value omitted.
WHR2024_ANNUAL,Gallup/WHR,Life Ladder,Yemen,2017,2017,2017,country-year,observed,no,Coverage-only row generated from validated WHR2024 annual mirror; outcome value omitted.
WHR2024_ANNUAL,Gallup/WHR,Life Ladder,Yemen,2018,2018,2018,country-year,observed,no,Coverage-only row generated from validated WHR2024 annual mirror; outcome value omitted.
WHR2024_ANNUAL,Gallup/WHR,Life Ladder,Yemen,2019,2019,2019,country-year,observed,no,Coverage-only row generated from validated WHR2024 annual mirror; outcome value omitted.
WHR2024_ANNUAL,Gallup/WHR,Life Ladder,Yemen,2022,2022,2022,country-year,observed,no,Coverage-only row generated from validated WHR2024 annual mirror; outcome value omitted.
WHR2024_ANNUAL,Gallup/WHR,Life Ladder,Yemen,2023,2023,2023,country-year,observed,no,Coverage-only row generated from validated WHR2024 annual mirror; outcome value omitted.
WHR2024_ANNUAL,Gallup/WHR,Life Ladder,Zambia,2006,2006,2006,country-year,observed,no,Coverage-only row generated from validated WHR2024 annual mirror; outcome value omitted.
WHR2024_ANNUAL,Gallup/WHR,Life Ladder,Zambia,2007,2007,2007,country-year,observed,no,Coverage-only row generated from validated WHR2024 annual mirror; outcome value omitted.
WHR2024_ANNUAL,Gallup/WHR,Life Ladder,Zambia,2008,2008,2008,country-year,observed,no,Coverage-only row generated from validated WHR2024 annual mirror; outcome value omitted.
WHR2024_ANNUAL,Gallup/WHR,Life Ladder,Zambia,2009,2009,2009,country-year,observed,no,Coverage-only row generated from validated WHR2024 annual mirror; outcome value omitted.
WHR2024_ANNUAL,Gallup/WHR,Life Ladder,Zambia,2011,2011,2011,country-year,observed,no,Coverage-only row generated from validated WHR2024 annual mirror; outcome value omitted.
WHR2024_ANNUAL,Gallup/WHR,Life Ladder,Zambia,2012,2012,2012,country-year,observed,no,Coverage-only row generated from validated WHR2024 annual mirror; outcome value omitted.
WHR2024_ANNUAL,Gallup/WHR,Life Ladder,Zambia,2013,2013,2013,country-year,observed,no,Coverage-only row generated from validated WHR2024 annual mirror; outcome value omitted.
WHR2024_ANNUAL,Gallup/WHR,Life Ladder,Zambia,2014,2014,2014,country-year,observed,no,Coverage-only row generated from validated WHR2024 annual mirror; outcome value omitted.
WHR2024_ANNUAL,Gallup/WHR,Life Ladder,Zambia,2015,2015,2015,country-year,observed,no,Coverage-only row generated from validated WHR2024 annual mirror; outcome value omitted.
WHR2024_ANNUAL,Gallup/WHR,Life Ladder,Zambia,2016,2016,2016,country-year,observed,no,Coverage-only row generated from validated WHR2024 annual mirror; outcome value omitted.
WHR2024_ANNUAL,Gallup/WHR,Life Ladder,Zambia,2017,2017,2017,country-year,observed,no,Coverage-only row generated from validated WHR2024 annual mirror; outcome value omitted.
WHR2024_ANNUAL,Gallup/WHR,Life Ladder,Zambia,2018,2018,2018,country-year,observed,no,Coverage-only row generated from validated WHR2024 annual mirror; outcome value omitted.
WHR2024_ANNUAL,Gallup/WHR,Life Ladder,Zambia,2019,2019,2019,country-year,observed,no,Coverage-only row generated from validated WHR2024 annual mirror; outcome value omitted.
WHR2024_ANNUAL,Gallup/WHR,Life Ladder,Zambia,2020,2020,2020,country-year,observed,no,Coverage-only row generated from validated WHR2024 annual mirror; outcome value omitted.
WHR2024_ANNUAL,Gallup/WHR,Life Ladder,Zambia,2021,2021,2021,country-year,observed,no,Coverage-only row generated from validated WHR2024 annual mirror; outcome value omitted.
WHR2024_ANNUAL,Gallup/WHR,Life Ladder,Zambia,2022,2022,2022,country-year,observed,no,Coverage-only row generated from validated WHR2024 annual mirror; outcome value omitted.
WHR2024_ANNUAL,Gallup/WHR,Life Ladder,Zambia,2023,2023,2023,country-year,observed,no,Coverage-only row generated from validated WHR2024 annual mirror; outcome value omitted.
WHR2024_ANNUAL,Gallup/WHR,Life Ladder,Zimbabwe,2006,2006,2006,country-year,observed,no,Coverage-only row generated from validated WHR2024 annual mirror; outcome value omitted.
WHR2024_ANNUAL,Gallup/WHR,Life Ladder,Zimbabwe,2007,2007,2007,country-year,observed,no,Coverage-only row generated from validated WHR2024 annual mirror; outcome value omitted.
WHR2024_ANNUAL,Gallup/WHR,Life Ladder,Zimbabwe,2008,2008,2008,country-year,observed,no,Coverage-only row generated from validated WHR2024 annual mirror; outcome value omitted.
WHR2024_ANNUAL,Gallup/WHR,Life Ladder,Zimbabwe,2009,2009,2009,country-year,observed,no,Coverage-only row generated from validated WHR2024 annual mirror; outcome value omitted.
WHR2024_ANNUAL,Gallup/WHR,Life Ladder,Zimbabwe,2010,2010,2010,country-year,observed,no,Coverage-only row generated from validated WHR2024 annual mirror; outcome value omitted.
WHR2024_ANNUAL,Gallup/WHR,Life Ladder,Zimbabwe,2011,2011,2011,country-year,observed,no,Coverage-only row generated from validated WHR2024 annual mirror; outcome value omitted.
WHR2024_ANNUAL,Gallup/WHR,Life Ladder,Zimbabwe,2012,2012,2012,country-year,observed,no,Coverage-only row generated from validated WHR2024 annual mirror; outcome value omitted.
WHR2024_ANNUAL,Gallup/WHR,Life Ladder,Zimbabwe,2013,2013,2013,country-year,observed,no,Coverage-only row generated from validated WHR2024 annual mirror; outcome value omitted.
WHR2024_ANNUAL,Gallup/WHR,Life Ladder,Zimbabwe,2014,2014,2014,country-year,observed,no,Coverage-only row generated from validated WHR2024 annual mirror; outcome value omitted.
WHR2024_ANNUAL,Gallup/WHR,Life Ladder,Zimbabwe,2015,2015,2015,country-year,observed,no,Coverage-only row generated from validated WHR2024 annual mirror; outcome value omitted.
WHR2024_ANNUAL,Gallup/WHR,Life Ladder,Zimbabwe,2016,2016,2016,country-year,observed,no,Coverage-only row generated from validated WHR2024 annual mirror; outcome value omitted.
WHR2024_ANNUAL,Gallup/WHR,Life Ladder,Zimbabwe,2017,2017,2017,country-year,observed,no,Coverage-only row generated from validated WHR2024 annual mirror; outcome value omitted.
WHR2024_ANNUAL,Gallup/WHR,Life Ladder,Zimbabwe,2018,2018,2018,country-year,observed,no,Coverage-only row generated from validated WHR2024 annual mirror; outcome value omitted.
WHR2024_ANNUAL,Gallup/WHR,Life Ladder,Zimbabwe,2019,2019,2019,country-year,observed,no,Coverage-only row generated from validated WHR2024 annual mirror; outcome value omitted.
WHR2024_ANNUAL,Gallup/WHR,Life Ladder,Zimbabwe,2020,2020,2020,country-year,observed,no,Coverage-only row generated from validated WHR2024 annual mirror; outcome value omitted.
WHR2024_ANNUAL,Gallup/WHR,Life Ladder,Zimbabwe,2021,2021,2021,country-year,observed,no,Coverage-only row generated from validated WHR2024 annual mirror; outcome value omitted.
WHR2024_ANNUAL,Gallup/WHR,Life Ladder,Zimbabwe,2022,2022,2022,country-year,observed,no,Coverage-only row generated from validated WHR2024 annual mirror; outcome value omitted.
WHR2024_ANNUAL,Gallup/WHR,Life Ladder,Zimbabwe,2023,2023,2023,country-year,observed,no,Coverage-only row generated from validated WHR2024 annual mirror; outcome value omitted.
CANTRIL_ICPSR7023,Cantril Pattern of Human Concerns,Self-Anchoring Striving Scale / ladder,Brazil,1957-1963,1957,1963,country-study-period,study included,no,ICPSR 7023 covers 10 of original 14 nations; exact country fieldwork year/wave to be parsed from study files.
CANTRIL_ICPSR7023,Cantril Pattern of Human Concerns,Self-Anchoring Striving Scale / ladder,Cuba,1957-1963,1957,1963,country-study-period,study included,no,ICPSR 7023 covers 10 of original 14 nations; exact country fieldwork year/wave to be parsed from study files.
CANTRIL_ICPSR7023,Cantril Pattern of Human Concerns,Self-Anchoring Striving Scale / ladder,Dominican Republic,1957-1963,1957,1963,country-study-period,study included,no,ICPSR 7023 covers 10 of original 14 nations; exact country fieldwork year/wave to be parsed from study files.
CANTRIL_ICPSR7023,Cantril Pattern of Human Concerns,Self-Anchoring Striving Scale / ladder,India,1957-1963,1957,1963,country-study-period,study included,no,ICPSR 7023 covers 10 of original 14 nations; exact country fieldwork year/wave to be parsed from study files.
CANTRIL_ICPSR7023,Cantril Pattern of Human Concerns,Self-Anchoring Striving Scale / ladder,Israel,1957-1963,1957,1963,country-study-period,study included,no,ICPSR 7023 covers 10 of original 14 nations; exact country fieldwork year/wave to be parsed from study files.
CANTRIL_ICPSR7023,Cantril Pattern of Human Concerns,Self-Anchoring Striving Scale / ladder,Nigeria,1957-1963,1957,1963,country-study-period,study included,no,ICPSR 7023 covers 10 of original 14 nations; exact country fieldwork year/wave to be parsed from study files.
CANTRIL_ICPSR7023,Cantril Pattern of Human Concerns,Self-Anchoring Striving Scale / ladder,Panama,1957-1963,1957,1963,country-study-period,study included,no,ICPSR 7023 covers 10 of original 14 nations; exact country fieldwork year/wave to be parsed from study files.
CANTRIL_ICPSR7023,Cantril Pattern of Human Concerns,Self-Anchoring Striving Scale / ladder,United States,1957-1963,1957,1963,country-study-period,study included,no,ICPSR 7023 covers 10 of original 14 nations; exact country fieldwork year/wave to be parsed from study files.
CANTRIL_ICPSR7023,Cantril Pattern of Human Concerns,Self-Anchoring Striving Scale / ladder,West Germany,1957-1963,1957,1963,country-study-period,study included,no,ICPSR 7023 covers 10 of original 14 nations; exact country fieldwork year/wave to be parsed from study files.
CANTRIL_ICPSR7023,Cantril Pattern of Human Concerns,Self-Anchoring Striving Scale / ladder,Yugoslavia,1957-1963,1957,1963,country-study-period,study included,no,ICPSR 7023 covers 10 of original 14 nations; exact country fieldwork year/wave to be parsed from study files.
EUROBAROMETER_ECS73,Eurobarometer,Life satisfaction,France,1973 ECS73,1973,1973,country-survey,observed,no,GESIS ZA0628 / ECS73; country code FR; life satisfaction Q22 V16.
EUROBAROMETER_ECS73,Eurobarometer,Life satisfaction,Belgium,1973 ECS73,1973,1973,country-survey,observed,no,GESIS ZA0628 / ECS73; country code BE; life satisfaction Q22 V16.
EUROBAROMETER_ECS73,Eurobarometer,Life satisfaction,Netherlands,1973 ECS73,1973,1973,country-survey,observed,no,GESIS ZA0628 / ECS73; country code NL; life satisfaction Q22 V16.
EUROBAROMETER_ECS73,Eurobarometer,Life satisfaction,West Germany,1973 ECS73,1973,1973,country-survey,observed,no,GESIS ZA0628 / ECS73; country code DE_W; life satisfaction Q22 V16.
EUROBAROMETER_ECS73,Eurobarometer,Life satisfaction,Italy,1973 ECS73,1973,1973,country-survey,observed,no,GESIS ZA0628 / ECS73; country code IT; life satisfaction Q22 V16.
EUROBAROMETER_ECS73,Eurobarometer,Life satisfaction,Luxembourg,1973 ECS73,1973,1973,country-survey,observed,no,GESIS ZA0628 / ECS73; country code LU; life satisfaction Q22 V16.
EUROBAROMETER_ECS73,Eurobarometer,Life satisfaction,Denmark,1973 ECS73,1973,1973,country-survey,observed,no,GESIS ZA0628 / ECS73; country code DK; life satisfaction Q22 V16.
EUROBAROMETER_ECS73,Eurobarometer,Life satisfaction,Ireland,1973 ECS73,1973,1973,country-survey,observed,no,GESIS ZA0628 / ECS73; country code IE; life satisfaction Q22 V16.
EUROBAROMETER_ECS73,Eurobarometer,Life satisfaction,Great Britain,1973 ECS73,1973,1973,country-survey,observed,no,GESIS ZA0628 / ECS73; country code GB; life satisfaction Q22 V16.
