country,year,log_gdp_per_capita,unemployment_pct,inflation_pct
Afghanistan,2008,7.35041618347168,7.879,26.4186641547444
Afghanistan,2009,7.508646011352539,7.808,-6.81116108898996
Afghanistan,2010,7.6138997077941895,7.809,2.17853752389419
Afghanistan,2011,7.581258773803711,7.83,11.8041858089129
Afghanistan,2012,7.660505771636963,7.875,6.44121280934117
Afghanistan,2013,7.680333137512207,7.921,7.38577178397855
Afghanistan,2014,7.670638084411621,7.915,4.67399603536345
Afghanistan,2015,7.653833389282227,9.032,-0.661709164713742
Afghanistan,2016,7.650369644165039,10.116,4.38389195513915
Afghanistan,2017,7.647830486297607,11.184,4.97595150553833
Afghanistan,2018,7.630800724029541,11.192,0.626149149168847
Afghanistan,2019,7.640085697174072,11.187,2.30237251516834
Afghanistan,2021,7.324032306671143,12.006,5.13320340824963
Afghanistan,2022,,14.1,13.7121023720065
Albania,2007,9.1217041015625,15.966,2.93268248162317
Albania,2009,9.241429328918457,13.674,2.26692209450826
Albania,2010,9.282793045043945,14.086,3.6271009151748
Albania,2011,9.310619354248047,13.481,3.42807130141501
Albania,2012,9.326343536376953,13.376,2.03159268395296
Albania,2013,9.338146209716797,15.866,1.93762080205223
Albania,2014,9.357805252075195,18.055,1.62586504402614
Albania,2015,9.382661819458008,17.193,1.89617402592356
Albania,2016,9.41687297821045,15.418,1.27543168367423
Albania,2017,9.455109596252441,13.616,1.98666133171194
Albania,2018,9.496984481811523,12.304,2.02805963071135
Albania,2019,9.521909713745117,11.466,1.41109078954242
Albania,2020,9.492215156555176,11.639,1.62088661717021
Albania,2021,9.583207130432129,11.474,2.04147163139545
Albania,2022,9.626482963562012,10.785,6.72520271530059
Algeria,2010,9.306354522705078,9.96,3.91106195534028
Algeria,2011,9.315958023071289,9.96,4.5242115050527
Algeria,2012,9.329961776733398,10.97,8.89145091062317
Algeria,2014,9.355415344238281,10.207,2.91692692067458
Algeria,2016,9.383312225341797,10.202,6.39769480268757
Algeria,2017,9.37665843963623,12.0,5.59111590961664
Algeria,2018,9.369553565979004,12.112,4.26999020467084
Algeria,2019,9.361109733581543,12.302,1.95176821052892
Algeria,2020,9.291438102722168,14.08,2.41513094083414
Algeria,2021,9.3092622756958,13.656,7.22606307415477
Angola,2011,8.94434642791748,16.77,13.4824679218511
Angola,2012,8.98870849609375,16.539,10.2779049218839
Angola,2013,8.999667167663574,16.464,8.77781429332624
Angola,2014,9.009897232055664,16.372,7.28038730361121
Argentina,2006,9.936885833740234,10.078,
Argentina,2007,10.013071060180664,8.47,
Argentina,2008,10.04291820526123,7.837,
Argentina,2009,9.971766471862793,8.645,
Argentina,2010,10.06566047668457,7.714,
Argentina,2011,10.112436294555664,7.18,
Argentina,2012,10.090749740600586,7.217,
Argentina,2013,10.103326797485352,7.1,
Argentina,2014,10.066884994506836,7.268,
Argentina,2015,10.083050727844238,7.577,
Argentina,2016,10.051456451416016,8.088,
Argentina,2017,10.068880081176758,8.347,
Argentina,2018,10.032198905944824,9.22,34.2772237131003
Argentina,2019,10.002053260803223,9.843,53.5483043492339
Argentina,2020,9.887622833251953,11.461,42.0150947376509
Argentina,2021,9.977072715759277,8.736,48.4093786255199
Argentina,2022,10.011404991149902,6.805,72.430757531824
Armenia,2006,9.02084732055664,10.497,2.89235662459004
Armenia,2007,9.156567573547363,10.394,4.40736089644516
Armenia,2008,9.23029613494873,17.1,8.94995335353387
Armenia,2009,9.08474063873291,19.295,3.40676682683801
Armenia,2010,9.112593650817871,19.523,8.17636138473952
Armenia,2011,9.164417266845703,18.884,7.65000807859294
Armenia,2012,9.238924980163574,17.511,2.55802007757907
Armenia,2013,9.27587604522705,16.576,5.78966778544651
Armenia,2014,9.31519889831543,17.498,2.98130868933672
Armenia,2015,9.350626945495605,18.261,3.73169119261693
Armenia,2016,9.357068061828613,17.617,-1.403607559009
Armenia,2017,9.43425464630127,17.704,0.969553268816138
Armenia,2018,9.490350723266602,18.966,2.52023382001638
Armenia,2019,9.569241523742676,18.304,1.44344660770698
Armenia,2021,9.56051254272461,15.469,7.18483629443371
Armenia,2022,9.667765617370605,13.451,8.64091108973855
Australia,2005,10.662057876586914,5.036,2.69182949622197
Australia,2007,10.69443416595459,4.381,2.32761442623159
Australia,2008,10.709456443786621,4.242,4.35029726664093
Australia,2010,10.713648796081543,5.214,2.9183370211222
Australia,2011,10.72338581085205,5.083,3.30384784681081
Australia,2012,10.744205474853516,5.225,1.76278299052228
Australia,2013,10.75245475769043,5.663,2.44988248109259
Australia,2014,10.763002395629883,6.078,2.48792932080492
Australia,2015,10.769908905029297,6.055,1.50836803138463
Australia,2016,10.781229019165039,5.711,1.27699365720306
Australia,2017,10.787260055541992,5.592,1.94864309065653
Australia,2018,10.800652503967285,5.345,1.91140002818579
Australia,2019,10.807282447814941,5.143,1.610770929127
Australia,2020,10.794416427612305,6.394,0.846900734607273
Australia,2021,10.815255165100098,5.022,2.86391284709318
Australia,2022,10.85352897644043,3.728,6.59409658717841
Austria,2006,10.83645248413086,5.32,1.44154851119017
Austria,2008,10.88117504119873,4.198,3.2159503323988
Austria,2010,10.85598373413086,4.883,1.81353438995062
Austria,2011,10.88142204284668,4.637,3.2865791487538
Austria,2012,10.883644104003906,4.909,2.48567562177015
Austria,2013,10.878005027770996,5.367,2.00015616900597
Austria,2014,10.87678050994873,5.674,1.60581182954474
Austria,2015,10.875664710998535,5.802,0.89656333526032
Austria,2016,10.884549140930176,6.064,0.891591752655362
Austria,2017,10.899937629699707,5.561,2.08126911385587
Austria,2018,10.919031143188477,4.933,1.99837981429549
Austria,2019,10.929644584655762,4.56,1.53089564152644
Austria,2020,10.858776092529297,5.201,1.38191063351854
Austria,2021,10.898980140686035,6.459,2.7666666666667
Austria,2022,10.93891716003418,4.992,8.54686993188458
Azerbaijan,2006,9.154187202453613,6.62,8.32892482863209
Azerbaijan,2007,9.365991592407227,6.33,16.6997549618244
Azerbaijan,2008,9.447179794311523,5.86,20.8490871772712
Azerbaijan,2009,9.515311241149902,5.74,1.45704835970321
Azerbaijan,2010,9.552669525146484,5.63,5.72687224669605
Azerbaijan,2011,9.54063892364502,5.42,7.8583333333334
Azerbaijan,2012,9.548772811889648,5.19,1.06621339720303
Azerbaijan,2013,9.592310905456543,4.97,2.41571745279419
Azerbaijan,2014,9.606963157653809,4.91,1.37344181533176
Azerbaijan,2015,9.605931282043457,4.96,4.02768573742726
Azerbaijan,2016,9.563261985778809,5.0,12.4433748584372
Azerbaijan,2017,9.555447578430176,5.0,12.9359184187335
Azerbaijan,2018,9.56167221069336,4.9,2.26854690373999
Azerbaijan,2019,9.577898979187012,5.0,2.61057182799215
Bahrain,2009,10.713811874389648,1.07,2.79551283550412
Bahrain,2010,10.72766399383545,1.13,1.96188468334623
Bahrain,2011,10.748598098754883,1.21,-0.40004069748808
Bahrain,2012,10.774645805358887,1.2,2.75739669962979
Bahrain,2013,10.797850608825684,1.184,3.30001156888442
Bahrain,2014,10.801980972290039,1.144,2.64755321246189
Bahrain,2015,10.78836441040039,1.164,1.84862742374977
Bahrain,2016,10.789036750793457,1.19,2.78679347602044
Bahrain,2017,10.798134803771973,1.18,1.38671830576406
Bahrain,2019,10.815147399902344,1.217,1.00582004702137
Bahrain,2020,10.775781631469727,1.765,-2.31770629331379
Bangladesh,2006,7.93972635269165,3.591,6.76526117054757
Bangladesh,2007,7.9974212646484375,4.015,9.10698496905383
Bangladesh,2008,8.046941757202148,4.49,8.90194489465154
Bangladesh,2009,8.087361335754395,5.0,5.42347236174679
Bangladesh,2010,8.130166053771973,3.379,8.12667639169917
Bangladesh,2011,8.180617332458496,3.737,11.3951651552399
Bangladesh,2012,8.23135757446289,4.07,6.21750422069284
Bangladesh,2013,8.277083396911621,4.426,7.53040640913172
Bangladesh,2014,8.323469161987305,4.417,6.99163889220849
Bangladesh,2015,8.37502670288086,4.397,6.19428022984984
Bangladesh,2016,8.431437492370605,4.35,5.51352572692995
Bangladesh,2017,8.482762336730957,4.372,5.70207015717239
Bangladesh,2018,8.541788101196289,4.439,5.54362139486476
Bangladesh,2019,8.606523513793945,4.504,5.59199639930629
Bangladesh,2020,8.62898063659668,5.539,5.69107474746211
Bangladesh,2021,8.684572219848633,5.457,5.54565430773473
Bangladesh,2022,8.743256568908691,4.593,7.69695437176898
Belarus,2006,9.48909854888916,8.066,6.99712903535591
Belarus,2007,9.576188087463379,7.41,8.42675273505306
Belarus,2008,9.67676830291748,6.728,14.8378764828254
Belarus,2009,9.681225776672363,6.1,12.9456563410402
Belarus,2010,9.758502006530762,6.052,7.73574804312515
Belarus,2011,9.81323528289795,6.024,53.2286983118172
Belarus,2012,9.83153247833252,5.962,59.2197360232519
Belarus,2013,9.841900825500488,5.942,18.3122610377873
Belarus,2014,9.858455657958984,5.908,18.1195543526734
Belarus,2015,9.818078994750977,5.881,13.5344897649734
Belarus,2016,9.79161262512207,5.844,11.8365807653497
Belarus,2017,9.817717552185059,5.648,6.03183725177795
Belarus,2018,9.850861549377441,4.763,4.87230220550686
Belarus,2019,9.866782188415527,4.165,5.59815595039848
Belgium,2005,10.743807792663574,8.44,2.78143263670029
Belgium,2007,10.791181564331055,7.459,1.8230563002681
Belgium,2008,10.787740707397461,6.976,4.48944420508404
Belgium,2010,10.7783842086792,8.293,2.18929920422458
Belgium,2011,10.782177925109863,7.14,3.5320821072274
Belgium,2012,10.783341407775879,7.542,2.83966343445899
Belgium,2013,10.783209800720215,8.425,1.1130959402754
Belgium,2014,10.794432640075684,8.523,0.340002833356922
Belgium,2015,10.808846473693848,8.482,0.561429152790158
Belgium,2016,10.816370964050293,7.83,1.97385264653163
Belgium,2017,10.828584671020508,7.09,2.12597086002616
Belgium,2018,10.841803550720215,5.941,2.05316499865178
Belgium,2019,10.858560562133789,5.364,1.43681956996438
Belgium,2020,10.799145698547363,5.545,0.740791812220344
Belgium,2021,10.85397720336914,6.248,2.44024851144084
Belgium,2022,10.878268241882324,5.57,9.597511728725
Belize,2007,9.191672325134277,8.51,2.31808274642021
Belize,2014,9.13521957397461,8.244,1.20139964481058
Benin,2006,7.843532562255859,0.888,3.78217696540375
Benin,2008,7.891244411468506,0.895,7.94729876067854
Benin,2011,7.876235485076904,2.647,2.7042390774728
Benin,2012,7.894076347351074,2.458,6.74468253340712
Benin,2013,7.934523105621338,2.198,0.428888888888884
Benin,2014,7.966898441314697,1.952,-0.548757550948181
Benin,2015,7.955011367797852,1.886,0.218785923536245
Benin,2016,7.958364009857178,1.834,-0.793310145785624
Benin,2017,7.984066486358643,1.691,0.0432648555103608
Benin,2018,8.019667625427246,1.426,0.919170717886054
Benin,2019,8.057199478149414,1.214,0.732849371241066
Benin,2020,8.066671371459961,1.518,3.02272119663759
Benin,2021,8.108187675476074,1.833,1.73353962694036
Benin,2022,8.13679313659668,1.685,1.35077863583527
Bhutan,2013,9.097064971923828,2.87,8.77638345268213
Bhutan,2014,9.14302921295166,2.63,8.27106093949328
Bhutan,2015,9.197989463806152,2.45,4.54814395082205
Bolivia,2006,8.67066478729248,2.575,4.28239604802561
Bolivia,2007,8.697794914245605,2.614,8.70560923578869
Bolivia,2008,8.740165710449219,2.603,14.0068107702519
Bolivia,2009,8.756053924560547,2.973,3.34645420142014
Bolivia,2010,8.779529571533203,2.609,2.50327605844241
Bolivia,2011,8.813483238220215,2.255,9.88446419823883
Bolivia,2012,8.846890449523926,2.066,4.51560291399376
Bolivia,2013,8.896345138549805,2.437,5.73640023719607
Bolivia,2014,8.933479309082031,2.021,5.76660074579144
Bolivia,2015,8.965176582336426,3.111,4.05961041135645
Bolivia,2016,8.991458892822266,3.498,3.62321431764138
Bolivia,2017,9.017354011535645,3.655,2.8227580554717
Bolivia,2018,9.043848037719727,3.519,2.27205987230155
Bolivia,2019,9.05119800567627,3.682,1.83954504969026
Bolivia,2020,8.946366310119629,7.903,0.940742153381849
Bolivia,2021,8.993698120117188,5.089,0.737383721452275
Bolivia,2022,9.014473915100098,3.552,1.74632872945969
Bosnia and Herzegovina,2007,9.190632820129395,28.984,1.50077710611542
Bosnia and Herzegovina,2009,9.246142387390137,24.068,-0.381464282453057
Bosnia and Herzegovina,2010,9.272101402282715,27.312,1.99621236745887
Bosnia and Herzegovina,2011,9.299640655517578,27.582,3.67125
Bosnia and Herzegovina,2012,9.309930801391602,28.01,2.05267452001717
Bosnia and Herzegovina,2013,9.348740577697754,27.49,-0.0930456838317588
Bosnia and Herzegovina,2014,9.373147964477539,27.517,-0.897194054194333
Bosnia and Herzegovina,2015,9.416748046875,27.695,-1.03602303425474
Bosnia and Herzegovina,2016,9.46013355255127,25.408,-1.58400833333336
Bosnia and Herzegovina,2017,9.503191947937012,20.527,0.810039425333895
Bosnia and Herzegovina,2018,9.551575660705566,18.4,1.41710814018034
Bosnia and Herzegovina,2019,9.591153144836426,15.692,0.56278215406123
Bosnia and Herzegovina,2020,9.572131156921387,15.868,-1.0512960076349
Bosnia and Herzegovina,2021,9.659282684326172,14.897,1.98163900587622
Botswana,2006,9.494558334350586,17.782,11.5552187914379
Botswana,2008,9.542919158935547,16.293,12.7021883920076
Botswana,2010,9.4456787109375,17.86,6.94887658743103
Botswana,2011,9.491771697998047,18.049,8.45987233408583
Botswana,2012,9.470852851867676,17.916,7.53690261091916
Botswana,2013,9.557082176208496,18.167,5.88460707056817
Botswana,2014,9.59323787689209,18.484,4.40225309243427
Botswana,2015,9.523887634277344,18.915,3.06203169580558
Botswana,2016,9.573143005371094,19.328,2.81495791361944
Botswana,2017,9.592658042907715,19.671,3.30828076768219
Botswana,2018,9.613274574279785,19.665,3.23801558947715
Botswana,2019,9.623641014099121,20.094,2.77286442863321
Botswana,2022,9.629345893859863,23.615,11.665567478802
Brazil,2005,9.435151100158691,10.551,6.86953720898964
Brazil,2007,9.511839866638184,9.28,3.64127299102652
Brazil,2008,9.551653861999512,8.268,5.67859390284168
Brazil,2009,9.540863990783691,9.419,4.88803479876799
Brazil,2010,9.604052543640137,8.42,5.03872690108075
Brazil,2011,9.63374137878418,7.578,6.6364496221309
Brazil,2012,9.643767356872559,7.251,5.40349914036997
Brazil,2013,9.664690017700195,7.071,6.20431066640101
Brazil,2014,9.661138534545898,6.755,6.32904015516139
Brazil,2015,9.6165771484375,8.538,9.02990102416136
Brazil,2016,9.575156211853027,11.58,8.73914352329393
Brazil,2017,9.580375671386719,12.792,3.44637335032669
Brazil,2018,9.590117454528809,12.329,3.66485028376729
Brazil,2019,9.594590187072754,11.936,3.73297621216894
Brazil,2020,9.548379898071289,13.697,3.21176803803376
Brazil,2021,9.588253021240234,13.158,8.30165975585673
Brazil,2022,9.61054801940918,9.231,9.28010608956873
Bulgaria,2007,9.74639892578125,6.878,8.40253419005893
Bulgaria,2010,9.80718994140625,10.279,2.43899060504117
Bulgaria,2011,9.834396362304688,11.26,4.21990346601872
Bulgaria,2012,9.847709655761719,12.27,2.95456829831012
Bulgaria,2013,9.847685813903809,12.941,0.890093540913096
Bulgaria,2014,9.862991333007812,11.424,-1.4181838026484
Bulgaria,2015,9.903078079223633,9.143,-0.104633261008479
Bulgaria,2016,9.940037727355957,7.575,-0.798649886453617
Bulgaria,2017,9.974589347839355,6.164,2.06159619443141
Bulgaria,2018,10.00830364227295,5.211,2.81454473824838
Bulgaria,2019,10.054929733276367,4.148,3.10372944796771
Bulgaria,2020,10.020541191101074,5.037,1.67244096855756
Bulgaria,2021,10.102261543273926,5.166,3.29774435299506
Bulgaria,2022,10.137581825256348,4.148,15.3252589264367
Burkina Faso,2006,7.3272247314453125,3.67,2.3331085637222
Burkina Faso,2007,7.337188243865967,3.3,-0.230627306273049
Burkina Faso,2008,7.364132404327393,3.501,10.6597978997424
Burkina Faso,2010,7.4156999588012695,3.725,-0.764230734676768
Burkina Faso,2011,7.450127601623535,3.827,2.75976724854534
Burkina Faso,2012,7.482338905334473,3.849,3.8181524025238
Burkina Faso,2013,7.5085649490356445,4.054,0.533738507090536
Burkina Faso,2014,7.521125793457031,4.255,-0.258089517535291
Burkina Faso,2015,7.529865264892578,4.472,0.724838981070517
Burkina Faso,2016,7.558389663696289,4.598,0.441041448058809
Burkina Faso,2017,7.5899200439453125,4.662,1.48299897161326
Burkina Faso,2018,7.626189231872559,4.695,1.95594302672532
Burkina Faso,2019,7.654472827911377,4.493,-3.23338933983322
Burkina Faso,2020,7.646704196929932,4.59,1.88470066518847
Burkina Faso,2021,7.686983585357666,4.511,3.65326761825509
Burundi,2008,6.700229167938232,1.634,24.4069510353914
Burundi,2009,6.686863422393799,1.622,10.5554355299529
Burundi,2011,6.694147109985352,1.602,9.5921660597967
Burundi,2014,6.722984790802002,1.572,4.40535234185293
Burundi,2018,6.607255935668945,1.147,-2.81469807668465
Cambodia,2006,7.746443271636963,1.16,5.81068550464306
Cambodia,2007,7.82625150680542,1.257,8.70882770568049
Cambodia,2008,7.874457359313965,0.825,24.096851930605
Cambodia,2009,7.860245227813721,0.579,-1.24171754189637
Cambodia,2010,7.903593063354492,0.771,3.99639528107218
Cambodia,2011,7.957363128662109,0.577,5.4784474961745
Cambodia,2012,8.013453483581543,0.505,2.93431609293951
Cambodia,2013,8.070134162902832,0.438,2.94162509547349
Cambodia,2014,8.125146865844727,0.692,3.85568861424207
Cambodia,2015,8.178988456726074,0.393,1.22393195511119
Cambodia,2016,8.232682228088379,0.716,3.01913975139128
Cambodia,2017,8.28720760345459,0.141,2.91263557371478
Cambodia,2018,8.347026824951172,0.129,2.45908515380146
Cambodia,2019,8.4038667678833,0.119,1.94257500833107
Cambodia,2020,8.36081600189209,0.172,2.9402951426397
Cambodia,2021,8.378979682922363,0.396,2.92073477592949
Cambodia,2022,8.414617538452148,0.245,5.34370264895437
Cameroon,2006,8.089927673339844,3.729,5.11757816019469
Cameroon,2007,8.104486465454102,3.063,0.921402245650095
Cameroon,2008,8.104195594787598,3.386,5.33780627627498
Cameroon,2009,8.101195335388184,3.743,3.04361847939999
Cameroon,2010,8.101261138916016,4.11,1.27538046242338
Cameroon,2011,8.106182098388672,3.988,2.93969946305091
Cameroon,2012,8.12325382232666,3.836,2.73529677529539
Cameroon,2013,8.143866539001465,3.686,2.05034718001741
Cameroon,2014,8.169133186340332,3.534,1.85489850366777
Cameroon,2015,8.192779541015625,3.518,2.676235314199
Cameroon,2016,8.2072172164917,3.529,0.874190383288856
Cameroon,2017,8.213678359985352,3.573,0.64040914988195
Cameroon,2018,8.224833488464355,3.608,1.0688581131292
Cameroon,2019,8.231245040893555,3.632,2.45280214062732
Cameroon,2020,8.2067232131958,3.881,2.43760882182236
Cameroon,2021,8.21621322631836,3.976,2.27185762503637
Cameroon,2022,8.227441787719727,3.646,6.24767713343861
Canada,2005,10.70729923248291,6.758,2.21355203439767
Canada,2007,10.733969688415527,6.156,2.13838399266837
Canada,2008,10.733165740966797,6.284,2.37027067444299
Canada,2009,10.69202709197998,8.46,0.299466803009299
Canada,2010,10.711336135864258,8.178,1.77687154092627
Canada,2011,10.732532501220703,7.637,2.91213508872351
Canada,2012,10.739143371582031,7.392,1.51567823124517
Canada,2013,10.751601219177246,7.143,0.938291897815317
Canada,2014,10.769844055175781,7.023,1.90663590717861
Canada,2015,10.768951416015625,6.945,1.12524136094277
Canada,2016,10.76759147644043,7.038,1.42875954701085
Canada,2017,10.785542488098145,6.426,1.59688412852977
Canada,2018,10.798810005187988,5.837,2.26822567248103
Canada,2019,10.803070068359375,5.69,1.94926902411593
Canada,2020,10.73779296875,9.657,0.716999632307827
Canada,2021,10.776723861694336,7.527,3.39519318527528
Canada,2022,10.803366661071777,5.279,6.80280115341613
Central African Republic,2007,6.945773601531982,5.562,0.95991761945711
Central African Republic,2010,7.030765533447266,5.658,1.49102370047802
Central African Republic,2011,7.056532859802246,5.638,1.1944757244985
Central African Republic,2016,6.707346439361572,5.793,4.94543276106518
Central African Republic,2017,6.7329254150390625,5.836,4.18072331871267
Chad,2006,7.369199752807617,0.716,8.03628897951331
Chad,2007,7.367519378662109,0.839,-8.9747396200927
Chad,2008,7.363130569458008,0.922,10.2969758221254
Chad,2009,7.369256973266602,0.943,9.95242290748864
Chad,2010,7.462245941162109,0.911,-2.07786574641866
Chad,2011,7.42812967300415,0.92,2.0292405367826
Chad,2012,7.478353500366211,0.886,7.51662364663833
Chad,2013,7.498218059539795,0.955,0.222671564624551
Chad,2014,7.529241561889648,0.984,1.6819731392567
Chad,2015,7.524701118469238,1.032,4.37712665065654
Chad,2016,7.428617477416992,1.091,-0.792440525236102
Chad,2017,7.365028381347656,1.132,-1.5370996298084
Chad,2018,7.354710102081299,1.135,4.27462198610545
Chad,2019,7.353720188140869,1.077,-0.971939175419401
Chad,2022,7.261128902435303,1.081,5.78802687843616
Chile,2006,9.869904518127441,9.024,3.39201733699405
Chile,2007,9.910489082336426,8.427,4.40779938398044
Chile,2008,9.937674522399902,9.285,8.71626873039607
Chile,2009,9.91616153717041,11.313,0.353045178360937
Chile,2010,9.962940216064453,8.547,1.41071107954321
Chile,2011,10.013404846191406,7.492,3.34121694259302
Chile,2012,10.06339168548584,6.79,3.00744840213047
Chile,2013,10.086292266845703,6.361,1.7895555398459
Chile,2014,10.09399127960205,6.761,4.71867527854672
Chile,2015,10.104988098144531,6.605,4.34877353217044
Chile,2016,10.11047649383545,6.926,3.78619355893118
Chile,2017,10.108341217041016,7.257,2.18271846868519
Chile,2018,10.12950611114502,7.623,2.43488981353057
Chile,2019,10.119268417358398,7.493,2.55754475703327
Chile,2020,10.044018745422363,10.934,3.04549084804326
Chile,2021,10.144436836242676,9.281,4.52456838259144
Chile,2022,10.153562545776367,8.249,11.643866711056
China,2006,8.696139335632324,4.43,1.6494309945586
China,2007,8.823967933654785,4.35,4.81676767378834
China,2008,8.91097354888916,4.59,5.92525137041092
China,2009,8.995828628540039,4.72,-0.728165250932898
China,2010,9.092073440551758,4.53,3.17532475269199
China,2011,9.177826881408691,4.55,5.55389892257493
China,2012,9.246742248535156,4.58,2.61952432645541
China,2013,9.314874649047852,4.6,2.62105001748115
China,2014,9.38020133972168,4.63,1.92164162788521
China,2015,9.442431449890137,4.65,1.43702380935655
China,2016,9.502945899963379,4.56,2.00000182191943
China,2017,9.564058303833008,4.47,1.59313600071436
China,2018,9.624698638916016,4.31,2.07479039965576
China,2019,9.678953170776367,4.56,2.89923416358227
China,2020,9.698722839355469,5.0,2.41942189457782
China,2021,9.77580738067627,4.55,0.981015135544882
Colombia,2006,9.277318954467773,11.088,4.29342363628927
Colombia,2007,9.33012866973877,11.204,5.54438485815156
Colombia,2008,9.350756645202637,11.273,6.99688495554511
Colombia,2009,9.350772857666016,12.066,4.20251661216482
Colombia,2010,9.38347053527832,11.153,2.27200227892008
Colombia,2011,9.439705848693848,10.288,3.4150334477625
Colombia,2012,9.467689514160156,9.959,3.16930188840055
Colombia,2013,9.507854461669922,9.246,2.01699224310383
Colombia,2014,9.542390823364258,8.799,2.89883787761738
Colombia,2015,9.562101364135742,8.572,4.9898311584953
Colombia,2016,9.572073936462402,8.922,7.51346024627675
Colombia,2017,9.570453643798828,9.086,4.31431325695011
Colombia,2018,9.576817512512207,9.36,3.24056932930569
Colombia,2019,9.58988094329834,10.28,3.52301932741447
Colombia,2020,9.502091407775879,15.983,2.52663500084706
Colombia,2021,9.5920991897583,13.898,3.49505757399448
Colombia,2022,9.659547805786133,10.541,10.1772313546166
Comoros,2009,7.998597145080566,4.303,4.36234829325719
Comoros,2010,8.014837265014648,4.19,3.35475770328919
Comoros,2011,8.03425121307373,4.12,1.8426630075619
Comoros,2012,8.044060707092285,4.091,6.31474450315177
Comoros,2018,8.100110054016113,3.975,2.15155084413033
Comoros,2019,8.098840713500977,3.926,3.58213544469211
Comoros,2022,8.074591636657715,3.879,12.5320314570999
Congo (Brazzaville),2008,8.389738082885742,19.962,4.95875092023152
Congo (Brazzaville),2011,8.502156257629395,19.435,1.75958704273803
Congo (Brazzaville),2012,8.569225311279297,19.491,5.01018773134471
Congo (Brazzaville),2013,8.538008689880371,19.845,4.63161619729461
Congo (Brazzaville),2014,8.579113006591797,19.696,0.912139545450097
Congo (Brazzaville),2015,8.519078254699707,20.02,3.16909796750829
Congo (Brazzaville),2016,8.381088256835938,20.298,3.19056179723773
Congo (Brazzaville),2017,8.312362670898438,20.737,0.450063823285546
Congo (Brazzaville),2018,8.239173889160156,20.84,1.15277896375523
Congo (Brazzaville),2019,8.214752197265625,20.494,2.20607305781525
Congo (Brazzaville),2020,8.127007484436035,22.286,1.79537147083108
Congo (Brazzaville),2021,8.081596374511719,21.998,1.7156427545126
Congo (Brazzaville),2022,8.07715129852295,20.131,3.04344334698478
Congo (Kinshasa),2009,6.699410915374756,3.882,2.79999999999982
Congo (Kinshasa),2011,6.768578052520752,4.317,15.316515913949
Congo (Kinshasa),2012,6.8034820556640625,4.485,9.72182806273364
Congo (Kinshasa),2013,6.850804328918457,4.469,0.808223101487111
Congo (Kinshasa),2014,6.906826972961426,4.436,1.24303889760803
Congo (Kinshasa),2015,6.939807891845703,4.441,0.74419899478147
Congo (Kinshasa),2016,6.928858280181885,4.528,2.88585107289988
Congo (Kinshasa),2017,6.9310221672058105,4.613,
Congo (Kinshasa),2022,7.00667142868042,4.54,
Costa Rica,2006,9.60675048828125,5.926,11.4705968149052
Costa Rica,2007,9.671673774719238,4.557,9.35724456417157
Costa Rica,2008,9.704121589660645,4.934,13.4244635507284
Costa Rica,2009,9.681844711303711,7.824,7.84270167700654
Costa Rica,2010,9.721186637878418,7.171,5.66275708420021
Costa Rica,2011,9.751876831054688,9.518,4.87799830970702
Costa Rica,2012,9.787511825561523,9.11,4.49545314354605
Costa Rica,2013,9.800621032714844,8.218,5.23133614174428
Costa Rica,2014,9.824480056762695,8.499,4.51920098516954
Costa Rica,2015,9.849885940551758,8.415,0.801982005099623
Costa Rica,2016,9.880914688110352,8.085,-0.0174788505908217
Costa Rica,2017,9.911863327026367,7.729,1.62590692991732
Costa Rica,2018,9.928339958190918,9.01,2.22111461526581
Costa Rica,2019,9.943575859069824,10.807,2.09604635327807
Costa Rica,2020,9.894665718078613,16.432,0.724911478131376
Costa Rica,2021,9.961722373962402,15.139,1.72647755109241
Costa Rica,2022,9.99783706665039,11.325,8.27477490232654
Croatia,2007,10.173824310302734,9.909,2.89928275583389
Croatia,2009,10.120161056518555,9.202,2.37852845904671
Croatia,2010,10.110116004943848,11.62,1.03055505333576
Croatia,2011,10.112702369689941,13.678,2.27272727272722
Croatia,2012,10.09216594696045,16.046,3.41207349081368
Croatia,2013,10.090965270996094,17.231,2.21658206429779
Croatia,2014,10.09073543548584,17.209,-0.215196159576176
Croatia,2015,10.123887062072754,16.15,-0.464499004645003
Croatia,2016,10.16584587097168,13.015,-1.12500000000002
Croatia,2017,10.211406707763672,11.078,1.12937210282347
Croatia,2018,10.247963905334473,8.322,1.50012501041747
Croatia,2019,10.287142753601074,6.551,0.771820346498112
Croatia,2020,10.201765060424805,7.389,0.154811374562106
Croatia,2021,10.362045288085938,7.483,2.55450699642041
Croatia,2022,10.458263397216797,6.811,10.7805806758686
Cuba,2006,,1.913,
Cyprus,2006,10.56758975982666,4.593,2.30468732978553
Cyprus,2009,10.559527397155762,5.594,0.326276652249793
Cyprus,2010,10.555953979492188,6.359,2.43004084102251
Cyprus,2011,10.534597396850586,7.942,3.2894493956421
Cyprus,2012,10.484278678894043,12.097,2.38905410042326
Cyprus,2013,10.418458938598633,16.131,-0.399357676464425
Cyprus,2014,10.411544799804688,16.277,-1.35498885446315
Cyprus,2015,10.45085620880127,15.026,-2.0969976905312
Cyprus,2016,10.50993537902832,13.006,-1.42916666666665
Cyprus,2017,10.556385040283203,11.155,0.531766496174467
Cyprus,2018,10.599127769470215,8.504,1.43549119531759
Cyprus,2019,10.63938045501709,7.155,0.250370996758493
Cyprus,2020,10.583335876464844,7.755,-0.638422797978861
Cyprus,2021,10.638297080993652,7.513,2.44608867175474
Cyprus,2022,,6.806,8.39548297993334
Czechia,2005,10.321685791015625,7.927,1.85709789109228
Czechia,2007,10.432827949523926,5.316,2.8531243721117
Czechia,2010,10.418797492980957,7.281,1.47272727272728
Czechia,2011,10.43418025970459,6.712,1.9172191363555
Czechia,2012,10.42490005493164,6.979,3.28762306610411
Czechia,2013,10.42410945892334,6.953,1.4382978723404
Czechia,2014,10.445425033569336,6.108,0.343988589646794
Czechia,2015,10.495941162109375,5.048,0.309364548494975
Czechia,2016,10.51907730102539,3.952,0.683504209385703
Czechia,2017,10.566816329956055,2.893,2.4505339846014
Czechia,2018,10.595166206359863,2.246,2.14949494949493
Czechia,2020,10.562043190002441,2.55,3.1612952849781
Czechia,2021,10.614990234375,2.803,3.83984491500146
Czechia,2022,10.656307220458984,2.224,15.1001651468371
Denmark,2005,10.84901237487793,4.83,1.81781458291254
Denmark,2007,10.888726234436035,3.801,1.69326586220324
Denmark,2008,10.877717971801758,3.683,3.41626794258374
Denmark,2009,10.822056770324707,6.409,1.30470991024336
Denmark,2010,10.836152076721191,7.746,2.31092436974786
Denmark,2011,10.845314025878906,7.769,2.7586822605125
Denmark,2012,10.843812942504883,7.798,2.3979148566464
Denmark,2013,10.848934173583984,7.384,0.789071780078062
Denmark,2014,10.859928131103516,6.925,0.56402054044954
Denmark,2015,10.876019477844238,6.278,0.452034153691575
Denmark,2016,10.90015983581543,5.989,0.250000000000031
Denmark,2017,10.921552658081055,5.833,1.14713216957602
Denmark,2018,10.936294555664062,5.131,0.813609467455631
Denmark,2019,10.947537422180176,5.018,0.75813157251162
Denmark,2020,10.924473762512207,5.644,0.420711974110025
Denmark,2021,10.967554092407227,5.065,1.85304543989689
Denmark,2022,10.994298934936523,4.434,7.6965669988926
Djibouti,2008,8.1152982711792,26.183,11.9586206896552
Djibouti,2009,8.014382362365723,26.325,1.67549587285963
Djibouti,2010,7.934187412261963,26.368,3.95007875923886
Djibouti,2011,8.150376319885254,26.31,5.0687139477798
Dominican Republic,2006,9.306493759155273,5.654,7.57280523853074
Dominican Republic,2007,9.365398406982422,5.158,6.14356655248047
Dominican Republic,2008,9.384228706359863,4.764,10.6446210953712
Dominican Republic,2009,9.380593299865723,5.467,1.44215131834353
Dominican Republic,2010,9.447546005249023,5.212,6.32993220146146
Dominican Republic,2011,9.465392112731934,6.087,5.79676809206533
Dominican Republic,2012,9.479447364807129,6.722,3.69449707884777
Dominican Republic,2013,9.514548301696777,7.351,4.830950967408
Dominican Republic,2014,9.570441246032715,6.719,2.99864226125219
Dominican Republic,2015,9.625456809997559,7.605,0.836746346724557
Dominican Republic,2016,9.678292274475098,7.284,1.61416607245223
Dominican Republic,2017,9.712601661682129,5.832,3.27955694678546
Dominican Republic,2018,9.769048690795898,5.861,3.56443426013508
Dominican Republic,2019,9.807585716247559,6.356,1.81060377042959
Dominican Republic,2020,9.727252960205078,6.126,3.78103179915517
Dominican Republic,2021,9.832318305969238,7.702,8.24300347981809
Dominican Republic,2022,9.873703002929688,5.504,8.81109209279587
Ecuador,2006,9.189364433288574,3.55,3.29874846258215
Ecuador,2007,9.193846702575684,3.142,2.27618478002121
Ecuador,2008,9.23843765258789,3.917,8.40009593987462
Ecuador,2009,9.227261543273926,4.608,5.15996829181047
Ecuador,2010,9.245304107666016,4.088,3.55437734567843
Ecuador,2011,9.304624557495117,3.458,4.4745326579584
Ecuador,2012,9.343484878540039,3.235,5.10172180958666
Ecuador,2013,9.37644100189209,3.083,2.72177577710371
Ecuador,2014,9.398794174194336,3.48,3.58922016616663
Ecuador,2015,9.384984016418457,3.616,3.96664623255358
Ecuador,2016,9.357709884643555,4.597,1.72826463324533
Ecuador,2017,9.365584373474121,3.836,0.417335588666825
Ecuador,2018,9.359485626220703,3.53,-0.224103246005552
Ecuador,2019,9.340510368347168,3.812,0.266012515466155
Ecuador,2020,9.245415687561035,6.116,-0.338872392562139
Ecuador,2021,9.27507495880127,4.504,0.133251386096389
Ecuador,2022,9.290071487426758,3.713,3.46616972213077
Egypt,2005,8.989677429199219,11.049,4.86939696871988
Egypt,2007,9.085371971130371,8.8,9.3189690579923
Egypt,2008,9.134906768798828,8.517,18.3168316831684
Egypt,2009,9.161022186279297,9.087,11.7634954386443
Egypt,2010,9.190937042236328,8.757,11.2651882653185
Egypt,2011,9.186352729797363,11.849,10.0649259874818
Egypt,2012,9.18575382232666,12.597,7.11172943343083
Egypt,2013,9.184216499328613,13.154,9.46971981064921
Egypt,2014,9.189520835876465,13.105,10.0702154687481
Egypt,2015,9.210259437561035,13.052,10.370490343517
Egypt,2016,9.231945037841797,12.45,13.813606214829
Egypt,2017,9.253008842468262,11.767,29.5066083940039
Egypt,2018,9.285797119140625,9.855,14.4014657807422
Egypt,2019,9.321944236755371,7.851,9.15279959324804
Egypt,2020,9.33968734741211,7.974,5.04493288977539
Egypt,2021,9.355829238891602,7.441,5.21404940513043
Egypt,2022,9.403931617736816,6.546,13.8956609775178
El Salvador,2006,8.884818077087402,6.57,4.03712359429612
El Salvador,2007,8.901626586914062,6.41,4.57808572377153
El Salvador,2008,8.918750762939453,5.88,6.70792293515939
El Salvador,2009,8.893871307373047,7.33,1.05595029731201
El Salvador,2010,8.910987854003906,4.893,1.17933576873673
El Salvador,2011,8.944543838500977,4.297,5.1289237668161
El Salvador,2012,8.968485832214355,3.843,1.72973481581383
El Salvador,2013,8.986650466918945,3.693,0.757669184522973
El Salvador,2014,8.999739646911621,4.154,1.14134467538233
El Salvador,2015,9.019993782043457,3.998,-0.731384487387957
El Salvador,2016,9.041951179504395,4.418,0.60404908699661
El Salvador,2017,9.061598777770996,4.385,1.0123540331558
El Salvador,2018,9.083892822265625,4.006,1.09033000581892
El Salvador,2019,9.1073579788208,4.17,0.0753241350024612
El Salvador,2020,9.020057678222656,5.008,-0.371590212324095
El Salvador,2021,9.114495277404785,4.327,3.46692585313082
El Salvador,2022,9.134880065917969,2.999,7.19861615609867
Estonia,2006,10.268648147583008,5.915,4.43762042389213
Estonia,2007,10.346266746520996,4.592,6.60132603055637
Estonia,2008,10.2962646484375,5.455,10.3623580313683
Estonia,2009,10.14002799987793,13.548,-0.0784083112809768
Estonia,2011,10.239607810974121,12.328,4.9819013145361
Estonia,2012,10.274958610534668,10.021,3.93339987296985
Estonia,2013,10.292996406555176,8.631,2.78056658954988
Estonia,2014,10.325288772583008,7.352,-0.10617514652171
Estonia,2015,10.34299373626709,6.412,-0.49232600654737
Estonia,2016,10.373770713806152,6.882,0.148684907627373
Estonia,2017,10.428864479064941,5.807,3.41723549488054
Estonia,2018,10.462528228759766,5.412,3.43632688420446
Estonia,2019,10.495527267456055,4.514,2.27725931243522
Estonia,2020,10.48802661895752,6.956,-0.44453109767983
Estonia,2021,10.564051628112793,6.178,4.65316673847473
Estonia,2022,10.5713529586792,5.571,19.3982634080616
Eswatini,2011,8.902074813842773,26.105,6.10742714590251
Eswatini,2018,9.02917766571045,26.471,4.81506167461513
Eswatini,2019,9.04797077178955,28.222,2.59801620311077
Ethiopia,2012,7.252150535583496,2.252,23.600417677317
Ethiopia,2013,7.3252434730529785,2.251,7.46402192944517
Ethiopia,2014,7.395837783813477,2.361,6.89001951597192
Ethiopia,2015,7.467755317687988,2.442,9.56889955968623
Ethiopia,2016,7.5307416915893555,2.556,6.62813337230924
Ethiopia,2017,7.5948686599731445,2.665,10.6871150284238
Ethiopia,2018,7.6340742111206055,2.811,13.8330356586661
Ethiopia,2019,7.687840938568115,2.928,15.8096321719344
Ethiopia,2020,7.720122814178467,3.998,20.3563468559061
Ethiopia,2022,7.757498741149902,3.386,33.8898797100898
Finland,2006,10.745317459106445,8.935,1.56666380704379
Finland,2008,10.795854568481445,6.369,4.06595355358383
Finland,2010,10.733668327331543,8.394,1.18413523154651
Finland,2011,10.754190444946289,7.781,3.4168075425521
Finland,2012,10.735358238220215,7.689,2.80833622561574
Finland,2013,10.72169303894043,8.193,1.4782861568881
Finland,2014,10.71390151977539,8.663,1.0411962117843
Finland,2015,10.716029167175293,9.376,-0.207928839905177
Finland,2016,10.74088191986084,8.818,0.356684500891695
Finland,2017,10.769960403442383,8.64,0.754015047084438
Finland,2018,10.779966354370117,7.361,1.08382098409296
Finland,2019,10.791037559509277,6.695,1.02409392963431
Finland,2020,10.767303466796875,7.759,0.290554555653239
Finland,2021,10.79452896118164,7.617,2.19457432339998
Finland,2022,10.814192771911621,6.719,7.12350773301412
France,2005,10.63676929473877,8.882,1.74586936380487
France,2006,10.654029846191406,8.832,1.67512449608726
France,2008,10.668793678283691,7.386,2.81286194914785
France,2009,10.634509086608887,9.122,0.0876204781574653
France,2010,10.648887634277344,9.279,1.53112270420919
France,2011,10.665750503540039,9.228,2.11159795175
France,2012,10.664037704467773,9.841,1.9541953161351
France,2013,10.664618492126465,9.913,0.863715497861804
France,2014,10.669452667236328,10.273,0.50775882293799
France,2015,10.67696475982666,10.354,0.0375143805125182
France,2016,10.685220718383789,10.057,0.183334861123765
France,2017,10.704975128173828,9.409,1.03228275064681
France,2018,10.719868659973145,9.018,1.85081508315493
France,2019,10.734716415405273,8.415,1.10825492288294
France,2020,10.650960922241211,8.009,0.476498852725065
France,2021,10.714264869689941,7.871,1.64233141038394
France,2022,10.736878395080566,7.303,5.22236748369725
Gabon,2011,9.557162284851074,19.895,1.26331707837421
Gabon,2012,9.572758674621582,19.661,2.65241828695626
Gabon,2013,9.592561721801758,19.736,0.505441058915615
Gabon,2014,9.601395606994629,19.873,4.69045751826284
Gabon,2015,9.60858154296875,19.943,-0.338795188753406
Gabon,2016,9.601238250732422,20.117,2.10670712784054
Gabon,2017,9.580394744873047,20.307,2.65192583143902
Gabon,2018,9.564825057983398,20.459,4.74906652083221
Gabon,2019,9.580385208129883,20.371,2.46456756151187
Gabon,2020,9.539880752563477,21.279,1.35276110675333
Gabon,2021,9.533417701721191,21.223,1.0869074651941
Gabon,2022,9.539199829101562,20.319,4.23124798274579
Gambia,2017,7.563740253448486,5.097,8.03418974545911
Gambia,2018,7.607178211212158,4.055,6.52096823946573
Gambia,2019,7.641712665557861,4.481,7.11567625631192
Gambia,2022,7.6478166580200195,6.067,11.5131198380505
Georgia,2006,8.993415832519531,13.57,9.16096508394497
Georgia,2007,9.117116928100586,13.28,9.24489745592404
Georgia,2008,9.144052505493164,17.87,9.99948761552747
Georgia,2009,9.11574649810791,20.71,1.7275146113791
Georgia,2010,9.183660507202148,20.203,7.11017897486099
Georgia,2011,9.26307201385498,19.632,8.5429333333333
Georgia,2012,9.332181930541992,19.653,-0.943658853270964
Georgia,2013,9.37076473236084,19.416,-0.512058410947092
Georgia,2014,9.413660049438477,17.439,3.06881210379543
Georgia,2015,9.44186019897461,16.506,4.00357820695097
Georgia,2016,9.469911575317383,16.604,2.13492713939121
Georgia,2017,9.517067909240723,13.939,6.03531725272117
Georgia,2018,9.564751625061035,12.667,2.6152447139767
Georgia,2019,9.615089416503906,11.565,4.85289821696723
Georgia,2020,9.544404029846191,11.734,5.2024648897534
Georgia,2021,9.647734642028809,11.785,9.56691433824769
Georgia,2022,9.746482849121094,11.621,11.8981654203198
Germany,2005,10.690792083740234,11.193,1.54691114751328
Germany,2007,10.760041236877441,8.732,2.29834400700951
Germany,2008,10.771495819091797,7.508,2.62837981637219
Germany,2009,10.715405464172363,7.88,0.312739007368447
Germany,2010,10.75788688659668,7.043,1.1038103778926
Germany,2011,10.814925193786621,5.967,2.07517283735874
Germany,2012,10.81722354888916,5.372,2.00848884782956
Germany,2013,10.81886100769043,5.316,1.50472330251876
Germany,2014,10.8365478515625,4.979,0.906794000434246
Germany,2015,10.84269905090332,4.612,0.514426137125456
Germany,2016,10.856682777404785,4.104,0.491747008445174
Germany,2017,10.87939453125,3.781,1.50949485109628
Germany,2018,10.886154174804688,3.384,1.73216879766942
Germany,2019,10.8944091796875,3.163,1.44565976888253
Germany,2020,10.855923652648926,3.881,0.144877925813982
Germany,2021,10.881431579589844,3.594,3.06666666666673
Germany,2022,10.898526191711426,3.137,6.87257438551097
Ghana,2006,8.0670166015625,4.897,11.6791839392492
Ghana,2007,8.083511352539062,5.104,10.7342665456292
Ghana,2008,8.145339012145996,5.144,16.494639613412
Ghana,2009,8.167292594909668,5.362,19.2469482220857
Ghana,2010,8.218624114990234,5.384,10.7333898354915
Ghana,2011,8.32568359375,4.213,8.7284593709302
Ghana,2012,8.389938354492188,3.126,11.1863409441067
Ghana,2013,8.435989379882812,2.173,11.6661923071729
Ghana,2014,8.440074920654297,4.403,15.4896160333318
Ghana,2015,8.437417984008789,6.806,17.1499695007878
Ghana,2016,8.447202682495117,5.256,17.4546347070868
Ghana,2017,8.503006935119629,3.369,12.3719215507048
Ghana,2018,8.5419340133667,3.204,7.80876516610703
Ghana,2019,8.58409309387207,3.067,7.14364003330857
Ghana,2020,8.568556785583496,3.178,9.88728956269944
Ghana,2021,8.600658416748047,3.2,9.9710886750444
Ghana,2022,8.615270614624023,2.87,31.2558951049016
Greece,2005,10.453635215759277,10.074,3.54507273335078
Greece,2007,10.535282135009766,8.351,2.89500321516578
Greece,2009,10.482680320739746,9.546,1.21007269197809
Greece,2010,10.42505168914795,12.719,4.71298907760388
Greece,2011,10.319510459899902,17.973,3.3298532335065
Greece,2012,10.25141429901123,24.731,1.50152696177758
Greece,2013,10.233183860778809,27.686,-0.921269454256994
Greece,2014,10.244590759277344,26.708,-1.31226096405506
Greece,2015,10.249216079711914,24.981,-1.73588804765284
Greece,2016,10.248492240905762,23.514,-0.825653978390973
Greece,2017,10.261331558227539,21.413,1.12125452031419
Greece,2018,10.2799072265625,19.179,0.62562141345364
Greece,2019,10.299629211425781,17.045,0.253007522038157
Greece,2020,10.207419395446777,15.899,-1.24798355581405
Greece,2021,10.29377269744873,14.656,1.22382501019854
Greece,2022,10.363692283630371,12.426,9.64525981280632
Guatemala,2006,8.849712371826172,2.96,6.56085282795384
Guatemala,2007,8.891402244567871,2.847,6.82161753590326
Guatemala,2008,8.904532432556152,2.898,11.355761126315
Guatemala,2009,8.89047908782959,3.22,1.85910254733028
Guatemala,2010,8.90054702758789,3.497,3.8595090983316
Guatemala,2011,8.923148155212402,3.169,6.214123930671
Guatemala,2012,8.934686660766602,2.765,3.78180754679678
Guatemala,2013,8.953396797180176,3.017,4.34337131279521
Guatemala,2014,8.979589462280273,2.717,3.4183616966296
Guatemala,2015,9.002781867980957,2.506,2.3887203283955
Guatemala,2016,9.012626647949219,2.583,4.44844199942827
Guatemala,2017,9.026683807373047,2.462,4.42453655182546
Guatemala,2018,9.044180870056152,2.283,3.75186186704508
Guatemala,2019,9.06782054901123,2.193,3.69998398008605
Guatemala,2022,9.11570930480957,3.051,6.88512823344287
Guinea,2011,7.556332588195801,5.024,21.3169268542577
Guinea,2012,7.5893144607543945,4.874,15.2262941038638
Guinea,2013,7.60359001159668,4.944,11.8875884481828
Guinea,2014,7.6150593757629395,5.044,6.1505055670642
Guinea,2015,7.627111911773682,5.15,11.7800825029834
Guinea,2016,7.7039594650268555,4.997,8.17268112275132
Guinea,2017,7.776358127593994,4.86,8.91435947913097
Guinea,2018,7.812669277191162,4.835,9.82761701259191
Guinea,2019,7.841940879821777,5.018,9.47001039253012
Guinea,2020,7.864849090576172,6.007,10.6016203387167
Guinea,2021,7.878664493560791,5.815,12.5972882566934
Guinea,2022,7.899697303771973,5.174,10.4930409984424
Guyana,2007,9.088530540466309,10.84,12.2001544446648
Haiti,2006,7.972617149353027,15.866,11.3452152244299
Haiti,2008,8.012042999267578,16.204,15.2817744823772
Haiti,2010,7.983535289764404,15.244,4.82734190074673
Haiti,2011,8.022003173828125,14.506,6.33279483849042
Haiti,2012,8.011639595031738,14.1,5.01804155429246
Haiti,2013,8.038989067077637,13.704,4.76502404779142
Haiti,2014,8.041407585144043,13.808,3.43816659958601
Haiti,2015,8.052311897277832,13.785,6.73184069658997
Haiti,2016,8.05616569519043,13.902,11.5029073942666
Haiti,2017,8.067083358764648,13.932,10.6800887242584
Haiti,2018,8.070012092590332,13.934,12.4814111170435
Honduras,2006,8.448007583618164,3.574,5.57775207654292
Honduras,2007,8.485170364379883,3.211,6.93621470895786
Honduras,2008,8.504487037658691,3.156,11.4034270813932
Honduras,2009,8.458436012268066,3.292,5.49634273772203
Honduras,2010,8.474308967590332,4.119,4.69889064976232
Honduras,2011,8.491849899291992,4.474,6.7622795731476
Honduras,2012,8.512798309326172,3.755,5.19618615531848
Honduras,2013,8.521371841430664,5.646,5.16189898581494
Honduras,2014,8.533008575439453,7.078,6.12924930313031
Honduras,2015,8.552596092224121,6.147,3.15783117980915
Honduras,2016,8.573054313659668,6.727,2.72461223295289
Honduras,2017,8.602948188781738,5.528,3.93436084442037
Honduras,2018,8.623580932617188,5.648,4.34734937777536
Honduras,2019,8.63295841217041,5.698,4.36587159819274
Honduras,2021,8.625540733337402,8.506,4.48087963413446
Honduras,2022,8.644883155822754,8.774,9.08963911525032
Hong Kong S.A.R. of China,2006,10.746399879455566,4.77,2.00025160397534
Hong Kong S.A.R. of China,2008,10.815522193908691,3.56,4.30315484104921
Hong Kong S.A.R. of China,2009,10.788470268249512,5.26,0.579441418472608
Hong Kong S.A.R. of China,2010,10.846611022949219,4.329,2.29289088604673
Hong Kong S.A.R. of China,2011,10.886909484863281,3.422,5.3052489299392
Hong Kong S.A.R. of China,2012,10.892730712890625,3.285,4.05390950903844
Hong Kong S.A.R. of China,2014,10.93947982788086,3.296,4.42364532019699
Hong Kong S.A.R. of China,2016,10.969893455505371,3.392,2.40930743862224
Hong Kong S.A.R. of China,2017,10.999466896057129,3.124,1.49387243939522
Hong Kong S.A.R. of China,2019,10.995218276977539,2.917,2.88320853773996
Hong Kong S.A.R. of China,2020,10.931117057800293,5.808,0.2509620210808
Hong Kong S.A.R. of China,2021,11.00173568725586,5.174,1.56875834445922
Hungary,2005,10.102935791015625,7.189,3.56151711378352
Hungary,2007,10.147514343261719,7.406,7.9587451654491
Hungary,2009,10.092547416687012,10.03,4.21171171171171
Hungary,2010,10.105512619018555,11.172,4.85555795691956
Hungary,2011,10.126842498779297,11.029,3.9299209893507
Hungary,2012,10.119425773620605,11.003,5.65214517088646
Hungary,2013,10.140044212341309,10.177,1.73319984983101
Hungary,2014,10.184188842773438,7.725,-0.227566270988219
Hungary,2015,10.222970008850098,6.813,-0.0616446800641672
Hungary,2016,10.247692108154297,5.115,0.394769306686392
Hungary,2017,10.292183876037598,4.156,2.34824281150154
Hungary,2018,10.345685958862305,3.667,2.85024792594646
Hungary,2019,10.393573760986328,3.411,3.33858635382008
Hungary,2020,10.349185943603516,4.248,3.32674385766738
Hungary,2021,10.422077178955078,4.021,5.11096534382855
Hungary,2022,10.484207153320312,3.583,14.6081439492433
Iceland,2008,10.878036499023438,2.946,12.6943942775877
Iceland,2012,10.788086891174316,6.0,5.18589988750698
Iceland,2013,10.82314682006836,5.376,3.8722792374824
Iceland,2015,10.861743927001953,3.979,1.63305558181335
Iceland,2016,10.908992767333984,2.978,1.69692761997734
Iceland,2017,10.926630973815918,2.742,1.76041559180605
Iceland,2019,10.949458122253418,3.507,3.01397179156061
Iceland,2020,10.862350463867188,5.478,2.84792401518657
Iceland,2021,10.889045715332031,6.029,4.44423970189746
Iceland,2022,10.935111999511719,3.789,8.30875511558912
India,2006,8.14113712310791,7.553,5.79652337561634
India,2007,8.200288772583008,7.562,6.37288135593231
India,2008,8.21646499633789,7.629,8.34926704907575
India,2009,8.278234481811523,7.636,10.8823529411764
India,2010,8.346015930175781,7.631,11.9893899204245
India,2011,8.3834867477417,7.609,8.9117933648336
India,2012,8.42329216003418,7.645,9.47899691419793
India,2013,8.472221374511719,7.678,10.0178784746104
India,2014,8.531302452087402,7.656,6.66565671867899
India,2015,8.59635066986084,7.629,4.90697344127249
India,2016,8.66383171081543,7.611,4.94821634062134
India,2017,8.71802043914795,7.626,3.32817337461305
India,2018,8.769686698913574,7.652,3.93882646691643
India,2019,8.796131134033203,6.51,3.72950573539123
India,2020,8.718341827392578,7.859,6.6234367762853
India,2021,8.793618202209473,6.38,5.13140747176364
India,2022,8.84992504119873,4.822,6.69903414079858
Indonesia,2006,8.839255332946777,7.551,13.108670985346
Indonesia,2007,8.887655258178711,8.06,6.40656087966005
Indonesia,2008,8.933032035827637,7.208,10.2266663272483
Indonesia,2009,8.96556568145752,6.106,4.38641311792074
Indonesia,2010,9.013428688049316,5.614,5.13420639015885
Indonesia,2011,9.060741424560547,5.153,5.35604849112582
Indonesia,2012,9.106734275817871,4.468,4.2795142691943
Indonesia,2013,9.148689270019531,4.336,6.41249457900391
Indonesia,2014,9.18594741821289,4.049,6.39492882396559
Indonesia,2015,9.222451210021973,4.514,6.36312061196646
Indonesia,2016,9.260966300964355,4.301,3.52580452815451
Indonesia,2017,9.3003568649292,3.783,3.80879857691949
Indonesia,2018,9.341143608093262,4.387,3.19834755924996
Indonesia,2019,9.38074016571045,3.59,3.03058460941661
Indonesia,2020,9.351469993591309,4.255,1.91983527270793
Indonesia,2021,9.380770683288574,3.827,1.56007882983334
Indonesia,2022,9.425395965576172,3.462,4.20946463714784
Iran,2005,9.49769401550293,11.813,13.433118008508
Iran,2007,9.594892501831055,10.772,17.3410404624277
Iran,2008,9.58367919921875,10.63,25.4105090311987
Iran,2011,9.635751724243164,12.491,26.2933856738608
Iran,2012,9.584786415100098,12.275,27.2568127242908
Iran,2013,9.55488395690918,10.595,36.6030355191029
Iran,2014,9.58455753326416,10.68,16.6065532357449
Iran,2015,9.547588348388672,11.166,12.4846815611533
Iran,2016,9.613709449768066,12.618,7.24542548952979
Iran,2017,9.626632690429688,12.232,8.04492437660278
Iran,2018,9.590757369995117,12.195,18.0141183371874
Iran,2019,9.552820205688477,10.74,39.9073455697784
Iran,2020,9.577228546142578,9.687,30.5941390387295
Iran,2021,9.616117477416992,9.282,43.3890162681514
Iran,2022,9.637630462646484,9.085,43.4884641742179
Iraq,2008,8.981643676757812,8.466,12.6628528269228
Iraq,2009,8.978890419006348,8.415,6.87361547212555
Iraq,2010,9.00924015045166,8.267,2.42986826837753
Iraq,2011,9.04700756072998,8.193,5.6040514426601
Iraq,2012,9.132593154907227,7.965,6.0890964159516
Iraq,2013,9.159455299377441,9.222,1.87949800749416
Iraq,2014,9.126399993896484,10.59,2.23597407904726
Iraq,2015,9.145398139953613,10.865,1.39333028780268
Iraq,2016,9.24996566772461,10.82,0.556521397155548
Iraq,2017,9.208023071289062,13.02,0.184058898847553
Iraq,2018,9.209845542907715,13.458,0.367441488936828
Iraq,2020,9.096028327941895,15.766,0.574162679425856
Iraq,2021,9.10079288482666,16.173,6.04186489058043
Ireland,2006,10.98210620880127,4.355,3.93576114001354
Ireland,2008,10.938672065734863,6.774,4.03568834941391
Ireland,2009,10.876213073730469,12.609,-4.44754686876746
Ireland,2010,10.88745403289795,14.534,-0.918388645376774
Ireland,2011,10.891397476196289,15.354,2.5489783020855
Ireland,2012,10.887104034423828,15.451,1.69474116680366
Ireland,2013,10.893033027648926,13.735,0.515099484900573
Ireland,2014,10.96867847442627,11.858,0.190916398713745
Ireland,2015,11.177324295043945,9.908,-0.330959783371788
Ireland,2016,11.185903549194336,8.374,0.0201247735963237
Ireland,2017,11.26124382019043,6.713,0.362173038229378
Ireland,2018,11.3306884765625,5.741,0.471130713712916
Ireland,2019,11.369993209838867,4.95,0.937842961189274
Ireland,2020,11.419710159301758,5.623,-0.326183651280033
Ireland,2021,11.537581443786621,6.357,2.34034113447044
Ireland,2022,11.624914169311523,4.465,7.82945736434105
Israel,2006,10.359241485595703,10.707,2.05407914587443
Israel,2007,10.400062561035156,9.379,0.466226972936065
Israel,2008,10.414290428161621,7.704,4.52744765138651
Israel,2009,10.399181365966797,9.534,3.3676231727125
Israel,2010,10.436050415039062,8.48,2.70270270270273
Israel,2011,10.47169017791748,7.139,3.48837209302323
Israel,2012,10.478775978088379,6.762,1.67553715750052
Israel,2013,10.503323554992676,6.137,1.58976347421476
Israel,2014,10.522570610046387,5.789,0.467557251908503
Israel,2015,10.527312278747559,5.176,-0.617342577642765
Israel,2016,10.551932334899902,4.723,-0.535168195718695
Israel,2017,10.574421882629395,4.14,0.249807840123008
Israel,2018,10.595052719116211,3.917,0.805060379528526
Israel,2019,10.616683959960938,3.731,0.817645940292794
Israel,2020,10.580299377441406,4.169,-0.575254620897756
Israel,2021,10.646882057189941,4.812,1.47965474722561
Israel,2022,10.692273139953613,3.695,4.41162725488371
Italy,2005,10.697854995727539,7.73,1.9852929852798
Italy,2007,10.722309112548828,6.076,1.82974112202403
Italy,2008,10.706018447875977,6.723,3.34783258401022
Italy,2009,10.647207260131836,7.749,0.774768131387381
Italy,2010,10.66111946105957,8.363,1.52551602118248
Italy,2011,10.666447639465332,8.359,2.78063272879323
Italy,2012,10.633489608764648,10.655,3.04136333226775
Italy,2013,10.603315353393555,12.149,1.21999342274306
Italy,2014,10.594094276428223,12.683,0.241047429826756
Italy,2015,10.602810859680176,11.896,0.0387903996579733
Italy,2016,10.617362022399902,11.688,-0.09401665691575
Italy,2017,10.635401725769043,11.211,1.22653316645812
Italy,2018,10.646517753601074,10.538,1.13748763600391
Italy,2019,10.66286849975586,9.884,0.611246943765304
Italy,2020,10.572989463806152,9.192,-0.13770757391651
Italy,2021,10.643743515014648,9.497,1.87378325762481
Italy,2022,10.685420036315918,8.069,8.20128991161718
Ivory Coast,2009,8.163739204406738,6.573,1.01950457731138
Ivory Coast,2013,8.267324447631836,4.255,2.58117037252936
Ivory Coast,2014,8.333756446838379,3.274,0.448682076766141
Ivory Coast,2015,8.377420425415039,2.573,1.25149954781468
Ivory Coast,2016,8.420945167541504,1.896,0.723178457513308
Ivory Coast,2017,8.466096878051758,3.272,0.685881065304603
Ivory Coast,2018,8.507064819335938,2.852,0.401297817263547
Ivory Coast,2019,8.542204856872559,2.401,0.790855512053661
Ivory Coast,2020,8.536713600158691,2.588,2.41252617189053
Ivory Coast,2021,8.58017349243164,2.623,4.15919657911798
Ivory Coast,2022,8.611810684204102,2.31,5.23352856100843
Jamaica,2006,9.24923324584961,6.605,8.56106408706157
Jamaica,2011,9.192560195922852,8.034,7.555856465809
Jamaica,2013,9.18179988861084,9.698,9.34150076569673
Jamaica,2014,9.184566497802734,9.046,8.27407886231419
Jamaica,2017,9.208796501159668,7.399,4.37839864991561
Jamaica,2019,9.234482765197754,4.987,3.90510000865872
Jamaica,2020,9.126757621765137,6.501,5.2267777929352
Jamaica,2021,9.169160842895508,5.188,5.86278242801063
Jamaica,2022,9.198162078857422,4.083,10.3495688391272
Japan,2005,10.551915168762207,4.446,-0.282946068764391
Japan,2007,10.578493118286133,3.888,0.060039454498669
Japan,2008,10.565690994262695,4.002,1.3800788616492
Japan,2009,10.507198333740234,5.068,-1.35283672951719
Japan,2010,10.547181129455566,5.102,-0.728243207517779
Japan,2011,10.549270629882812,4.55,-0.27245561610124
Japan,2012,10.564521789550781,4.358,-0.0440645104432602
Japan,2013,10.585817337036133,4.038,0.335037912184741
Japan,2014,10.590102195739746,3.589,2.75922671353253
Japan,2015,10.606649398803711,3.385,0.795279630579839
Japan,2016,10.614670753479004,3.132,-0.127258844489754
Japan,2017,10.63210391998291,2.822,0.484199796126385
Japan,2018,10.639196395874023,2.467,0.989094598021848
Japan,2019,10.63819408416748,2.351,0.46877615938395
Japan,2020,10.595020294189453,2.809,-0.024995834027731
Japan,2021,10.61605453491211,2.808,-0.233352779398264
Japan,2022,10.636161804199219,2.614,2.49770278172255
Jordan,2005,9.282825469970703,14.8,3.49368534619531
Jordan,2007,9.308220863342285,13.1,4.74390639021648
Jordan,2008,9.353609085083008,12.7,13.9712310012729
Jordan,2009,9.380613327026367,12.9,-0.739069743144777
Jordan,2010,9.38150691986084,12.5,4.84551875852116
Jordan,2011,9.383052825927734,12.9,4.1624416292779
Jordan,2012,9.392827987670898,12.2,4.5152295667099
Jordan,2013,9.35377311706543,12.6,4.82462314269537
Jordan,2014,9.269113540649414,11.9,2.89947905006057
Jordan,2015,9.201573371887207,13.075,-0.876851359704049
Jordan,2016,9.17296028137207,15.275,-0.778430463054142
Jordan,2017,9.172545433044434,18.12,3.32389447576097
Jordan,2018,9.167902946472168,18.257,4.46231108475481
Jordan,2019,9.16441822052002,16.801,0.761514047265601
Jordan,2020,9.127326011657715,19.213,0.333294350628378
Jordan,2021,9.129471778869629,19.837,1.34609377243118
Jordan,2022,9.134369850158691,18.2,4.22915568897117
Kazakhstan,2006,9.804372787475586,7.79,8.72169386091726
Kazakhstan,2007,9.878193855285645,7.26,10.8468362075557
Kazakhstan,2008,9.891931533813477,6.63,17.139899777207
Kazakhstan,2009,9.88403606414795,6.55,7.31607858288578
Kazakhstan,2010,9.940361976623535,5.77,7.40046356341396
Kazakhstan,2011,9.9974365234375,5.39,8.4529046617679
Kazakhstan,2012,10.030233383178711,5.29,5.19568369035073
Kazakhstan,2013,10.074108123779297,5.2,5.94283871648418
Kazakhstan,2014,10.100523948669434,5.06,6.84944977003358
Kazakhstan,2015,10.097837448120117,4.93,6.67828585615236
Kazakhstan,2016,10.09455680847168,4.96,14.3610942386248
Kazakhstan,2017,10.121134757995605,4.9,7.44266321306792
Kazakhstan,2018,10.148171424865723,4.85,6.16366247577762
Kazakhstan,2019,10.179291725158691,4.8,5.33356098916669
Kazakhstan,2020,10.140987396240234,4.89,6.71815454861458
Kazakhstan,2021,10.170093536376953,5.568,8.04147134028401
Kazakhstan,2022,10.186872482299805,4.86,15.0278644440851
Kenya,2006,8.164324760437012,2.673,14.4537342081708
Kenya,2007,8.200929641723633,2.642,9.75888023027529
Kenya,2008,8.173460960388184,2.751,26.2398166445063
Kenya,2009,8.17638874053955,2.816,9.23412592394652
Kenya,2010,8.225715637207031,2.793,3.96138889115385
Kenya,2011,8.249103546142578,2.699,14.0224913014704
Kenya,2012,8.268518447875977,2.678,9.37777003547598
Kenya,2013,8.281694412231445,2.762,5.71749357037733
Kenya,2014,8.307733535766602,2.767,6.87815499275949
Kenya,2015,8.334213256835938,2.762,6.58215429284779
Kenya,2016,8.353463172912598,2.757,6.29724953814625
Kenya,2017,8.369367599487305,3.542,8.00564967709945
Kenya,2018,8.403982162475586,4.284,4.6898064677633
Kenya,2019,8.434075355529785,5.014,5.23963795764792
Kenya,2020,8.411473274230957,5.613,5.40516207933392
Kenya,2021,8.46452808380127,5.693,6.10793603659176
Kenya,2022,8.499298095703125,5.565,7.65986268272224
Kosovo,2007,,,4.35849695328369
Kosovo,2008,8.858290672302246,,9.35041764658178
Kosovo,2009,8.899381637573242,,-2.41026401661229
Kosovo,2010,8.939566612243652,,3.48050763735842
Kosovo,2011,8.992258071899414,,7.3364177131527
Kosovo,2012,9.000282287597656,,2.47673782156533
Kosovo,2013,9.046239852905273,,1.76732428354892
Kosovo,2014,9.082123756408691,,0.428957808324092
Kosovo,2015,9.153251647949219,,-0.536929392740659
Kosovo,2016,9.21343994140625,,0.273169431045468
Kosovo,2017,9.253032684326172,,1.48823430592319
Kosovo,2018,9.28314208984375,,1.05379773654991
Kosovo,2019,9.334190368652344,,2.67599202639893
Kosovo,2020,9.278607368469238,,0.198227922994854
Kosovo,2021,9.382963180541992,,3.35369139207997
Kosovo,2022,9.415708541870117,,11.5805104542012
Kuwait,2006,11.232564926147461,1.3,3.05701339166722
Kuwait,2009,11.073936462402344,1.64,4.60959548447787
Kuwait,2010,10.998427391052246,1.82,4.49640287769787
Kuwait,2011,11.024463653564453,2.051,4.8394034987095
Kuwait,2012,11.011855125427246,2.227,3.25514600287211
Kuwait,2013,10.951713562011719,2.465,2.68229684085039
Kuwait,2014,10.925642967224121,2.9,2.90892672858625
Kuwait,2015,10.893179893493652,2.2,3.27170166092133
Kuwait,2016,10.886990547180176,2.16,3.19839776658374
Kuwait,2017,10.819924354553223,2.23,2.17183298510006
Kuwait,2019,10.764578819274902,2.213,1.09184802655856
Kyrgyzstan,2006,8.185375213623047,2.962,5.55212333162542
Kyrgyzstan,2007,8.257814407348633,3.094,10.2301032660484
Kyrgyzstan,2008,8.328985214233398,3.207,24.5201024234102
Kyrgyzstan,2009,8.345366477966309,3.343,6.83656248105368
Kyrgyzstan,2010,8.32871150970459,3.503,7.96772225579684
Kyrgyzstan,2011,8.374398231506348,3.644,16.6363262731495
Kyrgyzstan,2012,8.356863975524902,3.786,2.76844236540957
Kyrgyzstan,2013,8.4406156539917,3.881,6.61375202358082
Kyrgyzstan,2014,8.460005760192871,4.02,7.5342472977589
Kyrgyzstan,2015,8.477441787719727,4.138,6.50331838993384
Kyrgyzstan,2016,8.49951457977295,4.294,0.388838296895799
Kyrgyzstan,2017,8.526488304138184,4.425,3.1753098637994
Kyrgyzstan,2018,8.543475151062012,4.559,1.54266145238436
Kyrgyzstan,2019,8.567575454711914,5.45,1.13362257718804
Kyrgyzstan,2020,8.46087646484375,5.945,6.32542296338078
Kyrgyzstan,2021,8.479482650756836,5.149,11.9050398185147
Kyrgyzstan,2022,8.516772270202637,4.767,13.9229093174176
Laos,2006,8.233675003051758,1.199,6.54559439052787
Laos,2007,8.291088104248047,1.068,4.66197269469701
Laos,2008,8.350902557373047,0.944,7.62880887577516
Laos,2011,8.537691116333008,0.96,7.5689885610998
Laos,2012,8.600584030151367,1.208,4.2551267783209
Laos,2017,8.88339900970459,3.268,0.825478607568026
Laos,2018,8.928816795349121,2.897,2.04039266890201
Laos,2019,8.967002868652344,2.531,3.32255881256925
Laos,2020,8.957246780395508,2.349,5.10407262959919
Laos,2021,8.967883110046387,2.08,3.75562036658877
Latvia,2006,10.042186737060547,7.03,6.53619908765872
Latvia,2007,10.145130157470703,6.052,10.0929775849169
Latvia,2008,10.12260913848877,7.739,15.4023191064986
Latvia,2009,9.98526668548584,17.515,3.53410672858934
Latvia,2011,10.004119873046875,16.206,4.37073559939223
Latvia,2012,10.084577560424805,15.047,2.25778924374585
Latvia,2013,10.115168571472168,11.867,-0.029454778257828
Latvia,2014,10.143428802490234,10.846,0.620490636732421
Latvia,2015,10.18973159790039,9.873,0.174242243625186
Latvia,2016,10.222280502319336,9.643,0.140633334505327
Latvia,2017,10.263731002807617,8.715,2.93036312374665
Latvia,2018,10.310664176940918,7.412,2.53445424186598
Latvia,2019,10.342988967895508,6.312,2.81140920075624
Latvia,2020,10.327725410461426,8.098,0.219064904841985
Latvia,2021,10.376033782958984,7.513,3.27582937431165
Latvia,2022,10.406678199768066,6.815,17.3102830198815
Lebanon,2005,9.572590827941895,8.249,
Lebanon,2006,9.57155704498291,8.679,
Lebanon,2008,9.712468147277832,7.666,
Lebanon,2009,9.796974182128906,6.355,1.19509671165543
Lebanon,2010,9.864724159240723,6.768,3.98347941855833
Lebanon,2011,9.86354923248291,7.352,4.97148571692384
Lebanon,2012,9.862797737121582,7.952,6.58147447683677
Lebanon,2013,9.808097839355469,8.477,4.82101956297399
Lebanon,2014,9.732914924621582,8.84,1.8546042134091
Lebanon,2015,9.717864036560059,9.312,-3.74914524799629
Lebanon,2016,9.755462646484375,9.794,-0.783359624361508
Lebanon,2017,9.787406921386719,10.258,4.32135218303191
Lebanon,2018,9.79651165008545,10.755,6.07698907889607
Lebanon,2019,9.751047134399414,11.301,3.00538949390383
Lebanon,2020,9.53104305267334,13.252,84.8643330472041
Lebanon,2021,9.470949172973633,12.715,154.756096023393
Lebanon,2022,9.428472518920898,11.105,171.205491336641
Lesotho,2011,7.785040378570557,16.115,5.0366305210156
Lesotho,2016,7.896602630615234,16.138,6.59650490696543
Lesotho,2017,7.852320194244385,16.379,4.447699373763
Lesotho,2019,7.837206840515137,16.876,5.18708359197982
Liberia,2007,7.178884983062744,2.232,11.3918966807102
Liberia,2008,7.20713996887207,2.221,17.489448642993
Liberia,2010,7.257479190826416,2.266,7.28992796890218
Liberia,2014,7.386387348175049,2.079,9.86111285574904
Liberia,2015,7.365847587585449,2.557,7.74869687621322
Liberia,2016,7.330049991607666,3.081,8.83424868336488
Liberia,2017,7.335249900817871,3.067,12.4196323907138
Liberia,2018,7.327605247497559,3.058,23.5635148953742
Liberia,2019,7.283199310302734,3.071,26.9662760197878
Liberia,2022,7.27675199508667,2.956,7.59298486560313
Libya,2012,10.380184173583984,19.03,6.05980392156855
Libya,2015,9.857912063598633,19.69,10.4022933588151
Libya,2016,9.828466415405273,19.559,25.853874212446
Libya,2017,10.09464168548584,19.053,25.8036184788337
Libya,2018,10.155574798583984,18.865,13.1702038536722
Libya,2019,10.022844314575195,19.087,-2.16217883470591
Lithuania,2006,10.042292594909668,5.78,3.73912004060664
Lithuania,2007,10.159500122070312,4.25,5.73717382799842
Lithuania,2008,10.195592880249023,5.826,10.9258856241655
Lithuania,2009,10.046073913574219,13.785,4.45304456518535
Lithuania,2010,10.08342170715332,17.814,1.31921362055463
Lithuania,2011,10.164642333984375,15.39,4.13027562645085
Lithuania,2012,10.21577262878418,13.365,3.08998277055417
Lithuania,2013,10.260778427124023,11.77,1.04747937065344
Lithuania,2014,10.3041353225708,10.698,0.103758009433708
Lithuania,2015,10.333586692810059,9.12,-0.884097405500596
Lithuania,2016,10.371170043945312,7.862,0.905525075460342
Lithuania,2017,10.427087783813477,7.073,3.72288862303707
Lithuania,2018,10.475785255432129,6.147,2.69792779208394
Lithuania,2019,10.523646354675293,6.255,2.33450937988027
Lithuania,2020,10.523160934448242,8.487,1.19989444983569
Lithuania,2021,10.579122543334961,7.112,4.68354420903453
Lithuania,2022,10.601837158203125,5.955,19.7050461518394
Luxembourg,2009,11.62830638885498,5.194,0.368041997888867
Luxembourg,2010,11.646966934204102,4.423,2.27367911621542
Luxembourg,2011,11.63512897491455,5.122,3.4106834106835
Luxembourg,2012,11.627477645874023,5.03,2.66284165508011
Luxembourg,2013,11.635591506958008,6.045,1.73403963519162
Luxembourg,2014,11.637914657592773,6.044,0.628543985440717
Luxembourg,2015,11.636758804321289,6.796,0.474743161437871
Luxembourg,2016,11.663787841796875,6.669,0.290833333333225
Luxembourg,2017,11.65256404876709,5.523,1.73079959118896
Luxembourg,2018,11.645395278930664,5.589,1.5281952430737
Luxembourg,2019,11.648701667785645,5.592,1.74332075653848
Luxembourg,2022,11.65994930267334,4.588,6.33600807777919
Madagascar,2006,7.351137161254883,2.945,10.7656371554865
Madagascar,2008,7.4132609367370605,3.431,9.29650839381057
Madagascar,2011,7.308839321136475,2.516,9.48254048582992
Madagascar,2012,7.311224937438965,0.599,5.71384434191053
Madagascar,2013,7.307251930236816,0.995,5.8264294445198
Madagascar,2014,7.3138275146484375,1.385,6.08040811088302
Madagascar,2015,7.318787574768066,1.785,7.40419174202129
Madagascar,2016,7.332082748413086,1.949,6.03575858154679
Madagascar,2017,7.344820022583008,2.123,8.60905075422949
Madagascar,2018,7.3507232666015625,2.303,8.59422958870476
Madagascar,2019,7.3686370849609375,2.479,5.61051441492365
Madagascar,2022,7.290209770202637,3.186,8.16059031991844
Malawi,2006,7.017002582550049,4.954,13.9742943548388
Malawi,2007,7.080325126647949,4.876,7.9522099086403
Malawi,2009,7.176107883453369,4.732,8.42204427696655
Malawi,2011,7.232430458068848,4.829,7.6228226284852
Malawi,2012,7.222786903381348,4.949,21.2712650013779
Malawi,2013,7.245412349700928,4.978,27.2833333333334
Malawi,2014,7.272959232330322,4.967,23.7920649469687
Malawi,2015,7.272983074188232,4.953,21.8673475542553
Malawi,2016,7.270341873168945,5.011,21.7111132136499
Malawi,2017,7.2826080322265625,5.046,11.5433939188771
Malawi,2018,7.298732280731201,5.021,12.420178108921
Malawi,2019,7.324953556060791,4.964,9.3708360560567
Malawi,2021,7.3072919845581055,5.652,9.33014410835212
Malawi,2022,7.295767784118652,5.02,20.953969729969
Malaysia,2006,9.82741928100586,3.32,3.60923564224389
Malaysia,2007,9.866742134094238,3.31,2.02735317779569
Malaysia,2008,9.893046379089355,3.34,5.44078221100769
Malaysia,2009,9.858006477355957,3.62,0.583308405623702
Malaysia,2010,9.912044525146484,3.32,1.62285235577035
Malaysia,2011,9.94752025604248,3.05,3.1744709215131
Malaysia,2012,9.984627723693848,3.04,1.66357102479206
Malaysia,2013,10.014622688293457,3.14,2.10501231233612
Malaysia,2014,10.057424545288086,2.88,3.14299050879095
Malaysia,2015,10.09209156036377,3.1,2.10438980238359
Malaysia,2018,10.197492599487305,3.3,0.884709160571235
Malaysia,2019,10.228262901306152,3.33,0.662891865764326
Malaysia,2020,10.159329414367676,4.54,-1.1387021539305
Malaysia,2021,10.178584098815918,4.64,2.47710241465447
Maldives,2018,9.892906188964844,4.962,-0.133373386117595
Mali,2006,7.561395168304443,1.395,1.54352596927582
Mali,2008,7.576493740081787,1.383,9.17098813667678
Mali,2009,7.590881824493408,1.406,2.46375188572299
Mali,2010,7.6101603507995605,1.375,1.10892690670186
Mali,2011,7.609437942504883,1.403,2.95564395229392
Mali,2012,7.571854591369629,1.462,5.32312847064058
Mali,2013,7.565345287322998,1.517,-0.606736356351563
Mali,2014,7.602088451385498,1.476,0.883814547137841
Mali,2015,7.630509376525879,1.404,1.45069057605961
Mali,2016,7.6554789543151855,1.367,-1.79964707083386
Mali,2017,7.6750102043151855,1.498,1.75985742927165
Mali,2018,7.689634323120117,1.62,0.299546507387843
Mali,2019,7.704833030700684,3.29,-1.65826694846365
Mali,2020,7.660975456237793,3.528,0.438088940320669
Mali,2021,7.659465312957764,4.006,3.92560283104277
Mali,2022,7.645281791687012,2.387,9.62147608489064
Malta,2009,10.352692604064941,6.896,2.08432746082343
Malta,2010,10.401735305786133,6.861,1.51563513618532
Malta,2011,10.402148246765137,6.388,2.9629852819288
Malta,2012,10.433517456054688,6.203,2.37582057760386
Malta,2013,10.472762107849121,6.115,1.1802843636655
Malta,2014,10.526352882385254,5.737,0.310306472181665
Malta,2015,10.594230651855469,5.389,1.10054826378929
Malta,2016,10.604596138000488,4.694,0.642702771527304
Malta,2017,10.680896759033203,4.008,1.36435448150708
Malta,2018,10.705839157104492,3.956,1.15782362451517
Malta,2019,10.724014282226562,4.08,1.6420600176894
Malta,2020,10.614989280700684,4.856,0.638544956776712
Malta,2021,10.706805229187012,3.754,1.49789217934724
Malta,2022,,3.471,6.15375621933037
Mauritania,2007,8.528328895568848,9.482,7.25410841304887
Mauritania,2008,8.50001335144043,9.715,7.34663541249786
Mauritania,2009,8.473753929138184,10.214,2.22092032381779
Mauritania,2010,8.470888137817383,10.093,6.28354087427704
Mauritania,2011,8.481584548950195,9.976,5.68631959575954
Mauritania,2012,8.49406623840332,9.864,4.90242727217997
Mauritania,2013,8.50577449798584,9.926,4.12910173783393
Mauritania,2014,8.521212577819824,10.026,3.53436856147324
Mauritania,2015,8.547121047973633,10.104,3.25472688117631
Mauritania,2016,8.533226013183594,10.287,1.47171045650004
Mauritania,2017,8.567708969116211,10.336,2.25427651934813
Mauritania,2018,8.588065147399902,10.411,3.06735996058356
Mauritania,2019,8.613529205322266,10.416,2.30009262117937
Mauritania,2022,8.590913772583008,10.52,9.52526628622843
Mauritius,2011,9.797497749328613,7.447,6.52249254869341
Mauritius,2014,9.895681381225586,7.467,3.21769191994684
Mauritius,2016,9.967808723449707,6.814,0.977675134718965
Mauritius,2017,10.00553035736084,6.752,3.66699702675925
Mauritius,2018,10.044270515441895,6.426,3.2160538314457
Mauritius,2019,10.072452545166016,6.331,0.405655190309553
Mauritius,2020,9.914636611938477,8.626,2.5808007718283
Mauritius,2021,9.950750350952148,7.719,4.02852888157376
Mauritius,2022,10.006891250610352,6.322,10.7737512242899
Mexico,2005,9.791635513305664,3.558,3.98805714597437
Mexico,2007,9.831493377685547,3.628,3.96684905458235
Mexico,2008,9.830188751220703,3.874,5.12498274575896
Mexico,2009,9.763516426086426,5.356,5.29735584228856
Mexico,2010,9.800165176391602,5.303,4.15672722680174
Mexico,2011,9.821863174438477,5.175,3.40737824605742
Mexico,2012,9.843672752380371,4.892,4.11150981070289
Mexico,2013,9.843951225280762,4.921,3.80639069747204
Mexico,2014,9.859636306762695,4.819,4.01861608078679
Mexico,2015,9.880367279052734,4.311,2.72064064964023
Mexico,2016,9.894999504089355,3.853,2.8217078474766
Mexico,2017,9.905106544494629,3.419,6.04145724018986
Mexico,2018,9.917302131652832,3.275,4.89935015356551
Mexico,2019,9.906707763671875,3.477,3.63596142127046
Mexico,2020,9.816184997558594,4.44,3.39683415570006
Mexico,2021,9.85671615600586,4.019,5.68920847683753
Mexico,2022,9.876176834106445,3.256,7.8962761916855
Moldova,2006,8.935538291931152,4.26,12.777755783035
Moldova,2007,8.967413902282715,2.749,12.3671668414302
Moldova,2008,9.044425010681152,2.097,12.7830472618821
Moldova,2009,8.98381233215332,3.024,-0.0627185967109007
Moldova,2010,9.053403854370117,2.972,7.48385086350853
Moldova,2011,9.110533714294434,2.677,7.68725103356181
Moldova,2012,9.104750633239746,2.189,4.54633427355302
Moldova,2013,9.191597938537598,1.894,4.59787897363136
Moldova,2014,9.240994453430176,1.45,5.08878554625869
Moldova,2015,9.24527645111084,1.781,9.67624033101859
Moldova,2016,9.30005168914795,1.591,6.35930898037931
Moldova,2017,9.363162994384766,1.622,6.57022997455604
Moldova,2018,9.42284870147705,1.239,3.04505397337058
Moldova,2019,9.47502326965332,1.502,4.83778351428729
Moldova,2020,9.409337043762207,1.206,3.76597122245358
Moldova,2021,9.547471046447754,0.794,5.10641129002836
Moldova,2022,9.540007591247559,0.909,28.7372976766236
Mongolia,2007,8.82746696472168,7.2,9.63096309630964
Mongolia,2008,8.901948928833008,5.565,27.9556650246306
Mongolia,2010,8.925166130065918,6.549,10.0462065881651
Mongolia,2011,9.069442749023438,4.769,8.41121495327101
Mongolia,2012,9.168133735656738,3.905,14.3303348325838
Mongolia,2013,9.259589195251465,4.231,10.4906567588241
Mongolia,2014,9.315420150756836,4.798,12.2539808129759
Mongolia,2015,9.317831039428711,4.861,5.73568281938327
Mongolia,2016,9.310995101928711,7.235,0.733272227314397
Mongolia,2017,9.344127655029297,6.359,4.30143105302342
Mongolia,2018,9.39700984954834,5.377,6.82424790145522
Mongolia,2019,9.430119514465332,9.024,7.30106953550729
Mongolia,2020,9.364500999450684,6.413,3.7237230614026
Mongolia,2021,9.364642143249512,7.871,7.35894657888155
Mongolia,2022,9.388139724731445,5.954,15.1509728200805
Montenegro,2007,9.69592571258545,19.4,4.34712215656112
Montenegro,2009,9.702045440673828,19.09,3.46672373207793
Montenegro,2010,9.727189064025879,19.649,0.654946570148479
Montenegro,2011,9.757913589477539,19.759,3.4501431124869
Montenegro,2012,9.729455947875977,19.808,4.14524724981119
Montenegro,2013,9.763354301452637,19.585,2.20589268141178
Montenegro,2014,9.780064582824707,18.054,-0.710514051710227
Montenegro,2015,9.812845230102539,17.555,1.54869158222486
Montenegro,2016,9.841679573059082,17.732,-0.271385023385176
Montenegro,2017,9.887653350830078,16.082,2.3802359905313
Montenegro,2018,9.937419891357422,15.19,2.611223782638
Montenegro,2019,9.977564811706543,15.128,0.361563704540767
Montenegro,2020,9.812590599060059,17.878,-0.255655699848551
Morocco,2010,8.672807693481445,9.09,0.993557401226392
Morocco,2011,8.710196495056152,8.91,0.9069249096918
Morocco,2012,8.725994110107422,8.99,1.28712240079219
Morocco,2013,8.756592750549316,9.23,1.88065466724086
Morocco,2015,8.947375297546387,9.46,1.5579071134626
Morocco,2016,8.940129280090332,9.3,1.63531114327064
Morocco,2017,8.977351188659668,9.22,0.754663249323619
Morocco,2018,8.996167182922363,9.272,1.80391671141896
Morocco,2019,9.014033317565918,9.191,0.303386036590383
Morocco,2020,8.92877197265625,11.189,0.705968661338261
Morocco,2021,8.99446964263916,10.551,1.40195883962006
Morocco,2022,8.995898246765137,9.413,6.65704202759067
Mozambique,2006,6.7917304039001465,3.037,13.2450879070999
Mozambique,2007,6.840264320373535,3.082,8.48948675497455
Mozambique,2008,6.8846821784973145,3.112,14.5028053002268
Mozambique,2011,6.996473789215088,3.295,11.1666056127874
Mozambique,2015,7.148315906524658,3.426,3.55075967356746
Mozambique,2017,7.160251617431641,3.935,15.1132073899384
Mozambique,2018,7.164641380310059,4.21,3.91133439990729
Mozambique,2019,7.158658027648926,4.462,2.80270307928111
Mozambique,2021,7.112137317657471,5.413,6.40847652975692
Mozambique,2022,7.120275497436523,6.789,10.2794018093421
Myanmar,2012,8.066871643066406,0.768,1.46758322674679
Myanmar,2013,8.13436508178711,0.775,5.64303883425501
Myanmar,2014,8.204833984375,0.763,4.953299184844
Myanmar,2015,8.229056358337402,0.766,9.45417189526018
Myanmar,2016,8.321070671081543,1.058,6.92882525816076
Myanmar,2017,8.369377136230469,1.356,4.5725365531752
Myanmar,2018,8.424262046813965,0.767,6.87232865662935
Myanmar,2019,8.482505798339844,0.407,8.82506696804558
Myanmar,2020,8.506555557250977,1.476,
Myanmar,2021,8.302172660827637,4.34,
Namibia,2007,9.072697639465332,22.12,6.54788141101717
Namibia,2014,9.264313697814941,18.521,5.35016966859602
Namibia,2017,9.243317604064941,21.748,6.14579981111164
Namibia,2018,9.23660945892334,19.877,4.29159105337875
Namibia,2019,9.211297988891602,19.929,3.72239414422695
Namibia,2020,9.110319137573242,21.003,2.20938236933469
Namibia,2021,9.120174407958984,20.931,3.61690530108814
Namibia,2022,9.13161563873291,19.615,6.08128114112413
Nepal,2006,7.734345436096191,10.609,6.92033580707589
Nepal,2007,7.76057767868042,10.642,2.26921924439074
Nepal,2008,7.813568115234375,10.597,9.9078300530648
Nepal,2009,7.8525071144104,10.582,11.0948237386987
Nepal,2010,7.894578456878662,10.563,9.32650410745395
Nepal,2011,7.92437219619751,10.627,9.2270754612596
Nepal,2012,7.967660427093506,10.632,9.45980980357125
Nepal,2013,8.000445365905762,10.666,9.04016311917645
Nepal,2014,8.055885314941406,10.62,8.36415469659563
Nepal,2015,8.089492797851562,10.643,7.86890895590891
Nepal,2016,8.084770202636719,10.714,8.7903433200464
Nepal,2017,8.159239768981934,10.66,2.77703998300211
Nepal,2018,8.221292495727539,10.593,4.40659410175714
Nepal,2019,8.274377822875977,10.477,5.56616035243723
Nepal,2020,8.232653617858887,13.037,5.05635826238499
Nepal,2021,8.251129150390625,12.241,4.12676744440695
Nepal,2022,8.28515625,10.661,7.6702057938028
Netherlands,2005,10.809069633483887,5.872,1.6881301786962
Netherlands,2007,10.876346588134766,4.153,1.61385859802102
Netherlands,2008,10.893925666809082,3.658,2.48650198289457
Netherlands,2010,10.859633445739746,4.991,1.27530569556679
Netherlands,2011,10.870361328125,4.977,2.34107017751373
Netherlands,2012,10.856304168701172,5.821,2.45554765291614
Netherlands,2013,10.85205364227295,7.241,2.50689852657875
Netherlands,2014,10.862588882446289,7.419,0.976035079699679
Netherlands,2015,10.877558708190918,6.872,0.600248147278776
Netherlands,2016,10.893917083740234,6.007,0.316666666666652
Netherlands,2017,10.916698455810547,4.837,1.38145871407216
Netherlands,2018,10.934194564819336,3.832,1.70349794744479
Netherlands,2019,10.94701099395752,3.379,2.63369910249591
Netherlands,2020,10.901819229125977,3.82,1.27246037789161
Netherlands,2021,10.944070816040039,4.209,2.67572008805385
Netherlands,2022,10.980937004089355,3.526,10.0012078753473
New Zealand,2006,10.540809631347656,3.857,3.36540196171993
New Zealand,2007,10.561317443847656,3.661,2.37614310290659
New Zealand,2008,10.541653633117676,4.167,3.9589493731206
New Zealand,2010,10.534310340881348,6.557,2.30202385958572
New Zealand,2011,10.54895305633545,6.491,4.0279066739204
New Zealand,2012,10.565675735473633,6.931,1.05991318445632
New Zealand,2013,10.584589004516602,5.839,1.13442266445817
New Zealand,2014,10.605423927307129,5.428,1.227507505974
New Zealand,2015,10.621822357177734,5.415,0.292704628136101
New Zealand,2016,10.636344909667969,5.147,0.646240284454524
New Zealand,2017,10.650614738464355,4.736,1.85078767452536
New Zealand,2018,10.665742874145508,4.335,1.59829703801696
New Zealand,2019,10.67151927947998,4.109,1.61963190184048
New Zealand,2020,10.636865615844727,4.595,1.71456170007245
New Zealand,2021,10.666987419128418,3.776,3.94112060778728
New Zealand,2022,10.681693077087402,3.299,7.17222476016441
Nicaragua,2006,8.395245552062988,5.31,9.1401996677772
Nicaragua,2007,8.430822372436523,4.89,11.1269347446118
Nicaragua,2008,8.45039176940918,6.2,19.8262031287429
Nicaragua,2009,8.402441024780273,8.16,3.68700160498797
Nicaragua,2010,8.430953979492188,7.83,5.45513425887423
Nicaragua,2011,8.477496147155762,6.613,8.082387980991
Nicaragua,2012,8.525717735290527,5.208,7.1935505333896
Nicaragua,2013,8.5592041015625,5.28,7.13546785289407
Nicaragua,2014,8.59146499633789,4.52,6.03596861798425
Nicaragua,2015,8.623893737792969,4.7,3.99737996694396
Nicaragua,2016,8.654230117797852,3.9,3.52317317628473
Nicaragua,2017,8.685310363769531,3.3,3.85067166284727
Nicaragua,2018,8.637042999267578,5.2,4.94723728039886
Nicaragua,2019,8.584662437438965,5.457,5.37628990844126
Nicaragua,2020,8.55289363861084,6.18,3.68181341625572
Nicaragua,2021,8.637417793273926,6.076,4.92841396948968
Nicaragua,2022,8.664050102233887,4.969,10.4674244465991
Niger,2006,6.872498035430908,2.528,0.0404858299595074
Niger,2007,6.867029666900635,2.021,0.0539592607581562
Niger,2008,6.904775142669678,1.584,11.3051098827019
Niger,2009,6.887199401855469,1.208,0.582906590801122
Niger,2010,6.932192802429199,0.718,0.804073080882659
Niger,2011,6.918029308319092,0.316,2.9423851401332
Niger,2012,6.9802117347717285,2.177,0.455089820359289
Niger,2013,6.993816375732422,1.401,2.29723114955317
Niger,2014,7.020313262939453,0.524,-0.930287259984466
Niger,2015,7.0250139236450195,0.556,-0.576090369833189
Niger,2016,7.042164325714111,0.55,1.65388922387806
Niger,2017,7.052698135375977,0.556,2.79637318871284
Niger,2018,7.08444881439209,0.536,2.96760366004456
Niger,2019,7.104510307312012,0.531,-2.48979265070855
Niger,2022,7.0909833908081055,0.403,4.22621791916392
Nigeria,2006,8.313640594482422,3.749,8.22743678120907
Nigeria,2007,8.350374221801758,3.794,5.38610421570143
Nigeria,2008,8.388632774353027,3.792,11.583054796681
Nigeria,2009,8.438661575317383,3.763,12.5379242951095
Nigeria,2010,8.48823070526123,3.744,13.7400521363694
Nigeria,2012,8.526246070861816,3.761,12.2242413020582
Nigeria,2013,8.563854217529297,3.711,8.49551838265678
Nigeria,2015,8.599528312683105,4.134,9.00943498007706
Nigeria,2016,8.558156967163086,4.499,15.6968126387972
Nigeria,2017,8.540910720825195,4.83,16.5022662139641
Nigeria,2018,8.534989356994629,5.069,12.0951065173432
Nigeria,2019,8.53235149383545,5.206,11.3964223378115
Nigeria,2020,8.489839553833008,5.714,13.2460234276598
Nigeria,2021,8.501598358154297,5.404,16.9528457221608
North Macedonia,2007,9.434601783752441,35.231,2.2517579830545
North Macedonia,2009,9.480810165405273,32.351,-0.739633963061192
North Macedonia,2010,9.511734962463379,33.135,1.50997522027613
North Macedonia,2011,9.533145904541016,31.502,3.9047542206974
North Macedonia,2012,9.52735710144043,31.096,3.31605566687647
North Macedonia,2013,9.554741859436035,29.017,2.78500056726109
North Macedonia,2014,9.588725090026855,28.215,-0.281705032928494
North Macedonia,2015,9.625226974487305,26.395,-0.299920475631462
North Macedonia,2016,9.652217864990234,24.312,-0.239290787684501
North Macedonia,2017,9.662007331848145,22.857,1.35161889677442
North Macedonia,2018,9.689579963684082,21.208,1.45831298507126
North Macedonia,2019,9.72770881652832,17.414,0.766439573459805
North Macedonia,2020,9.66666030883789,16.575,1.20007348888469
North Macedonia,2021,9.70913314819336,15.801,3.23074912132928
North Macedonia,2022,9.73342514038086,14.476,14.2047173195833
Norway,2006,11.048457145690918,3.397,2.3293498075755
Norway,2008,11.05990219116211,2.521,3.75393081761005
Norway,2012,11.03473949432373,3.129,0.696864111498263
Norway,2014,11.041162490844727,3.486,2.04170286707211
Norway,2015,11.050691604614258,4.296,2.17113665389527
Norway,2016,11.05254077911377,4.68,3.55000000000007
Norway,2017,11.067431449890137,4.164,1.87510059552545
Norway,2018,11.071956634521484,3.801,2.76483134528797
Norway,2019,11.072635650634766,3.684,2.16773003305411
Norway,2020,11.059551239013672,4.424,1.28658490707996
Norway,2021,11.092278480529785,4.359,3.48388055266669
Norway,2022,11.111295700073242,3.231,5.76412317852272
Oman,2011,10.538619995117188,3.95,4.0421886711639
Pakistan,2005,8.252208709716797,0.583,9.06332737030417
Pakistan,2007,8.31432056427002,0.398,7.59868441050774
Pakistan,2008,8.309402465820312,0.423,20.2861210929554
Pakistan,2009,8.315033912658691,0.535,13.6477650639761
Pakistan,2010,8.30844783782959,0.653,12.9388705634889
Pakistan,2011,8.314452171325684,0.796,11.9160927116277
Pakistan,2012,8.330942153930664,3.667,9.68235186055684
Pakistan,2013,8.358598709106445,2.954,7.69215611899565
Pakistan,2014,8.390193939208984,1.827,7.18938402847028
Pakistan,2015,8.423455238342285,3.566,2.52932817254229
Pakistan,2016,8.465209007263184,2.285,3.7651191635658
Pakistan,2017,8.495299339294434,3.204,4.08537368032608
Pakistan,2018,8.539626121520996,4.083,5.07805725868917
Pakistan,2019,8.548215866088867,4.83,10.5780305672025
Pakistan,2020,8.51806354522705,5.994,9.74011619320125
Pakistan,2021,8.562576293945312,6.338,9.49641577285205
Panama,2006,9.770547866821289,5.792,2.45789346442102
Panama,2007,9.865191459655762,5.665,4.1686330029888
Panama,2008,9.940807342529297,5.639,8.7586831772878
Panama,2009,9.934996604919434,5.857,2.40905304082201
Panama,2010,9.97374439239502,5.845,3.49128872618809
Panama,2011,10.063132286071777,4.03,5.87580243678763
Panama,2012,10.138642311096191,3.691,5.69819959165993
Panama,2013,10.187796592712402,3.674,4.02715991571061
Panama,2014,10.219778060913086,4.391,2.62652699929143
Panama,2015,10.258112907409668,4.335,0.137492058461588
Panama,2016,10.289112091064453,4.717,0.73973402529995
Panama,2017,10.326346397399902,5.338,0.875585918759963
Panama,2018,10.345787048339844,5.161,0.761578359399945
Panama,2019,10.359126091003418,6.256,-0.355083821021246
Panama,2021,10.276358604431152,10.177,1.63070337301898
Panama,2022,10.333454132080078,8.086,2.85965128834711
Paraguay,2006,9.153956413269043,5.277,9.58934941129229
Paraguay,2007,9.196781158447266,4.713,8.13047417698577
Paraguay,2008,9.249930381774902,4.415,10.1547846489023
Paraguay,2009,9.237194061279297,5.46,2.59194673430567
Paraguay,2010,9.33089828491211,4.569,4.65116279069765
Paraguay,2011,9.359894752502441,4.67,8.2539682539683
Paraguay,2012,9.3392972946167,4.085,3.67591897974496
Paraguay,2013,9.40516471862793,4.385,2.68385738718582
Paraguay,2014,9.442753791809082,5.034,5.02882767456766
Paraguay,2015,9.457676887512207,4.556,3.12900274473925
Paraguay,2016,9.485220909118652,5.255,4.08682280577241
Paraguay,2017,9.518132209777832,6.138,3.60247741348943
Paraguay,2019,9.518539428710938,6.595,2.75709727562775
Paraguay,2020,9.496820449829102,7.548,1.76751592356698
Paraguay,2021,9.524250030517578,7.311,4.787983101236
Paraguay,2022,9.508264541625977,6.755,9.76556667164402
Peru,2006,8.979471206665039,4.17,2.00225801248819
Peru,2007,9.053523063659668,4.08,1.77998644680372
Peru,2008,9.133691787719727,4.03,5.78587598206755
Peru,2009,9.13756275177002,3.96,2.936231535967
Peru,2010,9.210034370422363,3.6,1.52832059732901
Peru,2011,9.262930870056152,3.477,3.36931095333853
Peru,2012,9.313336372375488,3.238,3.61121294940163
Peru,2013,9.360538482666016,3.575,2.76789666082002
Peru,2014,9.37364387512207,3.208,3.41194579807465
Peru,2015,9.393926620483398,3.272,3.39809194746308
Peru,2016,9.419086456298828,3.741,3.55717663556279
Peru,2017,9.428893089294434,3.691,2.99490045809443
Peru,2018,9.449060440063477,3.492,1.50915423024742
Peru,2019,9.452122688293457,3.379,2.25212191358027
Peru,2020,9.321605682373047,7.179,2.00241205759292
Peru,2021,9.43465518951416,5.097,4.27166381536798
Peru,2022,9.448805809020996,4.291,8.33370630096231
Philippines,2006,8.561695098876953,4.052,5.4852320675105
Philippines,2007,8.606146812438965,3.434,2.90000000000003
Philippines,2008,8.62997055053711,3.72,8.26044703595725
Philippines,2009,8.62594985961914,3.858,4.21903052064628
Philippines,2010,8.678712844848633,3.605,3.78983634797591
Philippines,2011,8.698753356933594,3.592,4.7184170471842
Philippines,2012,8.74801254272461,3.504,3.02696391124796
Philippines,2013,8.796467781066895,3.497,2.58268766141795
Philippines,2014,8.841845512390137,3.6,3.59782343864211
Philippines,2015,8.886696815490723,3.068,0.674192536845408
Philippines,2016,8.938013076782227,2.695,1.25369880080982
Philippines,2017,8.98741626739502,2.552,2.85318772590947
Philippines,2018,9.031899452209473,2.338,5.30934661627707
Philippines,2019,9.07473373413086,2.237,2.39206534422404
Philippines,2020,8.958444595336914,2.522,2.3931623931624
Philippines,2021,8.998964309692383,3.398,3.92718022100332
Poland,2005,9.843979835510254,17.592,2.18379872390251
Poland,2007,9.972894668579102,9.551,2.4587431238539
Poland,2009,10.04115104675293,8.131,3.79539242483399
Poland,2010,10.072931289672852,9.578,2.58069370250548
Poland,2011,10.12158489227295,9.576,4.23940149625932
Poland,2012,10.136921882629395,10.031,3.56037151702793
Poland,2013,10.1460542678833,10.293,0.991982606332335
Poland,2014,10.184454917907715,8.971,0.0538213132399802
Poland,2015,10.228020668029785,7.475,-0.874125874125862
Poland,2016,10.25755786895752,6.141,-0.664767331433962
Poland,2017,10.30755615234375,4.867,2.07593553673859
Poland,2018,10.365309715270996,3.835,1.81295156542689
Poland,2019,10.40909194946289,3.267,2.22747880938291
Poland,2020,10.390435218811035,3.155,3.37446972618589
Poland,2021,10.460686683654785,3.268,5.05502704719272
Poland,2022,10.50880241394043,2.811,14.4294507575758
Portugal,2006,10.358528137207031,7.649,3.1076654587105
Portugal,2008,10.38306713104248,7.553,2.58850657657956
Portugal,2010,10.36716365814209,10.771,1.40257289895372
Portugal,2011,10.351527214050293,12.715,3.6530110043073
Portugal,2012,10.314162254333496,15.509,2.77333854051576
Portugal,2013,10.310380935668945,16.237,0.274416666666663
Portugal,2014,10.323663711547852,13.88,-0.278153367467428
Portugal,2015,10.345566749572754,12.405,0.48793862390472
Portugal,2016,10.368715286254883,11.058,0.607397074641719
Portugal,2017,10.405616760253906,8.878,1.36861411643482
Portugal,2018,10.43531322479248,6.966,0.993715683468233
Portugal,2019,10.461549758911133,6.422,0.338178410046124
Portugal,2020,10.373845100402832,6.85,-0.0124383299576209
Portugal,2021,10.4244966506958,6.712,1.26565719069044
Portugal,2022,10.487077713012695,6.138,7.83269124233323
Qatar,2009,11.434426307678223,0.31,-4.86327801622565
Qatar,2010,11.55120849609375,0.45,-2.42525675161714
Qatar,2011,11.6251802444458,0.56,1.13836623529202
Qatar,2012,11.616668701171875,0.48,2.31534853431661
Qatar,2015,11.532453536987305,0.17,1.8140772393776
Romania,2005,9.733084678649902,7.174,9.01491283343835
Romania,2007,9.900849342346191,6.413,4.83732928313989
Romania,2009,9.958084106445312,6.859,5.58742004264393
Romania,2010,9.924230575561523,6.959,6.09141668601891
Romania,2011,9.973329544067383,7.177,5.7892532881588
Romania,2012,9.996848106384277,6.794,3.33492267693442
Romania,2013,10.003257751464844,7.096,3.9847123554813
Romania,2014,10.047383308410645,6.802,1.06830987684298
Romania,2015,10.083199501037598,6.812,-0.594156437495203
Romania,2016,10.117111206054688,5.901,-1.54479666813897
Romania,2017,10.20167064666748,4.927,1.3390212110439
Romania,2018,10.266087532043457,4.187,4.62548443137779
Romania,2019,10.309164047241211,3.912,3.82785432599438
Romania,2020,10.277202606201172,5.035,2.63107311184743
Romania,2021,10.33452033996582,5.59,5.05232876096582
Romania,2022,10.404129028320312,5.614,13.7954887432521
Russia,2006,9.987711906433105,7.055,9.66865454789265
Russia,2007,10.071002960205078,6.002,9.00729868861079
Russia,2008,10.122135162353516,6.205,14.1107677840442
Russia,2009,10.040623664855957,8.301,11.6473295764118
Russia,2010,10.084192276000977,7.407,6.84939230255025
Russia,2011,10.125514030456543,6.571,8.4404648593257
Russia,2012,10.16328239440918,5.484,5.07474300799149
Russia,2013,10.178555488586426,5.513,6.75466833903486
Russia,2014,10.168047904968262,5.212,7.82016970013845
Russia,2015,10.145966529846191,5.615,15.5343959935701
Russia,2016,10.146069526672363,5.591,7.04243725413707
Russia,2017,10.163019180297852,5.238,3.68333072334495
Russia,2018,10.19078540802002,4.871,2.87831382614981
Russia,2019,10.212976455688477,4.513,4.47202631837903
Russia,2020,10.188056945800781,5.62,3.38219796948068
Russia,2021,10.238533973693848,4.749,6.69445891957612
Russia,2022,10.202866554260254,3.867,13.7436797398232
Rwanda,2006,7.086945056915283,11.586,8.88282654777923
Rwanda,2008,7.212563514709473,11.517,15.4382138709255
Rwanda,2009,7.246766090393066,11.625,12.9443978401712
Rwanda,2011,7.342397212982178,11.756,3.0801706924026
Rwanda,2012,7.400681972503662,11.671,10.2710182318876
Rwanda,2013,7.423007488250732,11.768,5.92426867984854
Rwanda,2014,7.459076881408691,11.837,2.35449052820358
Rwanda,2015,7.520081043243408,11.831,2.52850284192421
Rwanda,2016,7.553644180297852,11.788,7.17434301982009
Rwanda,2017,7.5678486824035645,11.875,8.27953672260832
Rwanda,2018,7.625810146331787,10.759,-0.311210160390699
Rwanda,2019,7.692296504974365,11.236,3.34787655037648
Saudi Arabia,2005,10.674833297729492,6.051,0.479231671630955
Saudi Arabia,2007,10.64175796508789,5.734,4.16782358431579
Saudi Arabia,2008,10.66384220123291,5.085,9.87024816760266
Saudi Arabia,2009,10.60560417175293,5.377,5.0572227614833
Saudi Arabia,2010,10.622705459594727,5.55,5.33941733020905
Saudi Arabia,2011,10.693171501159668,5.77,5.8262163739404
Saudi Arabia,2012,10.72387409210205,5.622,2.86627029905053
Saudi Arabia,2013,10.729291915893555,5.6,3.51104209799866
Saudi Arabia,2014,10.74494457244873,5.877,2.24185348779063
Saudi Arabia,2015,10.765941619873047,5.6,1.22269318552328
Saudi Arabia,2016,10.76236629486084,5.6,2.05347076823965
Saudi Arabia,2017,10.731941223144531,5.89,-0.834845735027162
Saudi Arabia,2018,10.732931137084961,6.029,2.46594308994843
Saudi Arabia,2019,10.713417053222656,5.636,-1.19298644533328
Saudi Arabia,2020,10.666433334350586,7.66,3.37234961012303
Saudi Arabia,2021,10.699626922607422,6.621,3.06328988941548
Saudi Arabia,2022,10.780559539794922,5.589,2.47407371925372
Senegal,2006,7.929926872253418,2.755,2.11228583877117
Senegal,2007,7.9314775466918945,2.8,5.85330428467681
Senegal,2008,7.941464900970459,2.816,7.34720236578406
Senegal,2009,7.9418463706970215,2.807,-2.2480214785534
Senegal,2010,7.948086261749268,2.795,1.22868119673344
Senegal,2011,7.934118270874023,2.853,3.40322829786971
Senegal,2012,7.946098327636719,3.896,1.41822871177854
Senegal,2013,7.942817687988281,5.012,0.710245486695176
Senegal,2014,7.976007461547852,5.849,-1.09025507446895
Senegal,2015,8.010486602783203,6.757,0.135211933635165
Senegal,2016,8.045083045959473,4.455,0.837284942557434
Senegal,2017,8.089234352111816,4.078,1.31815314847789
Senegal,2018,8.122329711914062,3.453,0.460985642464188
Senegal,2019,8.140456199645996,2.863,1.76011151192939
Senegal,2020,8.12678050994873,3.432,2.54314685681662
Senegal,2021,8.159204483032227,3.436,2.18032278088147
Senegal,2022,8.18017578125,2.837,9.69681899081073
Serbia,2007,9.5359525680542,18.06,6.39170644391413
Serbia,2009,9.57153606414795,16.116,8.11695092238082
Serbia,2010,9.582839965820312,19.204,6.14255360247248
Serbia,2011,9.610893249511719,22.959,11.1373976342129
Serbia,2012,9.608907699584961,24.0,7.33038589596646
Serbia,2013,9.642289161682129,22.154,7.69426362896655
Serbia,2014,9.630961418151855,19.223,2.08244793880154
Serbia,2015,9.65380859375,17.66,1.39235822000187
Serbia,2016,9.691885948181152,15.257,1.12231397417769
Serbia,2017,9.718001365661621,13.477,3.13106248590115
Serbia,2018,9.767436027526855,12.733,1.95984076293801
Serbia,2019,9.815207481384277,10.395,1.84922984511086
Serbia,2020,9.81279468536377,9.011,1.57553290083415
Serbia,2021,9.89501667022705,9.843,4.08510285335102
Sierra Leone,2006,7.13428258895874,3.89,
Sierra Leone,2007,7.189755439758301,4.022,11.6499744518106
Sierra Leone,2008,7.2171101570129395,4.132,8.21112432289608
Sierra Leone,2010,7.245351314544678,4.34,7.18566275668163
Sierra Leone,2011,7.279659271240234,4.388,6.79138291952621
Sierra Leone,2013,7.55733585357666,4.376,5.52412877994266
Sierra Leone,2014,7.576964378356934,4.678,4.63931171409667
Sierra Leone,2015,7.322221279144287,4.483,6.68943562498681
Sierra Leone,2016,7.356818199157715,4.182,10.8860609413903
Sierra Leone,2017,7.373677730560303,3.656,18.2215094003386
Sierra Leone,2018,7.384089946746826,3.192,16.0295447693699
Sierra Leone,2019,7.411970138549805,3.204,14.8049990906021
Sierra Leone,2021,7.386903285980225,3.551,11.8739588840234
Sierra Leone,2022,7.401130676269531,3.137,27.2082883814653
Singapore,2006,11.166998863220215,4.48,0.965657519018511
Singapore,2007,11.211713790893555,3.9,2.10980166714574
Singapore,2008,11.176961898803711,3.96,6.63544058395309
Singapore,2009,11.14808177947998,5.86,0.589142019610516
Singapore,2010,11.265939712524414,4.12,2.82884527612958
Singapore,2011,11.30538558959961,3.89,5.25115624639373
Singapore,2013,11.355110168457031,3.86,2.36439793742726
Singapore,2014,11.380725860595703,3.74,1.03316955857629
Singapore,2015,11.39819622039795,3.79,-0.521975611895763
Singapore,2016,11.420218467712402,4.08,-0.529809760375464
Singapore,2017,11.464893341064453,4.2,0.576763191179996
Singapore,2018,11.49615478515625,3.613,0.438784215129623
Singapore,2019,11.495609283447266,3.1,0.567829988405447
Singapore,2021,11.571497917175293,4.64,2.31610315765146
Slovakia,2006,9.986261367797852,13.395,4.48333120449615
Slovakia,2010,10.148850440979004,14.387,0.957018132975174
Slovakia,2011,10.173925399780273,13.634,3.91928599146291
Slovakia,2012,10.185325622558594,13.966,3.6061026352289
Slovakia,2013,10.190558433532715,14.226,1.40047368963025
Slovakia,2014,10.216201782226562,11.536,-0.0761653295419871
Slovakia,2015,10.265632629394531,11.492,-0.325219777427765
Slovakia,2016,10.283596992492676,9.679,-0.520010196278358
Slovakia,2017,10.311001777648926,8.142,1.31194588223247
Slovakia,2018,10.349129676818848,6.544,2.51403712883803
Slovakia,2019,10.372661590576172,5.761,2.6645613342544
Slovakia,2020,10.337474822998047,6.719,1.93694126694223
Slovakia,2021,10.369296073913574,6.894,3.1496062992126
Slovenia,2006,10.398571968078613,5.95,2.45792444195863
Slovenia,2009,10.405844688415527,5.858,0.839262246793805
Slovenia,2010,10.414831161499023,7.236,1.80117022137138
Slovenia,2011,10.421330451965332,8.166,1.8028517194191
Slovenia,2012,10.392480850219727,8.841,2.59741386039003
Slovenia,2013,10.380778312683105,10.103,1.76920085881897
Slovenia,2014,10.407099723815918,9.668,0.199343826570844
Slovenia,2015,10.428208351135254,8.962,-0.525552285820783
Slovenia,2016,10.458895683288574,8.0,-0.0549995416705683
Slovenia,2017,10.505274772644043,6.564,1.42910743319306
Slovenia,2018,10.545228958129883,5.108,1.7386086198818
Slovenia,2019,10.57219409942627,4.446,1.63052260754335
Slovenia,2020,10.521321296691895,4.971,-0.05485681576061
Slovenia,2021,10.597546577453613,4.744,1.91706506089269
Slovenia,2022,10.6441650390625,4.011,8.83369886749452
Somalia,2014,6.830417633056641,,
Somalia,2015,6.9370222091674805,,
Somalia,2016,6.981190204620361,,
Somaliland region,2009,,,
Somaliland region,2010,,,
Somaliland region,2011,,,
Somaliland region,2012,,,
South Africa,2006,9.455392837524414,22.304,3.2439076541923
South Africa,2007,9.49747085571289,22.26,6.17781214809388
South Africa,2008,9.517552375793457,22.407,9.90998456005467
South Africa,2009,9.490159034729004,23.523,7.23809523809527
South Africa,2010,9.508172988891602,24.683,4.06749555950263
South Africa,2011,9.526732444763184,24.639,5.0008533879502
South Africa,2012,9.537120819091797,24.727,5.73797139141739
South Africa,2013,9.548055648803711,24.561,5.78016910069176
South Africa,2014,9.546331405639648,24.89,6.13282953059149
South Africa,2015,9.538723945617676,25.149,4.51869094892506
South Africa,2016,9.535627365112305,26.536,6.60290842394872
South Africa,2017,9.543267250061035,27.035,5.18618655524149
South Africa,2018,9.546120643615723,26.906,4.50987264867388
South Africa,2019,9.536199569702148,28.468,4.10285075461156
South Africa,2020,9.458442687988281,29.217,3.23238831615113
South Africa,2021,9.496415138244629,34.007,4.61874544887136
South Korea,2006,10.308636665344238,3.254,2.24234028518921
South Korea,2007,10.359960556030273,3.013,2.53457382137932
South Korea,2008,10.382052421569824,2.959,4.67389655533408
South Korea,2009,10.384800910949707,3.363,2.7564965449393
South Korea,2010,10.44565200805664,3.324,2.93928652655686
South Korea,2011,10.47415542602539,2.992,4.0259650043609
South Korea,2012,10.492639541625977,2.812,2.18707104433314
South Korea,2013,10.519244194030762,3.067,1.30134754547413
South Korea,2014,10.544485092163086,3.082,1.27477446401322
South Korea,2015,10.566916465759277,3.546,0.70633177245575
South Korea,2016,10.59199047088623,3.65,0.971685739912168
South Korea,2017,10.620287895202637,3.653,1.94433230786366
South Korea,2018,10.644612312316895,3.824,1.47583935002645
South Korea,2019,10.663325309753418,3.746,0.383000303608136
South Korea,2020,10.654827117919922,3.931,0.537288023411737
South Korea,2021,10.697208404541016,3.639,2.49833333333339
South Korea,2022,10.72598648071289,2.857,5.08951365062842
South Sudan,2014,,12.561,1.6742990629552
South Sudan,2015,,12.464,52.7663304192143
South Sudan,2016,,12.854,379.999585624026
South Sudan,2017,,12.983,187.851630279442
Spain,2005,10.543813705444336,9.146,3.36881409750383
Spain,2007,10.584020614624023,8.232,2.7867974580495
Spain,2008,10.576898574829102,11.254,4.0753433595734
Spain,2009,10.529684066772461,17.857,-0.287813083535241
Spain,2010,10.526707649230957,19.86,1.79986457728769
Spain,2011,10.514976501464844,21.39,3.19610188833792
Spain,2012,10.484292030334473,24.789,2.44612782366809
Spain,2013,10.473435401916504,26.094,1.40858109183009
Spain,2014,10.490286827087402,24.441,-0.151114837527235
Spain,2015,10.528729438781738,22.057,-0.500365709903243
Spain,2016,10.55781078338623,19.635,-0.202598000426358
Spain,2017,10.58478832244873,17.224,1.95607633363954
Spain,2018,10.602995872497559,15.255,1.67498136863799
Spain,2019,10.615464210510254,14.104,0.699518994458648
Spain,2020,10.490382194519043,15.532,-0.322753017299649
Spain,2021,10.543051719665527,14.914,3.09313511976402
Spain,2022,10.587491989135742,13.033,8.39057634118637
Sri Lanka,2006,8.945660591125488,6.5,10.0201836057035
Sri Lanka,2007,9.004029273986816,5.97,15.8421114924843
Sri Lanka,2008,9.054698944091797,5.22,22.5644955300126
Sri Lanka,2009,9.08251953125,5.85,3.46496322106074
Sri Lanka,2010,9.152782440185547,4.784,6.2176488930462
Sri Lanka,2011,9.229196548461914,4.118,6.7167684358854
Sri Lanka,2012,9.31069564819336,3.88,7.54291373239437
Sri Lanka,2013,9.342610359191895,4.186,6.90845034828452
Sri Lanka,2014,9.39510726928711,4.157,3.1790022823606
Sri Lanka,2015,9.427107810974121,4.519,3.76836783062096
Sri Lanka,2017,9.51666259765625,4.046,7.70413767850602
Sri Lanka,2018,9.529016494750977,4.318,2.135037737132
Sri Lanka,2019,9.520689964294434,4.67,3.52839358231811
Sri Lanka,2020,9.480043411254883,5.364,6.15394508391738
Sri Lanka,2021,9.502015113830566,4.981,7.01478071238195
State of Palestine,2006,8.201192855834961,19.014,3.84234125624782
State of Palestine,2007,8.180532455444336,18.282,1.85974379351111
State of Palestine,2008,8.275285720825195,22.913,9.88999788691849
State of Palestine,2009,8.3366117477417,20.452,2.75393485083151
State of Palestine,2010,8.362595558166504,21.416,3.74915727597096
State of Palestine,2011,8.451590538024902,17.597,2.8772435849594
State of Palestine,2012,8.598371505737305,19.202,2.77908768282492
State of Palestine,2013,8.594526290893555,19.894,1.72439933626931
State of Palestine,2014,8.618412017822266,20.526,1.73298510037447
State of Palestine,2015,8.683147430419922,23.005,1.43161145810476
State of Palestine,2016,8.737954139709473,23.939,-0.219106604907316
State of Palestine,2017,8.733620643615723,25.677,0.212570934228881
State of Palestine,2018,8.717741012573242,26.256,-0.195107773730735
State of Palestine,2019,8.716377258300781,25.34,1.58018333639455
State of Palestine,2022,,24.42,3.74122391852077
Sudan,2009,8.456879615783691,13.0,11.256758706301
Sudan,2010,8.464909553527832,15.168,12.9776663898014
Sudan,2011,8.526615142822266,17.44,18.0966171221351
Sudan,2012,8.45766830444336,16.973,35.5590574147024
Sudan,2014,8.471488952636719,15.41,36.9066427863595
Suriname,2012,9.873830795288086,8.1,5.00686319367273
Sweden,2005,10.724154472351074,7.81,0.453170852576138
Sweden,2007,10.790501594543457,6.161,2.21216883436733
Sweden,2008,10.77819538116455,6.235,3.43704910602875
Sweden,2009,10.725308418273926,8.351,-0.494460544378051
Sweden,2010,10.7746000289917,8.61,1.15798802715626
Sweden,2011,10.798501968383789,7.804,2.9611507382214
Sweden,2012,10.78520393371582,7.976,0.888377506923735
Sweden,2013,10.788538932800293,8.052,-0.044292970148682
Sweden,2014,10.804847717285156,7.954,-0.179638494114635
Sweden,2015,10.838187217712402,7.432,-0.0467847449832812
Sweden,2016,10.84611701965332,6.99,0.984269244577992
Sweden,2017,10.85799789428711,6.718,1.79449904665599
Sweden,2018,10.865694046020508,6.365,1.95353530127028
Sweden,2019,10.875224113464355,6.833,1.78415097403835
Sweden,2020,10.84605598449707,8.291,0.497367318853572
Sweden,2021,10.889554977416992,8.803,2.16319736447143
Sweden,2022,10.9126615524292,7.417,8.36929098869189
Switzerland,2006,11.069194793701172,3.995,1.05950928324805
Switzerland,2009,11.077923774719238,4.109,-0.480481936423305
Switzerland,2012,11.107382774353027,4.491,-0.692552018105163
Switzerland,2014,11.124672889709473,4.826,-0.0132025387515946
Switzerland,2015,11.12960147857666,4.801,-1.14390867228178
Switzerland,2016,11.13915729522705,4.918,-0.434618664285815
Switzerland,2017,11.143362045288086,4.797,0.533787839825876
Switzerland,2018,11.16419792175293,4.713,0.936335464113572
Switzerland,2019,11.16841983795166,4.394,0.362886179940674
Switzerland,2020,11.13707160949707,4.817,-0.725874933313403
Switzerland,2021,11.170897483825684,5.013,0.581814168489856
Switzerland,2022,11.184120178222656,4.122,2.83502798644451
Syria,2008,8.657538414001465,,
Syria,2009,8.656476020812988,,
Syria,2010,8.732948303222656,,
Syria,2011,8.735453605651855,,
Syria,2012,8.577606201171875,,
Syria,2013,8.41893482208252,,
Syria,2015,8.492067337036133,,
Taiwan Province of China,2006,10.601690292358398,,
Taiwan Province of China,2008,10.600387573242188,,
Taiwan Province of China,2010,10.680940628051758,,
Taiwan Province of China,2011,10.693416595458984,,
Taiwan Province of China,2012,10.717881202697754,,
Taiwan Province of China,2013,10.723531723022461,,
Taiwan Province of China,2014,10.749410629272461,,
Taiwan Province of China,2015,10.778759956359863,,
Taiwan Province of China,2016,10.768047332763672,,
Taiwan Province of China,2017,10.774065971374512,,
Taiwan Province of China,2018,10.780801773071289,,
Taiwan Province of China,2019,10.797459602355957,,
Taiwan Province of China,2020,,,
Taiwan Province of China,2021,,,
Taiwan Province of China,2022,,,
Tajikistan,2006,7.590978145599365,3.65,10.0108651886461
Tajikistan,2007,7.647697448730469,2.874,13.1491247062982
Tajikistan,2008,7.704957485198975,4.942,20.4705219109964
Tajikistan,2009,7.723751068115234,7.028,6.44823481066697
Tajikistan,2010,7.766423225402832,7.037,6.44531440780658
Tajikistan,2011,7.816647529602051,7.04,12.4315490430406
Tajikistan,2012,7.867169380187988,7.022,5.83116601031462
Tajikistan,2013,7.9161601066589355,7.019,5.00964645344951
Tajikistan,2014,7.9579596519470215,7.024,6.10442765129667
Tajikistan,2015,7.9929423332214355,7.033,5.7145594964971
Tajikistan,2016,8.036323547363281,7.036,6.00458082322139
Tajikistan,2017,8.082228660583496,7.035,
Tajikistan,2018,8.133027076721191,7.028,
Tajikistan,2019,8.181798934936523,7.026,
Tajikistan,2020,8.203014373779297,7.576,
Tajikistan,2021,8.269582748413086,7.687,
Tanzania,2006,7.459784984588623,3.299,7.25097262082546
Tanzania,2007,7.497267246246338,3.023,7.02551436974771
Tanzania,2008,7.52532958984375,2.775,10.2783937621135
Tanzania,2009,7.551692008972168,2.5,12.1422278742988
Tanzania,2010,7.587300777435303,3.03,6.20015595647403
Tanzania,2011,7.632745265960693,3.47,12.6909694699162
Tanzania,2012,7.647726058959961,3.223,16.0010938506338
Tanzania,2013,7.683146953582764,2.93,7.87072364573959
Tanzania,2014,7.717155933380127,2.125,6.13161432988012
Tanzania,2015,7.743546485900879,2.009,5.58816952959298
Tanzania,2016,7.775247097015381,1.931,5.17476629301493
Tanzania,2017,7.8072428703308105,1.854,5.31871605228931
Tanzania,2018,7.828423023223877,1.792,3.49445848856181
Tanzania,2019,7.854639530181885,1.735,3.46428057999021
Tanzania,2020,7.8443217277526855,1.792,3.29029062798325
Tanzania,2021,7.856203079223633,1.876,3.69091958802199
Tanzania,2022,7.871555328369141,1.573,4.35027204269101
Thailand,2006,9.452481269836426,1.22,4.63747436011764
Thailand,2007,9.497788429260254,1.18,2.24154095286802
Thailand,2008,9.507421493530273,1.18,5.46848949649846
Thailand,2009,9.493308067321777,1.49,-0.845716092316721
Thailand,2010,9.559039115905762,0.622,3.24758842443725
Thailand,2011,9.560946464538574,0.66,3.81191694558332
Thailand,2012,9.624428749084473,0.58,3.00948610403357
Thailand,2013,9.64487075805664,0.249,2.18617704418967
Thailand,2014,9.649187088012695,0.576,1.89455652481545
Thailand,2015,9.675292015075684,0.597,-0.898143410569433
Thailand,2016,9.704628944396973,0.688,0.186235191075453
Thailand,2017,9.74144172668457,0.83,0.664415139830893
Thailand,2018,9.779569625854492,0.765,1.06683487370758
Thailand,2019,9.798331260681152,0.716,0.705524801910317
Thailand,2020,9.732022285461426,1.099,-0.846087518861799
Thailand,2021,9.745490074157715,1.215,1.23104516549814
Thailand,2022,9.777226448059082,0.94,6.07589952842433
Togo,2006,7.341597557067871,4.229,2.22897779414027
Togo,2008,7.3120036125183105,3.279,8.69482814363902
Togo,2011,7.40595006942749,1.982,3.5635147290396
Togo,2014,7.5092453956604,2.141,0.19087507624975
Togo,2015,7.540040016174316,2.204,2.58500390801595
Togo,2016,7.569278717041016,2.968,1.28544847051417
Togo,2017,7.587156772613525,3.744,-0.981889868943119
Togo,2018,7.611330509185791,2.9,0.927755426457183
Togo,2019,7.640375137329102,2.036,0.674652770077525
Togo,2021,7.661435127258301,2.344,4.1862150652352
Togo,2022,7.685194492340088,1.965,7.96757361617945
Trinidad and Tobago,2006,10.172087669372559,6.27,8.32960351465347
Trinidad and Tobago,2008,10.240419387817383,4.63,12.0303445477177
Trinidad and Tobago,2011,10.205900192260742,3.425,5.1071328926456
Trinidad and Tobago,2013,10.293148040771484,2.683,5.19981740465611
Trinidad and Tobago,2017,10.17404556274414,3.389,1.88038440183532
Tunisia,2009,9.237887382507324,13.29,3.66490330642919
Tunisia,2010,9.256966590881348,13.049,3.33897963601069
Tunisia,2011,9.223750114440918,18.334,3.24002842009531
Tunisia,2012,9.252275466918945,17.63,4.6118443220664
Tunisia,2013,9.265080451965332,15.934,5.31623531326689
Tunisia,2014,9.284193992614746,14.259,4.62555099534031
Tunisia,2015,9.282613754272461,15.159,4.437371273215
Tunisia,2016,9.282727241516113,15.557,3.62939937384381
Tunisia,2017,9.294217109680176,15.33,5.30884839565844
Tunisia,2018,9.309548377990723,15.459,7.30759176031652
Tunisia,2019,9.314774513244629,17.153,6.72007532863799
Tunisia,2020,9.21533203125,17.651,5.63415115897625
Tunisia,2021,9.24936294555664,16.632,5.706350208307
Tunisia,2022,9.265902519226074,15.3,8.30646124447623
Turkiye,2005,9.800280570983887,10.636,8.17916036802008
Turkiye,2007,9.891304969787598,10.285,8.75618090972632
Turkiye,2008,9.887406349182129,10.965,10.4441283764885
Turkiye,2009,9.825364112854004,14.026,6.25097663090626
Turkiye,2010,9.892935752868652,11.879,8.56644420552976
Turkiye,2011,9.985816955566406,9.789,6.471879671151
Turkiye,2012,10.017822265625,9.21,8.89156996512163
Turkiye,2013,10.08216667175293,9.713,7.49309030547693
Turkiye,2014,10.110523223876953,9.901,8.85457271364316
Turkiye,2015,10.150138854980469,10.304,7.67085364845885
Turkiye,2016,10.165735244750977,10.899,7.7751341532833
Turkiye,2017,10.22494888305664,10.919,11.1443110840764
Turkiye,2018,10.245586395263672,10.956,16.3324638988929
Turkiye,2019,10.245305061340332,13.73,15.1768215720022
Turkiye,2020,10.256718635559082,13.148,12.2789574462574
Turkiye,2021,10.356680870056152,11.969,19.5964926913324
Turkmenistan,2009,8.955208778381348,4.0,
Turkmenistan,2011,9.146244049072266,4.003,
Turkmenistan,2012,9.23341178894043,3.994,
Turkmenistan,2013,9.31213092803955,3.993,
Turkmenistan,2014,9.391798973083496,4.005,
Turkmenistan,2015,9.436701774597168,4.016,
Turkmenistan,2016,9.479299545288086,4.026,
Turkmenistan,2017,9.525407791137695,4.035,
Turkmenistan,2018,9.56949234008789,4.036,
Turkmenistan,2019,9.615312576293945,4.035,
Uganda,2006,7.370232105255127,2.264,7.31067613561864
Uganda,2007,7.421669006347656,2.667,6.1385108328505
Uganda,2008,7.475902080535889,3.035,12.0508555482886
Uganda,2009,7.512547492980957,3.6,13.0172561889185
Uganda,2010,7.5382399559021,3.623,3.97655288478168
Uganda,2011,7.598933219909668,3.523,16.5643496174515
Uganda,2012,7.60765266418457,3.551,12.6790377224659
Uganda,2013,7.614126205444336,1.91,4.90520875694557
Uganda,2014,7.634238243103027,2.357,3.07570668958641
Uganda,2015,7.653903007507324,2.681,5.58968606251725
Uganda,2016,7.667255401611328,3.002,5.70637504616212
Uganda,2017,7.6631245613098145,3.428,5.20971705914209
Uganda,2018,7.690243721008301,3.249,2.61601190952274
Uganda,2019,7.718692302703857,3.057,2.867588034469
Uganda,2020,7.714449882507324,3.819,3.31332289544502
Uganda,2021,7.717090606689453,3.416,2.20457204757414
Ukraine,2006,9.41402816772461,6.81,9.05252491133248
Ukraine,2007,9.498954772949219,6.351,12.8387796190181
Ukraine,2008,9.526556968688965,6.363,25.226461707384
Ukraine,2009,9.366869926452637,8.84,15.8811924594476
Ukraine,2010,9.4109468460083,8.1,9.37293105078978
Ukraine,2011,9.467564582824707,7.851,7.95572466274652
Ukraine,2012,9.471556663513184,7.529,0.568727971803862
Ukraine,2013,9.474287986755371,7.17,-0.238948626045407
Ukraine,2014,9.424306869506836,9.27,12.0718562874251
Ukraine,2015,9.32510757446289,9.14,48.6998646434424
Ukraine,2016,9.353255271911621,9.35,13.9127101997797
Ukraine,2017,9.380973815917969,9.5,14.4383227488749
Ukraine,2018,9.4203519821167,8.799,10.9518559353178
Ukraine,2019,9.457587242126465,8.194,7.88671745611133
Ukraine,2020,9.426079750061035,9.475,2.73249209419427
Ukraine,2021,9.468358039855957,9.834,9.36313917695223
Ukraine,2022,9.04932975769043,,20.1836366617478
United Arab Emirates,2006,11.43305492401123,2.964,
United Arab Emirates,2009,10.952467918395996,2.932,1.5618131744907
United Arab Emirates,2010,10.908971786499023,2.798,0.877983288285867
United Arab Emirates,2011,10.965006828308105,2.587,0.87734659568512
United Arab Emirates,2012,11.001253128051758,2.323,0.662268900269009
United Arab Emirates,2013,11.040596008300781,2.125,1.1011183637571
United Arab Emirates,2014,11.071845054626465,1.999,2.34626865671643
United Arab Emirates,2015,11.128389358520508,1.793,4.06996608361593
United Arab Emirates,2016,11.173873901367188,1.64,1.61748808904198
United Arab Emirates,2017,11.17300033569336,2.462,1.96682557818842
United Arab Emirates,2018,11.178159713745117,2.236,3.06863379251997
United Arab Emirates,2019,11.181390762329102,2.331,-1.93108114782173
United Arab Emirates,2020,11.1223726272583,4.294,-2.07940317940944
United Arab Emirates,2021,11.152440071105957,3.105,0.179935336174431
United Arab Emirates,2022,11.201817512512207,2.872,5.29122604376849
United Kingdom,2005,10.667256355285645,4.884,2.0891364902507
United Kingdom,2007,10.69880485534668,5.399,2.38656150773327
United Kingdom,2008,10.6893892288208,5.748,3.52140856342539
United Kingdom,2009,10.635671615600586,7.683,1.96173173560109
United Kingdom,2010,10.651843070983887,7.973,2.49265472467065
United Kingdom,2011,10.654647827148438,8.195,3.8561124468282
United Kingdom,2012,10.66207504272461,8.279,2.5732347965453
United Kingdom,2013,10.673412322998047,7.752,2.29166666666659
United Kingdom,2014,10.697543144226074,6.398,1.45112016293279
United Kingdom,2015,10.713269233703613,5.552,0.36804684232536
United Kingdom,2016,10.727110862731934,4.909,1.0084173681141
United Kingdom,2017,10.74445915222168,4.501,2.55775577557747
United Kingdom,2018,10.755306243896484,4.145,2.29283990345938
United Kingdom,2019,10.765581130981445,3.657,1.73810460086513
United Kingdom,2020,10.64504623413086,4.472,0.989486703772491
United Kingdom,2021,10.713944435119629,4.864,2.51837109614213
United Kingdom,2022,10.753742218017578,3.768,7.92204883147902
United States,2006,10.920784950256348,4.623,3.22594410070404
United States,2007,10.931180000305176,4.622,2.85267248150138
United States,2008,10.922942161560059,5.784,3.839100296651
United States,2009,10.887833595275879,9.254,-0.355546266299747
United States,2010,10.906265258789062,9.633,1.6400434423899
United States,2011,10.914377212524414,8.949,3.156841568622
United States,2012,10.92959213256836,8.069,2.06933726526067
United States,2013,10.94091510772705,7.375,1.46483265562717
United States,2014,10.956201553344727,6.168,1.62222297740817
United States,2015,10.975543022155762,5.28,0.118627135552451
United States,2016,10.984833717346191,4.869,1.26158320570536
United States,2017,11.000678062438965,4.355,2.13011000365961
United States,2018,11.024442672729492,3.896,2.44258329692817
United States,2019,11.042573928833008,3.669,1.81221007526021
United States,2020,11.00489330291748,8.055,1.23358439630629
United States,2021,11.061464309692383,5.349,4.69785886363742
United States,2022,11.078596115112305,3.65,8.00279982052121
Uruguay,2006,9.629241943359375,10.844,6.39764974385131
Uruguay,2007,9.690691947937012,9.403,8.11464561179313
Uruguay,2008,9.757752418518066,8.025,7.87707374730888
Uruguay,2009,9.796907424926758,7.74,7.06221874388574
Uruguay,2010,9.86950969696045,7.158,6.69870886978132
Uruguay,2011,9.917165756225586,6.307,8.0928320630299
Uruguay,2012,9.949114799499512,6.451,8.09776580573602
Uruguay,2013,9.991471290588379,6.444,8.57513504005397
Uruguay,2014,10.02025032043457,6.547,8.87735333229828
Uruguay,2015,10.02066707611084,7.488,8.66626987079328
Uruguay,2016,10.034212112426758,7.841,9.6394134763508
Uruguay,2017,10.047890663146973,7.89,6.2180938256186
Uruguay,2018,10.051244735717773,8.336,7.60653360377047
Uruguay,2019,10.054344177246094,8.836,7.88198870879619
Uruguay,2020,9.990978240966797,10.413,9.75640636078194
Uruguay,2021,10.0345458984375,9.328,7.74791402314762
Uruguay,2022,10.084120750427246,7.877,9.10437983075437
Uzbekistan,2006,8.255722999572754,6.035,
Uzbekistan,2008,8.402387619018555,4.89,
Uzbekistan,2009,8.462946891784668,5.04,
Uzbekistan,2010,8.507943153381348,5.36,
Uzbekistan,2011,8.553657531738281,4.96,13.7797446476602
Uzbekistan,2012,8.607551574707031,4.87,13.2088026688373
Uzbekistan,2013,8.662359237670898,4.86,11.8414333622049
Uzbekistan,2014,8.711969375610352,5.09,9.28309356162695
Uzbekistan,2015,8.764227867126465,5.15,8.75188196737508
Uzbekistan,2016,8.80446720123291,5.16,8.130886695236
Uzbekistan,2017,8.830646514892578,5.83,13.8757425441635
Uzbekistan,2018,8.865442276000977,5.392,17.5241796514055
Uzbekistan,2019,8.902203559875488,4.936,14.5257359560687
Uzbekistan,2020,8.901668548583984,5.293,12.8677297362606
Uzbekistan,2021,8.953489303588867,5.364,10.8492397508122
Uzbekistan,2022,8.989866256713867,4.456,11.4466436998836
Venezuela,2005,9.316228866577148,10.663,
Venezuela,2006,9.46717643737793,8.606,
Venezuela,2008,9.719097137451172,6.245,
Venezuela,2009,9.567276000976562,6.097,27.080941446613
Venezuela,2010,9.747844696044922,7.112,28.1874647092039
Venezuela,2011,9.85850715637207,6.902,26.0902123160959
Venezuela,2012,9.8624849319458,6.601,21.0689956331876
Venezuela,2013,9.801931381225586,7.54,40.6394275161589
Venezuela,2014,9.365731239318848,6.821,62.1686499794829
Venezuela,2015,8.532186508178711,6.139,121.738085297503
Venezuela,2016,7.602412223815918,5.319,254.948534781816
Venezuela,2017,5.943209171295166,5.045,
Venezuela,2018,5.935121536254883,5.468,
Venezuela,2019,5.526723384857178,5.89,
Venezuela,2020,,7.53,
Venezuela,2021,,7.027,
Venezuela,2022,,5.646,
Vietnam,2006,8.553801536560059,2.046,7.41801715108469
Vietnam,2007,8.613061904907227,2.026,8.34444889773847
Vietnam,2008,8.658331871032715,1.889,23.1154483474477
Vietnam,2009,8.700611114501953,1.737,6.71698269988631
Vietnam,2010,8.752190589904785,1.114,9.20746648778413
Vietnam,2011,8.803674697875977,0.999,18.6777322770706
Vietnam,2012,8.846538543701172,1.027,9.09470339557193
Vietnam,2013,8.889822006225586,1.316,6.59267475899192
Vietnam,2014,8.941402435302734,1.256,4.08455446637625
Vietnam,2015,8.998518943786621,1.848,0.631200905175685
Vietnam,2016,9.053183555603027,1.848,2.66824816969082
Vietnam,2017,9.110595703125,1.874,3.52025688811618
Vietnam,2018,9.173262596130371,1.161,3.53962805942641
Vietnam,2019,9.235228538513184,1.681,2.79582367452244
Vietnam,2020,9.254416465759277,2.103,3.22093436652515
Vietnam,2021,9.271267890930176,2.383,1.83471554810462
Vietnam,2022,9.332854270935059,1.57,3.15650749963112
Yemen,2007,8.211858749389648,12.486,7.9051177898873
Yemen,2009,8.25021743774414,12.762,5.40776098077522
Yemen,2010,8.413556098937988,12.777,11.1748338605044
Yemen,2011,8.263951301574707,13.311,19.5435617131144
Yemen,2012,8.179214477539062,13.473,9.88538714484871
Yemen,2013,8.166424751281738,13.673,10.9684421500198
Yemen,2014,8.159071922302246,13.467,8.10472583623915
Yemen,2015,7.772318363189697,17.9,
Yemen,2016,7.5523223876953125,18.42,
Yemen,2017,7.2434773445129395,18.611,
Yemen,2018,7.44357442855835,17.593,
Yemen,2019,7.447972774505615,17.213,
Zambia,2006,7.8340349197387695,13.229,9.01957247226486
Zambia,2007,7.87892484664917,10.559,10.6573496000153
Zambia,2008,7.918079376220703,7.93,12.4455793463192
Zambia,2009,7.970727920532227,10.583,13.3952546325895
Zambia,2011,8.054155349731445,10.548,6.4293968107234
Zambia,2012,8.094368934631348,7.85,6.57589970757698
Zambia,2013,8.110990524291992,7.272,6.97767605490307
Zambia,2014,8.124429702758789,6.576,7.80687553566333
Zambia,2015,8.121295928955078,5.951,10.1105928909618
Zambia,2016,8.126893043518066,5.244,17.8697300795268
Zambia,2017,8.130200386047363,4.529,6.57731154205644
Zambia,2018,8.13913345336914,5.032,7.4945719272852
Zambia,2019,8.123367309570312,5.538,9.15031644316296
Zambia,2020,8.065783500671387,6.032,15.7330604721369
Zambia,2021,8.082337379455566,5.197,22.0207676245777
Zimbabwe,2006,7.459545135498047,4.767,
Zimbabwe,2007,7.412636756896973,5.008,
Zimbabwe,2008,7.210232734680176,5.401,
Zimbabwe,2009,7.313473701477051,5.476,
Zimbabwe,2010,7.495286464691162,5.469,3.02267002518892
Zimbabwe,2011,7.61735725402832,5.368,3.4661297281749
Zimbabwe,2012,7.745352268218994,5.057,3.72532666110646
Zimbabwe,2013,7.755186557769775,4.948,1.63495041543822
Zimbabwe,2014,7.748008728027344,4.774,-0.19778481012661
Zimbabwe,2015,7.74668025970459,5.399,-2.43096842383404
Zimbabwe,2016,7.7348313331604,5.896,-1.54366960054161
Zimbabwe,2017,7.754387378692627,6.35,0.893962316050027
Zimbabwe,2018,7.783066272735596,6.788,10.6188658669575
Zimbabwe,2019,7.697755336761475,7.373,255.304990757856
Zimbabwe,2020,7.596050262451172,8.617,557.201817362051
Zimbabwe,2021,7.656878471374512,9.54,98.5461050920624
Zimbabwe,2022,7.6701226234436035,10.087,104.705170628667
