economy,economy_code,ew_year,leave_1y,leave_5y,leave_10y,leave_avg
Afghanistan,AFG,2004,20.0,20.0,20.0,20.0
Afghanistan,AFG,2005,20.0,20.0,20.0,20.0
Afghanistan,AFG,2006,20.0,20.0,20.0,20.0
Afghanistan,AFG,2007,20.0,20.0,20.0,20.0
Afghanistan,AFG,2008,20.0,20.0,20.0,20.0
Afghanistan,AFG,2009,20.0,20.0,20.0,20.0
Afghanistan,AFG,2010,20.0,20.0,20.0,20.0
Afghanistan,AFG,2011,20.0,20.0,20.0,20.0
Afghanistan,AFG,2012,20.0,20.0,20.0,20.0
Afghanistan,AFG,2013,20.0,20.0,20.0,20.0
Afghanistan,AFG,2014,20.0,20.0,20.0,20.0
Afghanistan,AFG,2015,20.0,20.0,20.0,20.0
Afghanistan,AFG,2016,20.0,20.0,20.0,20.0
Afghanistan,AFG,2017,20.0,20.0,20.0,20.0
Afghanistan,AFG,2018,20.0,20.0,20.0,20.0
Afghanistan,AFG,2019,20.0,20.0,20.0,20.0
Afghanistan,AFG,2020,20.0,20.0,20.0,20.0
Albania,ALB,2004,15.0,15.0,15.0,15.0
Albania,ALB,2005,20.0,20.0,20.0,20.0
Albania,ALB,2006,20.0,20.0,20.0,20.0
Albania,ALB,2007,20.0,20.0,20.0,20.0
Albania,ALB,2008,20.0,20.0,20.0,20.0
Albania,ALB,2009,20.0,20.0,20.0,20.0
Albania,ALB,2010,20.0,20.0,20.0,20.0
Albania,ALB,2011,20.0,20.0,20.0,20.0
Albania,ALB,2012,20.0,20.0,20.0,20.0
Albania,ALB,2013,20.0,20.0,20.0,20.0
Albania,ALB,2014,20.0,20.0,20.0,20.0
Albania,ALB,2015,20.0,20.0,20.0,20.0
Albania,ALB,2016,20.0,20.0,20.0,20.0
Albania,ALB,2017,20.0,20.0,20.0,20.0
Albania,ALB,2018,20.0,20.0,20.0,20.0
Albania,ALB,2019,20.0,20.0,20.0,20.0
Albania,ALB,2020,20.0,20.0,20.0,20.0
Algeria,DZA,2004,22.0,22.0,22.0,22.0
Algeria,DZA,2005,22.0,22.0,22.0,22.0
Algeria,DZA,2006,22.0,22.0,22.0,22.0
Algeria,DZA,2007,22.0,22.0,22.0,22.0
Algeria,DZA,2008,22.0,22.0,22.0,22.0
Algeria,DZA,2009,22.0,22.0,22.0,22.0
Algeria,DZA,2010,22.0,22.0,22.0,22.0
Algeria,DZA,2011,22.0,22.0,22.0,22.0
Algeria,DZA,2012,22.0,22.0,22.0,22.0
Algeria,DZA,2013,22.0,22.0,22.0,22.0
Algeria,DZA,2014,22.0,22.0,22.0,22.0
Algeria,DZA,2015,22.0,22.0,22.0,22.0
Algeria,DZA,2016,22.0,22.0,22.0,22.0
Algeria,DZA,2017,22.0,22.0,22.0,22.0
Algeria,DZA,2018,22.0,22.0,22.0,22.0
Algeria,DZA,2019,22.0,22.0,22.0,22.0
Algeria,DZA,2020,22.0,22.0,22.0,22.0
Angola,AGO,2004,22.0,22.0,22.0,22.0
Angola,AGO,2005,22.0,22.0,22.0,22.0
Angola,AGO,2006,22.0,22.0,22.0,22.0
Angola,AGO,2007,22.0,22.0,22.0,22.0
Angola,AGO,2008,22.0,22.0,22.0,22.0
Angola,AGO,2009,22.0,22.0,22.0,22.0
Angola,AGO,2010,22.0,22.0,22.0,22.0
Angola,AGO,2011,22.0,22.0,22.0,22.0
Angola,AGO,2012,22.0,22.0,22.0,22.0
Angola,AGO,2013,22.0,22.0,22.0,22.0
Angola,AGO,2014,22.0,22.0,22.0,22.0
Angola,AGO,2015,22.0,22.0,22.0,22.0
Angola,AGO,2016,22.0,22.0,22.0,22.0
Angola,AGO,2017,22.0,22.0,22.0,22.0
Angola,AGO,2018,22.0,22.0,22.0,22.0
Angola,AGO,2019,22.0,22.0,22.0,22.0
Angola,AGO,2020,22.0,22.0,22.0,22.0
Antigua and Barbuda,ATG,2004,12.0,12.0,12.0,12.0
Antigua and Barbuda,ATG,2005,12.0,12.0,12.0,12.0
Antigua and Barbuda,ATG,2006,12.0,12.0,12.0,12.0
Antigua and Barbuda,ATG,2007,12.0,12.0,12.0,12.0
Antigua and Barbuda,ATG,2008,12.0,12.0,12.0,12.0
Antigua and Barbuda,ATG,2009,12.0,12.0,12.0,12.0
Antigua and Barbuda,ATG,2010,12.0,12.0,12.0,12.0
Antigua and Barbuda,ATG,2011,12.0,12.0,12.0,12.0
Antigua and Barbuda,ATG,2012,12.0,12.0,12.0,12.0
Antigua and Barbuda,ATG,2013,12.0,12.0,12.0,12.0
Antigua and Barbuda,ATG,2014,12.0,12.0,12.0,12.0
Antigua and Barbuda,ATG,2015,12.0,12.0,12.0,12.0
Antigua and Barbuda,ATG,2016,12.0,12.0,12.0,12.0
Antigua and Barbuda,ATG,2017,12.0,12.0,12.0,12.0
Antigua and Barbuda,ATG,2018,12.0,12.0,12.0,12.0
Antigua and Barbuda,ATG,2019,12.0,12.0,12.0,12.0
Antigua and Barbuda,ATG,2020,12.0,12.0,12.0,12.0
Argentina,ARG,2004,12.0,18.0,24.0,18.0
Argentina,ARG,2005,12.0,18.0,24.0,18.0
Argentina,ARG,2006,12.0,18.0,24.0,18.0
Argentina,ARG,2007,12.0,18.0,24.0,18.0
Argentina,ARG,2008,12.0,18.0,24.0,18.0
Argentina,ARG,2009,12.0,18.0,24.0,18.0
Argentina,ARG,2010,12.0,18.0,24.0,18.0
Argentina,ARG,2011,12.0,18.0,24.0,18.0
Argentina,ARG,2012,12.0,18.0,24.0,18.0
Argentina,ARG,2013,12.0,18.0,24.0,18.0
Argentina,ARG,2014,12.0,18.0,24.0,18.0
Argentina,ARG,2015,12.0,18.0,24.0,18.0
Argentina,ARG,2016,12.0,18.0,24.0,18.0
Argentina,ARG,2017,12.0,18.0,24.0,18.0
Argentina,ARG,2018,12.0,18.0,24.0,18.0
Argentina,ARG,2019,12.0,18.0,24.0,18.0
Argentina,ARG,2020,12.0,18.0,24.0,18.0
Armenia,ARM,2004,20.0,20.0,20.0,20.0
Armenia,ARM,2005,20.0,20.0,20.0,20.0
Armenia,ARM,2006,20.0,20.0,20.0,20.0
Armenia,ARM,2007,20.0,20.0,20.0,20.0
Armenia,ARM,2008,20.0,20.0,20.0,20.0
Armenia,ARM,2009,20.0,20.0,20.0,20.0
Armenia,ARM,2010,20.0,20.0,20.0,20.0
Armenia,ARM,2011,20.0,20.0,20.0,20.0
Armenia,ARM,2012,20.0,20.0,20.0,20.0
Armenia,ARM,2013,20.0,20.0,20.0,20.0
Armenia,ARM,2014,20.0,20.0,20.0,20.0
Armenia,ARM,2015,20.0,20.0,20.0,20.0
Armenia,ARM,2016,20.0,20.0,20.0,20.0
Armenia,ARM,2017,20.0,20.0,20.0,20.0
Armenia,ARM,2018,20.0,20.0,20.0,20.0
Armenia,ARM,2019,20.0,20.0,20.0,20.0
Armenia,ARM,2020,20.0,20.0,20.0,20.0
Australia,AUS,2004,20.0,20.0,20.0,20.0
Australia,AUS,2005,20.0,20.0,20.0,20.0
Australia,AUS,2006,20.0,20.0,20.0,20.0
Australia,AUS,2007,20.0,20.0,20.0,20.0
Australia,AUS,2008,20.0,20.0,20.0,20.0
Australia,AUS,2009,20.0,20.0,20.0,20.0
Australia,AUS,2010,20.0,20.0,20.0,20.0
Australia,AUS,2011,20.0,20.0,20.0,20.0
Australia,AUS,2012,20.0,20.0,20.0,20.0
Australia,AUS,2013,20.0,20.0,20.0,20.0
Australia,AUS,2014,20.0,20.0,20.0,20.0
Australia,AUS,2015,20.0,20.0,20.0,20.0
Australia,AUS,2016,20.0,20.0,20.0,20.0
Australia,AUS,2017,20.0,20.0,20.0,20.0
Australia,AUS,2018,20.0,20.0,20.0,20.0
Australia,AUS,2019,20.0,20.0,20.0,20.0
Australia,AUS,2020,20.0,20.0,20.0,20.0
Austria,AUT,2004,25.0,25.0,25.0,25.0
Austria,AUT,2005,25.0,25.0,25.0,25.0
Austria,AUT,2006,25.0,25.0,25.0,25.0
Austria,AUT,2007,25.0,25.0,25.0,25.0
Austria,AUT,2008,25.0,25.0,25.0,25.0
Austria,AUT,2009,25.0,25.0,25.0,25.0
Austria,AUT,2010,25.0,25.0,25.0,25.0
Austria,AUT,2011,25.0,25.0,25.0,25.0
Austria,AUT,2012,25.0,25.0,25.0,25.0
Austria,AUT,2013,25.0,25.0,25.0,25.0
Austria,AUT,2014,25.0,25.0,25.0,25.0
Austria,AUT,2015,25.0,25.0,25.0,25.0
Austria,AUT,2016,25.0,25.0,25.0,25.0
Austria,AUT,2017,25.0,25.0,25.0,25.0
Austria,AUT,2018,25.0,25.0,25.0,25.0
Austria,AUT,2019,25.0,25.0,25.0,25.0
Austria,AUT,2020,25.0,25.0,25.0,25.0
Azerbaijan,AZE,2004,15.0,17.0,19.0,17.0
Azerbaijan,AZE,2005,15.0,17.0,19.0,17.0
Azerbaijan,AZE,2006,15.0,17.0,19.0,17.0
Azerbaijan,AZE,2007,15.0,17.0,19.0,17.0
Azerbaijan,AZE,2008,15.0,17.0,19.0,17.0
Azerbaijan,AZE,2009,15.0,17.0,19.0,17.0
Azerbaijan,AZE,2010,15.0,17.0,19.0,17.0
Azerbaijan,AZE,2011,15.0,17.0,19.0,17.0
Azerbaijan,AZE,2012,15.0,17.0,19.0,17.0
Azerbaijan,AZE,2013,15.0,17.0,19.0,17.0
Azerbaijan,AZE,2014,15.0,17.0,19.0,17.0
Azerbaijan,AZE,2015,15.0,17.0,19.0,17.0
Azerbaijan,AZE,2016,15.0,17.0,19.0,17.0
Azerbaijan,AZE,2017,15.0,17.0,19.0,17.0
Azerbaijan,AZE,2018,15.0,17.0,19.0,17.0
Azerbaijan,AZE,2019,15.0,17.0,19.0,17.0
Azerbaijan,AZE,2020,15.0,17.0,19.0,17.0
"Bahamas, The",BHS,2004,10.0,10.0,15.0,11.666666666666666
"Bahamas, The",BHS,2005,10.0,10.0,15.0,11.666666666666666
"Bahamas, The",BHS,2006,10.0,10.0,15.0,11.666666666666666
"Bahamas, The",BHS,2007,10.0,10.0,15.0,11.666666666666666
"Bahamas, The",BHS,2008,10.0,10.0,15.0,11.666666666666666
"Bahamas, The",BHS,2009,10.0,10.0,15.0,11.666666666666666
"Bahamas, The",BHS,2010,10.0,10.0,15.0,11.666666666666666
"Bahamas, The",BHS,2011,10.0,10.0,15.0,11.666666666666666
"Bahamas, The",BHS,2012,10.0,10.0,15.0,11.666666666666666
"Bahamas, The",BHS,2013,10.0,10.0,15.0,11.6666666666667
"Bahamas, The",BHS,2014,10.0,10.0,15.0,11.6666666666667
"Bahamas, The",BHS,2015,10.0,10.0,15.0,11.6666666666667
"Bahamas, The",BHS,2016,10.0,10.0,15.0,11.6666666666667
"Bahamas, The",BHS,2017,10.0,10.0,15.0,11.6666666666667
"Bahamas, The",BHS,2018,10.0,10.0,15.0,11.6666666666667
"Bahamas, The",BHS,2019,10.0,10.0,15.0,11.6666666666667
"Bahamas, The",BHS,2020,10.0,10.0,15.0,11.6666666666667
Bahrain,BHR,2004,15.0,20.0,20.0,18.333333333333332
Bahrain,BHR,2005,15.0,20.0,20.0,18.333333333333332
Bahrain,BHR,2006,15.0,20.0,20.0,18.333333333333332
Bahrain,BHR,2007,15.0,20.0,20.0,18.333333333333332
Bahrain,BHR,2008,15.0,20.0,20.0,18.333333333333332
Bahrain,BHR,2009,15.0,20.0,20.0,18.333333333333332
Bahrain,BHR,2010,15.0,20.0,20.0,18.333333333333332
Bahrain,BHR,2011,15.0,20.0,20.0,18.333333333333332
Bahrain,BHR,2012,15.0,20.0,20.0,18.333333333333332
Bahrain,BHR,2013,15.0,20.0,20.0,18.333333333333332
Bahrain,BHR,2014,30.0,30.0,30.0,30.0
Bahrain,BHR,2015,30.0,30.0,30.0,30.0
Bahrain,BHR,2016,30.0,30.0,30.0,30.0
Bahrain,BHR,2017,30.0,30.0,30.0,30.0
Bahrain,BHR,2018,30.0,30.0,30.0,30.0
Bahrain,BHR,2019,30.0,30.0,30.0,30.0
Bahrain,BHR,2020,30.0,30.0,30.0,30.0
Bangladesh Chittagong,BGD_Chit,2004,14.0,14.0,14.0,14.0
Bangladesh Chittagong,BGD_Chit,2005,14.0,14.0,14.0,14.0
Bangladesh Chittagong,BGD_Chit,2006,14.0,14.0,14.0,14.0
Bangladesh Chittagong,BGD_Chit,2007,14.0,14.0,14.0,14.0
Bangladesh Chittagong,BGD_Chit,2008,17.0,17.0,17.0,17.0
Bangladesh Chittagong,BGD_Chit,2009,17.0,17.0,17.0,17.0
Bangladesh Chittagong,BGD_Chit,2010,17.0,17.0,17.0,17.0
Bangladesh Chittagong,BGD_Chit,2011,17.0,17.0,17.0,17.0
Bangladesh Chittagong,BGD_Chit,2012,17.0,17.0,17.0,17.0
Bangladesh Chittagong,BGD_Chit,2013,17.0,17.0,17.0,17.0
Bangladesh Chittagong,BGD_Chit,2014,17.0,17.0,17.0,17.0
Bangladesh Chittagong,BGD_Chit,2015,17.0,17.0,17.0,17.0
Bangladesh Chittagong,BGD_Chit,2016,17.0,17.0,17.0,17.0
Bangladesh Chittagong,BGD_Chit,2017,17.0,17.0,17.0,17.0
Bangladesh Chittagong,BGD_Chit,2018,17.0,17.0,17.0,17.0
Bangladesh Chittagong,BGD_Chit,2019,17.0,17.0,17.0,17.0
Bangladesh Chittagong,BGD_Chit,2020,17.0,17.0,17.0,17.0
Bangladesh Dhaka,BGD,2004,14.0,14.0,14.0,14.0
Bangladesh Dhaka,BGD,2005,14.0,14.0,14.0,14.0
Bangladesh Dhaka,BGD,2006,14.0,14.0,14.0,14.0
Bangladesh Dhaka,BGD,2007,14.0,14.0,14.0,14.0
Bangladesh Dhaka,BGD,2008,17.0,17.0,17.0,17.0
Bangladesh Dhaka,BGD,2009,17.0,17.0,17.0,17.0
Bangladesh Dhaka,BGD,2010,17.0,17.0,17.0,17.0
Bangladesh Dhaka,BGD,2011,17.0,17.0,17.0,17.0
Bangladesh Dhaka,BGD,2012,17.0,17.0,17.0,17.0
Bangladesh Dhaka,BGD,2013,17.0,17.0,17.0,17.0
Bangladesh Dhaka,BGD,2014,17.0,17.0,17.0,17.0
Bangladesh Dhaka,BGD,2015,17.0,17.0,17.0,17.0
Bangladesh Dhaka,BGD,2016,17.0,17.0,17.0,17.0
Bangladesh Dhaka,BGD,2017,17.0,17.0,17.0,17.0
Bangladesh Dhaka,BGD,2018,17.0,17.0,17.0,17.0
Bangladesh Dhaka,BGD,2019,17.0,17.0,17.0,17.0
Bangladesh Dhaka,BGD,2020,17.0,17.0,17.0,17.0
Barbados,BRB,2004,17.0,22.0,22.0,20.333333333333332
Barbados,BRB,2005,17.0,22.0,22.0,20.333333333333332
Barbados,BRB,2006,17.0,22.0,22.0,20.333333333333332
Barbados,BRB,2007,17.0,22.0,22.0,20.333333333333332
Barbados,BRB,2008,17.0,22.0,22.0,20.333333333333332
Barbados,BRB,2009,17.0,22.0,22.0,20.333333333333332
Barbados,BRB,2010,17.0,22.0,22.0,20.333333333333332
Barbados,BRB,2011,17.0,22.0,22.0,20.333333333333332
Barbados,BRB,2012,17.0,22.0,22.0,20.333333333333332
Barbados,BRB,2013,17.0,22.0,22.0,20.3333333333333
Barbados,BRB,2014,17.0,22.0,22.0,20.3333333333333
Barbados,BRB,2015,17.0,22.0,22.0,20.3333333333333
Barbados,BRB,2016,17.0,22.0,22.0,20.3333333333333
Barbados,BRB,2017,17.0,22.0,22.0,20.3333333333333
Barbados,BRB,2018,17.0,22.0,22.0,20.3333333333333
Barbados,BRB,2019,17.0,22.0,22.0,20.3333333333333
Barbados,BRB,2020,17.0,22.0,22.0,20.3333333333333
Belarus,BLR,2004,18.0,18.0,18.0,18.0
Belarus,BLR,2005,18.0,18.0,18.0,18.0
Belarus,BLR,2006,18.0,18.0,18.0,18.0
Belarus,BLR,2007,18.0,18.0,18.0,18.0
Belarus,BLR,2008,18.0,18.0,18.0,18.0
Belarus,BLR,2009,18.0,18.0,18.0,18.0
Belarus,BLR,2010,18.0,18.0,18.0,18.0
Belarus,BLR,2011,18.0,18.0,18.0,18.0
Belarus,BLR,2012,18.0,18.0,18.0,18.0
Belarus,BLR,2013,18.0,18.0,18.0,18.0
Belarus,BLR,2014,18.0,18.0,18.0,18.0
Belarus,BLR,2015,18.0,18.0,18.0,18.0
Belarus,BLR,2016,18.0,18.0,18.0,18.0
Belarus,BLR,2017,18.0,18.0,18.0,18.0
Belarus,BLR,2018,18.0,18.0,18.0,18.0
Belarus,BLR,2019,18.0,18.0,18.0,18.0
Belarus,BLR,2020,18.0,18.0,18.0,18.0
Belgium,BEL,2004,20.0,20.0,20.0,20.0
Belgium,BEL,2005,20.0,20.0,20.0,20.0
Belgium,BEL,2006,20.0,20.0,20.0,20.0
Belgium,BEL,2007,20.0,20.0,20.0,20.0
Belgium,BEL,2008,20.0,20.0,20.0,20.0
Belgium,BEL,2009,20.0,20.0,20.0,20.0
Belgium,BEL,2010,20.0,20.0,20.0,20.0
Belgium,BEL,2011,20.0,20.0,20.0,20.0
Belgium,BEL,2012,20.0,20.0,20.0,20.0
Belgium,BEL,2013,20.0,20.0,20.0,20.0
Belgium,BEL,2014,20.0,20.0,20.0,20.0
Belgium,BEL,2015,20.0,20.0,20.0,20.0
Belgium,BEL,2016,20.0,20.0,20.0,20.0
Belgium,BEL,2017,20.0,20.0,20.0,20.0
Belgium,BEL,2018,20.0,20.0,20.0,20.0
Belgium,BEL,2019,20.0,20.0,20.0,20.0
Belgium,BEL,2020,20.0,20.0,20.0,20.0
Belize,BLZ,2004,12.0,12.0,12.0,12.0
Belize,BLZ,2005,12.0,12.0,12.0,12.0
Belize,BLZ,2006,12.0,12.0,12.0,12.0
Belize,BLZ,2007,12.0,12.0,12.0,12.0
Belize,BLZ,2008,12.0,12.0,12.0,12.0
Belize,BLZ,2009,12.0,12.0,12.0,12.0
Belize,BLZ,2010,12.0,12.0,12.0,12.0
Belize,BLZ,2011,12.0,12.0,12.0,12.0
Belize,BLZ,2012,12.0,12.0,12.0,12.0
Belize,BLZ,2013,12.0,12.0,12.0,12.0
Belize,BLZ,2014,12.0,12.0,12.0,12.0
Belize,BLZ,2015,12.0,12.0,12.0,12.0
Belize,BLZ,2016,12.0,12.0,12.0,12.0
Belize,BLZ,2017,12.0,12.0,12.0,12.0
Belize,BLZ,2018,12.0,12.0,12.0,12.0
Belize,BLZ,2019,12.0,12.0,12.0,12.0
Belize,BLZ,2020,12.0,12.0,12.0,12.0
Benin,BEN,2004,24.0,24.0,24.0,24.0
Benin,BEN,2005,24.0,24.0,24.0,24.0
Benin,BEN,2006,24.0,24.0,24.0,24.0
Benin,BEN,2007,24.0,24.0,24.0,24.0
Benin,BEN,2008,24.0,24.0,24.0,24.0
Benin,BEN,2009,24.0,24.0,24.0,24.0
Benin,BEN,2010,24.0,24.0,24.0,24.0
Benin,BEN,2011,24.0,24.0,24.0,24.0
Benin,BEN,2012,24.0,24.0,24.0,24.0
Benin,BEN,2013,24.0,24.0,24.0,24.0
Benin,BEN,2014,24.0,24.0,24.0,24.0
Benin,BEN,2015,24.0,24.0,24.0,24.0
Benin,BEN,2016,24.0,24.0,24.0,24.0
Benin,BEN,2017,24.0,24.0,24.0,24.0
Benin,BEN,2018,24.0,24.0,24.0,24.0
Benin,BEN,2019,24.0,24.0,24.0,24.0
Benin,BEN,2020,24.0,24.0,24.0,24.0
Bhutan,BTN,2004,9.0,18.0,18.0,15.0
Bhutan,BTN,2005,9.0,18.0,18.0,15.0
Bhutan,BTN,2006,9.0,18.0,18.0,15.0
Bhutan,BTN,2007,9.0,18.0,18.0,15.0
Bhutan,BTN,2008,9.0,18.0,18.0,15.0
Bhutan,BTN,2009,9.0,18.0,18.0,15.0
Bhutan,BTN,2010,9.0,18.0,18.0,15.0
Bhutan,BTN,2011,9.0,18.0,18.0,15.0
Bhutan,BTN,2012,9.0,18.0,18.0,15.0
Bhutan,BTN,2013,9.0,18.0,18.0,15.0
Bhutan,BTN,2014,9.0,18.0,18.0,15.0
Bhutan,BTN,2015,9.0,18.0,18.0,15.0
Bhutan,BTN,2016,9.0,18.0,18.0,15.0
Bhutan,BTN,2017,9.0,18.0,18.0,15.0
Bhutan,BTN,2018,9.0,18.0,18.0,15.0
Bhutan,BTN,2019,9.0,18.0,18.0,15.0
Bhutan,BTN,2020,9.0,18.0,18.0,15.0
Bolivia,BOL,2004,15.0,20.0,30.0,21.666666666666668
Bolivia,BOL,2005,15.0,20.0,30.0,21.666666666666668
Bolivia,BOL,2006,15.0,20.0,30.0,21.666666666666668
Bolivia,BOL,2007,15.0,20.0,30.0,21.666666666666668
Bolivia,BOL,2008,15.0,20.0,30.0,21.666666666666668
Bolivia,BOL,2009,15.0,20.0,30.0,21.666666666666668
Bolivia,BOL,2010,15.0,20.0,30.0,21.666666666666668
Bolivia,BOL,2011,15.0,20.0,30.0,21.666666666666668
Bolivia,BOL,2012,15.0,20.0,30.0,21.666666666666668
Bolivia,BOL,2013,15.0,20.0,30.0,21.666666666666668
Bolivia,BOL,2014,15.0,20.0,30.0,21.6666666666667
Bolivia,BOL,2015,15.0,20.0,30.0,21.6666666666667
Bolivia,BOL,2016,15.0,20.0,30.0,21.6666666666667
Bolivia,BOL,2017,15.0,20.0,30.0,21.6666666666667
Bolivia,BOL,2018,15.0,20.0,30.0,21.6666666666667
Bolivia,BOL,2019,15.0,20.0,30.0,21.6666666666667
Bolivia,BOL,2020,15.0,20.0,30.0,21.6666666666667
Bosnia and Herzegovina,BIH,2004,18.0,18.0,18.0,18.0
Bosnia and Herzegovina,BIH,2005,18.0,18.0,18.0,18.0
Bosnia and Herzegovina,BIH,2006,18.0,18.0,18.0,18.0
Bosnia and Herzegovina,BIH,2007,18.0,18.0,18.0,18.0
Bosnia and Herzegovina,BIH,2008,18.0,18.0,18.0,18.0
Bosnia and Herzegovina,BIH,2009,18.0,18.0,18.0,18.0
Bosnia and Herzegovina,BIH,2010,18.0,18.0,18.0,18.0
Bosnia and Herzegovina,BIH,2011,18.0,18.0,18.0,18.0
Bosnia and Herzegovina,BIH,2012,18.0,18.0,18.0,18.0
Bosnia and Herzegovina,BIH,2013,18.0,18.0,18.0,18.0
Bosnia and Herzegovina,BIH,2014,18.0,18.0,18.0,18.0
Bosnia and Herzegovina,BIH,2015,18.0,18.0,18.0,18.0
Bosnia and Herzegovina,BIH,2016,18.0,18.0,18.0,18.0
Bosnia and Herzegovina,BIH,2017,20.0,20.0,20.0,20.0
Bosnia and Herzegovina,BIH,2018,20.0,20.0,20.0,20.0
Bosnia and Herzegovina,BIH,2019,20.0,20.0,20.0,20.0
Bosnia and Herzegovina,BIH,2020,20.0,20.0,20.0,20.0
Botswana,BWA,2004,15.0,15.0,15.0,15.0
Botswana,BWA,2005,15.0,15.0,15.0,15.0
Botswana,BWA,2006,15.0,15.0,15.0,15.0
Botswana,BWA,2007,15.0,15.0,15.0,15.0
Botswana,BWA,2008,15.0,15.0,15.0,15.0
Botswana,BWA,2009,15.0,15.0,15.0,15.0
Botswana,BWA,2010,15.0,15.0,15.0,15.0
Botswana,BWA,2011,15.0,15.0,15.0,15.0
Botswana,BWA,2012,15.0,15.0,15.0,15.0
Botswana,BWA,2013,15.0,15.0,15.0,15.0
Botswana,BWA,2014,15.0,15.0,15.0,15.0
Botswana,BWA,2015,15.0,15.0,15.0,15.0
Botswana,BWA,2016,15.0,15.0,15.0,15.0
Botswana,BWA,2017,15.0,15.0,15.0,15.0
Botswana,BWA,2018,15.0,15.0,15.0,15.0
Botswana,BWA,2019,15.0,15.0,15.0,15.0
Botswana,BWA,2020,15.0,15.0,15.0,15.0
Brazil Rio de Janeiro,BRA_Rio,2004,26.0,26.0,26.0,26.0
Brazil Rio de Janeiro,BRA_Rio,2005,26.0,26.0,26.0,26.0
Brazil Rio de Janeiro,BRA_Rio,2006,26.0,26.0,26.0,26.0
Brazil Rio de Janeiro,BRA_Rio,2007,26.0,26.0,26.0,26.0
Brazil Rio de Janeiro,BRA_Rio,2008,26.0,26.0,26.0,26.0
Brazil Rio de Janeiro,BRA_Rio,2009,26.0,26.0,26.0,26.0
Brazil Rio de Janeiro,BRA_Rio,2010,26.0,26.0,26.0,26.0
Brazil Rio de Janeiro,BRA_Rio,2011,26.0,26.0,26.0,26.0
Brazil Rio de Janeiro,BRA_Rio,2012,26.0,26.0,26.0,26.0
Brazil Rio de Janeiro,BRA_Rio,2013,26.0,26.0,26.0,26.0
Brazil Rio de Janeiro,BRA_Rio,2014,26.0,26.0,26.0,26.0
Brazil Rio de Janeiro,BRA_Rio,2015,26.0,26.0,26.0,26.0
Brazil Rio de Janeiro,BRA_Rio,2016,26.0,26.0,26.0,26.0
Brazil Rio de Janeiro,BRA_Rio,2017,26.0,26.0,26.0,26.0
Brazil Rio de Janeiro,BRA_Rio,2018,26.0,26.0,26.0,26.0
Brazil Rio de Janeiro,BRA_Rio,2019,26.0,26.0,26.0,26.0
Brazil Rio de Janeiro,BRA_Rio,2020,26.0,26.0,26.0,26.0
Brazil São Paulo,BRA,2004,26.0,26.0,26.0,26.0
Brazil São Paulo,BRA,2005,26.0,26.0,26.0,26.0
Brazil São Paulo,BRA,2006,26.0,26.0,26.0,26.0
Brazil São Paulo,BRA,2007,26.0,26.0,26.0,26.0
Brazil São Paulo,BRA,2008,26.0,26.0,26.0,26.0
Brazil São Paulo,BRA,2009,26.0,26.0,26.0,26.0
Brazil São Paulo,BRA,2010,26.0,26.0,26.0,26.0
Brazil São Paulo,BRA,2011,26.0,26.0,26.0,26.0
Brazil São Paulo,BRA,2012,26.0,26.0,26.0,26.0
Brazil São Paulo,BRA,2013,26.0,26.0,26.0,26.0
Brazil São Paulo,BRA,2014,26.0,26.0,26.0,26.0
Brazil São Paulo,BRA,2015,26.0,26.0,26.0,26.0
Brazil São Paulo,BRA,2016,26.0,26.0,26.0,26.0
Brazil São Paulo,BRA,2017,26.0,26.0,26.0,26.0
Brazil São Paulo,BRA,2018,26.0,26.0,26.0,26.0
Brazil São Paulo,BRA,2019,26.0,26.0,26.0,26.0
Brazil São Paulo,BRA,2020,26.0,26.0,26.0,26.0
Brunei Darussalam,BRN,2004,0.0,0.0,0.0,0.0
Brunei Darussalam,BRN,2005,0.0,0.0,0.0,0.0
Brunei Darussalam,BRN,2006,0.0,0.0,0.0,0.0
Brunei Darussalam,BRN,2007,0.0,0.0,0.0,0.0
Brunei Darussalam,BRN,2008,0.0,0.0,0.0,0.0
Brunei Darussalam,BRN,2009,0.0,0.0,0.0,0.0
Brunei Darussalam,BRN,2010,0.0,0.0,0.0,0.0
Brunei Darussalam,BRN,2011,7.0,14.0,14.0,11.6666666666667
Brunei Darussalam,BRN,2012,7.0,14.0,14.0,11.6666666666667
Brunei Darussalam,BRN,2013,7.0,14.0,14.0,11.6666666666667
Brunei Darussalam,BRN,2014,7.0,14.0,14.0,11.6666666666667
Brunei Darussalam,BRN,2015,7.0,14.0,14.0,11.6666666666667
Brunei Darussalam,BRN,2016,7.0,14.0,14.0,11.6666666666667
Brunei Darussalam,BRN,2017,7.0,14.0,14.0,11.6666666666667
Brunei Darussalam,BRN,2018,7.0,14.0,14.0,11.6666666666667
Brunei Darussalam,BRN,2019,7.0,14.0,14.0,11.6666666666667
Brunei Darussalam,BRN,2020,7.0,14.0,14.0,11.6666666666667
Bulgaria,BGR,2004,20.0,20.0,20.0,20.0
Bulgaria,BGR,2005,20.0,20.0,20.0,20.0
Bulgaria,BGR,2006,20.0,20.0,20.0,20.0
Bulgaria,BGR,2007,20.0,20.0,20.0,20.0
Bulgaria,BGR,2008,20.0,20.0,20.0,20.0
Bulgaria,BGR,2009,20.0,20.0,20.0,20.0
Bulgaria,BGR,2010,20.0,20.0,20.0,20.0
Bulgaria,BGR,2011,20.0,20.0,20.0,20.0
Bulgaria,BGR,2012,20.0,20.0,20.0,20.0
Bulgaria,BGR,2013,20.0,20.0,20.0,20.0
Bulgaria,BGR,2014,20.0,20.0,20.0,20.0
Bulgaria,BGR,2015,20.0,20.0,20.0,20.0
Bulgaria,BGR,2016,20.0,20.0,20.0,20.0
Bulgaria,BGR,2017,20.0,20.0,20.0,20.0
Bulgaria,BGR,2018,20.0,20.0,20.0,20.0
Bulgaria,BGR,2019,20.0,20.0,20.0,20.0
Bulgaria,BGR,2020,20.0,20.0,20.0,20.0
Burkina Faso,BFA,2004,22.0,22.0,22.0,22.0
Burkina Faso,BFA,2005,22.0,22.0,22.0,22.0
Burkina Faso,BFA,2006,22.0,22.0,22.0,22.0
Burkina Faso,BFA,2007,22.0,22.0,22.0,22.0
Burkina Faso,BFA,2008,22.0,22.0,22.0,22.0
Burkina Faso,BFA,2009,22.0,22.0,22.0,22.0
Burkina Faso,BFA,2010,22.0,22.0,22.0,22.0
Burkina Faso,BFA,2011,22.0,22.0,22.0,22.0
Burkina Faso,BFA,2012,22.0,22.0,22.0,22.0
Burkina Faso,BFA,2013,22.0,22.0,22.0,22.0
Burkina Faso,BFA,2014,22.0,22.0,22.0,22.0
Burkina Faso,BFA,2015,22.0,22.0,22.0,22.0
Burkina Faso,BFA,2016,22.0,22.0,22.0,22.0
Burkina Faso,BFA,2017,22.0,22.0,22.0,22.0
Burkina Faso,BFA,2018,22.0,22.0,22.0,22.0
Burkina Faso,BFA,2019,22.0,22.0,22.0,22.0
Burkina Faso,BFA,2020,22.0,22.0,22.0,22.0
Burundi,BDI,2004,20.0,21.0,22.0,21.0
Burundi,BDI,2005,20.0,21.0,22.0,21.0
Burundi,BDI,2006,20.0,21.0,22.0,21.0
Burundi,BDI,2007,20.0,21.0,22.0,21.0
Burundi,BDI,2008,20.0,21.0,22.0,21.0
Burundi,BDI,2009,20.0,21.0,22.0,21.0
Burundi,BDI,2010,20.0,21.0,22.0,21.0
Burundi,BDI,2011,20.0,21.0,22.0,21.0
Burundi,BDI,2012,20.0,21.0,22.0,21.0
Burundi,BDI,2013,20.0,21.0,22.0,21.0
Burundi,BDI,2014,20.0,21.0,22.0,21.0
Burundi,BDI,2015,20.0,21.0,22.0,21.0
Burundi,BDI,2016,20.0,21.0,22.0,21.0
Burundi,BDI,2017,20.0,21.0,22.0,21.0
Burundi,BDI,2018,20.0,21.0,22.0,21.0
Burundi,BDI,2019,20.0,21.0,22.0,21.0
Burundi,BDI,2020,20.0,21.0,22.0,21.0
Cabo Verde,CPV,2004,30.0,30.0,30.0,30.0
Cabo Verde,CPV,2005,30.0,30.0,30.0,30.0
Cabo Verde,CPV,2006,30.0,30.0,30.0,30.0
Cabo Verde,CPV,2007,30.0,30.0,30.0,30.0
Cabo Verde,CPV,2008,30.0,30.0,30.0,30.0
Cabo Verde,CPV,2009,22.0,22.0,22.0,22.0
Cabo Verde,CPV,2010,22.0,22.0,22.0,22.0
Cabo Verde,CPV,2011,22.0,22.0,22.0,22.0
Cabo Verde,CPV,2012,22.0,22.0,22.0,22.0
Cabo Verde,CPV,2013,22.0,22.0,22.0,22.0
Cabo Verde,CPV,2014,22.0,22.0,22.0,22.0
Cabo Verde,CPV,2015,22.0,22.0,22.0,22.0
Cabo Verde,CPV,2016,22.0,22.0,22.0,22.0
Cabo Verde,CPV,2017,22.0,22.0,22.0,22.0
Cabo Verde,CPV,2018,22.0,22.0,22.0,22.0
Cabo Verde,CPV,2019,22.0,22.0,22.0,22.0
Cabo Verde,CPV,2020,22.0,22.0,22.0,22.0
Cambodia,KHM,2004,18.0,19.0,21.0,19.3333333333333
Cambodia,KHM,2005,18.0,19.0,21.0,19.3333333333333
Cambodia,KHM,2006,18.0,19.0,21.0,19.3333333333333
Cambodia,KHM,2007,18.0,19.0,21.0,19.3333333333333
Cambodia,KHM,2008,18.0,19.0,21.0,19.3333333333333
Cambodia,KHM,2009,18.0,19.0,21.0,19.3333333333333
Cambodia,KHM,2010,18.0,19.0,21.0,19.3333333333333
Cambodia,KHM,2011,18.0,19.0,21.0,19.3333333333333
Cambodia,KHM,2012,18.0,19.0,21.0,19.333333333333332
Cambodia,KHM,2013,18.0,19.0,21.0,19.3333333333333
Cambodia,KHM,2014,18.0,19.0,21.0,19.3333333333333
Cambodia,KHM,2015,18.0,19.0,21.0,19.3333333333333
Cambodia,KHM,2016,18.0,19.0,21.0,19.3333333333333
Cambodia,KHM,2017,18.0,19.0,21.0,19.3333333333333
Cambodia,KHM,2018,18.0,19.0,21.0,19.3333333333333
Cambodia,KHM,2019,18.0,19.0,21.0,19.3333333333333
Cambodia,KHM,2020,18.0,19.0,21.0,19.3333333333333
Cameroon,CMR,2004,24.0,27.0,30.0,27.0
Cameroon,CMR,2005,24.0,27.0,30.0,27.0
Cameroon,CMR,2006,24.0,27.0,30.0,27.0
Cameroon,CMR,2007,24.0,27.0,30.0,27.0
Cameroon,CMR,2008,24.0,27.0,30.0,27.0
Cameroon,CMR,2009,24.0,27.0,30.0,27.0
Cameroon,CMR,2010,24.0,27.0,30.0,27.0
Cameroon,CMR,2011,24.0,27.0,30.0,27.0
Cameroon,CMR,2012,24.0,27.0,30.0,27.0
Cameroon,CMR,2013,24.0,27.0,30.0,27.0
Cameroon,CMR,2014,24.0,27.0,30.0,27.0
Cameroon,CMR,2015,24.0,27.0,30.0,27.0
Cameroon,CMR,2016,24.0,27.0,30.0,27.0
Cameroon,CMR,2017,24.0,27.0,30.0,27.0
Cameroon,CMR,2018,24.0,27.0,30.0,27.0
Cameroon,CMR,2019,24.0,27.0,30.0,27.0
Cameroon,CMR,2020,24.0,27.0,30.0,27.0
Canada,CAN,2004,10.0,10.0,10.0,10.0
Canada,CAN,2005,10.0,10.0,10.0,10.0
Canada,CAN,2006,10.0,10.0,10.0,10.0
Canada,CAN,2007,10.0,10.0,10.0,10.0
Canada,CAN,2008,10.0,10.0,10.0,10.0
Canada,CAN,2009,10.0,10.0,10.0,10.0
Canada,CAN,2010,10.0,10.0,10.0,10.0
Canada,CAN,2011,10.0,10.0,10.0,10.0
Canada,CAN,2012,10.0,10.0,10.0,10.0
Canada,CAN,2013,10.0,10.0,10.0,10.0
Canada,CAN,2014,10.0,10.0,10.0,10.0
Canada,CAN,2015,10.0,10.0,10.0,10.0
Canada,CAN,2016,10.0,10.0,10.0,10.0
Canada,CAN,2017,10.0,10.0,10.0,10.0
Canada,CAN,2018,10.0,10.0,10.0,10.0
Canada,CAN,2019,10.0,15.0,15.0,13.3333333333333
Canada,CAN,2020,10.0,15.0,15.0,13.3333333333333
Central African Republic,CAF,2004,24.0,25.0,27.0,25.3333333333333
Central African Republic,CAF,2005,24.0,25.0,27.0,25.3333333333333
Central African Republic,CAF,2006,24.0,25.0,27.0,25.3333333333333
Central African Republic,CAF,2007,24.0,25.0,27.0,25.3333333333333
Central African Republic,CAF,2008,24.0,25.0,27.0,25.3333333333333
Central African Republic,CAF,2009,24.0,25.0,27.0,25.3333333333333
Central African Republic,CAF,2010,24.0,25.0,27.0,25.3333333333333
Central African Republic,CAF,2011,24.0,25.0,27.0,25.3333333333333
Central African Republic,CAF,2012,24.0,25.0,27.0,25.333333333333332
Central African Republic,CAF,2013,24.0,25.0,27.0,25.3333333333333
Central African Republic,CAF,2014,24.0,25.0,27.0,25.3333333333333
Central African Republic,CAF,2015,24.0,25.0,27.0,25.3333333333333
Central African Republic,CAF,2016,24.0,25.0,27.0,25.3333333333333
Central African Republic,CAF,2017,24.0,25.0,27.0,25.3333333333333
Central African Republic,CAF,2018,24.0,25.0,27.0,25.3333333333333
Central African Republic,CAF,2019,24.0,25.0,27.0,25.3333333333333
Central African Republic,CAF,2020,24.0,25.0,27.0,25.3333333333333
Chad,TCD,2004,24.0,24.0,26.0,24.6666666666667
Chad,TCD,2005,24.0,24.0,26.0,24.6666666666667
Chad,TCD,2006,24.0,24.0,26.0,24.6666666666667
Chad,TCD,2007,24.0,24.0,26.0,24.6666666666667
Chad,TCD,2008,24.0,24.0,26.0,24.6666666666667
Chad,TCD,2009,24.0,24.0,26.0,24.6666666666667
Chad,TCD,2010,24.0,24.0,26.0,24.6666666666667
Chad,TCD,2011,24.0,24.0,26.0,24.6666666666667
Chad,TCD,2012,24.0,24.0,26.0,24.666666666666668
Chad,TCD,2013,24.0,24.0,26.0,24.6666666666667
Chad,TCD,2014,24.0,24.0,26.0,24.6666666666667
Chad,TCD,2015,24.0,24.0,26.0,24.6666666666667
Chad,TCD,2016,24.0,24.0,26.0,24.6666666666667
Chad,TCD,2017,24.0,24.0,26.0,24.6666666666667
Chad,TCD,2018,24.0,24.0,26.0,24.6666666666667
Chad,TCD,2019,24.0,24.0,26.0,24.6666666666667
Chad,TCD,2020,24.0,24.0,26.0,24.6666666666667
Chile,CHL,2004,15.0,15.0,15.0,15.0
Chile,CHL,2005,15.0,15.0,15.0,15.0
Chile,CHL,2006,15.0,15.0,15.0,15.0
Chile,CHL,2007,15.0,15.0,15.0,15.0
Chile,CHL,2008,15.0,15.0,15.0,15.0
Chile,CHL,2009,15.0,15.0,15.0,15.0
Chile,CHL,2010,15.0,15.0,15.0,15.0
Chile,CHL,2011,15.0,15.0,15.0,15.0
Chile,CHL,2012,15.0,15.0,15.0,15.0
Chile,CHL,2013,15.0,15.0,15.0,15.0
Chile,CHL,2014,15.0,15.0,15.0,15.0
Chile,CHL,2015,15.0,15.0,15.0,15.0
Chile,CHL,2016,15.0,15.0,15.0,15.0
Chile,CHL,2017,15.0,15.0,15.0,15.0
Chile,CHL,2018,15.0,15.0,15.0,15.0
Chile,CHL,2019,15.0,15.0,15.0,15.0
Chile,CHL,2020,15.0,15.0,15.0,15.0
China Beijing,CHN_Beij,2004,0.0,0.0,0.0,0.0
China Beijing,CHN_Beij,2005,0.0,0.0,0.0,0.0
China Beijing,CHN_Beij,2006,0.0,0.0,0.0,0.0
China Beijing,CHN_Beij,2007,0.0,0.0,0.0,0.0
China Beijing,CHN_Beij,2008,0.0,0.0,0.0,0.0
China Beijing,CHN_Beij,2009,5.0,5.0,10.0,6.66666666666667
China Beijing,CHN_Beij,2010,5.0,5.0,10.0,6.66666666666667
China Beijing,CHN_Beij,2011,5.0,5.0,10.0,6.66666666666667
China Beijing,CHN_Beij,2012,5.0,5.0,10.0,6.66666666666667
China Beijing,CHN_Beij,2013,5.0,5.0,10.0,6.66666666666667
China Beijing,CHN_Beij,2014,5.0,5.0,10.0,6.66666666666667
China Beijing,CHN_Beij,2015,5.0,5.0,10.0,6.66666666666667
China Beijing,CHN_Beij,2016,5.0,5.0,10.0,6.66666666666667
China Beijing,CHN_Beij,2017,5.0,5.0,10.0,6.66666666666667
China Beijing,CHN_Beij,2018,5.0,5.0,10.0,6.66666666666667
China Beijing,CHN_Beij,2019,5.0,5.0,10.0,6.66666666666667
China Beijing,CHN_Beij,2020,5.0,5.0,10.0,6.66666666666667
China Shanghai,CHN,2004,0.0,0.0,0.0,0.0
China Shanghai,CHN,2005,0.0,0.0,0.0,0.0
China Shanghai,CHN,2006,0.0,0.0,0.0,0.0
China Shanghai,CHN,2007,0.0,0.0,0.0,0.0
China Shanghai,CHN,2008,0.0,0.0,0.0,0.0
China Shanghai,CHN,2009,5.0,5.0,10.0,6.66666666666667
China Shanghai,CHN,2010,5.0,5.0,10.0,6.66666666666667
China Shanghai,CHN,2011,5.0,5.0,10.0,6.66666666666667
China Shanghai,CHN,2012,5.0,5.0,10.0,6.66666666666667
China Shanghai,CHN,2013,5.0,5.0,10.0,6.66666666666667
China Shanghai,CHN,2014,5.0,5.0,10.0,6.66666666666667
China Shanghai,CHN,2015,5.0,5.0,10.0,6.66666666666667
China Shanghai,CHN,2016,5.0,5.0,10.0,6.66666666666667
China Shanghai,CHN,2017,5.0,5.0,10.0,6.66666666666667
China Shanghai,CHN,2018,5.0,5.0,10.0,6.66666666666667
China Shanghai,CHN,2019,5.0,5.0,10.0,6.66666666666667
China Shanghai,CHN,2020,5.0,5.0,10.0,6.66666666666667
Colombia,COL,2004,15.0,15.0,15.0,15.0
Colombia,COL,2005,15.0,15.0,15.0,15.0
Colombia,COL,2006,15.0,15.0,15.0,15.0
Colombia,COL,2007,15.0,15.0,15.0,15.0
Colombia,COL,2008,15.0,15.0,15.0,15.0
Colombia,COL,2009,15.0,15.0,15.0,15.0
Colombia,COL,2010,15.0,15.0,15.0,15.0
Colombia,COL,2011,15.0,15.0,15.0,15.0
Colombia,COL,2012,15.0,15.0,15.0,15.0
Colombia,COL,2013,15.0,15.0,15.0,15.0
Colombia,COL,2014,15.0,15.0,15.0,15.0
Colombia,COL,2015,15.0,15.0,15.0,15.0
Colombia,COL,2016,15.0,15.0,15.0,15.0
Colombia,COL,2017,15.0,15.0,15.0,15.0
Colombia,COL,2018,15.0,15.0,15.0,15.0
Colombia,COL,2019,15.0,15.0,15.0,15.0
Colombia,COL,2020,15.0,15.0,15.0,15.0
Comoros,COM,2004,22.0,22.0,22.0,22.0
Comoros,COM,2005,22.0,22.0,22.0,22.0
Comoros,COM,2006,22.0,22.0,22.0,22.0
Comoros,COM,2007,22.0,22.0,22.0,22.0
Comoros,COM,2008,22.0,22.0,22.0,22.0
Comoros,COM,2009,22.0,22.0,22.0,22.0
Comoros,COM,2010,22.0,22.0,22.0,22.0
Comoros,COM,2011,22.0,22.0,22.0,22.0
Comoros,COM,2012,22.0,22.0,22.0,22.0
Comoros,COM,2013,22.0,22.0,22.0,22.0
Comoros,COM,2014,22.0,22.0,22.0,22.0
Comoros,COM,2015,22.0,22.0,22.0,22.0
Comoros,COM,2016,22.0,22.0,22.0,22.0
Comoros,COM,2017,22.0,22.0,22.0,22.0
Comoros,COM,2018,22.0,22.0,22.0,22.0
Comoros,COM,2019,22.0,22.0,22.0,22.0
Comoros,COM,2020,22.0,22.0,22.0,22.0
"Congo, Dem. Rep.",ZAR,2004,12.0,13.0,14.0,13.0
"Congo, Dem. Rep.",ZAR,2005,12.0,13.0,14.0,13.0
"Congo, Dem. Rep.",ZAR,2006,12.0,13.0,14.0,13.0
"Congo, Dem. Rep.",ZAR,2007,12.0,13.0,14.0,13.0
"Congo, Dem. Rep.",ZAR,2008,12.0,13.0,14.0,13.0
"Congo, Dem. Rep.",ZAR,2009,12.0,13.0,14.0,13.0
"Congo, Dem. Rep.",ZAR,2010,12.0,13.0,14.0,13.0
"Congo, Dem. Rep.",ZAR,2011,12.0,13.0,14.0,13.0
"Congo, Dem. Rep.",ZAR,2012,12.0,13.0,14.0,13.0
"Congo, Dem. Rep.",ZAR,2013,12.0,13.0,14.0,13.0
"Congo, Dem. Rep.",ZAR,2014,12.0,13.0,14.0,13.0
"Congo, Dem. Rep.",ZAR,2015,12.0,13.0,14.0,13.0
"Congo, Dem. Rep.",ZAR,2016,12.0,13.0,14.0,13.0
"Congo, Dem. Rep.",ZAR,2017,12.0,13.0,14.0,13.0
"Congo, Dem. Rep.",ZAR,2018,12.0,13.0,14.0,13.0
"Congo, Dem. Rep.",ZAR,2019,12.0,13.0,14.0,13.0
"Congo, Dem. Rep.",ZAR,2020,12.0,13.0,14.0,13.0
"Congo, Rep.",COG,2004,26.0,31.0,32.0,29.666666666666668
"Congo, Rep.",COG,2005,26.0,31.0,32.0,29.666666666666668
"Congo, Rep.",COG,2006,26.0,31.0,32.0,29.666666666666668
"Congo, Rep.",COG,2007,26.0,31.0,32.0,29.666666666666668
"Congo, Rep.",COG,2008,26.0,31.0,32.0,29.666666666666668
"Congo, Rep.",COG,2009,26.0,31.0,32.0,29.666666666666668
"Congo, Rep.",COG,2010,26.0,31.0,32.0,29.666666666666668
"Congo, Rep.",COG,2011,26.0,31.0,32.0,29.666666666666668
"Congo, Rep.",COG,2012,26.0,31.0,32.0,29.666666666666668
"Congo, Rep.",COG,2013,26.0,31.0,32.0,29.666666666666668
"Congo, Rep.",COG,2014,26.0,31.0,32.0,29.666666666666668
"Congo, Rep.",COG,2015,26.0,31.0,32.0,29.666666666666668
"Congo, Rep.",COG,2016,26.0,31.0,32.0,29.666666666666668
"Congo, Rep.",COG,2017,26.0,31.0,32.0,29.666666666666668
"Congo, Rep.",COG,2018,26.0,31.0,32.0,29.666666666666668
"Congo, Rep.",COG,2019,26.0,31.0,32.0,29.666666666666668
"Congo, Rep.",COG,2020,26.0,31.0,32.0,29.666666666666668
Costa Rica,CRI,2004,12.0,12.0,12.0,12.0
Costa Rica,CRI,2005,12.0,12.0,12.0,12.0
Costa Rica,CRI,2006,12.0,12.0,12.0,12.0
Costa Rica,CRI,2007,12.0,12.0,12.0,12.0
Costa Rica,CRI,2008,12.0,12.0,12.0,12.0
Costa Rica,CRI,2009,12.0,12.0,12.0,12.0
Costa Rica,CRI,2010,12.0,12.0,12.0,12.0
Costa Rica,CRI,2011,12.0,12.0,12.0,12.0
Costa Rica,CRI,2012,12.0,12.0,12.0,12.0
Costa Rica,CRI,2013,12.0,12.0,12.0,12.0
Costa Rica,CRI,2014,12.0,12.0,12.0,12.0
Costa Rica,CRI,2015,12.0,12.0,12.0,12.0
Costa Rica,CRI,2016,12.0,12.0,12.0,12.0
Costa Rica,CRI,2017,12.0,12.0,12.0,12.0
Costa Rica,CRI,2018,12.0,12.0,12.0,12.0
Costa Rica,CRI,2019,12.0,12.0,12.0,12.0
Costa Rica,CRI,2020,12.0,12.0,12.0,12.0
Croatia,HRV,2004,18.0,18.0,18.0,18.0
Croatia,HRV,2005,18.0,18.0,18.0,18.0
Croatia,HRV,2006,18.0,18.0,18.0,18.0
Croatia,HRV,2007,18.0,18.0,18.0,18.0
Croatia,HRV,2008,18.0,18.0,18.0,18.0
Croatia,HRV,2009,18.0,18.0,18.0,18.0
Croatia,HRV,2010,18.0,18.0,18.0,18.0
Croatia,HRV,2011,20.0,20.0,20.0,20.0
Croatia,HRV,2012,20.0,20.0,20.0,20.0
Croatia,HRV,2013,20.0,20.0,20.0,20.0
Croatia,HRV,2014,20.0,20.0,20.0,20.0
Croatia,HRV,2015,20.0,20.0,20.0,20.0
Croatia,HRV,2016,20.0,20.0,20.0,20.0
Croatia,HRV,2017,20.0,20.0,20.0,20.0
Croatia,HRV,2018,20.0,20.0,20.0,20.0
Croatia,HRV,2019,20.0,20.0,20.0,20.0
Croatia,HRV,2020,20.0,20.0,20.0,20.0
Cyprus,CYP,2004,20.0,20.0,20.0,20.0
Cyprus,CYP,2005,20.0,20.0,20.0,20.0
Cyprus,CYP,2006,20.0,20.0,20.0,20.0
Cyprus,CYP,2007,20.0,20.0,20.0,20.0
Cyprus,CYP,2008,20.0,20.0,20.0,20.0
Cyprus,CYP,2009,20.0,20.0,20.0,20.0
Cyprus,CYP,2010,20.0,20.0,20.0,20.0
Cyprus,CYP,2011,20.0,20.0,20.0,20.0
Cyprus,CYP,2012,20.0,20.0,20.0,20.0
Cyprus,CYP,2013,20.0,20.0,20.0,20.0
Cyprus,CYP,2014,20.0,20.0,20.0,20.0
Cyprus,CYP,2015,20.0,20.0,20.0,20.0
Cyprus,CYP,2016,20.0,20.0,20.0,20.0
Cyprus,CYP,2017,20.0,20.0,20.0,20.0
Cyprus,CYP,2018,20.0,20.0,20.0,20.0
Cyprus,CYP,2019,20.0,20.0,20.0,20.0
Cyprus,CYP,2020,20.0,20.0,20.0,20.0
Czech Republic,CZE,2004,20.0,20.0,20.0,20.0
Czech Republic,CZE,2005,20.0,20.0,20.0,20.0
Czech Republic,CZE,2006,20.0,20.0,20.0,20.0
Czech Republic,CZE,2007,20.0,20.0,20.0,20.0
Czech Republic,CZE,2008,20.0,20.0,20.0,20.0
Czech Republic,CZE,2009,20.0,20.0,20.0,20.0
Czech Republic,CZE,2010,20.0,20.0,20.0,20.0
Czech Republic,CZE,2011,20.0,20.0,20.0,20.0
Czech Republic,CZE,2012,20.0,20.0,20.0,20.0
Czech Republic,CZE,2013,20.0,20.0,20.0,20.0
Czech Republic,CZE,2014,20.0,20.0,20.0,20.0
Czech Republic,CZE,2015,20.0,20.0,20.0,20.0
Czech Republic,CZE,2016,20.0,20.0,20.0,20.0
Czech Republic,CZE,2017,20.0,20.0,20.0,20.0
Czech Republic,CZE,2018,20.0,20.0,20.0,20.0
Czech Republic,CZE,2019,20.0,20.0,20.0,20.0
Czech Republic,CZE,2020,20.0,20.0,20.0,20.0
Côte d'Ivoire,CIV,2004,26.4,27.4,28.4,27.4
Côte d'Ivoire,CIV,2005,26.4,27.4,28.4,27.4
Côte d'Ivoire,CIV,2006,26.4,27.4,28.4,27.4
Côte d'Ivoire,CIV,2007,26.4,27.4,28.4,27.4
Côte d'Ivoire,CIV,2008,26.4,27.4,28.4,27.4
Côte d'Ivoire,CIV,2009,26.4,27.4,28.4,27.4
Côte d'Ivoire,CIV,2010,26.4,27.4,28.4,27.4
Côte d'Ivoire,CIV,2011,26.4,27.4,28.4,27.4
Côte d'Ivoire,CIV,2012,26.4,27.4,28.4,27.399999999999995
Côte d'Ivoire,CIV,2013,26.4,27.4,28.4,27.4
Côte d'Ivoire,CIV,2014,26.4,27.4,28.4,27.4
Côte d'Ivoire,CIV,2015,26.4,27.4,28.4,27.4
Côte d'Ivoire,CIV,2016,26.4,27.4,28.4,27.4
Côte d'Ivoire,CIV,2017,26.4,27.4,28.4,27.4
Côte d'Ivoire,CIV,2018,26.4,27.4,28.4,27.4
Côte d'Ivoire,CIV,2019,26.4,27.4,28.4,27.4
Côte d'Ivoire,CIV,2020,26.4,27.4,28.4,27.4
Denmark,DNK,2004,25.0,25.0,25.0,25.0
Denmark,DNK,2005,25.0,25.0,25.0,25.0
Denmark,DNK,2006,25.0,25.0,25.0,25.0
Denmark,DNK,2007,25.0,25.0,25.0,25.0
Denmark,DNK,2008,25.0,25.0,25.0,25.0
Denmark,DNK,2009,25.0,25.0,25.0,25.0
Denmark,DNK,2010,25.0,25.0,25.0,25.0
Denmark,DNK,2011,25.0,25.0,25.0,25.0
Denmark,DNK,2012,25.0,25.0,25.0,25.0
Denmark,DNK,2013,25.0,25.0,25.0,25.0
Denmark,DNK,2014,25.0,25.0,25.0,25.0
Denmark,DNK,2015,25.0,25.0,25.0,25.0
Denmark,DNK,2016,25.0,25.0,25.0,25.0
Denmark,DNK,2017,25.0,25.0,25.0,25.0
Denmark,DNK,2018,25.0,25.0,25.0,25.0
Denmark,DNK,2019,25.0,25.0,25.0,25.0
Denmark,DNK,2020,25.0,25.0,25.0,25.0
Djibouti,DJI,2004,30.0,30.0,30.0,30.0
Djibouti,DJI,2005,30.0,30.0,30.0,30.0
Djibouti,DJI,2006,30.0,30.0,30.0,30.0
Djibouti,DJI,2007,30.0,30.0,30.0,30.0
Djibouti,DJI,2008,30.0,30.0,30.0,30.0
Djibouti,DJI,2009,30.0,30.0,30.0,30.0
Djibouti,DJI,2010,30.0,30.0,30.0,30.0
Djibouti,DJI,2011,30.0,30.0,30.0,30.0
Djibouti,DJI,2012,30.0,30.0,30.0,30.0
Djibouti,DJI,2013,30.0,30.0,30.0,30.0
Djibouti,DJI,2014,30.0,30.0,30.0,30.0
Djibouti,DJI,2015,30.0,30.0,30.0,30.0
Djibouti,DJI,2016,30.0,30.0,30.0,30.0
Djibouti,DJI,2017,30.0,30.0,30.0,30.0
Djibouti,DJI,2018,30.0,30.0,30.0,30.0
Djibouti,DJI,2019,30.0,30.0,30.0,30.0
Djibouti,DJI,2020,30.0,30.0,30.0,30.0
Dominica,DMA,2004,10.0,15.0,15.0,13.3333333333333
Dominica,DMA,2005,10.0,15.0,15.0,13.3333333333333
Dominica,DMA,2006,10.0,15.0,15.0,13.3333333333333
Dominica,DMA,2007,10.0,15.0,15.0,13.3333333333333
Dominica,DMA,2008,10.0,15.0,15.0,13.3333333333333
Dominica,DMA,2009,10.0,15.0,15.0,13.3333333333333
Dominica,DMA,2010,10.0,15.0,15.0,13.3333333333333
Dominica,DMA,2011,10.0,15.0,15.0,13.3333333333333
Dominica,DMA,2012,10.0,15.0,15.0,13.333333333333334
Dominica,DMA,2013,10.0,15.0,15.0,13.3333333333333
Dominica,DMA,2014,10.0,15.0,15.0,13.3333333333333
Dominica,DMA,2015,10.0,15.0,15.0,13.3333333333333
Dominica,DMA,2016,10.0,15.0,15.0,13.3333333333333
Dominica,DMA,2017,10.0,15.0,15.0,13.3333333333333
Dominica,DMA,2018,10.0,15.0,15.0,13.3333333333333
Dominica,DMA,2019,10.0,15.0,15.0,13.3333333333333
Dominica,DMA,2020,10.0,15.0,15.0,13.3333333333333
Dominican Republic,DOM,2004,14.0,18.0,18.0,16.6666666666667
Dominican Republic,DOM,2005,14.0,18.0,18.0,16.6666666666667
Dominican Republic,DOM,2006,14.0,18.0,18.0,16.6666666666667
Dominican Republic,DOM,2007,14.0,18.0,18.0,16.6666666666667
Dominican Republic,DOM,2008,14.0,18.0,18.0,16.6666666666667
Dominican Republic,DOM,2009,14.0,18.0,18.0,16.6666666666667
Dominican Republic,DOM,2010,14.0,18.0,18.0,16.6666666666667
Dominican Republic,DOM,2011,14.0,18.0,18.0,16.6666666666667
Dominican Republic,DOM,2012,14.0,18.0,18.0,16.6666666666667
Dominican Republic,DOM,2013,14.0,18.0,18.0,16.6666666666667
Dominican Republic,DOM,2014,14.0,18.0,18.0,16.6666666666667
Dominican Republic,DOM,2015,14.0,18.0,18.0,16.6666666666667
Dominican Republic,DOM,2016,14.0,18.0,18.0,16.6666666666667
Dominican Republic,DOM,2017,14.0,18.0,18.0,16.6666666666667
Dominican Republic,DOM,2018,14.0,18.0,18.0,16.6666666666667
Dominican Republic,DOM,2019,14.0,18.0,18.0,16.6666666666667
Dominican Republic,DOM,2020,14.0,18.0,18.0,16.6666666666667
Ecuador,ECU,2004,11.0,12.0,14.0,12.333333333333334
Ecuador,ECU,2005,11.0,12.0,14.0,12.333333333333334
Ecuador,ECU,2006,11.0,12.0,14.0,12.333333333333334
Ecuador,ECU,2007,11.0,12.0,14.0,12.333333333333334
Ecuador,ECU,2008,11.0,12.0,14.0,12.333333333333334
Ecuador,ECU,2009,11.0,12.0,14.0,12.333333333333334
Ecuador,ECU,2010,11.0,12.0,14.0,12.333333333333334
Ecuador,ECU,2011,11.0,12.0,14.0,12.333333333333334
Ecuador,ECU,2012,11.0,12.0,14.0,12.333333333333334
Ecuador,ECU,2013,11.0,11.0,14.0,12.0
Ecuador,ECU,2014,11.0,11.0,14.0,12.0
Ecuador,ECU,2015,11.0,11.0,14.0,12.0
Ecuador,ECU,2016,11.0,11.0,14.0,12.0
Ecuador,ECU,2017,11.0,11.0,14.0,12.0
Ecuador,ECU,2018,11.0,11.0,14.0,12.0
Ecuador,ECU,2019,11.0,11.0,14.0,12.0
Ecuador,ECU,2020,11.0,11.0,14.0,12.0
"Egypt, Arab Rep.",EGY,2004,21.0,21.0,30.0,24.0
"Egypt, Arab Rep.",EGY,2005,21.0,21.0,30.0,24.0
"Egypt, Arab Rep.",EGY,2006,21.0,21.0,30.0,24.0
"Egypt, Arab Rep.",EGY,2007,21.0,21.0,30.0,24.0
"Egypt, Arab Rep.",EGY,2008,21.0,21.0,30.0,24.0
"Egypt, Arab Rep.",EGY,2009,21.0,21.0,30.0,24.0
"Egypt, Arab Rep.",EGY,2010,21.0,21.0,30.0,24.0
"Egypt, Arab Rep.",EGY,2011,21.0,21.0,30.0,24.0
"Egypt, Arab Rep.",EGY,2012,21.0,21.0,30.0,24.0
"Egypt, Arab Rep.",EGY,2013,21.0,21.0,30.0,24.0
"Egypt, Arab Rep.",EGY,2014,21.0,21.0,30.0,24.0
"Egypt, Arab Rep.",EGY,2015,21.0,21.0,30.0,24.0
"Egypt, Arab Rep.",EGY,2016,21.0,21.0,30.0,24.0
"Egypt, Arab Rep.",EGY,2017,21.0,21.0,30.0,24.0
"Egypt, Arab Rep.",EGY,2018,21.0,21.0,30.0,24.0
"Egypt, Arab Rep.",EGY,2019,21.0,21.0,30.0,24.0
"Egypt, Arab Rep.",EGY,2020,21.0,21.0,30.0,24.0
El Salvador,SLV,2004,11.0,11.0,11.0,11.0
El Salvador,SLV,2005,11.0,11.0,11.0,11.0
El Salvador,SLV,2006,11.0,11.0,11.0,11.0
El Salvador,SLV,2007,11.0,11.0,11.0,11.0
El Salvador,SLV,2008,11.0,11.0,11.0,11.0
El Salvador,SLV,2009,11.0,11.0,11.0,11.0
El Salvador,SLV,2010,11.0,11.0,11.0,11.0
El Salvador,SLV,2011,11.0,11.0,11.0,11.0
El Salvador,SLV,2012,11.0,11.0,11.0,11.0
El Salvador,SLV,2013,11.0,11.0,11.0,11.0
El Salvador,SLV,2014,11.0,11.0,11.0,11.0
El Salvador,SLV,2015,11.0,11.0,11.0,11.0
El Salvador,SLV,2016,11.0,11.0,11.0,11.0
El Salvador,SLV,2017,11.0,11.0,11.0,11.0
El Salvador,SLV,2018,11.0,11.0,11.0,11.0
El Salvador,SLV,2019,11.0,11.0,11.0,11.0
El Salvador,SLV,2020,11.0,11.0,11.0,11.0
Equatorial Guinea,GNQ,2004,22.0,22.0,22.0,22.0
Equatorial Guinea,GNQ,2005,22.0,22.0,22.0,22.0
Equatorial Guinea,GNQ,2006,22.0,22.0,22.0,22.0
Equatorial Guinea,GNQ,2007,22.0,22.0,22.0,22.0
Equatorial Guinea,GNQ,2008,22.0,22.0,22.0,22.0
Equatorial Guinea,GNQ,2009,22.0,22.0,22.0,22.0
Equatorial Guinea,GNQ,2010,22.0,22.0,22.0,22.0
Equatorial Guinea,GNQ,2011,22.0,22.0,22.0,22.0
Equatorial Guinea,GNQ,2012,22.0,22.0,22.0,22.0
Equatorial Guinea,GNQ,2013,22.0,22.0,22.0,22.0
Equatorial Guinea,GNQ,2014,22.0,22.0,22.0,22.0
Equatorial Guinea,GNQ,2015,22.0,22.0,22.0,22.0
Equatorial Guinea,GNQ,2016,22.0,22.0,22.0,22.0
Equatorial Guinea,GNQ,2017,22.0,22.0,22.0,22.0
Equatorial Guinea,GNQ,2018,22.0,22.0,22.0,22.0
Equatorial Guinea,GNQ,2019,22.0,22.0,22.0,22.0
Equatorial Guinea,GNQ,2020,22.0,22.0,22.0,22.0
Eritrea,ERI,2004,14.0,19.0,24.0,19.0
Eritrea,ERI,2005,14.0,19.0,24.0,19.0
Eritrea,ERI,2006,14.0,19.0,24.0,19.0
Eritrea,ERI,2007,14.0,19.0,24.0,19.0
Eritrea,ERI,2008,14.0,19.0,24.0,19.0
Eritrea,ERI,2009,14.0,19.0,24.0,19.0
Eritrea,ERI,2010,14.0,19.0,24.0,19.0
Eritrea,ERI,2011,14.0,19.0,24.0,19.0
Eritrea,ERI,2012,14.0,19.0,24.0,19.0
Eritrea,ERI,2013,14.0,19.0,24.0,19.0
Eritrea,ERI,2014,14.0,19.0,24.0,19.0
Eritrea,ERI,2015,14.0,19.0,24.0,19.0
Eritrea,ERI,2016,14.0,19.0,24.0,19.0
Eritrea,ERI,2017,14.0,19.0,24.0,19.0
Eritrea,ERI,2018,14.0,19.0,24.0,19.0
Eritrea,ERI,2019,14.0,19.0,24.0,19.0
Eritrea,ERI,2020,14.0,19.0,24.0,19.0
Estonia,EST,2004,0.0,0.0,0.0,0.0
Estonia,EST,2005,0.0,0.0,0.0,0.0
Estonia,EST,2006,0.0,0.0,0.0,0.0
Estonia,EST,2007,0.0,0.0,0.0,0.0
Estonia,EST,2008,0.0,0.0,0.0,0.0
Estonia,EST,2009,24.0,24.0,24.0,24.0
Estonia,EST,2010,24.0,24.0,24.0,24.0
Estonia,EST,2011,24.0,24.0,24.0,24.0
Estonia,EST,2012,24.0,24.0,24.0,24.0
Estonia,EST,2013,24.0,24.0,24.0,24.0
Estonia,EST,2014,24.0,24.0,24.0,24.0
Estonia,EST,2015,24.0,24.0,24.0,24.0
Estonia,EST,2016,24.0,24.0,24.0,24.0
Estonia,EST,2017,24.0,24.0,24.0,24.0
Estonia,EST,2018,24.0,24.0,24.0,24.0
Estonia,EST,2019,24.0,24.0,24.0,24.0
Estonia,EST,2020,24.0,24.0,24.0,24.0
Eswatini,SWZ,2004,11.0,11.0,11.0,11.0
Eswatini,SWZ,2005,11.0,11.0,11.0,11.0
Eswatini,SWZ,2006,11.0,11.0,11.0,11.0
Eswatini,SWZ,2007,11.0,11.0,11.0,11.0
Eswatini,SWZ,2008,11.0,11.0,11.0,11.0
Eswatini,SWZ,2009,11.0,11.0,11.0,11.0
Eswatini,SWZ,2010,11.0,11.0,11.0,11.0
Eswatini,SWZ,2011,11.0,11.0,11.0,11.0
Eswatini,SWZ,2012,11.0,11.0,11.0,11.0
Eswatini,SWZ,2013,11.0,11.0,11.0,11.0
Eswatini,SWZ,2014,11.0,11.0,11.0,11.0
Eswatini,SWZ,2015,11.0,11.0,11.0,11.0
Eswatini,SWZ,2016,11.0,11.0,11.0,11.0
Eswatini,SWZ,2017,12.0,15.0,18.0,15.0
Eswatini,SWZ,2018,12.0,15.0,18.0,15.0
Eswatini,SWZ,2019,12.0,15.0,18.0,15.0
Eswatini,SWZ,2020,12.0,15.0,18.0,15.0
Ethiopia,ETH,2004,14.0,18.0,23.0,18.333333333333332
Ethiopia,ETH,2005,14.0,18.0,23.0,18.333333333333332
Ethiopia,ETH,2006,14.0,18.0,23.0,18.333333333333332
Ethiopia,ETH,2007,14.0,18.0,23.0,18.333333333333332
Ethiopia,ETH,2008,14.0,18.0,23.0,18.333333333333332
Ethiopia,ETH,2009,14.0,18.0,23.0,18.333333333333332
Ethiopia,ETH,2010,14.0,18.0,23.0,18.333333333333332
Ethiopia,ETH,2011,14.0,18.0,23.0,18.333333333333332
Ethiopia,ETH,2012,14.0,18.0,23.0,18.333333333333332
Ethiopia,ETH,2013,14.0,18.0,23.0,18.3333333333333
Ethiopia,ETH,2014,14.0,18.0,23.0,18.3333333333333
Ethiopia,ETH,2015,14.0,18.0,23.0,18.3333333333333
Ethiopia,ETH,2016,14.0,18.0,23.0,18.3333333333333
Ethiopia,ETH,2017,14.0,18.0,23.0,18.3333333333333
Ethiopia,ETH,2018,14.0,18.0,23.0,18.3333333333333
Ethiopia,ETH,2019,14.0,18.0,23.0,18.3333333333333
Ethiopia,ETH,2020,14.0,18.0,23.0,18.3333333333333
Fiji,FJI,2004,10.0,10.0,10.0,10.0
Fiji,FJI,2005,10.0,10.0,10.0,10.0
Fiji,FJI,2006,10.0,10.0,10.0,10.0
Fiji,FJI,2007,10.0,10.0,10.0,10.0
Fiji,FJI,2008,10.0,10.0,10.0,10.0
Fiji,FJI,2009,10.0,10.0,10.0,10.0
Fiji,FJI,2010,10.0,10.0,10.0,10.0
Fiji,FJI,2011,10.0,10.0,10.0,10.0
Fiji,FJI,2012,10.0,10.0,10.0,10.0
Fiji,FJI,2013,10.0,10.0,10.0,10.0
Fiji,FJI,2014,10.0,10.0,10.0,10.0
Fiji,FJI,2015,10.0,10.0,10.0,10.0
Fiji,FJI,2016,10.0,10.0,10.0,10.0
Fiji,FJI,2017,10.0,10.0,10.0,10.0
Fiji,FJI,2018,10.0,10.0,10.0,10.0
Fiji,FJI,2019,10.0,10.0,10.0,10.0
Fiji,FJI,2020,10.0,10.0,10.0,10.0
Finland,FIN,2004,30.0,30.0,30.0,30.0
Finland,FIN,2005,30.0,30.0,30.0,30.0
Finland,FIN,2006,30.0,30.0,30.0,30.0
Finland,FIN,2007,30.0,30.0,30.0,30.0
Finland,FIN,2008,30.0,30.0,30.0,30.0
Finland,FIN,2009,30.0,30.0,30.0,30.0
Finland,FIN,2010,30.0,30.0,30.0,30.0
Finland,FIN,2011,30.0,30.0,30.0,30.0
Finland,FIN,2012,30.0,30.0,30.0,30.0
Finland,FIN,2013,30.0,30.0,30.0,30.0
Finland,FIN,2014,30.0,30.0,30.0,30.0
Finland,FIN,2015,30.0,30.0,30.0,30.0
Finland,FIN,2016,30.0,30.0,30.0,30.0
Finland,FIN,2017,30.0,30.0,30.0,30.0
Finland,FIN,2018,30.0,30.0,30.0,30.0
Finland,FIN,2019,30.0,30.0,30.0,30.0
Finland,FIN,2020,30.0,30.0,30.0,30.0
France,FRA,2004,30.0,30.0,31.0,30.3333333333333
France,FRA,2005,30.0,30.0,31.0,30.3333333333333
France,FRA,2006,30.0,30.0,31.0,30.3333333333333
France,FRA,2007,30.0,30.0,31.0,30.3333333333333
France,FRA,2008,30.0,30.0,31.0,30.3333333333333
France,FRA,2009,30.0,30.0,31.0,30.3333333333333
France,FRA,2010,30.0,30.0,31.0,30.3333333333333
France,FRA,2011,30.0,30.0,31.0,30.3333333333333
France,FRA,2012,30.0,30.0,31.0,30.3333333333333
France,FRA,2013,30.0,30.0,31.0,30.3333333333333
France,FRA,2014,30.0,30.0,31.0,30.3333333333333
France,FRA,2015,30.0,30.0,31.0,30.3333333333333
France,FRA,2016,30.0,30.0,31.0,30.3333333333333
France,FRA,2017,30.0,30.0,31.0,30.3333333333333
France,FRA,2018,30.0,30.0,31.0,30.3333333333333
France,FRA,2019,30.0,30.0,31.0,30.3333333333333
France,FRA,2020,30.0,30.0,31.0,30.3333333333333
Gabon,GAB,2004,24.0,24.0,24.0,24.0
Gabon,GAB,2005,24.0,24.0,24.0,24.0
Gabon,GAB,2006,24.0,24.0,24.0,24.0
Gabon,GAB,2007,24.0,24.0,24.0,24.0
Gabon,GAB,2008,24.0,24.0,24.0,24.0
Gabon,GAB,2009,24.0,24.0,24.0,24.0
Gabon,GAB,2010,24.0,24.0,24.0,24.0
Gabon,GAB,2011,24.0,24.0,24.0,24.0
Gabon,GAB,2012,24.0,24.0,24.0,24.0
Gabon,GAB,2013,24.0,24.0,24.0,24.0
Gabon,GAB,2014,24.0,24.0,24.0,24.0
Gabon,GAB,2015,24.0,24.0,24.0,24.0
Gabon,GAB,2016,24.0,24.0,24.0,24.0
Gabon,GAB,2017,24.0,24.0,24.0,24.0
Gabon,GAB,2018,24.0,24.0,24.0,24.0
Gabon,GAB,2019,24.0,24.0,24.0,24.0
Gabon,GAB,2020,24.0,24.0,24.0,24.0
"Gambia, The",GMB,2004,0.0,0.0,0.0,0.0
"Gambia, The",GMB,2005,0.0,0.0,0.0,0.0
"Gambia, The",GMB,2006,0.0,0.0,0.0,0.0
"Gambia, The",GMB,2007,0.0,0.0,0.0,0.0
"Gambia, The",GMB,2008,0.0,0.0,0.0,0.0
"Gambia, The",GMB,2009,0.0,0.0,0.0,0.0
"Gambia, The",GMB,2010,0.0,0.0,0.0,0.0
"Gambia, The",GMB,2011,0.0,0.0,0.0,0.0
"Gambia, The",GMB,2012,0.0,0.0,0.0,0.0
"Gambia, The",GMB,2013,0.0,0.0,0.0,0.0
"Gambia, The",GMB,2014,0.0,0.0,0.0,0.0
"Gambia, The",GMB,2015,0.0,0.0,0.0,0.0
"Gambia, The",GMB,2016,0.0,0.0,0.0,0.0
"Gambia, The",GMB,2017,0.0,0.0,0.0,0.0
"Gambia, The",GMB,2018,0.0,0.0,0.0,0.0
"Gambia, The",GMB,2019,0.0,0.0,0.0,0.0
"Gambia, The",GMB,2020,0.0,0.0,0.0,0.0
Georgia,GEO,2004,24.0,24.0,24.0,24.0
Georgia,GEO,2005,24.0,24.0,24.0,24.0
Georgia,GEO,2006,24.0,24.0,24.0,24.0
Georgia,GEO,2007,24.0,24.0,24.0,24.0
Georgia,GEO,2008,24.0,24.0,24.0,24.0
Georgia,GEO,2009,24.0,24.0,24.0,24.0
Georgia,GEO,2010,24.0,24.0,24.0,24.0
Georgia,GEO,2011,24.0,24.0,24.0,24.0
Georgia,GEO,2012,24.0,24.0,24.0,24.0
Georgia,GEO,2013,24.0,24.0,24.0,24.0
Georgia,GEO,2014,24.0,24.0,24.0,24.0
Georgia,GEO,2015,24.0,24.0,24.0,24.0
Georgia,GEO,2016,24.0,24.0,24.0,24.0
Georgia,GEO,2017,24.0,24.0,24.0,24.0
Georgia,GEO,2018,24.0,24.0,24.0,24.0
Georgia,GEO,2019,24.0,24.0,24.0,24.0
Georgia,GEO,2020,24.0,24.0,24.0,24.0
Germany,DEU,2004,24.0,24.0,24.0,24.0
Germany,DEU,2005,24.0,24.0,24.0,24.0
Germany,DEU,2006,24.0,24.0,24.0,24.0
Germany,DEU,2007,24.0,24.0,24.0,24.0
Germany,DEU,2008,24.0,24.0,24.0,24.0
Germany,DEU,2009,24.0,24.0,24.0,24.0
Germany,DEU,2010,24.0,24.0,24.0,24.0
Germany,DEU,2011,24.0,24.0,24.0,24.0
Germany,DEU,2012,24.0,24.0,24.0,24.0
Germany,DEU,2013,24.0,24.0,24.0,24.0
Germany,DEU,2014,24.0,24.0,24.0,24.0
Germany,DEU,2015,24.0,24.0,24.0,24.0
Germany,DEU,2016,24.0,24.0,24.0,24.0
Germany,DEU,2017,24.0,24.0,24.0,24.0
Germany,DEU,2018,24.0,24.0,24.0,24.0
Germany,DEU,2019,24.0,24.0,24.0,24.0
Germany,DEU,2020,24.0,24.0,24.0,24.0
Ghana,GHA,2004,15.0,15.0,15.0,15.0
Ghana,GHA,2005,15.0,15.0,15.0,15.0
Ghana,GHA,2006,15.0,15.0,15.0,15.0
Ghana,GHA,2007,15.0,15.0,15.0,15.0
Ghana,GHA,2008,15.0,15.0,15.0,15.0
Ghana,GHA,2009,15.0,15.0,15.0,15.0
Ghana,GHA,2010,15.0,15.0,15.0,15.0
Ghana,GHA,2011,15.0,15.0,15.0,15.0
Ghana,GHA,2012,15.0,15.0,15.0,15.0
Ghana,GHA,2013,15.0,15.0,15.0,15.0
Ghana,GHA,2014,15.0,15.0,15.0,15.0
Ghana,GHA,2015,15.0,15.0,15.0,15.0
Ghana,GHA,2016,15.0,15.0,15.0,15.0
Ghana,GHA,2017,15.0,15.0,15.0,15.0
Ghana,GHA,2018,15.0,15.0,15.0,15.0
Ghana,GHA,2019,15.0,15.0,15.0,15.0
Ghana,GHA,2020,15.0,15.0,15.0,15.0
Greece,GRC,2004,20.0,22.0,25.0,22.3333333333333
Greece,GRC,2005,20.0,22.0,25.0,22.3333333333333
Greece,GRC,2006,20.0,22.0,25.0,22.3333333333333
Greece,GRC,2007,20.0,22.0,25.0,22.3333333333333
Greece,GRC,2008,20.0,22.0,25.0,22.3333333333333
Greece,GRC,2009,20.0,22.0,25.0,22.3333333333333
Greece,GRC,2010,20.0,22.0,25.0,22.3333333333333
Greece,GRC,2011,20.0,22.0,25.0,22.3333333333333
Greece,GRC,2012,20.0,22.0,25.0,22.333333333333332
Greece,GRC,2013,20.0,22.0,25.0,22.3333333333333
Greece,GRC,2014,20.0,22.0,25.0,22.3333333333333
Greece,GRC,2015,20.0,22.0,25.0,22.3333333333333
Greece,GRC,2016,20.0,22.0,25.0,22.3333333333333
Greece,GRC,2017,20.0,22.0,25.0,22.3333333333333
Greece,GRC,2018,20.0,22.0,25.0,22.3333333333333
Greece,GRC,2019,20.0,22.0,25.0,22.3333333333333
Greece,GRC,2020,20.0,22.0,25.0,22.3333333333333
Grenada,GRD,2004,10.0,15.0,15.0,13.3333333333333
Grenada,GRD,2005,10.0,15.0,15.0,13.3333333333333
Grenada,GRD,2006,10.0,15.0,15.0,13.3333333333333
Grenada,GRD,2007,10.0,15.0,15.0,13.3333333333333
Grenada,GRD,2008,10.0,15.0,15.0,13.3333333333333
Grenada,GRD,2009,10.0,15.0,15.0,13.3333333333333
Grenada,GRD,2010,10.0,15.0,15.0,13.3333333333333
Grenada,GRD,2011,10.0,15.0,15.0,13.3333333333333
Grenada,GRD,2012,10.0,15.0,15.0,13.333333333333334
Grenada,GRD,2013,10.0,15.0,15.0,13.3333333333333
Grenada,GRD,2014,10.0,15.0,15.0,13.3333333333333
Grenada,GRD,2015,10.0,15.0,15.0,13.3333333333333
Grenada,GRD,2016,10.0,15.0,15.0,13.3333333333333
Grenada,GRD,2017,10.0,15.0,15.0,13.3333333333333
Grenada,GRD,2018,10.0,15.0,15.0,13.3333333333333
Grenada,GRD,2019,10.0,15.0,15.0,13.3333333333333
Grenada,GRD,2020,10.0,15.0,15.0,13.3333333333333
Guatemala,GTM,2004,15.0,15.0,15.0,15.0
Guatemala,GTM,2005,15.0,15.0,15.0,15.0
Guatemala,GTM,2006,15.0,15.0,15.0,15.0
Guatemala,GTM,2007,15.0,15.0,15.0,15.0
Guatemala,GTM,2008,15.0,15.0,15.0,15.0
Guatemala,GTM,2009,15.0,15.0,15.0,15.0
Guatemala,GTM,2010,15.0,15.0,15.0,15.0
Guatemala,GTM,2011,15.0,15.0,15.0,15.0
Guatemala,GTM,2012,15.0,15.0,15.0,15.0
Guatemala,GTM,2013,15.0,15.0,15.0,15.0
Guatemala,GTM,2014,15.0,15.0,15.0,15.0
Guatemala,GTM,2015,15.0,15.0,15.0,15.0
Guatemala,GTM,2016,15.0,15.0,15.0,15.0
Guatemala,GTM,2017,15.0,15.0,15.0,15.0
Guatemala,GTM,2018,15.0,15.0,15.0,15.0
Guatemala,GTM,2019,15.0,15.0,15.0,15.0
Guatemala,GTM,2020,15.0,15.0,15.0,15.0
Guinea,GIN,2004,30.0,30.0,30.0,30.0
Guinea,GIN,2005,30.0,30.0,30.0,30.0
Guinea,GIN,2006,30.0,30.0,30.0,30.0
Guinea,GIN,2007,30.0,30.0,30.0,30.0
Guinea,GIN,2008,30.0,30.0,30.0,30.0
Guinea,GIN,2009,30.0,30.0,30.0,30.0
Guinea,GIN,2010,30.0,30.0,30.0,30.0
Guinea,GIN,2011,30.0,30.0,30.0,30.0
Guinea,GIN,2012,30.0,30.0,30.0,30.0
Guinea,GIN,2013,30.0,30.0,30.0,30.0
Guinea,GIN,2014,30.0,30.0,30.0,30.0
Guinea,GIN,2015,30.0,30.0,30.0,30.0
Guinea,GIN,2016,30.0,30.0,30.0,30.0
Guinea,GIN,2017,30.0,30.0,30.0,30.0
Guinea,GIN,2018,30.0,30.0,30.0,30.0
Guinea,GIN,2019,30.0,30.0,30.0,30.0
Guinea,GIN,2020,30.0,30.0,30.0,30.0
Guinea-Bissau,GNB,2004,21.0,21.0,21.0,21.0
Guinea-Bissau,GNB,2005,21.0,21.0,21.0,21.0
Guinea-Bissau,GNB,2006,21.0,21.0,21.0,21.0
Guinea-Bissau,GNB,2007,21.0,21.0,21.0,21.0
Guinea-Bissau,GNB,2008,21.0,21.0,21.0,21.0
Guinea-Bissau,GNB,2009,21.0,21.0,21.0,21.0
Guinea-Bissau,GNB,2010,21.0,21.0,21.0,21.0
Guinea-Bissau,GNB,2011,21.0,21.0,21.0,21.0
Guinea-Bissau,GNB,2012,21.0,21.0,21.0,21.0
Guinea-Bissau,GNB,2013,21.0,21.0,21.0,21.0
Guinea-Bissau,GNB,2014,21.0,21.0,21.0,21.0
Guinea-Bissau,GNB,2015,21.0,21.0,21.0,21.0
Guinea-Bissau,GNB,2016,21.0,21.0,21.0,21.0
Guinea-Bissau,GNB,2017,21.0,21.0,21.0,21.0
Guinea-Bissau,GNB,2018,21.0,21.0,21.0,21.0
Guinea-Bissau,GNB,2019,21.0,21.0,21.0,21.0
Guinea-Bissau,GNB,2020,21.0,21.0,21.0,21.0
Guyana,GUY,2004,12.0,12.0,12.0,12.0
Guyana,GUY,2005,12.0,12.0,12.0,12.0
Guyana,GUY,2006,12.0,12.0,12.0,12.0
Guyana,GUY,2007,12.0,12.0,12.0,12.0
Guyana,GUY,2008,12.0,12.0,12.0,12.0
Guyana,GUY,2009,12.0,12.0,12.0,12.0
Guyana,GUY,2010,12.0,12.0,12.0,12.0
Guyana,GUY,2011,12.0,12.0,12.0,12.0
Guyana,GUY,2012,12.0,12.0,12.0,12.0
Guyana,GUY,2013,12.0,12.0,12.0,12.0
Guyana,GUY,2014,12.0,12.0,12.0,12.0
Guyana,GUY,2015,12.0,12.0,12.0,12.0
Guyana,GUY,2016,12.0,12.0,12.0,12.0
Guyana,GUY,2017,12.0,12.0,12.0,12.0
Guyana,GUY,2018,12.0,12.0,12.0,12.0
Guyana,GUY,2019,12.0,12.0,12.0,12.0
Guyana,GUY,2020,12.0,12.0,12.0,12.0
Haiti,HTI,2004,13.0,13.0,13.0,13.0
Haiti,HTI,2005,13.0,13.0,13.0,13.0
Haiti,HTI,2006,13.0,13.0,13.0,13.0
Haiti,HTI,2007,13.0,13.0,13.0,13.0
Haiti,HTI,2008,13.0,13.0,13.0,13.0
Haiti,HTI,2009,13.0,13.0,13.0,13.0
Haiti,HTI,2010,13.0,13.0,13.0,13.0
Haiti,HTI,2011,13.0,13.0,13.0,13.0
Haiti,HTI,2012,13.0,13.0,13.0,13.0
Haiti,HTI,2013,13.0,13.0,13.0,13.0
Haiti,HTI,2014,13.0,13.0,13.0,13.0
Haiti,HTI,2015,13.0,13.0,13.0,13.0
Haiti,HTI,2016,13.0,13.0,13.0,13.0
Haiti,HTI,2017,13.0,13.0,13.0,13.0
Haiti,HTI,2018,13.0,13.0,13.0,13.0
Haiti,HTI,2019,13.0,13.0,13.0,13.0
Haiti,HTI,2020,13.0,13.0,13.0,13.0
Honduras,HND,2004,10.0,20.0,20.0,16.6666666666667
Honduras,HND,2005,10.0,20.0,20.0,16.6666666666667
Honduras,HND,2006,10.0,20.0,20.0,16.6666666666667
Honduras,HND,2007,10.0,20.0,20.0,16.6666666666667
Honduras,HND,2008,10.0,20.0,20.0,16.6666666666667
Honduras,HND,2009,10.0,20.0,20.0,16.6666666666667
Honduras,HND,2010,10.0,20.0,20.0,16.6666666666667
Honduras,HND,2011,10.0,20.0,20.0,16.6666666666667
Honduras,HND,2012,10.0,20.0,20.0,16.666666666666668
Honduras,HND,2013,10.0,20.0,20.0,16.6666666666667
Honduras,HND,2014,10.0,20.0,20.0,16.6666666666667
Honduras,HND,2015,10.0,20.0,20.0,16.6666666666667
Honduras,HND,2016,10.0,20.0,20.0,16.6666666666667
Honduras,HND,2017,10.0,20.0,20.0,16.6666666666667
Honduras,HND,2018,10.0,20.0,20.0,16.6666666666667
Honduras,HND,2019,10.0,20.0,20.0,16.6666666666667
Honduras,HND,2020,10.0,20.0,20.0,16.6666666666667
"Hong Kong SAR, China",HKG,2004,7.0,10.0,14.0,10.333333333333334
"Hong Kong SAR, China",HKG,2005,7.0,10.0,14.0,10.333333333333334
"Hong Kong SAR, China",HKG,2006,7.0,10.0,14.0,10.333333333333334
"Hong Kong SAR, China",HKG,2007,7.0,10.0,14.0,10.333333333333334
"Hong Kong SAR, China",HKG,2008,7.0,10.0,14.0,10.333333333333334
"Hong Kong SAR, China",HKG,2009,7.0,10.0,14.0,10.333333333333334
"Hong Kong SAR, China",HKG,2010,7.0,10.0,14.0,10.333333333333334
"Hong Kong SAR, China",HKG,2011,7.0,10.0,14.0,10.3333333333333
"Hong Kong SAR, China",HKG,2012,7.0,10.0,14.0,10.333333333333334
"Hong Kong SAR, China",HKG,2013,7.0,10.0,14.0,10.3333333333333
"Hong Kong SAR, China",HKG,2014,7.0,10.0,14.0,10.3333333333333
"Hong Kong SAR, China",HKG,2015,7.0,10.0,14.0,10.3333333333333
"Hong Kong SAR, China",HKG,2016,7.0,10.0,14.0,10.3333333333333
"Hong Kong SAR, China",HKG,2017,7.0,10.0,14.0,10.3333333333333
"Hong Kong SAR, China",HKG,2018,7.0,10.0,14.0,10.3333333333333
"Hong Kong SAR, China",HKG,2019,7.0,10.0,14.0,10.3333333333333
"Hong Kong SAR, China",HKG,2020,7.0,10.0,14.0,10.3333333333333
Hungary,HUN,2004,20.0,21.0,23.0,21.3333333333333
Hungary,HUN,2005,20.0,21.0,23.0,21.3333333333333
Hungary,HUN,2006,20.0,21.0,23.0,21.3333333333333
Hungary,HUN,2007,20.0,21.0,23.0,21.3333333333333
Hungary,HUN,2008,20.0,21.0,23.0,21.3333333333333
Hungary,HUN,2009,20.0,21.0,23.0,21.3333333333333
Hungary,HUN,2010,20.0,21.0,23.0,21.3333333333333
Hungary,HUN,2011,20.0,21.0,23.0,21.3333333333333
Hungary,HUN,2012,20.0,21.0,23.0,21.333333333333332
Hungary,HUN,2013,20.0,21.0,23.0,21.3333333333333
Hungary,HUN,2014,20.0,21.0,23.0,21.3333333333333
Hungary,HUN,2015,20.0,21.0,23.0,21.3333333333333
Hungary,HUN,2016,20.0,21.0,23.0,21.3333333333333
Hungary,HUN,2017,20.0,21.0,23.0,21.3333333333333
Hungary,HUN,2018,20.0,21.0,23.0,21.3333333333333
Hungary,HUN,2019,20.0,21.0,23.0,21.3333333333333
Hungary,HUN,2020,20.0,21.0,23.0,21.3333333333333
Iceland,ISL,2004,24.0,24.0,24.0,24.0
Iceland,ISL,2005,24.0,24.0,24.0,24.0
Iceland,ISL,2006,24.0,24.0,24.0,24.0
Iceland,ISL,2007,24.0,24.0,24.0,24.0
Iceland,ISL,2008,24.0,24.0,24.0,24.0
Iceland,ISL,2009,24.0,24.0,24.0,24.0
Iceland,ISL,2010,24.0,24.0,24.0,24.0
Iceland,ISL,2011,24.0,24.0,24.0,24.0
Iceland,ISL,2012,24.0,24.0,24.0,24.0
Iceland,ISL,2013,24.0,24.0,24.0,24.0
Iceland,ISL,2014,24.0,24.0,24.0,24.0
Iceland,ISL,2015,24.0,24.0,24.0,24.0
Iceland,ISL,2016,24.0,24.0,24.0,24.0
Iceland,ISL,2017,24.0,24.0,24.0,24.0
Iceland,ISL,2018,24.0,24.0,24.0,24.0
Iceland,ISL,2019,24.0,24.0,24.0,24.0
Iceland,ISL,2020,24.0,24.0,24.0,24.0
India Delhi,IND_Delh,2004,15.0,15.0,15.0,15.0
India Delhi,IND_Delh,2005,15.0,15.0,15.0,15.0
India Delhi,IND_Delh,2006,15.0,15.0,15.0,15.0
India Delhi,IND_Delh,2007,15.0,15.0,15.0,15.0
India Delhi,IND_Delh,2008,15.0,15.0,15.0,15.0
India Delhi,IND_Delh,2009,15.0,15.0,15.0,15.0
India Delhi,IND_Delh,2010,15.0,15.0,15.0,15.0
India Delhi,IND_Delh,2011,15.0,15.0,15.0,15.0
India Delhi,IND_Delh,2012,15.0,15.0,15.0,15.0
India Delhi,IND_Delh,2013,15.0,15.0,15.0,15.0
India Delhi,IND_Delh,2014,15.0,15.0,15.0,15.0
India Delhi,IND_Delh,2015,15.0,15.0,15.0,15.0
India Delhi,IND_Delh,2016,15.0,15.0,15.0,15.0
India Delhi,IND_Delh,2017,15.0,15.0,15.0,15.0
India Delhi,IND_Delh,2018,15.0,15.0,15.0,15.0
India Delhi,IND_Delh,2019,15.0,15.0,15.0,15.0
India Delhi,IND_Delh,2020,15.0,15.0,15.0,15.0
India Mumbai,IND,2004,21.0,21.0,21.0,21.0
India Mumbai,IND,2005,21.0,21.0,21.0,21.0
India Mumbai,IND,2006,21.0,21.0,21.0,21.0
India Mumbai,IND,2007,21.0,21.0,21.0,21.0
India Mumbai,IND,2008,21.0,21.0,21.0,21.0
India Mumbai,IND,2009,21.0,21.0,21.0,21.0
India Mumbai,IND,2010,21.0,21.0,21.0,21.0
India Mumbai,IND,2011,21.0,21.0,21.0,21.0
India Mumbai,IND,2012,21.0,21.0,21.0,21.0
India Mumbai,IND,2013,21.0,21.0,21.0,21.0
India Mumbai,IND,2014,21.0,21.0,21.0,21.0
India Mumbai,IND,2015,21.0,21.0,21.0,21.0
India Mumbai,IND,2016,21.0,21.0,21.0,21.0
India Mumbai,IND,2017,21.0,21.0,21.0,21.0
India Mumbai,IND,2018,21.0,21.0,21.0,21.0
India Mumbai,IND,2019,18.0,18.0,18.0,18.0
India Mumbai,IND,2020,18.0,18.0,18.0,18.0
Indonesia Jakarta,IDN,2004,12.0,12.0,12.0,12.0
Indonesia Jakarta,IDN,2005,12.0,12.0,12.0,12.0
Indonesia Jakarta,IDN,2006,12.0,12.0,12.0,12.0
Indonesia Jakarta,IDN,2007,12.0,12.0,12.0,12.0
Indonesia Jakarta,IDN,2008,12.0,12.0,12.0,12.0
Indonesia Jakarta,IDN,2009,12.0,12.0,12.0,12.0
Indonesia Jakarta,IDN,2010,12.0,12.0,12.0,12.0
Indonesia Jakarta,IDN,2011,12.0,12.0,12.0,12.0
Indonesia Jakarta,IDN,2012,12.0,12.0,12.0,12.0
Indonesia Jakarta,IDN,2013,12.0,12.0,12.0,12.0
Indonesia Jakarta,IDN,2014,12.0,12.0,12.0,12.0
Indonesia Jakarta,IDN,2015,12.0,12.0,12.0,12.0
Indonesia Jakarta,IDN,2016,12.0,12.0,12.0,12.0
Indonesia Jakarta,IDN,2017,12.0,12.0,12.0,12.0
Indonesia Jakarta,IDN,2018,12.0,12.0,12.0,12.0
Indonesia Jakarta,IDN,2019,12.0,12.0,12.0,12.0
Indonesia Jakarta,IDN,2020,12.0,12.0,12.0,12.0
Indonesia Surabaya,IDN_Sura,2004,12.0,12.0,12.0,12.0
Indonesia Surabaya,IDN_Sura,2005,12.0,12.0,12.0,12.0
Indonesia Surabaya,IDN_Sura,2006,12.0,12.0,12.0,12.0
Indonesia Surabaya,IDN_Sura,2007,12.0,12.0,12.0,12.0
Indonesia Surabaya,IDN_Sura,2008,12.0,12.0,12.0,12.0
Indonesia Surabaya,IDN_Sura,2009,12.0,12.0,12.0,12.0
Indonesia Surabaya,IDN_Sura,2010,12.0,12.0,12.0,12.0
Indonesia Surabaya,IDN_Sura,2011,12.0,12.0,12.0,12.0
Indonesia Surabaya,IDN_Sura,2012,12.0,12.0,12.0,12.0
Indonesia Surabaya,IDN_Sura,2013,12.0,12.0,12.0,12.0
Indonesia Surabaya,IDN_Sura,2014,12.0,12.0,12.0,12.0
Indonesia Surabaya,IDN_Sura,2015,12.0,12.0,12.0,12.0
Indonesia Surabaya,IDN_Sura,2016,12.0,12.0,12.0,12.0
Indonesia Surabaya,IDN_Sura,2017,12.0,12.0,12.0,12.0
Indonesia Surabaya,IDN_Sura,2018,12.0,12.0,12.0,12.0
Indonesia Surabaya,IDN_Sura,2019,12.0,12.0,12.0,12.0
Indonesia Surabaya,IDN_Sura,2020,12.0,12.0,12.0,12.0
"Iran, Islamic Rep.",IRN,2004,24.0,24.0,24.0,24.0
"Iran, Islamic Rep.",IRN,2005,24.0,24.0,24.0,24.0
"Iran, Islamic Rep.",IRN,2006,24.0,24.0,24.0,24.0
"Iran, Islamic Rep.",IRN,2007,24.0,24.0,24.0,24.0
"Iran, Islamic Rep.",IRN,2008,24.0,24.0,24.0,24.0
"Iran, Islamic Rep.",IRN,2009,24.0,24.0,24.0,24.0
"Iran, Islamic Rep.",IRN,2010,24.0,24.0,24.0,24.0
"Iran, Islamic Rep.",IRN,2011,24.0,24.0,24.0,24.0
"Iran, Islamic Rep.",IRN,2012,24.0,24.0,24.0,24.0
"Iran, Islamic Rep.",IRN,2013,24.0,24.0,24.0,24.0
"Iran, Islamic Rep.",IRN,2014,24.0,24.0,24.0,24.0
"Iran, Islamic Rep.",IRN,2015,24.0,24.0,24.0,24.0
"Iran, Islamic Rep.",IRN,2016,24.0,24.0,24.0,24.0
"Iran, Islamic Rep.",IRN,2017,24.0,24.0,24.0,24.0
"Iran, Islamic Rep.",IRN,2018,24.0,24.0,24.0,24.0
"Iran, Islamic Rep.",IRN,2019,24.0,24.0,24.0,24.0
"Iran, Islamic Rep.",IRN,2020,24.0,24.0,24.0,24.0
Iraq,IRQ,2004,20.0,22.0,24.0,22.0
Iraq,IRQ,2005,20.0,22.0,24.0,22.0
Iraq,IRQ,2006,20.0,22.0,24.0,22.0
Iraq,IRQ,2007,20.0,22.0,24.0,22.0
Iraq,IRQ,2008,20.0,22.0,24.0,22.0
Iraq,IRQ,2009,20.0,22.0,24.0,22.0
Iraq,IRQ,2010,20.0,22.0,24.0,22.0
Iraq,IRQ,2011,20.0,22.0,24.0,22.0
Iraq,IRQ,2012,20.0,22.0,24.0,22.0
Iraq,IRQ,2013,20.0,22.0,24.0,22.0
Iraq,IRQ,2014,20.0,22.0,24.0,22.0
Iraq,IRQ,2015,20.0,22.0,24.0,22.0
Iraq,IRQ,2016,20.0,22.0,24.0,22.0
Iraq,IRQ,2017,21.0,23.0,25.0,23.0
Iraq,IRQ,2018,21.0,23.0,25.0,23.0
Iraq,IRQ,2019,21.0,23.0,25.0,23.0
Iraq,IRQ,2020,21.0,23.0,25.0,23.0
Ireland,IRL,2004,20.0,20.0,20.0,20.0
Ireland,IRL,2005,20.0,20.0,20.0,20.0
Ireland,IRL,2006,20.0,20.0,20.0,20.0
Ireland,IRL,2007,20.0,20.0,20.0,20.0
Ireland,IRL,2008,20.0,20.0,20.0,20.0
Ireland,IRL,2009,20.0,20.0,20.0,20.0
Ireland,IRL,2010,20.0,20.0,20.0,20.0
Ireland,IRL,2011,20.0,20.0,20.0,20.0
Ireland,IRL,2012,20.0,20.0,20.0,20.0
Ireland,IRL,2013,20.0,20.0,20.0,20.0
Ireland,IRL,2014,20.0,20.0,20.0,20.0
Ireland,IRL,2015,20.0,20.0,20.0,20.0
Ireland,IRL,2016,20.0,20.0,20.0,20.0
Ireland,IRL,2017,20.0,20.0,20.0,20.0
Ireland,IRL,2018,20.0,20.0,20.0,20.0
Ireland,IRL,2019,20.0,20.0,20.0,20.0
Ireland,IRL,2020,20.0,20.0,20.0,20.0
Israel,ISR,2004,14.0,16.0,24.0,18.0
Israel,ISR,2005,14.0,16.0,24.0,18.0
Israel,ISR,2006,14.0,16.0,24.0,18.0
Israel,ISR,2007,14.0,16.0,24.0,18.0
Israel,ISR,2008,14.0,16.0,24.0,18.0
Israel,ISR,2009,14.0,16.0,24.0,18.0
Israel,ISR,2010,14.0,16.0,24.0,18.0
Israel,ISR,2011,14.0,16.0,24.0,18.0
Israel,ISR,2012,14.0,16.0,24.0,18.0
Israel,ISR,2013,14.0,16.0,24.0,18.0
Israel,ISR,2014,14.0,16.0,24.0,18.0
Israel,ISR,2015,14.0,16.0,24.0,18.0
Israel,ISR,2016,14.0,16.0,24.0,18.0
Israel,ISR,2017,14.0,16.0,24.0,18.0
Israel,ISR,2018,14.0,16.0,24.0,18.0
Israel,ISR,2019,14.0,16.0,24.0,18.0
Israel,ISR,2020,14.0,16.0,24.0,18.0
Italy,ITA,2004,26.0,26.0,26.0,26.0
Italy,ITA,2005,26.0,26.0,26.0,26.0
Italy,ITA,2006,26.0,26.0,26.0,26.0
Italy,ITA,2007,26.0,26.0,26.0,26.0
Italy,ITA,2008,26.0,26.0,26.0,26.0
Italy,ITA,2009,26.0,26.0,26.0,26.0
Italy,ITA,2010,26.0,26.0,26.0,26.0
Italy,ITA,2011,26.0,26.0,26.0,26.0
Italy,ITA,2012,26.0,26.0,26.0,26.0
Italy,ITA,2013,26.0,26.0,26.0,26.0
Italy,ITA,2014,26.0,26.0,26.0,26.0
Italy,ITA,2015,26.0,26.0,26.0,26.0
Italy,ITA,2016,26.0,26.0,26.0,26.0
Italy,ITA,2017,26.0,26.0,26.0,26.0
Italy,ITA,2018,26.0,26.0,26.0,26.0
Italy,ITA,2019,26.0,26.0,26.0,26.0
Italy,ITA,2020,26.0,26.0,26.0,26.0
Jamaica,JAM,2004,10.0,10.0,15.0,11.666666666666666
Jamaica,JAM,2005,10.0,10.0,15.0,11.666666666666666
Jamaica,JAM,2006,10.0,10.0,15.0,11.666666666666666
Jamaica,JAM,2007,10.0,10.0,15.0,11.666666666666666
Jamaica,JAM,2008,10.0,10.0,15.0,11.666666666666666
Jamaica,JAM,2009,10.0,10.0,15.0,11.666666666666666
Jamaica,JAM,2010,10.0,10.0,15.0,11.666666666666666
Jamaica,JAM,2011,10.0,10.0,15.0,11.666666666666666
Jamaica,JAM,2012,10.0,10.0,15.0,11.666666666666666
Jamaica,JAM,2013,10.0,10.0,15.0,11.666666666666666
Jamaica,JAM,2014,10.0,10.0,15.0,11.666666666666666
Jamaica,JAM,2015,10.0,10.0,15.0,11.666666666666666
Jamaica,JAM,2016,10.0,10.0,15.0,11.666666666666666
Jamaica,JAM,2017,10.0,10.0,15.0,11.666666666666666
Jamaica,JAM,2018,10.0,10.0,15.0,11.666666666666666
Jamaica,JAM,2019,10.0,10.0,15.0,11.666666666666666
Jamaica,JAM,2020,10.0,10.0,15.0,11.666666666666666
Japan Osaka,JPN_Osak,2004,10.0,16.0,20.0,15.3333333333333
Japan Osaka,JPN_Osak,2005,10.0,16.0,20.0,15.3333333333333
Japan Osaka,JPN_Osak,2006,10.0,16.0,20.0,15.3333333333333
Japan Osaka,JPN_Osak,2007,10.0,16.0,20.0,15.3333333333333
Japan Osaka,JPN_Osak,2008,10.0,16.0,20.0,15.3333333333333
Japan Osaka,JPN_Osak,2009,10.0,16.0,20.0,15.3333333333333
Japan Osaka,JPN_Osak,2010,10.0,16.0,20.0,15.3333333333333
Japan Osaka,JPN_Osak,2011,10.0,16.0,20.0,15.3333333333333
Japan Osaka,JPN_Osak,2012,10.0,16.0,20.0,15.3333333333333
Japan Osaka,JPN_Osak,2013,10.0,16.0,20.0,15.3333333333333
Japan Osaka,JPN_Osak,2014,10.0,16.0,20.0,15.3333333333333
Japan Osaka,JPN_Osak,2015,10.0,16.0,20.0,15.3333333333333
Japan Osaka,JPN_Osak,2016,10.0,16.0,20.0,15.3333333333333
Japan Osaka,JPN_Osak,2017,10.0,16.0,20.0,15.3333333333333
Japan Osaka,JPN_Osak,2018,10.0,16.0,20.0,15.3333333333333
Japan Osaka,JPN_Osak,2019,10.0,16.0,20.0,15.3333333333333
Japan Osaka,JPN_Osak,2020,10.0,16.0,20.0,15.3333333333333
Japan Tokyo,JPN,2004,10.0,16.0,20.0,15.3333333333333
Japan Tokyo,JPN,2005,10.0,16.0,20.0,15.3333333333333
Japan Tokyo,JPN,2006,10.0,16.0,20.0,15.3333333333333
Japan Tokyo,JPN,2007,10.0,16.0,20.0,15.3333333333333
Japan Tokyo,JPN,2008,10.0,16.0,20.0,15.3333333333333
Japan Tokyo,JPN,2009,10.0,16.0,20.0,15.3333333333333
Japan Tokyo,JPN,2010,10.0,16.0,20.0,15.3333333333333
Japan Tokyo,JPN,2011,10.0,16.0,20.0,15.3333333333333
Japan Tokyo,JPN,2012,10.0,16.0,20.0,15.333333333333334
Japan Tokyo,JPN,2013,10.0,16.0,20.0,15.3333333333333
Japan Tokyo,JPN,2014,10.0,16.0,20.0,15.3333333333333
Japan Tokyo,JPN,2015,10.0,16.0,20.0,15.3333333333333
Japan Tokyo,JPN,2016,10.0,16.0,20.0,15.3333333333333
Japan Tokyo,JPN,2017,10.0,16.0,20.0,15.3333333333333
Japan Tokyo,JPN,2018,10.0,16.0,20.0,15.3333333333333
Japan Tokyo,JPN,2019,10.0,16.0,20.0,15.3333333333333
Japan Tokyo,JPN,2020,10.0,16.0,20.0,15.3333333333333
Jordan,JOR,2004,14.0,21.0,21.0,18.6666666666667
Jordan,JOR,2005,14.0,21.0,21.0,18.6666666666667
Jordan,JOR,2006,14.0,21.0,21.0,18.6666666666667
Jordan,JOR,2007,14.0,21.0,21.0,18.6666666666667
Jordan,JOR,2008,14.0,21.0,21.0,18.6666666666667
Jordan,JOR,2009,14.0,21.0,21.0,18.6666666666667
Jordan,JOR,2010,14.0,21.0,21.0,18.6666666666667
Jordan,JOR,2011,14.0,21.0,21.0,18.6666666666667
Jordan,JOR,2012,14.0,21.0,21.0,18.666666666666668
Jordan,JOR,2013,14.0,21.0,21.0,18.6666666666667
Jordan,JOR,2014,14.0,21.0,21.0,18.6666666666667
Jordan,JOR,2015,14.0,21.0,21.0,18.6666666666667
Jordan,JOR,2016,14.0,21.0,21.0,18.6666666666667
Jordan,JOR,2017,14.0,21.0,21.0,18.6666666666667
Jordan,JOR,2018,14.0,21.0,21.0,18.6666666666667
Jordan,JOR,2019,14.0,21.0,21.0,18.6666666666667
Jordan,JOR,2020,14.0,21.0,21.0,18.6666666666667
Kazakhstan,KAZ,2004,14.0,14.0,14.0,14.0
Kazakhstan,KAZ,2005,14.0,14.0,14.0,14.0
Kazakhstan,KAZ,2006,14.0,14.0,14.0,14.0
Kazakhstan,KAZ,2007,14.0,14.0,14.0,14.0
Kazakhstan,KAZ,2008,18.0,18.0,18.0,18.0
Kazakhstan,KAZ,2009,18.0,18.0,18.0,18.0
Kazakhstan,KAZ,2010,18.0,18.0,18.0,18.0
Kazakhstan,KAZ,2011,18.0,18.0,18.0,18.0
Kazakhstan,KAZ,2012,18.0,18.0,18.0,18.0
Kazakhstan,KAZ,2013,18.0,18.0,18.0,18.0
Kazakhstan,KAZ,2014,18.0,18.0,18.0,18.0
Kazakhstan,KAZ,2015,18.0,18.0,18.0,18.0
Kazakhstan,KAZ,2016,18.0,18.0,18.0,18.0
Kazakhstan,KAZ,2017,18.0,18.0,18.0,18.0
Kazakhstan,KAZ,2018,18.0,18.0,18.0,18.0
Kazakhstan,KAZ,2019,18.0,18.0,18.0,18.0
Kazakhstan,KAZ,2020,18.0,18.0,18.0,18.0
Kenya,KEN,2004,21.0,21.0,21.0,21.0
Kenya,KEN,2005,21.0,21.0,21.0,21.0
Kenya,KEN,2006,21.0,21.0,21.0,21.0
Kenya,KEN,2007,21.0,21.0,21.0,21.0
Kenya,KEN,2008,21.0,21.0,21.0,21.0
Kenya,KEN,2009,21.0,21.0,21.0,21.0
Kenya,KEN,2010,21.0,21.0,21.0,21.0
Kenya,KEN,2011,21.0,21.0,21.0,21.0
Kenya,KEN,2012,21.0,21.0,21.0,21.0
Kenya,KEN,2013,21.0,21.0,21.0,21.0
Kenya,KEN,2014,21.0,21.0,21.0,21.0
Kenya,KEN,2015,21.0,21.0,21.0,21.0
Kenya,KEN,2016,21.0,21.0,21.0,21.0
Kenya,KEN,2017,21.0,21.0,21.0,21.0
Kenya,KEN,2018,21.0,21.0,21.0,21.0
Kenya,KEN,2019,21.0,21.0,21.0,21.0
Kenya,KEN,2020,21.0,21.0,21.0,21.0
Kiribati,KIR,2004,0.0,0.0,0.0,0.0
Kiribati,KIR,2005,0.0,0.0,0.0,0.0
Kiribati,KIR,2006,0.0,0.0,0.0,0.0
Kiribati,KIR,2007,0.0,0.0,0.0,0.0
Kiribati,KIR,2008,0.0,0.0,0.0,0.0
Kiribati,KIR,2009,0.0,0.0,0.0,0.0
Kiribati,KIR,2010,0.0,0.0,0.0,0.0
Kiribati,KIR,2011,0.0,0.0,0.0,0.0
Kiribati,KIR,2012,0.0,0.0,0.0,0.0
Kiribati,KIR,2013,0.0,0.0,0.0,0.0
Kiribati,KIR,2014,0.0,0.0,0.0,0.0
Kiribati,KIR,2015,0.0,0.0,0.0,0.0
Kiribati,KIR,2016,0.0,0.0,0.0,0.0
Kiribati,KIR,2017,0.0,0.0,0.0,0.0
Kiribati,KIR,2018,30.0,30.0,30.0,30.0
Kiribati,KIR,2019,30.0,30.0,30.0,30.0
Kiribati,KIR,2020,30.0,30.0,30.0,30.0
"Korea, Rep.",KOR,2004,15.0,17.0,19.0,17.0
"Korea, Rep.",KOR,2005,15.0,17.0,19.0,17.0
"Korea, Rep.",KOR,2006,15.0,17.0,19.0,17.0
"Korea, Rep.",KOR,2007,15.0,17.0,19.0,17.0
"Korea, Rep.",KOR,2008,15.0,17.0,19.0,17.0
"Korea, Rep.",KOR,2009,15.0,17.0,19.0,17.0
"Korea, Rep.",KOR,2010,15.0,17.0,19.0,17.0
"Korea, Rep.",KOR,2011,15.0,17.0,19.0,17.0
"Korea, Rep.",KOR,2012,15.0,17.0,19.0,17.0
"Korea, Rep.",KOR,2013,15.0,17.0,19.0,17.0
"Korea, Rep.",KOR,2014,15.0,17.0,19.0,17.0
"Korea, Rep.",KOR,2015,15.0,17.0,19.0,17.0
"Korea, Rep.",KOR,2016,15.0,17.0,19.0,17.0
"Korea, Rep.",KOR,2017,15.0,17.0,19.0,17.0
"Korea, Rep.",KOR,2018,15.0,17.0,19.0,17.0
"Korea, Rep.",KOR,2019,15.0,17.0,19.0,17.0
"Korea, Rep.",KOR,2020,15.0,17.0,19.0,17.0
Kosovo,KSV,2004,12.0,18.0,18.0,16.0
Kosovo,KSV,2005,12.0,18.0,18.0,16.0
Kosovo,KSV,2006,12.0,18.0,18.0,16.0
Kosovo,KSV,2007,12.0,18.0,18.0,16.0
Kosovo,KSV,2008,12.0,18.0,18.0,16.0
Kosovo,KSV,2009,12.0,18.0,18.0,16.0
Kosovo,KSV,2010,12.0,18.0,18.0,16.0
Kosovo,KSV,2011,12.0,18.0,18.0,16.0
Kosovo,KSV,2012,20.0,21.0,22.0,21.0
Kosovo,KSV,2013,20.0,21.0,22.0,21.0
Kosovo,KSV,2014,20.0,21.0,22.0,21.0
Kosovo,KSV,2015,20.0,21.0,22.0,21.0
Kosovo,KSV,2016,20.0,21.0,22.0,21.0
Kosovo,KSV,2017,20.0,21.0,22.0,21.0
Kosovo,KSV,2018,20.0,21.0,22.0,21.0
Kosovo,KSV,2019,20.0,21.0,22.0,21.0
Kosovo,KSV,2020,20.0,21.0,22.0,21.0
Kuwait,KWT,2004,14.0,21.0,21.0,18.666666666666668
Kuwait,KWT,2005,14.0,21.0,21.0,18.666666666666668
Kuwait,KWT,2006,14.0,21.0,21.0,18.666666666666668
Kuwait,KWT,2007,14.0,21.0,21.0,18.666666666666668
Kuwait,KWT,2008,14.0,21.0,21.0,18.666666666666668
Kuwait,KWT,2009,14.0,21.0,21.0,18.666666666666668
Kuwait,KWT,2010,14.0,21.0,21.0,18.666666666666668
Kuwait,KWT,2011,30.0,30.0,30.0,30.0
Kuwait,KWT,2012,30.0,30.0,30.0,30.0
Kuwait,KWT,2013,30.0,30.0,30.0,30.0
Kuwait,KWT,2014,30.0,30.0,30.0,30.0
Kuwait,KWT,2015,30.0,30.0,30.0,30.0
Kuwait,KWT,2016,30.0,30.0,30.0,30.0
Kuwait,KWT,2017,30.0,30.0,30.0,30.0
Kuwait,KWT,2018,30.0,30.0,30.0,30.0
Kuwait,KWT,2019,30.0,30.0,30.0,30.0
Kuwait,KWT,2020,30.0,30.0,30.0,30.0
Kyrgyz Republic,KGZ,2004,20.0,20.0,20.0,20.0
Kyrgyz Republic,KGZ,2005,20.0,20.0,20.0,20.0
Kyrgyz Republic,KGZ,2006,20.0,20.0,20.0,20.0
Kyrgyz Republic,KGZ,2007,20.0,20.0,20.0,20.0
Kyrgyz Republic,KGZ,2008,20.0,20.0,20.0,20.0
Kyrgyz Republic,KGZ,2009,20.0,20.0,20.0,20.0
Kyrgyz Republic,KGZ,2010,20.0,20.0,20.0,20.0
Kyrgyz Republic,KGZ,2011,20.0,20.0,20.0,20.0
Kyrgyz Republic,KGZ,2012,20.0,20.0,20.0,20.0
Kyrgyz Republic,KGZ,2013,20.0,20.0,20.0,20.0
Kyrgyz Republic,KGZ,2014,20.0,20.0,20.0,20.0
Kyrgyz Republic,KGZ,2015,20.0,20.0,20.0,20.0
Kyrgyz Republic,KGZ,2016,20.0,20.0,20.0,20.0
Kyrgyz Republic,KGZ,2017,20.0,20.0,20.0,20.0
Kyrgyz Republic,KGZ,2018,20.0,20.0,20.0,20.0
Kyrgyz Republic,KGZ,2019,20.0,20.0,20.0,20.0
Kyrgyz Republic,KGZ,2020,20.0,20.0,20.0,20.0
Lao PDR,LAO,2004,15.0,15.0,15.0,15.0
Lao PDR,LAO,2005,15.0,15.0,15.0,15.0
Lao PDR,LAO,2006,15.0,15.0,15.0,15.0
Lao PDR,LAO,2007,15.0,15.0,15.0,15.0
Lao PDR,LAO,2008,15.0,15.0,15.0,15.0
Lao PDR,LAO,2009,15.0,15.0,15.0,15.0
Lao PDR,LAO,2010,15.0,15.0,15.0,15.0
Lao PDR,LAO,2011,15.0,15.0,15.0,15.0
Lao PDR,LAO,2012,15.0,15.0,15.0,15.0
Lao PDR,LAO,2013,15.0,15.0,15.0,15.0
Lao PDR,LAO,2014,15.0,15.0,15.0,15.0
Lao PDR,LAO,2015,15.0,15.0,15.0,15.0
Lao PDR,LAO,2016,15.0,15.0,15.0,15.0
Lao PDR,LAO,2017,15.0,15.0,15.0,15.0
Lao PDR,LAO,2018,15.0,15.0,15.0,15.0
Lao PDR,LAO,2019,15.0,15.0,15.0,15.0
Lao PDR,LAO,2020,15.0,15.0,15.0,15.0
Latvia,LVA,2004,20.0,20.0,20.0,20.0
Latvia,LVA,2005,20.0,20.0,20.0,20.0
Latvia,LVA,2006,20.0,20.0,20.0,20.0
Latvia,LVA,2007,20.0,20.0,20.0,20.0
Latvia,LVA,2008,20.0,20.0,20.0,20.0
Latvia,LVA,2009,20.0,20.0,20.0,20.0
Latvia,LVA,2010,20.0,20.0,20.0,20.0
Latvia,LVA,2011,20.0,20.0,20.0,20.0
Latvia,LVA,2012,20.0,20.0,20.0,20.0
Latvia,LVA,2013,20.0,20.0,20.0,20.0
Latvia,LVA,2014,20.0,20.0,20.0,20.0
Latvia,LVA,2015,20.0,20.0,20.0,20.0
Latvia,LVA,2016,20.0,20.0,20.0,20.0
Latvia,LVA,2017,20.0,20.0,20.0,20.0
Latvia,LVA,2018,20.0,20.0,20.0,20.0
Latvia,LVA,2019,20.0,20.0,20.0,20.0
Latvia,LVA,2020,20.0,20.0,20.0,20.0
Lebanon,LBN,2004,15.0,15.0,15.0,15.0
Lebanon,LBN,2005,15.0,15.0,15.0,15.0
Lebanon,LBN,2006,15.0,15.0,15.0,15.0
Lebanon,LBN,2007,15.0,15.0,15.0,15.0
Lebanon,LBN,2008,15.0,15.0,15.0,15.0
Lebanon,LBN,2009,15.0,15.0,15.0,15.0
Lebanon,LBN,2010,15.0,15.0,15.0,15.0
Lebanon,LBN,2011,15.0,15.0,15.0,15.0
Lebanon,LBN,2012,15.0,15.0,15.0,15.0
Lebanon,LBN,2013,15.0,15.0,15.0,15.0
Lebanon,LBN,2014,15.0,15.0,15.0,15.0
Lebanon,LBN,2015,15.0,15.0,15.0,15.0
Lebanon,LBN,2016,15.0,15.0,15.0,15.0
Lebanon,LBN,2017,15.0,15.0,15.0,15.0
Lebanon,LBN,2018,15.0,15.0,15.0,15.0
Lebanon,LBN,2019,15.0,15.0,15.0,15.0
Lebanon,LBN,2020,15.0,15.0,15.0,15.0
Lesotho,LSO,2004,12.0,12.0,12.0,12.0
Lesotho,LSO,2005,12.0,12.0,12.0,12.0
Lesotho,LSO,2006,12.0,12.0,12.0,12.0
Lesotho,LSO,2007,12.0,12.0,12.0,12.0
Lesotho,LSO,2008,12.0,12.0,12.0,12.0
Lesotho,LSO,2009,12.0,12.0,12.0,12.0
Lesotho,LSO,2010,12.0,12.0,12.0,12.0
Lesotho,LSO,2011,12.0,12.0,12.0,12.0
Lesotho,LSO,2012,12.0,12.0,12.0,12.0
Lesotho,LSO,2013,12.0,12.0,12.0,12.0
Lesotho,LSO,2014,12.0,12.0,12.0,12.0
Lesotho,LSO,2015,12.0,12.0,12.0,12.0
Lesotho,LSO,2016,12.0,12.0,12.0,12.0
Lesotho,LSO,2017,12.0,12.0,12.0,12.0
Lesotho,LSO,2018,12.0,12.0,12.0,12.0
Lesotho,LSO,2019,12.0,12.0,12.0,12.0
Lesotho,LSO,2020,12.0,12.0,12.0,12.0
Liberia,LBR,2004,0.0,24.0,24.0,16.0
Liberia,LBR,2005,0.0,24.0,24.0,16.0
Liberia,LBR,2006,0.0,24.0,24.0,16.0
Liberia,LBR,2007,0.0,24.0,24.0,16.0
Liberia,LBR,2008,0.0,24.0,24.0,16.0
Liberia,LBR,2009,0.0,24.0,24.0,16.0
Liberia,LBR,2010,0.0,24.0,24.0,16.0
Liberia,LBR,2011,0.0,24.0,24.0,16.0
Liberia,LBR,2012,0.0,24.0,24.0,16.0
Liberia,LBR,2013,0.0,24.0,24.0,16.0
Liberia,LBR,2014,0.0,24.0,24.0,16.0
Liberia,LBR,2015,0.0,24.0,24.0,16.0
Liberia,LBR,2016,0.0,24.0,24.0,16.0
Liberia,LBR,2017,5.5,22.0,22.0,16.5
Liberia,LBR,2018,5.5,22.0,22.0,16.5
Liberia,LBR,2019,5.5,22.0,22.0,16.5
Liberia,LBR,2020,5.5,22.0,22.0,16.5
Libya,LBY,2004,16.0,24.0,24.0,21.333333333333332
Libya,LBY,2005,16.0,24.0,24.0,21.333333333333332
Libya,LBY,2006,16.0,24.0,24.0,21.333333333333332
Libya,LBY,2007,16.0,24.0,24.0,21.333333333333332
Libya,LBY,2008,16.0,24.0,24.0,21.333333333333332
Libya,LBY,2009,16.0,24.0,24.0,21.333333333333332
Libya,LBY,2010,30.0,30.0,30.0,30.0
Libya,LBY,2011,30.0,30.0,30.0,30.0
Libya,LBY,2012,30.0,30.0,30.0,30.0
Libya,LBY,2013,30.0,30.0,30.0,30.0
Libya,LBY,2014,30.0,30.0,30.0,30.0
Libya,LBY,2015,30.0,30.0,30.0,30.0
Libya,LBY,2016,30.0,30.0,30.0,30.0
Libya,LBY,2017,30.0,30.0,30.0,30.0
Libya,LBY,2018,30.0,30.0,30.0,30.0
Libya,LBY,2019,30.0,30.0,30.0,30.0
Libya,LBY,2020,30.0,30.0,30.0,30.0
Liechtenstein,LIE,2004,22.0,22.0,22.0,22.0
Liechtenstein,LIE,2005,22.0,22.0,22.0,22.0
Liechtenstein,LIE,2006,22.0,22.0,22.0,22.0
Liechtenstein,LIE,2007,22.0,22.0,22.0,22.0
Liechtenstein,LIE,2008,22.0,22.0,22.0,22.0
Liechtenstein,LIE,2009,22.0,22.0,22.0,22.0
Liechtenstein,LIE,2010,22.0,22.0,22.0,22.0
Liechtenstein,LIE,2011,22.0,22.0,22.0,22.0
Liechtenstein,LIE,2012,22.0,22.0,22.0,22.0
Liechtenstein,LIE,2013,22.0,22.0,22.0,22.0
Liechtenstein,LIE,2014,22.0,22.0,22.0,22.0
Liechtenstein,LIE,2015,22.0,22.0,22.0,22.0
Liechtenstein,LIE,2016,22.0,22.0,22.0,22.0
Liechtenstein,LIE,2017,22.0,22.0,22.0,22.0
Liechtenstein,LIE,2018,22.0,22.0,22.0,22.0
Liechtenstein,LIE,2019,22.0,22.0,22.0,22.0
Liechtenstein,LIE,2020,22.0,22.0,22.0,22.0
Lithuania,LTU,2004,20.0,20.0,22.0,20.666666666666668
Lithuania,LTU,2005,20.0,20.0,22.0,20.666666666666668
Lithuania,LTU,2006,20.0,20.0,22.0,20.666666666666668
Lithuania,LTU,2007,20.0,20.0,22.0,20.666666666666668
Lithuania,LTU,2008,20.0,20.0,22.0,20.666666666666668
Lithuania,LTU,2009,20.0,20.0,22.0,20.666666666666668
Lithuania,LTU,2010,20.0,20.0,22.0,20.666666666666668
Lithuania,LTU,2011,20.0,20.0,22.0,20.666666666666668
Lithuania,LTU,2012,20.0,20.0,22.0,20.666666666666668
Lithuania,LTU,2013,20.0,20.0,22.0,20.6666666666667
Lithuania,LTU,2014,20.0,20.0,22.0,20.6666666666667
Lithuania,LTU,2015,20.0,20.0,22.0,20.6666666666667
Lithuania,LTU,2016,20.0,20.0,22.0,20.6666666666667
Lithuania,LTU,2017,20.0,20.0,22.0,20.6666666666667
Lithuania,LTU,2018,20.0,20.0,22.0,20.6666666666667
Lithuania,LTU,2019,20.0,20.0,23.0,21.0
Lithuania,LTU,2020,20.0,20.0,23.0,21.0
Luxembourg,LUX,2004,25.0,25.0,25.0,25.0
Luxembourg,LUX,2005,25.0,25.0,25.0,25.0
Luxembourg,LUX,2006,25.0,25.0,25.0,25.0
Luxembourg,LUX,2007,25.0,25.0,25.0,25.0
Luxembourg,LUX,2008,25.0,25.0,25.0,25.0
Luxembourg,LUX,2009,25.0,25.0,25.0,25.0
Luxembourg,LUX,2010,25.0,25.0,25.0,25.0
Luxembourg,LUX,2011,25.0,25.0,25.0,25.0
Luxembourg,LUX,2012,25.0,25.0,25.0,25.0
Luxembourg,LUX,2013,25.0,25.0,25.0,25.0
Luxembourg,LUX,2014,25.0,25.0,25.0,25.0
Luxembourg,LUX,2015,25.0,25.0,25.0,25.0
Luxembourg,LUX,2016,25.0,25.0,25.0,25.0
Luxembourg,LUX,2017,25.0,25.0,25.0,25.0
Luxembourg,LUX,2018,25.0,25.0,25.0,25.0
Luxembourg,LUX,2019,25.0,25.0,25.0,25.0
Luxembourg,LUX,2020,26.0,26.0,26.0,26.0
Madagascar,MDG,2004,24.0,24.0,24.0,24.0
Madagascar,MDG,2005,24.0,24.0,24.0,24.0
Madagascar,MDG,2006,24.0,24.0,24.0,24.0
Madagascar,MDG,2007,24.0,24.0,24.0,24.0
Madagascar,MDG,2008,24.0,24.0,24.0,24.0
Madagascar,MDG,2009,24.0,24.0,24.0,24.0
Madagascar,MDG,2010,24.0,24.0,24.0,24.0
Madagascar,MDG,2011,24.0,24.0,24.0,24.0
Madagascar,MDG,2012,24.0,24.0,24.0,24.0
Madagascar,MDG,2013,24.0,24.0,24.0,24.0
Madagascar,MDG,2014,24.0,24.0,24.0,24.0
Madagascar,MDG,2015,24.0,24.0,24.0,24.0
Madagascar,MDG,2016,24.0,24.0,24.0,24.0
Madagascar,MDG,2017,24.0,24.0,24.0,24.0
Madagascar,MDG,2018,24.0,24.0,24.0,24.0
Madagascar,MDG,2019,24.0,24.0,24.0,24.0
Madagascar,MDG,2020,24.0,24.0,24.0,24.0
Malawi,MWI,2004,18.0,18.0,18.0,18.0
Malawi,MWI,2005,18.0,18.0,18.0,18.0
Malawi,MWI,2006,18.0,18.0,18.0,18.0
Malawi,MWI,2007,18.0,18.0,18.0,18.0
Malawi,MWI,2008,18.0,18.0,18.0,18.0
Malawi,MWI,2009,18.0,18.0,18.0,18.0
Malawi,MWI,2010,18.0,18.0,18.0,18.0
Malawi,MWI,2011,18.0,18.0,18.0,18.0
Malawi,MWI,2012,18.0,18.0,18.0,18.0
Malawi,MWI,2013,18.0,18.0,18.0,18.0
Malawi,MWI,2014,18.0,18.0,18.0,18.0
Malawi,MWI,2015,18.0,18.0,18.0,18.0
Malawi,MWI,2016,18.0,18.0,18.0,18.0
Malawi,MWI,2017,18.0,18.0,18.0,18.0
Malawi,MWI,2018,18.0,18.0,18.0,18.0
Malawi,MWI,2019,18.0,18.0,18.0,18.0
Malawi,MWI,2020,18.0,18.0,18.0,18.0
Malaysia,MYS,2004,8.0,16.0,16.0,13.333333333333334
Malaysia,MYS,2005,8.0,16.0,16.0,13.333333333333334
Malaysia,MYS,2006,8.0,16.0,16.0,13.333333333333334
Malaysia,MYS,2007,8.0,16.0,16.0,13.333333333333334
Malaysia,MYS,2008,8.0,16.0,16.0,13.333333333333334
Malaysia,MYS,2009,8.0,16.0,16.0,13.333333333333334
Malaysia,MYS,2010,8.0,16.0,16.0,13.333333333333334
Malaysia,MYS,2011,8.0,16.0,16.0,13.333333333333334
Malaysia,MYS,2012,8.0,16.0,16.0,13.333333333333334
Malaysia,MYS,2013,8.0,16.0,16.0,13.333333333333334
Malaysia,MYS,2014,8.0,16.0,16.0,13.3333333333333
Malaysia,MYS,2015,8.0,16.0,16.0,13.3333333333333
Malaysia,MYS,2016,8.0,16.0,16.0,13.3333333333333
Malaysia,MYS,2017,8.0,16.0,16.0,13.3333333333333
Malaysia,MYS,2018,8.0,16.0,16.0,13.3333333333333
Malaysia,MYS,2019,8.0,16.0,16.0,13.3333333333333
Malaysia,MYS,2020,8.0,16.0,16.0,13.3333333333333
Maldives,MDV,2004,30.0,30.0,30.0,30.0
Maldives,MDV,2005,30.0,30.0,30.0,30.0
Maldives,MDV,2006,30.0,30.0,30.0,30.0
Maldives,MDV,2007,30.0,30.0,30.0,30.0
Maldives,MDV,2008,30.0,30.0,30.0,30.0
Maldives,MDV,2009,30.0,30.0,30.0,30.0
Maldives,MDV,2010,30.0,30.0,30.0,30.0
Maldives,MDV,2011,30.0,30.0,30.0,30.0
Maldives,MDV,2012,30.0,30.0,30.0,30.0
Maldives,MDV,2013,30.0,30.0,30.0,30.0
Maldives,MDV,2014,30.0,30.0,30.0,30.0
Maldives,MDV,2015,30.0,30.0,30.0,30.0
Maldives,MDV,2016,30.0,30.0,30.0,30.0
Maldives,MDV,2017,30.0,30.0,30.0,30.0
Maldives,MDV,2018,30.0,30.0,30.0,30.0
Maldives,MDV,2019,30.0,30.0,30.0,30.0
Maldives,MDV,2020,30.0,30.0,30.0,30.0
Mali,MLI,2004,22.0,22.0,22.0,22.0
Mali,MLI,2005,22.0,22.0,22.0,22.0
Mali,MLI,2006,22.0,22.0,22.0,22.0
Mali,MLI,2007,22.0,22.0,22.0,22.0
Mali,MLI,2008,22.0,22.0,22.0,22.0
Mali,MLI,2009,22.0,22.0,22.0,22.0
Mali,MLI,2010,22.0,22.0,22.0,22.0
Mali,MLI,2011,22.0,22.0,22.0,22.0
Mali,MLI,2012,22.0,22.0,22.0,22.0
Mali,MLI,2013,22.0,22.0,22.0,22.0
Mali,MLI,2014,22.0,22.0,22.0,22.0
Mali,MLI,2015,22.0,22.0,22.0,22.0
Mali,MLI,2016,22.0,22.0,22.0,22.0
Mali,MLI,2017,22.0,22.0,22.0,22.0
Mali,MLI,2018,22.0,22.0,22.0,22.0
Mali,MLI,2019,22.0,22.0,22.0,22.0
Mali,MLI,2020,22.0,22.0,22.0,22.0
Malta,MLT,2004,24.0,24.0,24.0,24.0
Malta,MLT,2005,24.0,24.0,24.0,24.0
Malta,MLT,2006,24.0,24.0,24.0,24.0
Malta,MLT,2007,24.0,24.0,24.0,24.0
Malta,MLT,2008,24.0,24.0,24.0,24.0
Malta,MLT,2009,24.0,24.0,24.0,24.0
Malta,MLT,2010,24.0,24.0,24.0,24.0
Malta,MLT,2011,24.0,24.0,24.0,24.0
Malta,MLT,2012,24.0,24.0,24.0,24.0
Malta,MLT,2013,24.0,24.0,24.0,24.0
Malta,MLT,2014,24.0,24.0,24.0,24.0
Malta,MLT,2015,24.0,24.0,24.0,24.0
Malta,MLT,2016,24.0,24.0,24.0,24.0
Malta,MLT,2017,24.0,24.0,24.0,24.0
Malta,MLT,2018,24.0,24.0,24.0,24.0
Malta,MLT,2019,24.0,24.0,24.0,24.0
Malta,MLT,2020,26.0,26.0,26.0,26.0
Marshall Islands,MHL,2004,0.0,0.0,0.0,0.0
Marshall Islands,MHL,2005,0.0,0.0,0.0,0.0
Marshall Islands,MHL,2006,0.0,0.0,0.0,0.0
Marshall Islands,MHL,2007,0.0,0.0,0.0,0.0
Marshall Islands,MHL,2008,0.0,0.0,0.0,0.0
Marshall Islands,MHL,2009,0.0,0.0,0.0,0.0
Marshall Islands,MHL,2010,0.0,0.0,0.0,0.0
Marshall Islands,MHL,2011,0.0,0.0,0.0,0.0
Marshall Islands,MHL,2012,0.0,0.0,0.0,0.0
Marshall Islands,MHL,2013,0.0,0.0,0.0,0.0
Marshall Islands,MHL,2014,0.0,0.0,0.0,0.0
Marshall Islands,MHL,2015,0.0,0.0,0.0,0.0
Marshall Islands,MHL,2016,0.0,0.0,0.0,0.0
Marshall Islands,MHL,2017,0.0,0.0,0.0,0.0
Marshall Islands,MHL,2018,0.0,0.0,0.0,0.0
Marshall Islands,MHL,2019,0.0,0.0,0.0,0.0
Marshall Islands,MHL,2020,0.0,0.0,0.0,0.0
Mauritania,MRT,2004,18.0,18.0,18.0,18.0
Mauritania,MRT,2005,18.0,18.0,18.0,18.0
Mauritania,MRT,2006,18.0,18.0,18.0,18.0
Mauritania,MRT,2007,18.0,18.0,18.0,18.0
Mauritania,MRT,2008,18.0,18.0,18.0,18.0
Mauritania,MRT,2009,18.0,18.0,18.0,18.0
Mauritania,MRT,2010,18.0,18.0,18.0,18.0
Mauritania,MRT,2011,18.0,18.0,18.0,18.0
Mauritania,MRT,2012,18.0,18.0,18.0,18.0
Mauritania,MRT,2013,18.0,18.0,18.0,18.0
Mauritania,MRT,2014,18.0,18.0,18.0,18.0
Mauritania,MRT,2015,18.0,18.0,18.0,18.0
Mauritania,MRT,2016,18.0,18.0,18.0,18.0
Mauritania,MRT,2017,18.0,18.0,18.0,18.0
Mauritania,MRT,2018,18.0,18.0,18.0,18.0
Mauritania,MRT,2019,18.0,18.0,18.0,18.0
Mauritania,MRT,2020,18.0,18.0,18.0,18.0
Mauritius,MUS,2004,14.0,14.0,14.0,14.0
Mauritius,MUS,2005,17.0,17.0,17.0,17.0
Mauritius,MUS,2006,17.0,17.0,17.0,17.0
Mauritius,MUS,2007,17.0,17.0,17.0,17.0
Mauritius,MUS,2008,17.0,17.0,17.0,17.0
Mauritius,MUS,2009,17.0,17.0,17.0,17.0
Mauritius,MUS,2010,17.0,17.0,17.0,17.0
Mauritius,MUS,2011,17.0,17.0,17.0,17.0
Mauritius,MUS,2012,17.0,17.0,17.0,17.0
Mauritius,MUS,2013,17.0,17.0,17.0,17.0
Mauritius,MUS,2014,17.0,17.0,17.0,17.0
Mauritius,MUS,2015,17.0,17.0,17.0,17.0
Mauritius,MUS,2016,17.0,17.0,17.0,17.0
Mauritius,MUS,2017,17.0,17.0,17.0,17.0
Mauritius,MUS,2018,17.0,17.0,17.0,17.0
Mauritius,MUS,2019,17.0,17.0,17.0,17.0
Mauritius,MUS,2020,17.0,17.0,17.0,17.0
Mexico Mexico City,MEX,2004,6.0,14.0,16.0,12.0
Mexico Mexico City,MEX,2005,6.0,14.0,16.0,12.0
Mexico Mexico City,MEX,2006,6.0,14.0,16.0,12.0
Mexico Mexico City,MEX,2007,6.0,14.0,16.0,12.0
Mexico Mexico City,MEX,2008,6.0,14.0,16.0,12.0
Mexico Mexico City,MEX,2009,6.0,14.0,16.0,12.0
Mexico Mexico City,MEX,2010,6.0,14.0,16.0,12.0
Mexico Mexico City,MEX,2011,6.0,14.0,16.0,12.0
Mexico Mexico City,MEX,2012,6.0,14.0,16.0,12.0
Mexico Mexico City,MEX,2013,6.0,14.0,16.0,12.0
Mexico Mexico City,MEX,2014,6.0,14.0,16.0,12.0
Mexico Mexico City,MEX,2015,6.0,14.0,16.0,12.0
Mexico Mexico City,MEX,2016,6.0,14.0,16.0,12.0
Mexico Mexico City,MEX,2017,6.0,14.0,16.0,12.0
Mexico Mexico City,MEX,2018,6.0,14.0,16.0,12.0
Mexico Mexico City,MEX,2019,6.0,14.0,16.0,12.0
Mexico Mexico City,MEX,2020,6.0,14.0,16.0,12.0
Mexico Monterrey,MEX_Mont,2004,6.0,14.0,16.0,12.0
Mexico Monterrey,MEX_Mont,2005,6.0,14.0,16.0,12.0
Mexico Monterrey,MEX_Mont,2006,6.0,14.0,16.0,12.0
Mexico Monterrey,MEX_Mont,2007,6.0,14.0,16.0,12.0
Mexico Monterrey,MEX_Mont,2008,6.0,14.0,16.0,12.0
Mexico Monterrey,MEX_Mont,2009,6.0,14.0,16.0,12.0
Mexico Monterrey,MEX_Mont,2010,6.0,14.0,16.0,12.0
Mexico Monterrey,MEX_Mont,2011,6.0,14.0,16.0,12.0
Mexico Monterrey,MEX_Mont,2012,6.0,14.0,16.0,12.0
Mexico Monterrey,MEX_Mont,2013,6.0,14.0,16.0,12.0
Mexico Monterrey,MEX_Mont,2014,6.0,14.0,16.0,12.0
Mexico Monterrey,MEX_Mont,2015,6.0,14.0,16.0,12.0
Mexico Monterrey,MEX_Mont,2016,6.0,14.0,16.0,12.0
Mexico Monterrey,MEX_Mont,2017,6.0,14.0,16.0,12.0
Mexico Monterrey,MEX_Mont,2018,6.0,14.0,16.0,12.0
Mexico Monterrey,MEX_Mont,2019,6.0,14.0,16.0,12.0
Mexico Monterrey,MEX_Mont,2020,6.0,14.0,16.0,12.0
"Micronesia, Fed. Sts.",FSM,2004,0.0,0.0,0.0,0.0
"Micronesia, Fed. Sts.",FSM,2005,0.0,0.0,0.0,0.0
"Micronesia, Fed. Sts.",FSM,2006,0.0,0.0,0.0,0.0
"Micronesia, Fed. Sts.",FSM,2007,0.0,0.0,0.0,0.0
"Micronesia, Fed. Sts.",FSM,2008,0.0,0.0,0.0,0.0
"Micronesia, Fed. Sts.",FSM,2009,0.0,0.0,0.0,0.0
"Micronesia, Fed. Sts.",FSM,2010,0.0,0.0,0.0,0.0
"Micronesia, Fed. Sts.",FSM,2011,0.0,0.0,0.0,0.0
"Micronesia, Fed. Sts.",FSM,2012,0.0,0.0,0.0,0.0
"Micronesia, Fed. Sts.",FSM,2013,0.0,0.0,0.0,0.0
"Micronesia, Fed. Sts.",FSM,2014,0.0,0.0,0.0,0.0
"Micronesia, Fed. Sts.",FSM,2015,0.0,0.0,0.0,0.0
"Micronesia, Fed. Sts.",FSM,2016,0.0,0.0,0.0,0.0
"Micronesia, Fed. Sts.",FSM,2017,0.0,0.0,0.0,0.0
"Micronesia, Fed. Sts.",FSM,2018,0.0,0.0,0.0,0.0
"Micronesia, Fed. Sts.",FSM,2019,0.0,0.0,0.0,0.0
"Micronesia, Fed. Sts.",FSM,2020,0.0,0.0,0.0,0.0
Moldova,MDA,2004,20.0,20.0,20.0,20.0
Moldova,MDA,2005,20.0,20.0,20.0,20.0
Moldova,MDA,2006,20.0,20.0,20.0,20.0
Moldova,MDA,2007,20.0,20.0,20.0,20.0
Moldova,MDA,2008,20.0,20.0,20.0,20.0
Moldova,MDA,2009,20.0,20.0,20.0,20.0
Moldova,MDA,2010,20.0,20.0,20.0,20.0
Moldova,MDA,2011,20.0,20.0,20.0,20.0
Moldova,MDA,2012,20.0,20.0,20.0,20.0
Moldova,MDA,2013,20.0,20.0,20.0,20.0
Moldova,MDA,2014,20.0,20.0,20.0,20.0
Moldova,MDA,2015,20.0,20.0,20.0,20.0
Moldova,MDA,2016,20.0,20.0,20.0,20.0
Moldova,MDA,2017,20.0,20.0,20.0,20.0
Moldova,MDA,2018,20.0,20.0,20.0,20.0
Moldova,MDA,2019,20.0,20.0,20.0,20.0
Moldova,MDA,2020,20.0,20.0,20.0,20.0
Mongolia,MNG,2004,15.0,15.0,18.0,16.0
Mongolia,MNG,2005,15.0,15.0,18.0,16.0
Mongolia,MNG,2006,15.0,15.0,18.0,16.0
Mongolia,MNG,2007,15.0,15.0,18.0,16.0
Mongolia,MNG,2008,15.0,15.0,18.0,16.0
Mongolia,MNG,2009,15.0,15.0,18.0,16.0
Mongolia,MNG,2010,15.0,15.0,18.0,16.0
Mongolia,MNG,2011,15.0,15.0,18.0,16.0
Mongolia,MNG,2012,15.0,15.0,18.0,16.0
Mongolia,MNG,2013,15.0,15.0,18.0,16.0
Mongolia,MNG,2014,15.0,15.0,18.0,16.0
Mongolia,MNG,2015,15.0,15.0,18.0,16.0
Mongolia,MNG,2016,15.0,15.0,18.0,16.0
Mongolia,MNG,2017,15.0,15.0,18.0,16.0
Mongolia,MNG,2018,15.0,15.0,18.0,16.0
Mongolia,MNG,2019,15.0,15.0,18.0,16.0
Mongolia,MNG,2020,15.0,15.0,18.0,16.0
Montenegro,MNE,2004,18.0,18.0,18.0,18.0
Montenegro,MNE,2005,18.0,18.0,18.0,18.0
Montenegro,MNE,2006,18.0,18.0,18.0,18.0
Montenegro,MNE,2007,18.0,18.0,18.0,18.0
Montenegro,MNE,2008,18.0,18.0,18.0,18.0
Montenegro,MNE,2009,18.0,18.0,18.0,18.0
Montenegro,MNE,2010,19.0,19.0,19.0,19.0
Montenegro,MNE,2011,19.0,19.0,19.0,19.0
Montenegro,MNE,2012,19.0,19.0,19.0,19.0
Montenegro,MNE,2013,21.0,21.0,21.0,21.0
Montenegro,MNE,2014,21.0,21.0,21.0,21.0
Montenegro,MNE,2015,20.0,21.0,21.0,20.6666666666667
Montenegro,MNE,2016,20.0,21.0,21.0,20.6666666666667
Montenegro,MNE,2017,20.0,21.0,21.0,20.6666666666667
Montenegro,MNE,2018,20.0,21.0,21.0,20.6666666666667
Montenegro,MNE,2019,20.0,21.0,21.0,20.6666666666667
Montenegro,MNE,2020,20.0,21.0,21.0,20.6666666666667
Morocco,MAR,2004,18.0,19.5,21.0,19.5
Morocco,MAR,2005,18.0,19.5,21.0,19.5
Morocco,MAR,2006,18.0,19.5,21.0,19.5
Morocco,MAR,2007,18.0,19.5,21.0,19.5
Morocco,MAR,2008,18.0,19.5,21.0,19.5
Morocco,MAR,2009,18.0,19.5,21.0,19.5
Morocco,MAR,2010,18.0,19.5,21.0,19.5
Morocco,MAR,2011,18.0,19.5,21.0,19.5
Morocco,MAR,2012,18.0,19.5,21.0,19.5
Morocco,MAR,2013,18.0,19.5,21.0,19.5
Morocco,MAR,2014,18.0,19.5,21.0,19.5
Morocco,MAR,2015,18.0,19.5,21.0,19.5
Morocco,MAR,2016,18.0,19.5,21.0,19.5
Morocco,MAR,2017,18.0,19.5,21.0,19.5
Morocco,MAR,2018,18.0,19.5,21.0,19.5
Morocco,MAR,2019,18.0,19.5,21.0,19.5
Morocco,MAR,2020,18.0,19.5,21.0,19.5
Mozambique,MOZ,2004,12.0,30.0,30.0,24.0
Mozambique,MOZ,2005,12.0,30.0,30.0,24.0
Mozambique,MOZ,2006,12.0,30.0,30.0,24.0
Mozambique,MOZ,2007,12.0,30.0,30.0,24.0
Mozambique,MOZ,2008,12.0,30.0,30.0,24.0
Mozambique,MOZ,2009,12.0,30.0,30.0,24.0
Mozambique,MOZ,2010,12.0,30.0,30.0,24.0
Mozambique,MOZ,2011,12.0,30.0,30.0,24.0
Mozambique,MOZ,2012,12.0,30.0,30.0,24.0
Mozambique,MOZ,2013,12.0,30.0,30.0,24.0
Mozambique,MOZ,2014,12.0,30.0,30.0,24.0
Mozambique,MOZ,2015,12.0,30.0,30.0,24.0
Mozambique,MOZ,2016,12.0,30.0,30.0,24.0
Mozambique,MOZ,2017,12.0,30.0,30.0,24.0
Mozambique,MOZ,2018,12.0,30.0,30.0,24.0
Mozambique,MOZ,2019,12.0,30.0,30.0,24.0
Mozambique,MOZ,2020,12.0,30.0,30.0,24.0
Myanmar,MMR,2004,10.0,10.0,10.0,10.0
Myanmar,MMR,2005,10.0,10.0,10.0,10.0
Myanmar,MMR,2006,10.0,10.0,10.0,10.0
Myanmar,MMR,2007,10.0,10.0,10.0,10.0
Myanmar,MMR,2008,10.0,10.0,10.0,10.0
Myanmar,MMR,2009,10.0,10.0,10.0,10.0
Myanmar,MMR,2010,10.0,10.0,10.0,10.0
Myanmar,MMR,2011,10.0,10.0,10.0,10.0
Myanmar,MMR,2012,10.0,10.0,10.0,10.0
Myanmar,MMR,2013,10.0,10.0,10.0,10.0
Myanmar,MMR,2014,10.0,10.0,10.0,10.0
Myanmar,MMR,2015,10.0,10.0,10.0,10.0
Myanmar,MMR,2016,10.0,10.0,10.0,10.0
Myanmar,MMR,2017,10.0,10.0,10.0,10.0
Myanmar,MMR,2018,10.0,10.0,10.0,10.0
Myanmar,MMR,2019,10.0,10.0,10.0,10.0
Myanmar,MMR,2020,10.0,10.0,10.0,10.0
Namibia,NAM,2004,19.0,19.0,19.0,19.0
Namibia,NAM,2005,19.0,19.0,19.0,19.0
Namibia,NAM,2006,19.0,19.0,19.0,19.0
Namibia,NAM,2007,19.0,19.0,19.0,19.0
Namibia,NAM,2008,19.0,19.0,19.0,19.0
Namibia,NAM,2009,19.0,19.0,19.0,19.0
Namibia,NAM,2010,20.0,20.0,20.0,20.0
Namibia,NAM,2011,20.0,20.0,20.0,20.0
Namibia,NAM,2012,20.0,20.0,20.0,20.0
Namibia,NAM,2013,20.0,20.0,20.0,20.0
Namibia,NAM,2014,20.0,20.0,20.0,20.0
Namibia,NAM,2015,20.0,20.0,20.0,20.0
Namibia,NAM,2016,20.0,20.0,20.0,20.0
Namibia,NAM,2017,20.0,20.0,20.0,20.0
Namibia,NAM,2018,20.0,20.0,20.0,20.0
Namibia,NAM,2019,20.0,20.0,20.0,20.0
Namibia,NAM,2020,20.0,20.0,20.0,20.0
Nepal,NPL,2004,18.0,18.0,18.0,18.0
Nepal,NPL,2005,18.0,18.0,18.0,18.0
Nepal,NPL,2006,18.0,18.0,18.0,18.0
Nepal,NPL,2007,18.0,18.0,18.0,18.0
Nepal,NPL,2008,18.0,18.0,18.0,18.0
Nepal,NPL,2009,18.0,18.0,18.0,18.0
Nepal,NPL,2010,18.0,18.0,18.0,18.0
Nepal,NPL,2011,18.0,18.0,18.0,18.0
Nepal,NPL,2012,18.0,18.0,18.0,18.0
Nepal,NPL,2013,18.0,18.0,18.0,18.0
Nepal,NPL,2014,18.0,18.0,18.0,18.0
Nepal,NPL,2015,18.0,18.0,18.0,18.0
Nepal,NPL,2016,18.0,18.0,18.0,18.0
Nepal,NPL,2017,18.0,18.0,18.0,18.0
Nepal,NPL,2018,18.0,18.0,18.0,18.0
Nepal,NPL,2019,18.0,18.0,18.0,18.0
Nepal,NPL,2020,18.0,18.0,18.0,18.0
Netherlands,NLD,2004,20.0,20.0,20.0,20.0
Netherlands,NLD,2005,20.0,20.0,20.0,20.0
Netherlands,NLD,2006,20.0,20.0,20.0,20.0
Netherlands,NLD,2007,20.0,20.0,20.0,20.0
Netherlands,NLD,2008,20.0,20.0,20.0,20.0
Netherlands,NLD,2009,20.0,20.0,20.0,20.0
Netherlands,NLD,2010,20.0,20.0,20.0,20.0
Netherlands,NLD,2011,20.0,20.0,20.0,20.0
Netherlands,NLD,2012,20.0,20.0,20.0,20.0
Netherlands,NLD,2013,20.0,20.0,20.0,20.0
Netherlands,NLD,2014,20.0,20.0,20.0,20.0
Netherlands,NLD,2015,20.0,20.0,20.0,20.0
Netherlands,NLD,2016,20.0,20.0,20.0,20.0
Netherlands,NLD,2017,20.0,20.0,20.0,20.0
Netherlands,NLD,2018,20.0,20.0,20.0,20.0
Netherlands,NLD,2019,20.0,20.0,20.0,20.0
Netherlands,NLD,2020,20.0,20.0,20.0,20.0
New Zealand,NZL,2004,20.0,20.0,20.0,20.0
New Zealand,NZL,2005,20.0,20.0,20.0,20.0
New Zealand,NZL,2006,20.0,20.0,20.0,20.0
New Zealand,NZL,2007,20.0,20.0,20.0,20.0
New Zealand,NZL,2008,20.0,20.0,20.0,20.0
New Zealand,NZL,2009,20.0,20.0,20.0,20.0
New Zealand,NZL,2010,20.0,20.0,20.0,20.0
New Zealand,NZL,2011,20.0,20.0,20.0,20.0
New Zealand,NZL,2012,20.0,20.0,20.0,20.0
New Zealand,NZL,2013,20.0,20.0,20.0,20.0
New Zealand,NZL,2014,20.0,20.0,20.0,20.0
New Zealand,NZL,2015,20.0,20.0,20.0,20.0
New Zealand,NZL,2016,20.0,20.0,20.0,20.0
New Zealand,NZL,2017,20.0,20.0,20.0,20.0
New Zealand,NZL,2018,20.0,20.0,20.0,20.0
New Zealand,NZL,2019,20.0,20.0,20.0,20.0
New Zealand,NZL,2020,20.0,20.0,20.0,20.0
Nicaragua,NIC,2004,30.0,30.0,30.0,30.0
Nicaragua,NIC,2005,30.0,30.0,30.0,30.0
Nicaragua,NIC,2006,30.0,30.0,30.0,30.0
Nicaragua,NIC,2007,30.0,30.0,30.0,30.0
Nicaragua,NIC,2008,30.0,30.0,30.0,30.0
Nicaragua,NIC,2009,30.0,30.0,30.0,30.0
Nicaragua,NIC,2010,30.0,30.0,30.0,30.0
Nicaragua,NIC,2011,30.0,30.0,30.0,30.0
Nicaragua,NIC,2012,30.0,30.0,30.0,30.0
Nicaragua,NIC,2013,30.0,30.0,30.0,30.0
Nicaragua,NIC,2014,30.0,30.0,30.0,30.0
Nicaragua,NIC,2015,30.0,30.0,30.0,30.0
Nicaragua,NIC,2016,30.0,30.0,30.0,30.0
Nicaragua,NIC,2017,30.0,30.0,30.0,30.0
Nicaragua,NIC,2018,30.0,30.0,30.0,30.0
Nicaragua,NIC,2019,30.0,30.0,30.0,30.0
Nicaragua,NIC,2020,30.0,30.0,30.0,30.0
Niger,NER,2004,22.0,22.0,22.0,22.0
Niger,NER,2005,22.0,22.0,22.0,22.0
Niger,NER,2006,22.0,22.0,22.0,22.0
Niger,NER,2007,22.0,22.0,22.0,22.0
Niger,NER,2008,22.0,22.0,22.0,22.0
Niger,NER,2009,22.0,22.0,22.0,22.0
Niger,NER,2010,22.0,22.0,22.0,22.0
Niger,NER,2011,22.0,22.0,22.0,22.0
Niger,NER,2012,22.0,22.0,22.0,22.0
Niger,NER,2013,22.0,22.0,22.0,22.0
Niger,NER,2014,22.0,22.0,22.0,22.0
Niger,NER,2015,22.0,22.0,22.0,22.0
Niger,NER,2016,22.0,22.0,22.0,22.0
Niger,NER,2017,22.0,22.0,22.0,22.0
Niger,NER,2018,22.0,22.0,22.0,22.0
Niger,NER,2019,22.0,22.0,22.0,22.0
Niger,NER,2020,22.0,22.0,22.0,22.0
Nigeria Kano,NGA_Kano,2004,6.0,6.0,6.0,6.0
Nigeria Kano,NGA_Kano,2005,6.0,6.0,6.0,6.0
Nigeria Kano,NGA_Kano,2006,6.0,6.0,6.0,6.0
Nigeria Kano,NGA_Kano,2007,6.0,6.0,6.0,6.0
Nigeria Kano,NGA_Kano,2008,6.0,6.0,6.0,6.0
Nigeria Kano,NGA_Kano,2009,6.0,6.0,6.0,6.0
Nigeria Kano,NGA_Kano,2010,6.0,6.0,6.0,6.0
Nigeria Kano,NGA_Kano,2011,6.0,6.0,6.0,6.0
Nigeria Kano,NGA_Kano,2012,6.0,6.0,6.0,6.0
Nigeria Kano,NGA_Kano,2013,6.0,6.0,6.0,6.0
Nigeria Kano,NGA_Kano,2014,6.0,6.0,6.0,6.0
Nigeria Kano,NGA_Kano,2015,6.0,6.0,6.0,6.0
Nigeria Kano,NGA_Kano,2016,6.0,6.0,6.0,6.0
Nigeria Kano,NGA_Kano,2017,6.0,6.0,6.0,6.0
Nigeria Kano,NGA_Kano,2018,6.0,6.0,6.0,6.0
Nigeria Kano,NGA_Kano,2019,6.0,6.0,6.0,6.0
Nigeria Kano,NGA_Kano,2020,6.0,6.0,6.0,6.0
Nigeria Lagos,NGA,2004,6.0,6.0,6.0,6.0
Nigeria Lagos,NGA,2005,6.0,6.0,6.0,6.0
Nigeria Lagos,NGA,2006,6.0,6.0,6.0,6.0
Nigeria Lagos,NGA,2007,6.0,6.0,6.0,6.0
Nigeria Lagos,NGA,2008,6.0,6.0,6.0,6.0
Nigeria Lagos,NGA,2009,6.0,6.0,6.0,6.0
Nigeria Lagos,NGA,2010,6.0,6.0,6.0,6.0
Nigeria Lagos,NGA,2011,6.0,6.0,6.0,6.0
Nigeria Lagos,NGA,2012,6.0,6.0,6.0,6.0
Nigeria Lagos,NGA,2013,6.0,6.0,6.0,6.0
Nigeria Lagos,NGA,2014,6.0,6.0,6.0,6.0
Nigeria Lagos,NGA,2015,6.0,6.0,6.0,6.0
Nigeria Lagos,NGA,2016,6.0,6.0,6.0,6.0
Nigeria Lagos,NGA,2017,6.0,6.0,6.0,6.0
Nigeria Lagos,NGA,2018,6.0,6.0,6.0,6.0
Nigeria Lagos,NGA,2019,6.0,6.0,6.0,6.0
Nigeria Lagos,NGA,2020,6.0,6.0,6.0,6.0
North Macedonia,MKD,2004,18.0,18.0,18.0,18.0
North Macedonia,MKD,2005,18.0,18.0,18.0,18.0
North Macedonia,MKD,2006,18.0,18.0,18.0,18.0
North Macedonia,MKD,2007,18.0,18.0,18.0,18.0
North Macedonia,MKD,2008,18.0,18.0,18.0,18.0
North Macedonia,MKD,2009,18.0,18.0,18.0,18.0
North Macedonia,MKD,2010,20.0,20.0,20.0,20.0
North Macedonia,MKD,2011,20.0,20.0,20.0,20.0
North Macedonia,MKD,2012,20.0,20.0,20.0,20.0
North Macedonia,MKD,2013,20.0,20.0,20.0,20.0
North Macedonia,MKD,2014,20.0,20.0,20.0,20.0
North Macedonia,MKD,2015,20.0,20.0,20.0,20.0
North Macedonia,MKD,2016,20.0,20.0,20.0,20.0
North Macedonia,MKD,2017,20.0,20.0,20.0,20.0
North Macedonia,MKD,2018,20.0,20.0,20.0,20.0
North Macedonia,MKD,2019,20.0,20.0,20.0,20.0
North Macedonia,MKD,2020,20.0,20.0,20.0,20.0
Norway,NOR,2004,21.0,21.0,21.0,21.0
Norway,NOR,2005,21.0,21.0,21.0,21.0
Norway,NOR,2006,21.0,21.0,21.0,21.0
Norway,NOR,2007,21.0,21.0,21.0,21.0
Norway,NOR,2008,21.0,21.0,21.0,21.0
Norway,NOR,2009,21.0,21.0,21.0,21.0
Norway,NOR,2010,21.0,21.0,21.0,21.0
Norway,NOR,2011,21.0,21.0,21.0,21.0
Norway,NOR,2012,21.0,21.0,21.0,21.0
Norway,NOR,2013,21.0,21.0,21.0,21.0
Norway,NOR,2014,21.0,21.0,21.0,21.0
Norway,NOR,2015,21.0,21.0,21.0,21.0
Norway,NOR,2016,21.0,21.0,21.0,21.0
Norway,NOR,2017,21.0,21.0,21.0,21.0
Norway,NOR,2018,21.0,21.0,21.0,21.0
Norway,NOR,2019,21.0,21.0,21.0,21.0
Norway,NOR,2020,21.0,21.0,21.0,21.0
Oman,OMN,2004,11.0,22.0,22.0,18.333333333333332
Oman,OMN,2005,11.0,22.0,22.0,18.333333333333332
Oman,OMN,2006,11.0,22.0,22.0,18.333333333333332
Oman,OMN,2007,11.0,22.0,22.0,18.333333333333332
Oman,OMN,2008,11.0,22.0,22.0,18.333333333333332
Oman,OMN,2009,11.0,22.0,22.0,18.333333333333332
Oman,OMN,2010,11.0,22.0,22.0,18.333333333333332
Oman,OMN,2011,11.0,22.0,22.0,18.333333333333332
Oman,OMN,2012,11.0,22.0,22.0,18.333333333333332
Oman,OMN,2013,22.0,22.0,22.0,22.0
Oman,OMN,2014,22.0,22.0,22.0,22.0
Oman,OMN,2015,22.0,22.0,22.0,22.0
Oman,OMN,2016,22.0,22.0,22.0,22.0
Oman,OMN,2017,22.0,22.0,22.0,22.0
Oman,OMN,2018,22.0,22.0,22.0,22.0
Oman,OMN,2019,22.0,22.0,22.0,22.0
Oman,OMN,2020,22.0,22.0,22.0,22.0
Pakistan Karachi,PAK,2004,14.0,14.0,14.0,14.0
Pakistan Karachi,PAK,2005,14.0,14.0,14.0,14.0
Pakistan Karachi,PAK,2006,14.0,14.0,14.0,14.0
Pakistan Karachi,PAK,2007,14.0,14.0,14.0,14.0
Pakistan Karachi,PAK,2008,14.0,14.0,14.0,14.0
Pakistan Karachi,PAK,2009,14.0,14.0,14.0,14.0
Pakistan Karachi,PAK,2010,14.0,14.0,14.0,14.0
Pakistan Karachi,PAK,2011,14.0,14.0,14.0,14.0
Pakistan Karachi,PAK,2012,14.0,14.0,14.0,14.0
Pakistan Karachi,PAK,2013,14.0,14.0,14.0,14.0
Pakistan Karachi,PAK,2014,14.0,14.0,14.0,14.0
Pakistan Karachi,PAK,2015,14.0,14.0,14.0,14.0
Pakistan Karachi,PAK,2016,14.0,14.0,14.0,14.0
Pakistan Karachi,PAK,2017,14.0,14.0,14.0,14.0
Pakistan Karachi,PAK,2018,14.0,14.0,14.0,14.0
Pakistan Karachi,PAK,2019,14.0,14.0,14.0,14.0
Pakistan Karachi,PAK,2020,14.0,14.0,14.0,14.0
Pakistan Lahore,PAK_Laho,2004,14.0,14.0,14.0,14.0
Pakistan Lahore,PAK_Laho,2005,14.0,14.0,14.0,14.0
Pakistan Lahore,PAK_Laho,2006,14.0,14.0,14.0,14.0
Pakistan Lahore,PAK_Laho,2007,14.0,14.0,14.0,14.0
Pakistan Lahore,PAK_Laho,2008,14.0,14.0,14.0,14.0
Pakistan Lahore,PAK_Laho,2009,14.0,14.0,14.0,14.0
Pakistan Lahore,PAK_Laho,2010,14.0,14.0,14.0,14.0
Pakistan Lahore,PAK_Laho,2011,14.0,14.0,14.0,14.0
Pakistan Lahore,PAK_Laho,2012,14.0,14.0,14.0,14.0
Pakistan Lahore,PAK_Laho,2013,14.0,14.0,14.0,14.0
Pakistan Lahore,PAK_Laho,2014,14.0,14.0,14.0,14.0
Pakistan Lahore,PAK_Laho,2015,14.0,14.0,14.0,14.0
Pakistan Lahore,PAK_Laho,2016,14.0,14.0,14.0,14.0
Pakistan Lahore,PAK_Laho,2017,14.0,14.0,14.0,14.0
Pakistan Lahore,PAK_Laho,2018,14.0,14.0,14.0,14.0
Pakistan Lahore,PAK_Laho,2019,14.0,14.0,14.0,14.0
Pakistan Lahore,PAK_Laho,2020,14.0,14.0,14.0,14.0
Palau,PLW,2004,0.0,0.0,0.0,0.0
Palau,PLW,2005,0.0,0.0,0.0,0.0
Palau,PLW,2006,0.0,0.0,0.0,0.0
Palau,PLW,2007,0.0,0.0,0.0,0.0
Palau,PLW,2008,0.0,0.0,0.0,0.0
Palau,PLW,2009,0.0,0.0,0.0,0.0
Palau,PLW,2010,0.0,0.0,0.0,0.0
Palau,PLW,2011,0.0,0.0,0.0,0.0
Palau,PLW,2012,0.0,0.0,0.0,0.0
Palau,PLW,2013,0.0,0.0,0.0,0.0
Palau,PLW,2014,0.0,0.0,0.0,0.0
Palau,PLW,2015,0.0,0.0,0.0,0.0
Palau,PLW,2016,0.0,0.0,0.0,0.0
Palau,PLW,2017,0.0,0.0,0.0,0.0
Palau,PLW,2018,0.0,0.0,0.0,0.0
Palau,PLW,2019,0.0,0.0,0.0,0.0
Palau,PLW,2020,0.0,0.0,0.0,0.0
Panama,PAN,2004,22.0,22.0,22.0,22.0
Panama,PAN,2005,22.0,22.0,22.0,22.0
Panama,PAN,2006,22.0,22.0,22.0,22.0
Panama,PAN,2007,22.0,22.0,22.0,22.0
Panama,PAN,2008,22.0,22.0,22.0,22.0
Panama,PAN,2009,22.0,22.0,22.0,22.0
Panama,PAN,2010,22.0,22.0,22.0,22.0
Panama,PAN,2011,22.0,22.0,22.0,22.0
Panama,PAN,2012,22.0,22.0,22.0,22.0
Panama,PAN,2013,22.0,22.0,22.0,22.0
Panama,PAN,2014,22.0,22.0,22.0,22.0
Panama,PAN,2015,22.0,22.0,22.0,22.0
Panama,PAN,2016,22.0,22.0,22.0,22.0
Panama,PAN,2017,22.0,22.0,22.0,22.0
Panama,PAN,2018,22.0,22.0,22.0,22.0
Panama,PAN,2019,22.0,22.0,22.0,22.0
Panama,PAN,2020,22.0,22.0,22.0,22.0
Papua New Guinea,PNG,2004,11.0,11.0,11.0,11.0
Papua New Guinea,PNG,2005,11.0,11.0,11.0,11.0
Papua New Guinea,PNG,2006,11.0,11.0,11.0,11.0
Papua New Guinea,PNG,2007,11.0,11.0,11.0,11.0
Papua New Guinea,PNG,2008,11.0,11.0,11.0,11.0
Papua New Guinea,PNG,2009,11.0,11.0,11.0,11.0
Papua New Guinea,PNG,2010,11.0,11.0,11.0,11.0
Papua New Guinea,PNG,2011,11.0,11.0,11.0,11.0
Papua New Guinea,PNG,2012,11.0,11.0,11.0,11.0
Papua New Guinea,PNG,2013,11.0,11.0,11.0,11.0
Papua New Guinea,PNG,2014,11.0,11.0,11.0,11.0
Papua New Guinea,PNG,2015,11.0,11.0,11.0,11.0
Papua New Guinea,PNG,2016,11.0,11.0,11.0,11.0
Papua New Guinea,PNG,2017,11.0,11.0,11.0,11.0
Papua New Guinea,PNG,2018,11.0,11.0,11.0,11.0
Papua New Guinea,PNG,2019,11.0,11.0,11.0,11.0
Papua New Guinea,PNG,2020,11.0,11.0,11.0,11.0
Paraguay,PRY,2004,12.0,18.0,30.0,20.0
Paraguay,PRY,2005,12.0,18.0,30.0,20.0
Paraguay,PRY,2006,12.0,18.0,30.0,20.0
Paraguay,PRY,2007,12.0,18.0,30.0,20.0
Paraguay,PRY,2008,12.0,18.0,30.0,20.0
Paraguay,PRY,2009,12.0,18.0,30.0,20.0
Paraguay,PRY,2010,12.0,18.0,30.0,20.0
Paraguay,PRY,2011,12.0,18.0,30.0,20.0
Paraguay,PRY,2012,12.0,18.0,30.0,20.0
Paraguay,PRY,2013,12.0,18.0,30.0,20.0
Paraguay,PRY,2014,12.0,18.0,30.0,20.0
Paraguay,PRY,2015,12.0,18.0,30.0,20.0
Paraguay,PRY,2016,12.0,18.0,30.0,20.0
Paraguay,PRY,2017,12.0,18.0,30.0,20.0
Paraguay,PRY,2018,12.0,18.0,30.0,20.0
Paraguay,PRY,2019,12.0,18.0,30.0,20.0
Paraguay,PRY,2020,12.0,18.0,30.0,20.0
Peru,PER,2004,13.0,13.0,13.0,13.0
Peru,PER,2005,13.0,13.0,13.0,13.0
Peru,PER,2006,13.0,13.0,13.0,13.0
Peru,PER,2007,13.0,13.0,13.0,13.0
Peru,PER,2008,13.0,13.0,13.0,13.0
Peru,PER,2009,13.0,13.0,13.0,13.0
Peru,PER,2010,13.0,13.0,13.0,13.0
Peru,PER,2011,13.0,13.0,13.0,13.0
Peru,PER,2012,13.0,13.0,13.0,13.0
Peru,PER,2013,13.0,13.0,13.0,13.0
Peru,PER,2014,13.0,13.0,13.0,13.0
Peru,PER,2015,13.0,13.0,13.0,13.0
Peru,PER,2016,13.0,13.0,13.0,13.0
Peru,PER,2017,13.0,13.0,13.0,13.0
Peru,PER,2018,13.0,13.0,13.0,13.0
Peru,PER,2019,13.0,13.0,13.0,13.0
Peru,PER,2020,13.0,13.0,13.0,13.0
Philippines,PHL,2004,5.0,5.0,5.0,5.0
Philippines,PHL,2005,5.0,5.0,5.0,5.0
Philippines,PHL,2006,5.0,5.0,5.0,5.0
Philippines,PHL,2007,5.0,5.0,5.0,5.0
Philippines,PHL,2008,5.0,5.0,5.0,5.0
Philippines,PHL,2009,5.0,5.0,5.0,5.0
Philippines,PHL,2010,5.0,5.0,5.0,5.0
Philippines,PHL,2011,5.0,5.0,5.0,5.0
Philippines,PHL,2012,5.0,5.0,5.0,5.0
Philippines,PHL,2013,5.0,5.0,5.0,5.0
Philippines,PHL,2014,5.0,5.0,5.0,5.0
Philippines,PHL,2015,5.0,5.0,5.0,5.0
Philippines,PHL,2016,5.0,5.0,5.0,5.0
Philippines,PHL,2017,5.0,5.0,5.0,5.0
Philippines,PHL,2018,5.0,5.0,5.0,5.0
Philippines,PHL,2019,5.0,5.0,5.0,5.0
Philippines,PHL,2020,5.0,5.0,5.0,5.0
Poland,POL,2004,20.0,20.0,26.0,22.0
Poland,POL,2005,20.0,20.0,26.0,22.0
Poland,POL,2006,20.0,20.0,26.0,22.0
Poland,POL,2007,20.0,20.0,26.0,22.0
Poland,POL,2008,20.0,20.0,26.0,22.0
Poland,POL,2009,20.0,20.0,26.0,22.0
Poland,POL,2010,20.0,20.0,26.0,22.0
Poland,POL,2011,20.0,20.0,26.0,22.0
Poland,POL,2012,20.0,20.0,26.0,22.0
Poland,POL,2013,20.0,20.0,26.0,22.0
Poland,POL,2014,20.0,20.0,26.0,22.0
Poland,POL,2015,20.0,20.0,26.0,22.0
Poland,POL,2016,20.0,20.0,26.0,22.0
Poland,POL,2017,20.0,20.0,26.0,22.0
Poland,POL,2018,20.0,20.0,26.0,22.0
Poland,POL,2019,20.0,20.0,26.0,22.0
Poland,POL,2020,20.0,20.0,26.0,22.0
Portugal,PRT,2004,22.0,22.0,22.0,22.0
Portugal,PRT,2005,22.0,22.0,22.0,22.0
Portugal,PRT,2006,22.0,22.0,22.0,22.0
Portugal,PRT,2007,22.0,22.0,22.0,22.0
Portugal,PRT,2008,22.0,22.0,22.0,22.0
Portugal,PRT,2009,22.0,22.0,22.0,22.0
Portugal,PRT,2010,22.0,22.0,22.0,22.0
Portugal,PRT,2011,22.0,22.0,22.0,22.0
Portugal,PRT,2012,22.0,22.0,22.0,22.0
Portugal,PRT,2013,22.0,22.0,22.0,22.0
Portugal,PRT,2014,22.0,22.0,22.0,22.0
Portugal,PRT,2015,22.0,22.0,22.0,22.0
Portugal,PRT,2016,22.0,22.0,22.0,22.0
Portugal,PRT,2017,22.0,22.0,22.0,22.0
Portugal,PRT,2018,22.0,22.0,22.0,22.0
Portugal,PRT,2019,22.0,22.0,22.0,22.0
Portugal,PRT,2020,22.0,22.0,22.0,22.0
Puerto Rico,PRI,2004,15.0,15.0,15.0,15.0
Puerto Rico,PRI,2005,15.0,15.0,15.0,15.0
Puerto Rico,PRI,2006,15.0,15.0,15.0,15.0
Puerto Rico,PRI,2007,15.0,15.0,15.0,15.0
Puerto Rico,PRI,2008,15.0,15.0,15.0,15.0
Puerto Rico,PRI,2009,15.0,15.0,15.0,15.0
Puerto Rico,PRI,2010,15.0,15.0,15.0,15.0
Puerto Rico,PRI,2011,15.0,15.0,15.0,15.0
Puerto Rico,PRI,2012,15.0,15.0,15.0,15.0
Puerto Rico,PRI,2013,15.0,15.0,15.0,15.0
Puerto Rico,PRI,2014,15.0,15.0,15.0,15.0
Puerto Rico,PRI,2015,15.0,15.0,15.0,15.0
Puerto Rico,PRI,2016,15.0,15.0,15.0,15.0
Puerto Rico,PRI,2017,15.0,15.0,15.0,15.0
Puerto Rico,PRI,2018,9.0,12.0,12.0,11.0
Puerto Rico,PRI,2019,9.0,12.0,12.0,11.0
Puerto Rico,PRI,2020,9.0,12.0,12.0,11.0
Qatar,QAT,2004,18.0,24.0,24.0,22.0
Qatar,QAT,2005,18.0,24.0,24.0,22.0
Qatar,QAT,2006,18.0,24.0,24.0,22.0
Qatar,QAT,2007,18.0,24.0,24.0,22.0
Qatar,QAT,2008,18.0,24.0,24.0,22.0
Qatar,QAT,2009,18.0,24.0,24.0,22.0
Qatar,QAT,2010,18.0,24.0,24.0,22.0
Qatar,QAT,2011,18.0,24.0,24.0,22.0
Qatar,QAT,2012,18.0,24.0,24.0,22.0
Qatar,QAT,2013,18.0,24.0,24.0,22.0
Qatar,QAT,2014,18.0,24.0,24.0,22.0
Qatar,QAT,2015,18.0,24.0,24.0,22.0
Qatar,QAT,2016,18.0,24.0,24.0,22.0
Qatar,QAT,2017,18.0,24.0,24.0,22.0
Qatar,QAT,2018,18.0,24.0,24.0,22.0
Qatar,QAT,2019,18.0,24.0,24.0,22.0
Qatar,QAT,2020,18.0,24.0,24.0,22.0
Romania,ROM,2004,20.0,20.0,20.0,20.0
Romania,ROM,2005,20.0,20.0,20.0,20.0
Romania,ROM,2006,20.0,20.0,20.0,20.0
Romania,ROM,2007,20.0,20.0,20.0,20.0
Romania,ROM,2008,20.0,20.0,20.0,20.0
Romania,ROM,2009,20.0,20.0,20.0,20.0
Romania,ROM,2010,20.0,20.0,20.0,20.0
Romania,ROM,2011,20.0,20.0,20.0,20.0
Romania,ROM,2012,20.0,20.0,20.0,20.0
Romania,ROM,2013,20.0,20.0,20.0,20.0
Romania,ROM,2014,20.0,20.0,20.0,20.0
Romania,ROM,2015,20.0,20.0,20.0,20.0
Romania,ROM,2016,20.0,20.0,20.0,20.0
Romania,ROM,2017,20.0,20.0,20.0,20.0
Romania,ROM,2018,20.0,20.0,20.0,20.0
Romania,ROM,2019,20.0,20.0,20.0,20.0
Romania,ROM,2020,20.0,20.0,20.0,20.0
Russian Federation Moscow,RUS,2004,22.0,22.0,22.0,22.0
Russian Federation Moscow,RUS,2005,22.0,22.0,22.0,22.0
Russian Federation Moscow,RUS,2006,22.0,22.0,22.0,22.0
Russian Federation Moscow,RUS,2007,22.0,22.0,22.0,22.0
Russian Federation Moscow,RUS,2008,22.0,22.0,22.0,22.0
Russian Federation Moscow,RUS,2009,22.0,22.0,22.0,22.0
Russian Federation Moscow,RUS,2010,22.0,22.0,22.0,22.0
Russian Federation Moscow,RUS,2011,22.0,22.0,22.0,22.0
Russian Federation Moscow,RUS,2012,22.0,22.0,22.0,22.0
Russian Federation Moscow,RUS,2013,22.0,22.0,22.0,22.0
Russian Federation Moscow,RUS,2014,22.0,22.0,22.0,22.0
Russian Federation Moscow,RUS,2015,22.0,22.0,22.0,22.0
Russian Federation Moscow,RUS,2016,22.0,22.0,22.0,22.0
Russian Federation Moscow,RUS,2017,22.0,22.0,22.0,22.0
Russian Federation Moscow,RUS,2018,22.0,22.0,22.0,22.0
Russian Federation Moscow,RUS,2019,22.0,22.0,22.0,22.0
Russian Federation Moscow,RUS,2020,22.0,22.0,22.0,22.0
Russian Federation Saint Petersburg,RUS_Sai,2004,22.0,22.0,22.0,22.0
Russian Federation Saint Petersburg,RUS_Sai,2005,22.0,22.0,22.0,22.0
Russian Federation Saint Petersburg,RUS_Sai,2006,22.0,22.0,22.0,22.0
Russian Federation Saint Petersburg,RUS_Sai,2007,22.0,22.0,22.0,22.0
Russian Federation Saint Petersburg,RUS_Sai,2008,22.0,22.0,22.0,22.0
Russian Federation Saint Petersburg,RUS_Sai,2009,22.0,22.0,22.0,22.0
Russian Federation Saint Petersburg,RUS_Sai,2010,22.0,22.0,22.0,22.0
Russian Federation Saint Petersburg,RUS_Sai,2011,22.0,22.0,22.0,22.0
Russian Federation Saint Petersburg,RUS_Sai,2012,22.0,22.0,22.0,22.0
Russian Federation Saint Petersburg,RUS_Sai,2013,22.0,22.0,22.0,22.0
Russian Federation Saint Petersburg,RUS_Sai,2014,22.0,22.0,22.0,22.0
Russian Federation Saint Petersburg,RUS_Sai,2015,22.0,22.0,22.0,22.0
Russian Federation Saint Petersburg,RUS_Sai,2016,22.0,22.0,22.0,22.0
Russian Federation Saint Petersburg,RUS_Sai,2017,22.0,22.0,22.0,22.0
Russian Federation Saint Petersburg,RUS_Sai,2018,22.0,22.0,22.0,22.0
Russian Federation Saint Petersburg,RUS_Sai,2019,22.0,22.0,22.0,22.0
Russian Federation Saint Petersburg,RUS_Sai,2020,22.0,22.0,22.0,22.0
Rwanda,RWA,2004,18.0,19.0,21.0,19.333333333333332
Rwanda,RWA,2005,18.0,19.0,21.0,19.333333333333332
Rwanda,RWA,2006,18.0,19.0,21.0,19.333333333333332
Rwanda,RWA,2007,18.0,19.0,21.0,19.333333333333332
Rwanda,RWA,2008,18.0,19.0,21.0,19.333333333333332
Rwanda,RWA,2009,18.0,19.0,21.0,19.333333333333332
Rwanda,RWA,2010,18.0,19.0,21.0,19.333333333333332
Rwanda,RWA,2011,18.0,19.0,21.0,19.333333333333332
Rwanda,RWA,2012,18.0,19.0,21.0,19.333333333333332
Rwanda,RWA,2013,18.0,19.0,21.0,19.3333333333333
Rwanda,RWA,2014,18.0,19.0,21.0,19.3333333333333
Rwanda,RWA,2015,18.0,19.0,21.0,19.3333333333333
Rwanda,RWA,2016,18.0,19.0,21.0,19.3333333333333
Rwanda,RWA,2017,18.0,19.0,21.0,19.3333333333333
Rwanda,RWA,2018,18.0,19.0,21.0,19.3333333333333
Rwanda,RWA,2019,18.0,19.0,21.0,19.3333333333333
Rwanda,RWA,2020,18.0,19.0,21.0,19.3333333333333
Samoa,WSM,2004,10.0,10.0,10.0,10.0
Samoa,WSM,2005,10.0,10.0,10.0,10.0
Samoa,WSM,2006,10.0,10.0,10.0,10.0
Samoa,WSM,2007,10.0,10.0,10.0,10.0
Samoa,WSM,2008,10.0,10.0,10.0,10.0
Samoa,WSM,2009,10.0,10.0,10.0,10.0
Samoa,WSM,2010,10.0,10.0,10.0,10.0
Samoa,WSM,2011,10.0,10.0,10.0,10.0
Samoa,WSM,2012,10.0,10.0,10.0,10.0
Samoa,WSM,2013,10.0,10.0,10.0,10.0
Samoa,WSM,2014,10.0,10.0,10.0,10.0
Samoa,WSM,2015,10.0,10.0,10.0,10.0
Samoa,WSM,2016,10.0,10.0,10.0,10.0
Samoa,WSM,2017,10.0,10.0,10.0,10.0
Samoa,WSM,2018,10.0,10.0,10.0,10.0
Samoa,WSM,2019,10.0,10.0,10.0,10.0
Samoa,WSM,2020,10.0,10.0,10.0,10.0
San Marino,SMR,2004,26.0,26.0,26.0,26.0
San Marino,SMR,2005,26.0,26.0,26.0,26.0
San Marino,SMR,2006,26.0,26.0,26.0,26.0
San Marino,SMR,2007,26.0,26.0,26.0,26.0
San Marino,SMR,2008,26.0,26.0,26.0,26.0
San Marino,SMR,2009,26.0,26.0,26.0,26.0
San Marino,SMR,2010,26.0,26.0,26.0,26.0
San Marino,SMR,2011,26.0,26.0,26.0,26.0
San Marino,SMR,2012,26.0,26.0,26.0,26.0
San Marino,SMR,2013,26.0,26.0,26.0,26.0
San Marino,SMR,2014,26.0,26.0,26.0,26.0
San Marino,SMR,2015,26.0,26.0,26.0,26.0
San Marino,SMR,2016,26.0,26.0,26.0,26.0
San Marino,SMR,2017,26.0,26.0,26.0,26.0
San Marino,SMR,2018,26.0,26.0,26.0,26.0
San Marino,SMR,2019,26.0,26.0,26.0,26.0
San Marino,SMR,2020,26.0,26.0,26.0,26.0
Saudi Arabia,SAU,2004,18.0,18.0,26.0,20.666666666666668
Saudi Arabia,SAU,2005,18.0,18.0,26.0,20.666666666666668
Saudi Arabia,SAU,2006,18.0,18.0,26.0,20.666666666666668
Saudi Arabia,SAU,2007,18.0,18.0,26.0,20.666666666666668
Saudi Arabia,SAU,2008,18.0,18.0,26.0,20.666666666666668
Saudi Arabia,SAU,2009,18.0,18.0,26.0,20.666666666666668
Saudi Arabia,SAU,2010,18.0,26.0,26.0,23.3333333333333
Saudi Arabia,SAU,2011,18.0,26.0,26.0,23.3333333333333
Saudi Arabia,SAU,2012,18.0,26.0,26.0,23.3333333333333
Saudi Arabia,SAU,2013,18.0,26.0,26.0,23.3333333333333
Saudi Arabia,SAU,2014,18.0,26.0,26.0,23.3333333333333
Saudi Arabia,SAU,2015,18.0,26.0,26.0,23.3333333333333
Saudi Arabia,SAU,2016,18.0,26.0,26.0,23.3333333333333
Saudi Arabia,SAU,2017,18.0,26.0,26.0,23.3333333333333
Saudi Arabia,SAU,2018,18.0,26.0,26.0,23.3333333333333
Saudi Arabia,SAU,2019,18.0,26.0,26.0,23.3333333333333
Saudi Arabia,SAU,2020,18.0,26.0,26.0,23.3333333333333
Senegal,SEN,2004,24.0,24.0,25.0,24.3333333333333
Senegal,SEN,2005,24.0,24.0,25.0,24.3333333333333
Senegal,SEN,2006,24.0,24.0,25.0,24.3333333333333
Senegal,SEN,2007,24.0,24.0,25.0,24.3333333333333
Senegal,SEN,2008,24.0,24.0,25.0,24.3333333333333
Senegal,SEN,2009,24.0,24.0,25.0,24.3333333333333
Senegal,SEN,2010,24.0,24.0,25.0,24.3333333333333
Senegal,SEN,2011,24.0,24.0,25.0,24.3333333333333
Senegal,SEN,2012,24.0,24.0,25.0,24.333333333333332
Senegal,SEN,2013,24.0,24.0,25.0,24.3333333333333
Senegal,SEN,2014,24.0,24.0,25.0,24.3333333333333
Senegal,SEN,2015,24.0,24.0,25.0,24.3333333333333
Senegal,SEN,2016,24.0,24.0,25.0,24.3333333333333
Senegal,SEN,2017,24.0,24.0,25.0,24.3333333333333
Senegal,SEN,2018,24.0,24.0,25.0,24.3333333333333
Senegal,SEN,2019,24.0,24.0,25.0,24.3333333333333
Senegal,SEN,2020,24.0,24.0,25.0,24.3333333333333
Serbia,SRB,2004,18.0,18.0,18.0,18.0
Serbia,SRB,2005,18.0,18.0,18.0,18.0
Serbia,SRB,2006,18.0,18.0,18.0,18.0
Serbia,SRB,2007,20.0,20.0,20.0,20.0
Serbia,SRB,2008,20.0,20.0,20.0,20.0
Serbia,SRB,2009,20.0,20.0,20.0,20.0
Serbia,SRB,2010,20.0,20.0,20.0,20.0
Serbia,SRB,2011,20.0,20.0,20.0,20.0
Serbia,SRB,2012,20.0,20.0,20.0,20.0
Serbia,SRB,2013,20.0,20.0,20.0,20.0
Serbia,SRB,2014,20.0,20.0,20.0,20.0
Serbia,SRB,2015,20.0,20.0,20.0,20.0
Serbia,SRB,2016,20.0,20.0,20.0,20.0
Serbia,SRB,2017,20.0,20.0,20.0,20.0
Serbia,SRB,2018,20.0,20.0,20.0,20.0
Serbia,SRB,2019,20.0,20.0,20.0,20.0
Serbia,SRB,2020,20.0,20.0,20.0,20.0
Seychelles,SYC,2004,21.0,21.0,21.0,21.0
Seychelles,SYC,2005,21.0,21.0,21.0,21.0
Seychelles,SYC,2006,21.0,21.0,21.0,21.0
Seychelles,SYC,2007,21.0,21.0,21.0,21.0
Seychelles,SYC,2008,21.0,21.0,21.0,21.0
Seychelles,SYC,2009,21.0,21.0,21.0,21.0
Seychelles,SYC,2010,21.0,21.0,21.0,21.0
Seychelles,SYC,2011,21.0,21.0,21.0,21.0
Seychelles,SYC,2012,21.0,21.0,21.0,21.0
Seychelles,SYC,2013,21.0,21.0,21.0,21.0
Seychelles,SYC,2014,21.0,21.0,21.0,21.0
Seychelles,SYC,2015,21.0,21.0,21.0,21.0
Seychelles,SYC,2016,21.0,21.0,21.0,21.0
Seychelles,SYC,2017,21.0,21.0,21.0,21.0
Seychelles,SYC,2018,21.0,21.0,21.0,21.0
Seychelles,SYC,2019,21.0,21.0,21.0,21.0
Seychelles,SYC,2020,21.0,21.0,21.0,21.0
Sierra Leone,SLE,2004,21.0,31.0,36.0,29.333333333333332
Sierra Leone,SLE,2005,21.0,31.0,36.0,29.333333333333332
Sierra Leone,SLE,2006,19.0,22.0,28.0,23.0
Sierra Leone,SLE,2007,19.0,22.0,28.0,23.0
Sierra Leone,SLE,2008,19.0,22.0,28.0,23.0
Sierra Leone,SLE,2009,19.0,22.0,28.0,23.0
Sierra Leone,SLE,2010,19.0,22.0,28.0,23.0
Sierra Leone,SLE,2011,19.0,22.0,28.0,23.0
Sierra Leone,SLE,2012,19.0,22.0,28.0,23.0
Sierra Leone,SLE,2013,19.0,22.0,28.0,23.0
Sierra Leone,SLE,2014,19.0,22.0,28.0,23.0
Sierra Leone,SLE,2015,19.0,22.0,28.0,23.0
Sierra Leone,SLE,2016,19.0,22.0,28.0,23.0
Sierra Leone,SLE,2017,19.0,22.0,28.0,23.0
Sierra Leone,SLE,2018,19.0,22.0,28.0,23.0
Sierra Leone,SLE,2019,19.0,22.0,28.0,23.0
Sierra Leone,SLE,2020,19.0,22.0,28.0,23.0
Singapore,SGP,2004,7.0,11.0,14.0,10.6666666666667
Singapore,SGP,2005,7.0,11.0,14.0,10.6666666666667
Singapore,SGP,2006,7.0,11.0,14.0,10.6666666666667
Singapore,SGP,2007,7.0,11.0,14.0,10.6666666666667
Singapore,SGP,2008,7.0,11.0,14.0,10.6666666666667
Singapore,SGP,2009,7.0,11.0,14.0,10.6666666666667
Singapore,SGP,2010,7.0,11.0,14.0,10.6666666666667
Singapore,SGP,2011,7.0,11.0,14.0,10.6666666666667
Singapore,SGP,2012,7.0,11.0,14.0,10.6666666666667
Singapore,SGP,2013,7.0,11.0,14.0,10.6666666666667
Singapore,SGP,2014,7.0,11.0,14.0,10.6666666666667
Singapore,SGP,2015,7.0,11.0,14.0,10.6666666666667
Singapore,SGP,2016,7.0,11.0,14.0,10.6666666666667
Singapore,SGP,2017,7.0,11.0,14.0,10.6666666666667
Singapore,SGP,2018,7.0,11.0,14.0,10.6666666666667
Singapore,SGP,2019,7.0,11.0,14.0,10.6666666666667
Singapore,SGP,2020,7.0,11.0,14.0,10.6666666666667
Slovak Republic,SVK,2004,25.0,25.0,25.0,25.0
Slovak Republic,SVK,2005,25.0,25.0,25.0,25.0
Slovak Republic,SVK,2006,25.0,25.0,25.0,25.0
Slovak Republic,SVK,2007,25.0,25.0,25.0,25.0
Slovak Republic,SVK,2008,25.0,25.0,25.0,25.0
Slovak Republic,SVK,2009,25.0,25.0,25.0,25.0
Slovak Republic,SVK,2010,25.0,25.0,25.0,25.0
Slovak Republic,SVK,2011,25.0,25.0,25.0,25.0
Slovak Republic,SVK,2012,25.0,25.0,25.0,25.0
Slovak Republic,SVK,2013,25.0,25.0,25.0,25.0
Slovak Republic,SVK,2014,25.0,25.0,25.0,25.0
Slovak Republic,SVK,2015,25.0,25.0,25.0,25.0
Slovak Republic,SVK,2016,25.0,25.0,25.0,25.0
Slovak Republic,SVK,2017,25.0,25.0,25.0,25.0
Slovak Republic,SVK,2018,25.0,25.0,25.0,25.0
Slovak Republic,SVK,2019,25.0,25.0,25.0,25.0
Slovak Republic,SVK,2020,25.0,25.0,25.0,25.0
Slovenia,SVN,2004,20.0,21.0,22.0,21.0
Slovenia,SVN,2005,20.0,21.0,22.0,21.0
Slovenia,SVN,2006,20.0,21.0,22.0,21.0
Slovenia,SVN,2007,20.0,21.0,22.0,21.0
Slovenia,SVN,2008,20.0,21.0,22.0,21.0
Slovenia,SVN,2009,20.0,21.0,22.0,21.0
Slovenia,SVN,2010,20.0,21.0,22.0,21.0
Slovenia,SVN,2011,20.0,21.0,22.0,21.0
Slovenia,SVN,2012,20.0,21.0,22.0,21.0
Slovenia,SVN,2013,20.0,21.0,22.0,21.0
Slovenia,SVN,2014,20.0,21.0,22.0,21.0
Slovenia,SVN,2015,20.0,22.0,24.0,22.0
Slovenia,SVN,2016,20.0,22.0,24.0,22.0
Slovenia,SVN,2017,20.0,22.0,24.0,22.0
Slovenia,SVN,2018,20.0,22.0,24.0,22.0
Slovenia,SVN,2019,20.0,22.0,24.0,22.0
Slovenia,SVN,2020,20.0,22.0,24.0,22.0
Solomon Islands,SLB,2004,15.0,15.0,15.0,15.0
Solomon Islands,SLB,2005,15.0,15.0,15.0,15.0
Solomon Islands,SLB,2006,15.0,15.0,15.0,15.0
Solomon Islands,SLB,2007,15.0,15.0,15.0,15.0
Solomon Islands,SLB,2008,15.0,15.0,15.0,15.0
Solomon Islands,SLB,2009,15.0,15.0,15.0,15.0
Solomon Islands,SLB,2010,15.0,15.0,15.0,15.0
Solomon Islands,SLB,2011,15.0,15.0,15.0,15.0
Solomon Islands,SLB,2012,15.0,15.0,15.0,15.0
Solomon Islands,SLB,2013,15.0,15.0,15.0,15.0
Solomon Islands,SLB,2014,15.0,15.0,15.0,15.0
Solomon Islands,SLB,2015,15.0,15.0,15.0,15.0
Solomon Islands,SLB,2016,15.0,15.0,15.0,15.0
Solomon Islands,SLB,2017,15.0,15.0,15.0,15.0
Solomon Islands,SLB,2018,15.0,15.0,15.0,15.0
Solomon Islands,SLB,2019,15.0,15.0,15.0,15.0
Solomon Islands,SLB,2020,15.0,15.0,15.0,15.0
Somalia,SOM,2004,15.0,75.0,150.0,80.0
Somalia,SOM,2005,15.0,75.0,150.0,80.0
Somalia,SOM,2006,15.0,75.0,150.0,80.0
Somalia,SOM,2007,15.0,75.0,150.0,80.0
Somalia,SOM,2008,15.0,75.0,150.0,80.0
Somalia,SOM,2009,15.0,75.0,150.0,80.0
Somalia,SOM,2010,15.0,75.0,150.0,80.0
Somalia,SOM,2011,15.0,75.0,150.0,80.0
Somalia,SOM,2012,15.0,75.0,150.0,80.0
Somalia,SOM,2013,15.0,75.0,150.0,80.0
Somalia,SOM,2014,15.0,75.0,150.0,80.0
Somalia,SOM,2015,15.0,75.0,150.0,80.0
Somalia,SOM,2016,15.0,75.0,150.0,80.0
Somalia,SOM,2017,15.0,75.0,150.0,80.0
Somalia,SOM,2018,15.0,75.0,150.0,80.0
Somalia,SOM,2019,15.0,75.0,150.0,80.0
Somalia,SOM,2020,15.0,75.0,150.0,80.0
South Africa,ZAF,2004,15.0,20.0,20.0,18.3333333333333
South Africa,ZAF,2005,15.0,20.0,20.0,18.3333333333333
South Africa,ZAF,2006,15.0,20.0,20.0,18.3333333333333
South Africa,ZAF,2007,15.0,20.0,20.0,18.3333333333333
South Africa,ZAF,2008,15.0,20.0,20.0,18.3333333333333
South Africa,ZAF,2009,15.0,20.0,20.0,18.3333333333333
South Africa,ZAF,2010,15.0,20.0,20.0,18.3333333333333
South Africa,ZAF,2011,15.0,20.0,20.0,18.3333333333333
South Africa,ZAF,2012,15.0,20.0,20.0,18.3333333333333
South Africa,ZAF,2013,15.0,20.0,20.0,18.3333333333333
South Africa,ZAF,2014,15.0,20.0,20.0,18.3333333333333
South Africa,ZAF,2015,15.0,20.0,20.0,18.3333333333333
South Africa,ZAF,2016,15.0,20.0,20.0,18.3333333333333
South Africa,ZAF,2017,15.0,20.0,20.0,18.3333333333333
South Africa,ZAF,2018,15.0,20.0,20.0,18.3333333333333
South Africa,ZAF,2019,15.0,20.0,20.0,18.3333333333333
South Africa,ZAF,2020,15.0,20.0,20.0,18.3333333333333
South Sudan,SSD,2004,20.0,25.0,25.0,23.3333333333333
South Sudan,SSD,2005,20.0,25.0,25.0,23.3333333333333
South Sudan,SSD,2006,20.0,25.0,25.0,23.3333333333333
South Sudan,SSD,2007,20.0,25.0,25.0,23.3333333333333
South Sudan,SSD,2008,20.0,25.0,25.0,23.3333333333333
South Sudan,SSD,2009,20.0,25.0,25.0,23.3333333333333
South Sudan,SSD,2010,20.0,25.0,25.0,23.3333333333333
South Sudan,SSD,2011,20.0,25.0,25.0,23.3333333333333
South Sudan,SSD,2012,20.0,25.0,25.0,23.3333333333333
South Sudan,SSD,2013,20.0,25.0,25.0,23.3333333333333
South Sudan,SSD,2014,20.0,25.0,25.0,23.3333333333333
South Sudan,SSD,2015,20.0,25.0,25.0,23.3333333333333
South Sudan,SSD,2016,20.0,25.0,25.0,23.3333333333333
South Sudan,SSD,2017,20.0,25.0,25.0,23.3333333333333
South Sudan,SSD,2018,20.0,25.0,25.0,23.3333333333333
South Sudan,SSD,2019,21.0,25.0,25.0,23.6666666666667
South Sudan,SSD,2020,21.0,25.0,25.0,23.6666666666667
Spain,ESP,2004,22.0,22.0,22.0,22.0
Spain,ESP,2005,22.0,22.0,22.0,22.0
Spain,ESP,2006,22.0,22.0,22.0,22.0
Spain,ESP,2007,22.0,22.0,22.0,22.0
Spain,ESP,2008,22.0,22.0,22.0,22.0
Spain,ESP,2009,22.0,22.0,22.0,22.0
Spain,ESP,2010,22.0,22.0,22.0,22.0
Spain,ESP,2011,22.0,22.0,22.0,22.0
Spain,ESP,2012,22.0,22.0,22.0,22.0
Spain,ESP,2013,22.0,22.0,22.0,22.0
Spain,ESP,2014,22.0,22.0,22.0,22.0
Spain,ESP,2015,22.0,22.0,22.0,22.0
Spain,ESP,2016,22.0,22.0,22.0,22.0
Spain,ESP,2017,22.0,22.0,22.0,22.0
Spain,ESP,2018,22.0,22.0,22.0,22.0
Spain,ESP,2019,22.0,22.0,22.0,22.0
Spain,ESP,2020,22.0,22.0,22.0,22.0
Sri Lanka,LKA,2004,14.0,14.0,14.0,14.0
Sri Lanka,LKA,2005,14.0,14.0,14.0,14.0
Sri Lanka,LKA,2006,14.0,14.0,14.0,14.0
Sri Lanka,LKA,2007,14.0,14.0,14.0,14.0
Sri Lanka,LKA,2008,14.0,14.0,14.0,14.0
Sri Lanka,LKA,2009,14.0,14.0,14.0,14.0
Sri Lanka,LKA,2010,14.0,14.0,14.0,14.0
Sri Lanka,LKA,2011,14.0,14.0,14.0,14.0
Sri Lanka,LKA,2012,14.0,14.0,14.0,14.0
Sri Lanka,LKA,2013,14.0,14.0,14.0,14.0
Sri Lanka,LKA,2014,14.0,14.0,14.0,14.0
Sri Lanka,LKA,2015,14.0,14.0,14.0,14.0
Sri Lanka,LKA,2016,14.0,14.0,14.0,14.0
Sri Lanka,LKA,2017,14.0,14.0,14.0,14.0
Sri Lanka,LKA,2018,14.0,14.0,14.0,14.0
Sri Lanka,LKA,2019,14.0,14.0,14.0,14.0
Sri Lanka,LKA,2020,14.0,14.0,14.0,14.0
St. Kitts and Nevis,KNA,2004,14.0,14.0,14.0,14.0
St. Kitts and Nevis,KNA,2005,14.0,14.0,14.0,14.0
St. Kitts and Nevis,KNA,2006,14.0,14.0,14.0,14.0
St. Kitts and Nevis,KNA,2007,14.0,14.0,14.0,14.0
St. Kitts and Nevis,KNA,2008,14.0,14.0,14.0,14.0
St. Kitts and Nevis,KNA,2009,14.0,14.0,14.0,14.0
St. Kitts and Nevis,KNA,2010,14.0,14.0,14.0,14.0
St. Kitts and Nevis,KNA,2011,14.0,14.0,14.0,14.0
St. Kitts and Nevis,KNA,2012,14.0,14.0,14.0,14.0
St. Kitts and Nevis,KNA,2013,14.0,14.0,14.0,14.0
St. Kitts and Nevis,KNA,2014,14.0,14.0,14.0,14.0
St. Kitts and Nevis,KNA,2015,14.0,14.0,14.0,14.0
St. Kitts and Nevis,KNA,2016,14.0,14.0,14.0,14.0
St. Kitts and Nevis,KNA,2017,14.0,14.0,14.0,14.0
St. Kitts and Nevis,KNA,2018,14.0,14.0,14.0,14.0
St. Kitts and Nevis,KNA,2019,14.0,14.0,14.0,14.0
St. Kitts and Nevis,KNA,2020,14.0,14.0,14.0,14.0
St. Lucia,LCA,2004,21.0,21.0,21.0,21.0
St. Lucia,LCA,2005,21.0,21.0,21.0,21.0
St. Lucia,LCA,2006,21.0,21.0,21.0,21.0
St. Lucia,LCA,2007,21.0,21.0,21.0,21.0
St. Lucia,LCA,2008,21.0,21.0,21.0,21.0
St. Lucia,LCA,2009,21.0,21.0,21.0,21.0
St. Lucia,LCA,2010,21.0,21.0,21.0,21.0
St. Lucia,LCA,2011,21.0,21.0,21.0,21.0
St. Lucia,LCA,2012,21.0,21.0,21.0,21.0
St. Lucia,LCA,2013,21.0,21.0,21.0,21.0
St. Lucia,LCA,2014,14.0,21.0,21.0,18.6666666666667
St. Lucia,LCA,2015,14.0,21.0,21.0,18.6666666666667
St. Lucia,LCA,2016,14.0,21.0,21.0,18.6666666666667
St. Lucia,LCA,2017,14.0,21.0,21.0,18.6666666666667
St. Lucia,LCA,2018,14.0,21.0,21.0,18.6666666666667
St. Lucia,LCA,2019,14.0,21.0,21.0,18.6666666666667
St. Lucia,LCA,2020,14.0,21.0,21.0,18.6666666666667
St. Vincent and the Grenadines,VCT,2004,14.0,21.0,21.0,18.6666666666667
St. Vincent and the Grenadines,VCT,2005,14.0,21.0,21.0,18.6666666666667
St. Vincent and the Grenadines,VCT,2006,14.0,21.0,21.0,18.6666666666667
St. Vincent and the Grenadines,VCT,2007,14.0,21.0,21.0,18.6666666666667
St. Vincent and the Grenadines,VCT,2008,14.0,21.0,21.0,18.6666666666667
St. Vincent and the Grenadines,VCT,2009,14.0,21.0,21.0,18.6666666666667
St. Vincent and the Grenadines,VCT,2010,14.0,21.0,21.0,18.6666666666667
St. Vincent and the Grenadines,VCT,2011,14.0,21.0,21.0,18.6666666666667
St. Vincent and the Grenadines,VCT,2012,14.0,21.0,21.0,18.6666666666667
St. Vincent and the Grenadines,VCT,2013,14.0,21.0,21.0,18.6666666666667
St. Vincent and the Grenadines,VCT,2014,14.0,21.0,21.0,18.6666666666667
St. Vincent and the Grenadines,VCT,2015,14.0,21.0,21.0,18.6666666666667
St. Vincent and the Grenadines,VCT,2016,14.0,21.0,21.0,18.6666666666667
St. Vincent and the Grenadines,VCT,2017,14.0,21.0,21.0,18.6666666666667
St. Vincent and the Grenadines,VCT,2018,14.0,21.0,21.0,18.6666666666667
St. Vincent and the Grenadines,VCT,2019,14.0,21.0,21.0,18.6666666666667
St. Vincent and the Grenadines,VCT,2020,14.0,21.0,21.0,18.6666666666667
Sudan,SDN,2004,20.0,25.0,25.0,23.333333333333332
Sudan,SDN,2005,20.0,25.0,25.0,23.333333333333332
Sudan,SDN,2006,20.0,25.0,25.0,23.333333333333332
Sudan,SDN,2007,20.0,25.0,25.0,23.333333333333332
Sudan,SDN,2008,20.0,25.0,25.0,23.333333333333332
Sudan,SDN,2009,20.0,25.0,25.0,23.333333333333332
Sudan,SDN,2010,20.0,25.0,25.0,23.333333333333332
Sudan,SDN,2011,20.0,25.0,25.0,23.333333333333332
Sudan,SDN,2012,20.0,25.0,25.0,23.333333333333332
Sudan,SDN,2013,20.0,25.0,25.0,23.3333333333333
Sudan,SDN,2014,20.0,25.0,25.0,23.3333333333333
Sudan,SDN,2015,20.0,25.0,25.0,23.333333333333332
Sudan,SDN,2016,20.0,25.0,25.0,23.3333333333333
Sudan,SDN,2017,20.0,25.0,25.0,23.3333333333333
Sudan,SDN,2018,20.0,25.0,25.0,23.3333333333333
Sudan,SDN,2019,20.0,25.0,25.0,23.3333333333333
Sudan,SDN,2020,20.0,25.0,25.0,23.3333333333333
Suriname,SUR,2004,12.0,18.0,18.0,16.0
Suriname,SUR,2005,12.0,18.0,18.0,16.0
Suriname,SUR,2006,12.0,18.0,18.0,16.0
Suriname,SUR,2007,12.0,18.0,18.0,16.0
Suriname,SUR,2008,12.0,18.0,18.0,16.0
Suriname,SUR,2009,12.0,18.0,18.0,16.0
Suriname,SUR,2010,12.0,18.0,18.0,16.0
Suriname,SUR,2011,12.0,18.0,18.0,16.0
Suriname,SUR,2012,12.0,18.0,18.0,16.0
Suriname,SUR,2013,12.0,18.0,18.0,16.0
Suriname,SUR,2014,12.0,18.0,18.0,16.0
Suriname,SUR,2015,12.0,18.0,18.0,16.0
Suriname,SUR,2016,12.0,18.0,18.0,16.0
Suriname,SUR,2017,12.0,18.0,18.0,16.0
Suriname,SUR,2018,12.0,18.0,18.0,16.0
Suriname,SUR,2019,12.0,18.0,18.0,16.0
Suriname,SUR,2020,12.0,18.0,18.0,16.0
Sweden,SWE,2004,25.0,25.0,25.0,25.0
Sweden,SWE,2005,25.0,25.0,25.0,25.0
Sweden,SWE,2006,25.0,25.0,25.0,25.0
Sweden,SWE,2007,25.0,25.0,25.0,25.0
Sweden,SWE,2008,25.0,25.0,25.0,25.0
Sweden,SWE,2009,25.0,25.0,25.0,25.0
Sweden,SWE,2010,25.0,25.0,25.0,25.0
Sweden,SWE,2011,25.0,25.0,25.0,25.0
Sweden,SWE,2012,25.0,25.0,25.0,25.0
Sweden,SWE,2013,25.0,25.0,25.0,25.0
Sweden,SWE,2014,25.0,25.0,25.0,25.0
Sweden,SWE,2015,25.0,25.0,25.0,25.0
Sweden,SWE,2016,25.0,25.0,25.0,25.0
Sweden,SWE,2017,25.0,25.0,25.0,25.0
Sweden,SWE,2018,25.0,25.0,25.0,25.0
Sweden,SWE,2019,25.0,25.0,25.0,25.0
Sweden,SWE,2020,25.0,25.0,25.0,25.0
Switzerland,CHE,2004,20.0,20.0,20.0,20.0
Switzerland,CHE,2005,20.0,20.0,20.0,20.0
Switzerland,CHE,2006,20.0,20.0,20.0,20.0
Switzerland,CHE,2007,20.0,20.0,20.0,20.0
Switzerland,CHE,2008,20.0,20.0,20.0,20.0
Switzerland,CHE,2009,20.0,20.0,20.0,20.0
Switzerland,CHE,2010,20.0,20.0,20.0,20.0
Switzerland,CHE,2011,20.0,20.0,20.0,20.0
Switzerland,CHE,2012,20.0,20.0,20.0,20.0
Switzerland,CHE,2013,20.0,20.0,20.0,20.0
Switzerland,CHE,2014,20.0,20.0,20.0,20.0
Switzerland,CHE,2015,20.0,20.0,20.0,20.0
Switzerland,CHE,2016,20.0,20.0,20.0,20.0
Switzerland,CHE,2017,20.0,20.0,20.0,20.0
Switzerland,CHE,2018,20.0,20.0,20.0,20.0
Switzerland,CHE,2019,20.0,20.0,20.0,20.0
Switzerland,CHE,2020,20.0,20.0,20.0,20.0
Syrian Arab Republic,SYR,2004,14.0,14.0,21.0,16.3333333333333
Syrian Arab Republic,SYR,2005,14.0,14.0,21.0,16.3333333333333
Syrian Arab Republic,SYR,2006,14.0,14.0,21.0,16.3333333333333
Syrian Arab Republic,SYR,2007,14.0,14.0,21.0,16.3333333333333
Syrian Arab Republic,SYR,2008,14.0,14.0,21.0,16.3333333333333
Syrian Arab Republic,SYR,2009,14.0,14.0,21.0,16.3333333333333
Syrian Arab Republic,SYR,2010,14.0,14.0,21.0,16.3333333333333
Syrian Arab Republic,SYR,2011,14.0,21.0,30.0,21.666666666666668
Syrian Arab Republic,SYR,2012,14.0,21.0,30.0,21.666666666666668
Syrian Arab Republic,SYR,2013,14.0,21.0,30.0,21.6666666666667
Syrian Arab Republic,SYR,2014,14.0,21.0,30.0,21.6666666666667
Syrian Arab Republic,SYR,2015,14.0,21.0,30.0,21.6666666666667
Syrian Arab Republic,SYR,2016,14.0,21.0,30.0,21.6666666666667
Syrian Arab Republic,SYR,2017,14.0,21.0,30.0,21.6666666666667
Syrian Arab Republic,SYR,2018,14.0,21.0,30.0,21.6666666666667
Syrian Arab Republic,SYR,2019,14.0,21.0,30.0,21.6666666666667
Syrian Arab Republic,SYR,2020,14.0,21.0,30.0,21.6666666666667
São Tomé and Príncipe,STP,2004,26.0,26.0,26.0,26.0
São Tomé and Príncipe,STP,2005,26.0,26.0,26.0,26.0
São Tomé and Príncipe,STP,2006,26.0,26.0,26.0,26.0
São Tomé and Príncipe,STP,2007,26.0,26.0,26.0,26.0
São Tomé and Príncipe,STP,2008,26.0,26.0,26.0,26.0
São Tomé and Príncipe,STP,2009,26.0,26.0,26.0,26.0
São Tomé and Príncipe,STP,2010,26.0,26.0,26.0,26.0
São Tomé and Príncipe,STP,2011,26.0,26.0,26.0,26.0
São Tomé and Príncipe,STP,2012,26.0,26.0,26.0,26.0
São Tomé and Príncipe,STP,2013,26.0,26.0,26.0,26.0
São Tomé and Príncipe,STP,2014,26.0,26.0,26.0,26.0
São Tomé and Príncipe,STP,2015,26.0,26.0,26.0,26.0
São Tomé and Príncipe,STP,2016,26.0,26.0,26.0,26.0
São Tomé and Príncipe,STP,2017,26.0,26.0,26.0,26.0
São Tomé and Príncipe,STP,2018,26.0,26.0,26.0,26.0
São Tomé and Príncipe,STP,2019,26.0,26.0,26.0,26.0
São Tomé and Príncipe,STP,2020,26.0,26.0,26.0,26.0
"Taiwan, China",TWN,2004,7.0,14.0,15.0,12.0
"Taiwan, China",TWN,2005,7.0,14.0,15.0,12.0
"Taiwan, China",TWN,2006,7.0,14.0,15.0,12.0
"Taiwan, China",TWN,2007,7.0,14.0,15.0,12.0
"Taiwan, China",TWN,2008,7.0,14.0,15.0,12.0
"Taiwan, China",TWN,2009,7.0,14.0,15.0,12.0
"Taiwan, China",TWN,2010,7.0,14.0,15.0,12.0
"Taiwan, China",TWN,2011,7.0,14.0,15.0,12.0
"Taiwan, China",TWN,2012,7.0,14.0,15.0,12.0
"Taiwan, China",TWN,2013,7.0,14.0,15.0,12.0
"Taiwan, China",TWN,2014,7.0,14.0,15.0,12.0
"Taiwan, China",TWN,2015,7.0,14.0,15.0,12.0
"Taiwan, China",TWN,2016,7.0,14.0,15.0,12.0
"Taiwan, China",TWN,2017,7.0,14.0,15.0,12.0
"Taiwan, China",TWN,2018,7.0,15.0,16.0,12.6666666666667
"Taiwan, China",TWN,2019,7.0,15.0,16.0,12.6666666666667
"Taiwan, China",TWN,2020,7.0,15.0,16.0,12.6666666666667
Tajikistan,TJK,2004,21.0,21.0,21.0,21.0
Tajikistan,TJK,2005,21.0,21.0,21.0,21.0
Tajikistan,TJK,2006,21.0,21.0,21.0,21.0
Tajikistan,TJK,2007,21.0,21.0,21.0,21.0
Tajikistan,TJK,2008,21.0,21.0,21.0,21.0
Tajikistan,TJK,2009,21.0,21.0,21.0,21.0
Tajikistan,TJK,2010,21.0,21.0,21.0,21.0
Tajikistan,TJK,2011,21.0,21.0,21.0,21.0
Tajikistan,TJK,2012,21.0,21.0,21.0,21.0
Tajikistan,TJK,2013,21.0,21.0,21.0,21.0
Tajikistan,TJK,2014,21.0,21.0,21.0,21.0
Tajikistan,TJK,2015,18.0,18.0,18.0,18.0
Tajikistan,TJK,2016,18.0,18.0,18.0,18.0
Tajikistan,TJK,2017,18.0,18.0,18.0,18.0
Tajikistan,TJK,2018,18.0,18.0,18.0,18.0
Tajikistan,TJK,2019,18.0,18.0,18.0,18.0
Tajikistan,TJK,2020,18.0,18.0,18.0,18.0
Tanzania,TZA,2004,20.0,20.0,20.0,20.0
Tanzania,TZA,2005,20.0,20.0,20.0,20.0
Tanzania,TZA,2006,20.0,20.0,20.0,20.0
Tanzania,TZA,2007,20.0,20.0,20.0,20.0
Tanzania,TZA,2008,20.0,20.0,20.0,20.0
Tanzania,TZA,2009,20.0,20.0,20.0,20.0
Tanzania,TZA,2010,20.0,20.0,20.0,20.0
Tanzania,TZA,2011,20.0,20.0,20.0,20.0
Tanzania,TZA,2012,20.0,20.0,20.0,20.0
Tanzania,TZA,2013,20.0,20.0,20.0,20.0
Tanzania,TZA,2014,20.0,20.0,20.0,20.0
Tanzania,TZA,2015,20.0,20.0,20.0,20.0
Tanzania,TZA,2016,20.0,20.0,20.0,20.0
Tanzania,TZA,2017,20.0,20.0,20.0,20.0
Tanzania,TZA,2018,20.0,20.0,20.0,20.0
Tanzania,TZA,2019,20.0,20.0,20.0,20.0
Tanzania,TZA,2020,20.0,20.0,20.0,20.0
Thailand,THA,2004,6.0,6.0,6.0,6.0
Thailand,THA,2005,6.0,6.0,6.0,6.0
Thailand,THA,2006,6.0,6.0,6.0,6.0
Thailand,THA,2007,6.0,6.0,6.0,6.0
Thailand,THA,2008,6.0,6.0,6.0,6.0
Thailand,THA,2009,6.0,6.0,6.0,6.0
Thailand,THA,2010,6.0,6.0,6.0,6.0
Thailand,THA,2011,6.0,6.0,6.0,6.0
Thailand,THA,2012,6.0,6.0,6.0,6.0
Thailand,THA,2013,6.0,6.0,6.0,6.0
Thailand,THA,2014,6.0,6.0,6.0,6.0
Thailand,THA,2015,6.0,6.0,6.0,6.0
Thailand,THA,2016,6.0,6.0,6.0,6.0
Thailand,THA,2017,6.0,6.0,6.0,6.0
Thailand,THA,2018,6.0,6.0,6.0,6.0
Thailand,THA,2019,6.0,6.0,6.0,6.0
Thailand,THA,2020,6.0,6.0,6.0,6.0
Timor-Leste,TMP,2004,12.0,12.0,12.0,12.0
Timor-Leste,TMP,2005,12.0,12.0,12.0,12.0
Timor-Leste,TMP,2006,12.0,12.0,12.0,12.0
Timor-Leste,TMP,2007,12.0,12.0,12.0,12.0
Timor-Leste,TMP,2008,12.0,12.0,12.0,12.0
Timor-Leste,TMP,2009,12.0,12.0,12.0,12.0
Timor-Leste,TMP,2010,12.0,12.0,12.0,12.0
Timor-Leste,TMP,2011,12.0,12.0,12.0,12.0
Timor-Leste,TMP,2012,12.0,12.0,12.0,12.0
Timor-Leste,TMP,2013,12.0,12.0,12.0,12.0
Timor-Leste,TMP,2014,12.0,12.0,12.0,12.0
Timor-Leste,TMP,2015,12.0,12.0,12.0,12.0
Timor-Leste,TMP,2016,12.0,12.0,12.0,12.0
Timor-Leste,TMP,2017,12.0,12.0,12.0,12.0
Timor-Leste,TMP,2018,12.0,12.0,12.0,12.0
Timor-Leste,TMP,2019,12.0,12.0,12.0,12.0
Timor-Leste,TMP,2020,12.0,12.0,12.0,12.0
Togo,TGO,2004,30.0,30.0,30.0,30.0
Togo,TGO,2005,30.0,30.0,30.0,30.0
Togo,TGO,2006,30.0,30.0,30.0,30.0
Togo,TGO,2007,30.0,30.0,30.0,30.0
Togo,TGO,2008,30.0,30.0,30.0,30.0
Togo,TGO,2009,30.0,30.0,30.0,30.0
Togo,TGO,2010,30.0,30.0,30.0,30.0
Togo,TGO,2011,30.0,30.0,30.0,30.0
Togo,TGO,2012,30.0,30.0,30.0,30.0
Togo,TGO,2013,30.0,30.0,30.0,30.0
Togo,TGO,2014,30.0,30.0,30.0,30.0
Togo,TGO,2015,30.0,30.0,30.0,30.0
Togo,TGO,2016,30.0,30.0,30.0,30.0
Togo,TGO,2017,30.0,30.0,30.0,30.0
Togo,TGO,2018,30.0,30.0,30.0,30.0
Togo,TGO,2019,30.0,30.0,30.0,30.0
Togo,TGO,2020,30.0,30.0,30.0,30.0
Tonga,TON,2004,0.0,0.0,0.0,0.0
Tonga,TON,2005,0.0,0.0,0.0,0.0
Tonga,TON,2006,0.0,0.0,0.0,0.0
Tonga,TON,2007,0.0,0.0,0.0,0.0
Tonga,TON,2008,0.0,0.0,0.0,0.0
Tonga,TON,2009,0.0,0.0,0.0,0.0
Tonga,TON,2010,0.0,0.0,0.0,0.0
Tonga,TON,2011,0.0,0.0,0.0,0.0
Tonga,TON,2012,0.0,0.0,0.0,0.0
Tonga,TON,2013,0.0,0.0,0.0,0.0
Tonga,TON,2014,0.0,0.0,0.0,0.0
Tonga,TON,2015,0.0,0.0,0.0,0.0
Tonga,TON,2016,0.0,0.0,0.0,0.0
Tonga,TON,2017,0.0,0.0,0.0,0.0
Tonga,TON,2018,0.0,0.0,0.0,0.0
Tonga,TON,2019,0.0,0.0,0.0,0.0
Tonga,TON,2020,0.0,0.0,0.0,0.0
Trinidad and Tobago,TTO,2004,10.0,10.0,10.0,10.0
Trinidad and Tobago,TTO,2005,10.0,10.0,10.0,10.0
Trinidad and Tobago,TTO,2006,10.0,10.0,10.0,10.0
Trinidad and Tobago,TTO,2007,10.0,10.0,10.0,10.0
Trinidad and Tobago,TTO,2008,10.0,10.0,10.0,10.0
Trinidad and Tobago,TTO,2009,10.0,10.0,10.0,10.0
Trinidad and Tobago,TTO,2010,10.0,10.0,10.0,10.0
Trinidad and Tobago,TTO,2011,10.0,10.0,10.0,10.0
Trinidad and Tobago,TTO,2012,10.0,10.0,10.0,10.0
Trinidad and Tobago,TTO,2013,10.0,10.0,10.0,10.0
Trinidad and Tobago,TTO,2014,10.0,10.0,10.0,10.0
Trinidad and Tobago,TTO,2015,10.0,10.0,10.0,10.0
Trinidad and Tobago,TTO,2016,10.0,10.0,10.0,10.0
Trinidad and Tobago,TTO,2017,10.0,10.0,10.0,10.0
Trinidad and Tobago,TTO,2018,10.0,10.0,10.0,10.0
Trinidad and Tobago,TTO,2019,10.0,10.0,10.0,10.0
Trinidad and Tobago,TTO,2020,10.0,10.0,10.0,10.0
Tunisia,TUN,2004,18.0,19.0,20.0,19.0
Tunisia,TUN,2005,18.0,19.0,20.0,19.0
Tunisia,TUN,2006,18.0,19.0,20.0,19.0
Tunisia,TUN,2007,18.0,19.0,20.0,19.0
Tunisia,TUN,2008,18.0,19.0,20.0,19.0
Tunisia,TUN,2009,18.0,19.0,20.0,19.0
Tunisia,TUN,2010,18.0,19.0,20.0,19.0
Tunisia,TUN,2011,18.0,19.0,20.0,19.0
Tunisia,TUN,2012,18.0,19.0,20.0,19.0
Tunisia,TUN,2013,18.0,19.0,20.0,19.0
Tunisia,TUN,2014,18.0,19.0,20.0,19.0
Tunisia,TUN,2015,18.0,19.0,20.0,19.0
Tunisia,TUN,2016,18.0,19.0,20.0,19.0
Tunisia,TUN,2017,18.0,19.0,20.0,19.0
Tunisia,TUN,2018,18.0,19.0,20.0,19.0
Tunisia,TUN,2019,18.0,19.0,20.0,19.0
Tunisia,TUN,2020,18.0,19.0,20.0,19.0
Turkey,TUR,2004,14.0,20.0,20.0,18.0
Turkey,TUR,2005,14.0,20.0,20.0,18.0
Turkey,TUR,2006,14.0,20.0,20.0,18.0
Turkey,TUR,2007,14.0,20.0,20.0,18.0
Turkey,TUR,2008,14.0,20.0,20.0,18.0
Turkey,TUR,2009,14.0,20.0,20.0,18.0
Turkey,TUR,2010,14.0,20.0,20.0,18.0
Turkey,TUR,2011,14.0,20.0,20.0,18.0
Turkey,TUR,2012,14.0,20.0,20.0,18.0
Turkey,TUR,2013,14.0,20.0,20.0,18.0
Turkey,TUR,2014,14.0,20.0,20.0,18.0
Turkey,TUR,2015,14.0,20.0,20.0,18.0
Turkey,TUR,2016,14.0,20.0,20.0,18.0
Turkey,TUR,2017,14.0,20.0,20.0,18.0
Turkey,TUR,2018,14.0,20.0,20.0,18.0
Turkey,TUR,2019,14.0,20.0,20.0,18.0
Turkey,TUR,2020,14.0,20.0,20.0,18.0
Uganda,UGA,2004,18.0,18.0,18.0,18.0
Uganda,UGA,2005,18.0,18.0,18.0,18.0
Uganda,UGA,2006,18.0,18.0,18.0,18.0
Uganda,UGA,2007,18.0,18.0,18.0,18.0
Uganda,UGA,2008,21.0,21.0,21.0,21.0
Uganda,UGA,2009,21.0,21.0,21.0,21.0
Uganda,UGA,2010,21.0,21.0,21.0,21.0
Uganda,UGA,2011,21.0,21.0,21.0,21.0
Uganda,UGA,2012,21.0,21.0,21.0,21.0
Uganda,UGA,2013,21.0,21.0,21.0,21.0
Uganda,UGA,2014,21.0,21.0,21.0,21.0
Uganda,UGA,2015,21.0,21.0,21.0,21.0
Uganda,UGA,2016,21.0,21.0,21.0,21.0
Uganda,UGA,2017,21.0,21.0,21.0,21.0
Uganda,UGA,2018,21.0,21.0,21.0,21.0
Uganda,UGA,2019,21.0,21.0,21.0,21.0
Uganda,UGA,2020,21.0,21.0,21.0,21.0
Ukraine,UKR,2004,18.0,18.0,18.0,18.0
Ukraine,UKR,2005,18.0,18.0,18.0,18.0
Ukraine,UKR,2006,18.0,18.0,18.0,18.0
Ukraine,UKR,2007,18.0,18.0,18.0,18.0
Ukraine,UKR,2008,18.0,18.0,18.0,18.0
Ukraine,UKR,2009,18.0,18.0,18.0,18.0
Ukraine,UKR,2010,18.0,18.0,18.0,18.0
Ukraine,UKR,2011,18.0,18.0,18.0,18.0
Ukraine,UKR,2012,18.0,18.0,18.0,18.0
Ukraine,UKR,2013,18.0,18.0,18.0,18.0
Ukraine,UKR,2014,18.0,18.0,18.0,18.0
Ukraine,UKR,2015,18.0,18.0,18.0,18.0
Ukraine,UKR,2016,18.0,18.0,18.0,18.0
Ukraine,UKR,2017,18.0,18.0,18.0,18.0
Ukraine,UKR,2018,18.0,18.0,18.0,18.0
Ukraine,UKR,2019,18.0,18.0,18.0,18.0
Ukraine,UKR,2020,18.0,18.0,18.0,18.0
United Arab Emirates,ARE,2004,26.0,26.0,26.0,26.0
United Arab Emirates,ARE,2005,26.0,26.0,26.0,26.0
United Arab Emirates,ARE,2006,26.0,26.0,26.0,26.0
United Arab Emirates,ARE,2007,26.0,26.0,26.0,26.0
United Arab Emirates,ARE,2008,26.0,26.0,26.0,26.0
United Arab Emirates,ARE,2009,26.0,26.0,26.0,26.0
United Arab Emirates,ARE,2010,26.0,26.0,26.0,26.0
United Arab Emirates,ARE,2011,26.0,26.0,26.0,26.0
United Arab Emirates,ARE,2012,26.0,26.0,26.0,26.0
United Arab Emirates,ARE,2013,26.0,26.0,26.0,26.0
United Arab Emirates,ARE,2014,26.0,26.0,26.0,26.0
United Arab Emirates,ARE,2015,26.0,26.0,26.0,26.0
United Arab Emirates,ARE,2016,26.0,26.0,26.0,26.0
United Arab Emirates,ARE,2017,26.0,26.0,26.0,26.0
United Arab Emirates,ARE,2018,26.0,26.0,26.0,26.0
United Arab Emirates,ARE,2019,26.0,26.0,26.0,26.0
United Arab Emirates,ARE,2020,26.0,26.0,26.0,26.0
United Kingdom,GBR,2004,28.0,28.0,28.0,28.0
United Kingdom,GBR,2005,28.0,28.0,28.0,28.0
United Kingdom,GBR,2006,28.0,28.0,28.0,28.0
United Kingdom,GBR,2007,28.0,28.0,28.0,28.0
United Kingdom,GBR,2008,28.0,28.0,28.0,28.0
United Kingdom,GBR,2009,28.0,28.0,28.0,28.0
United Kingdom,GBR,2010,28.0,28.0,28.0,28.0
United Kingdom,GBR,2011,28.0,28.0,28.0,28.0
United Kingdom,GBR,2012,28.0,28.0,28.0,28.0
United Kingdom,GBR,2013,28.0,28.0,28.0,28.0
United Kingdom,GBR,2014,28.0,28.0,28.0,28.0
United Kingdom,GBR,2015,28.0,28.0,28.0,28.0
United Kingdom,GBR,2016,28.0,28.0,28.0,28.0
United Kingdom,GBR,2017,28.0,28.0,28.0,28.0
United Kingdom,GBR,2018,28.0,28.0,28.0,28.0
United Kingdom,GBR,2019,28.0,28.0,28.0,28.0
United Kingdom,GBR,2020,28.0,28.0,28.0,28.0
United States Los Angeles,USA_Losa,2004,0.0,0.0,0.0,0.0
United States Los Angeles,USA_Losa,2005,0.0,0.0,0.0,0.0
United States Los Angeles,USA_Losa,2006,0.0,0.0,0.0,0.0
United States Los Angeles,USA_Losa,2007,0.0,0.0,0.0,0.0
United States Los Angeles,USA_Losa,2008,0.0,0.0,0.0,0.0
United States Los Angeles,USA_Losa,2009,0.0,0.0,0.0,0.0
United States Los Angeles,USA_Losa,2010,0.0,0.0,0.0,0.0
United States Los Angeles,USA_Losa,2011,0.0,0.0,0.0,0.0
United States Los Angeles,USA_Losa,2012,0.0,0.0,0.0,0.0
United States Los Angeles,USA_Losa,2013,0.0,0.0,0.0,0.0
United States Los Angeles,USA_Losa,2014,0.0,0.0,0.0,0.0
United States Los Angeles,USA_Losa,2015,0.0,0.0,0.0,0.0
United States Los Angeles,USA_Losa,2016,0.0,0.0,0.0,0.0
United States Los Angeles,USA_Losa,2017,0.0,0.0,0.0,0.0
United States Los Angeles,USA_Losa,2018,0.0,0.0,0.0,0.0
United States Los Angeles,USA_Losa,2019,0.0,0.0,0.0,0.0
United States Los Angeles,USA_Losa,2020,0.0,0.0,0.0,0.0
United States New York City,USA,2004,0.0,0.0,0.0,0.0
United States New York City,USA,2005,0.0,0.0,0.0,0.0
United States New York City,USA,2006,0.0,0.0,0.0,0.0
United States New York City,USA,2007,0.0,0.0,0.0,0.0
United States New York City,USA,2008,0.0,0.0,0.0,0.0
United States New York City,USA,2009,0.0,0.0,0.0,0.0
United States New York City,USA,2010,0.0,0.0,0.0,0.0
United States New York City,USA,2011,0.0,0.0,0.0,0.0
United States New York City,USA,2012,0.0,0.0,0.0,0.0
United States New York City,USA,2013,0.0,0.0,0.0,0.0
United States New York City,USA,2014,0.0,0.0,0.0,0.0
United States New York City,USA,2015,0.0,0.0,0.0,0.0
United States New York City,USA,2016,0.0,0.0,0.0,0.0
United States New York City,USA,2017,0.0,0.0,0.0,0.0
United States New York City,USA,2018,0.0,0.0,0.0,0.0
United States New York City,USA,2019,0.0,0.0,0.0,0.0
United States New York City,USA,2020,0.0,0.0,0.0,0.0
Uruguay,URY,2004,20.0,21.0,22.0,21.0
Uruguay,URY,2005,20.0,21.0,22.0,21.0
Uruguay,URY,2006,20.0,21.0,22.0,21.0
Uruguay,URY,2007,20.0,21.0,22.0,21.0
Uruguay,URY,2008,20.0,21.0,22.0,21.0
Uruguay,URY,2009,20.0,21.0,22.0,21.0
Uruguay,URY,2010,20.0,21.0,22.0,21.0
Uruguay,URY,2011,20.0,21.0,22.0,21.0
Uruguay,URY,2012,20.0,21.0,22.0,21.0
Uruguay,URY,2013,20.0,21.0,22.0,21.0
Uruguay,URY,2014,20.0,21.0,22.0,21.0
Uruguay,URY,2015,20.0,21.0,22.0,21.0
Uruguay,URY,2016,20.0,21.0,22.0,21.0
Uruguay,URY,2017,20.0,21.0,22.0,21.0
Uruguay,URY,2018,20.0,21.0,22.0,21.0
Uruguay,URY,2019,20.0,21.0,22.0,21.0
Uruguay,URY,2020,20.0,21.0,22.0,21.0
Uzbekistan,UZB,2004,15.0,15.0,15.0,15.0
Uzbekistan,UZB,2005,15.0,15.0,15.0,15.0
Uzbekistan,UZB,2006,15.0,15.0,15.0,15.0
Uzbekistan,UZB,2007,15.0,15.0,15.0,15.0
Uzbekistan,UZB,2008,15.0,15.0,15.0,15.0
Uzbekistan,UZB,2009,15.0,15.0,15.0,15.0
Uzbekistan,UZB,2010,15.0,15.0,15.0,15.0
Uzbekistan,UZB,2011,15.0,15.0,15.0,15.0
Uzbekistan,UZB,2012,15.0,15.0,15.0,15.0
Uzbekistan,UZB,2013,15.0,15.0,15.0,15.0
Uzbekistan,UZB,2014,15.0,15.0,15.0,15.0
Uzbekistan,UZB,2015,15.0,15.0,15.0,15.0
Uzbekistan,UZB,2016,15.0,15.0,15.0,15.0
Uzbekistan,UZB,2017,15.0,15.0,15.0,15.0
Uzbekistan,UZB,2018,15.0,15.0,15.0,15.0
Uzbekistan,UZB,2019,15.0,15.0,15.0,15.0
Uzbekistan,UZB,2020,15.0,15.0,15.0,15.0
Vanuatu,VUT,2004,12.0,12.0,12.0,12.0
Vanuatu,VUT,2005,12.0,12.0,12.0,12.0
Vanuatu,VUT,2006,12.0,12.0,12.0,12.0
Vanuatu,VUT,2007,12.0,12.0,12.0,12.0
Vanuatu,VUT,2008,12.0,12.0,12.0,12.0
Vanuatu,VUT,2009,12.0,12.0,12.0,12.0
Vanuatu,VUT,2010,12.0,12.0,12.0,12.0
Vanuatu,VUT,2011,15.0,15.0,21.0,17.0
Vanuatu,VUT,2012,15.0,15.0,21.0,17.0
Vanuatu,VUT,2013,15.0,15.0,21.0,17.0
Vanuatu,VUT,2014,15.0,15.0,21.0,17.0
Vanuatu,VUT,2015,15.0,15.0,21.0,17.0
Vanuatu,VUT,2016,15.0,15.0,21.0,17.0
Vanuatu,VUT,2017,15.0,15.0,21.0,17.0
Vanuatu,VUT,2018,15.0,15.0,21.0,17.0
Vanuatu,VUT,2019,15.0,15.0,21.0,17.0
Vanuatu,VUT,2020,15.0,15.0,21.0,17.0
"Venezuela, RB",VEN,2004,15.0,19.0,24.0,19.3333333333333
"Venezuela, RB",VEN,2005,15.0,19.0,24.0,19.3333333333333
"Venezuela, RB",VEN,2006,15.0,19.0,24.0,19.3333333333333
"Venezuela, RB",VEN,2007,15.0,19.0,24.0,19.3333333333333
"Venezuela, RB",VEN,2008,15.0,19.0,24.0,19.3333333333333
"Venezuela, RB",VEN,2009,15.0,19.0,24.0,19.3333333333333
"Venezuela, RB",VEN,2010,15.0,19.0,24.0,19.3333333333333
"Venezuela, RB",VEN,2011,15.0,19.0,24.0,19.3333333333333
"Venezuela, RB",VEN,2012,15.0,19.0,24.0,19.333333333333332
"Venezuela, RB",VEN,2013,15.0,19.0,24.0,19.3333333333333
"Venezuela, RB",VEN,2014,15.0,19.0,24.0,19.3333333333333
"Venezuela, RB",VEN,2015,15.0,19.0,24.0,19.3333333333333
"Venezuela, RB",VEN,2016,15.0,19.0,24.0,19.3333333333333
"Venezuela, RB",VEN,2017,15.0,19.0,24.0,19.3333333333333
"Venezuela, RB",VEN,2018,15.0,19.0,24.0,19.3333333333333
"Venezuela, RB",VEN,2019,15.0,19.0,24.0,19.3333333333333
"Venezuela, RB",VEN,2020,15.0,19.0,24.0,19.3333333333333
Vietnam,VNM,2004,12.0,13.0,14.0,13.0
Vietnam,VNM,2005,12.0,13.0,14.0,13.0
Vietnam,VNM,2006,12.0,13.0,14.0,13.0
Vietnam,VNM,2007,12.0,13.0,14.0,13.0
Vietnam,VNM,2008,12.0,13.0,14.0,13.0
Vietnam,VNM,2009,12.0,13.0,14.0,13.0
Vietnam,VNM,2010,12.0,13.0,14.0,13.0
Vietnam,VNM,2011,12.0,13.0,14.0,13.0
Vietnam,VNM,2012,12.0,13.0,14.0,13.0
Vietnam,VNM,2013,12.0,13.0,14.0,13.0
Vietnam,VNM,2014,12.0,13.0,14.0,13.0
Vietnam,VNM,2015,12.0,13.0,14.0,13.0
Vietnam,VNM,2016,12.0,13.0,14.0,13.0
Vietnam,VNM,2017,12.0,13.0,14.0,13.0
Vietnam,VNM,2018,12.0,13.0,14.0,13.0
Vietnam,VNM,2019,12.0,13.0,14.0,13.0
Vietnam,VNM,2020,12.0,13.0,14.0,13.0
West Bank and Gaza,WBG,2004,12.0,12.0,12.0,12.0
West Bank and Gaza,WBG,2005,12.0,12.0,12.0,12.0
West Bank and Gaza,WBG,2006,12.0,12.0,12.0,12.0
West Bank and Gaza,WBG,2007,12.0,12.0,12.0,12.0
West Bank and Gaza,WBG,2008,12.0,12.0,12.0,12.0
West Bank and Gaza,WBG,2009,12.0,12.0,12.0,12.0
West Bank and Gaza,WBG,2010,12.0,12.0,12.0,12.0
West Bank and Gaza,WBG,2011,12.0,12.0,12.0,12.0
West Bank and Gaza,WBG,2012,12.0,12.0,12.0,12.0
West Bank and Gaza,WBG,2013,12.0,12.0,12.0,12.0
West Bank and Gaza,WBG,2014,12.0,12.0,12.0,12.0
West Bank and Gaza,WBG,2015,12.0,12.0,12.0,12.0
West Bank and Gaza,WBG,2016,12.0,12.0,12.0,12.0
West Bank and Gaza,WBG,2017,12.0,12.0,12.0,12.0
West Bank and Gaza,WBG,2018,12.0,12.0,12.0,12.0
West Bank and Gaza,WBG,2019,12.0,12.0,12.0,12.0
West Bank and Gaza,WBG,2020,12.0,12.0,12.0,12.0
"Yemen, Rep.",YEM,2004,30.0,30.0,30.0,30.0
"Yemen, Rep.",YEM,2005,30.0,30.0,30.0,30.0
"Yemen, Rep.",YEM,2006,30.0,30.0,30.0,30.0
"Yemen, Rep.",YEM,2007,30.0,30.0,30.0,30.0
"Yemen, Rep.",YEM,2008,30.0,30.0,30.0,30.0
"Yemen, Rep.",YEM,2009,30.0,30.0,30.0,30.0
"Yemen, Rep.",YEM,2010,30.0,30.0,30.0,30.0
"Yemen, Rep.",YEM,2011,30.0,30.0,30.0,30.0
"Yemen, Rep.",YEM,2012,30.0,30.0,30.0,30.0
"Yemen, Rep.",YEM,2013,30.0,30.0,30.0,30.0
"Yemen, Rep.",YEM,2014,30.0,30.0,30.0,30.0
"Yemen, Rep.",YEM,2015,30.0,30.0,30.0,30.0
"Yemen, Rep.",YEM,2016,30.0,30.0,30.0,30.0
"Yemen, Rep.",YEM,2017,30.0,30.0,30.0,30.0
"Yemen, Rep.",YEM,2018,30.0,30.0,30.0,30.0
"Yemen, Rep.",YEM,2019,30.0,30.0,30.0,30.0
"Yemen, Rep.",YEM,2020,30.0,30.0,30.0,30.0
Zambia,ZMB,2004,24.0,24.0,24.0,24.0
Zambia,ZMB,2005,24.0,24.0,24.0,24.0
Zambia,ZMB,2006,24.0,24.0,24.0,24.0
Zambia,ZMB,2007,24.0,24.0,24.0,24.0
Zambia,ZMB,2008,24.0,24.0,24.0,24.0
Zambia,ZMB,2009,24.0,24.0,24.0,24.0
Zambia,ZMB,2010,24.0,24.0,24.0,24.0
Zambia,ZMB,2011,24.0,24.0,24.0,24.0
Zambia,ZMB,2012,24.0,24.0,24.0,24.0
Zambia,ZMB,2013,24.0,24.0,24.0,24.0
Zambia,ZMB,2014,24.0,24.0,24.0,24.0
Zambia,ZMB,2015,24.0,24.0,24.0,24.0
Zambia,ZMB,2016,24.0,24.0,24.0,24.0
Zambia,ZMB,2017,24.0,24.0,24.0,24.0
Zambia,ZMB,2018,24.0,24.0,24.0,24.0
Zambia,ZMB,2019,24.0,24.0,24.0,24.0
Zambia,ZMB,2020,24.0,24.0,24.0,24.0
Zimbabwe,ZWE,2004,22.0,22.0,22.0,22.0
Zimbabwe,ZWE,2005,22.0,22.0,22.0,22.0
Zimbabwe,ZWE,2006,22.0,22.0,22.0,22.0
Zimbabwe,ZWE,2007,22.0,22.0,22.0,22.0
Zimbabwe,ZWE,2008,22.0,22.0,22.0,22.0
Zimbabwe,ZWE,2009,22.0,22.0,22.0,22.0
Zimbabwe,ZWE,2010,22.0,22.0,22.0,22.0
Zimbabwe,ZWE,2011,22.0,22.0,22.0,22.0
Zimbabwe,ZWE,2012,22.0,22.0,22.0,22.0
Zimbabwe,ZWE,2013,22.0,22.0,22.0,22.0
Zimbabwe,ZWE,2014,22.0,22.0,22.0,22.0
Zimbabwe,ZWE,2015,22.0,22.0,22.0,22.0
Zimbabwe,ZWE,2016,22.0,22.0,22.0,22.0
Zimbabwe,ZWE,2017,22.0,22.0,22.0,22.0
Zimbabwe,ZWE,2018,22.0,22.0,22.0,22.0
Zimbabwe,ZWE,2019,22.0,22.0,22.0,22.0
Zimbabwe,ZWE,2020,22.0,22.0,22.0,22.0
