publication_year,field_id,field_name,age_year,denominator_at_publication,events_this_age,cumulative_prior_events,at_risk_start,discrete_hazard,cumulative_recorded_retraction_incidence
1990,11,Agricultural and Biological Sciences,0,120752,1,0,120752,8.281436332317477e-06,8.281436332317477e-06
1990,11,Agricultural and Biological Sciences,1,120752,0,1,120751,0.0,8.281436332317477e-06
1990,11,Agricultural and Biological Sciences,2,120752,0,1,120751,0.0,8.281436332317477e-06
1990,11,Agricultural and Biological Sciences,3,120752,0,1,120751,0.0,8.281436332317477e-06
1990,11,Agricultural and Biological Sciences,4,120752,0,1,120751,0.0,8.281436332317477e-06
1990,11,Agricultural and Biological Sciences,5,120752,0,1,120751,0.0,8.281436332317477e-06
1990,11,Agricultural and Biological Sciences,6,120752,0,1,120751,0.0,8.281436332317477e-06
1990,11,Agricultural and Biological Sciences,7,120752,0,1,120751,0.0,8.281436332317477e-06
1990,11,Agricultural and Biological Sciences,8,120752,0,1,120751,0.0,8.281436332317477e-06
1990,11,Agricultural and Biological Sciences,9,120752,0,1,120751,0.0,8.281436332317477e-06
1990,11,Agricultural and Biological Sciences,10,120752,0,1,120751,0.0,8.281436332317477e-06
1990,11,Agricultural and Biological Sciences,11,120752,0,1,120751,0.0,8.281436332317477e-06
1990,11,Agricultural and Biological Sciences,12,120752,0,1,120751,0.0,8.281436332317477e-06
1990,11,Agricultural and Biological Sciences,13,120752,0,1,120751,0.0,8.281436332317477e-06
1990,11,Agricultural and Biological Sciences,14,120752,0,1,120751,0.0,8.281436332317477e-06
1990,11,Agricultural and Biological Sciences,15,120752,0,1,120751,0.0,8.281436332317477e-06
1990,12,Arts and Humanities,0,132771,0,0,132771,0.0,0.0
1990,12,Arts and Humanities,1,132771,0,0,132771,0.0,0.0
1990,12,Arts and Humanities,2,132771,0,0,132771,0.0,0.0
1990,12,Arts and Humanities,3,132771,0,0,132771,0.0,0.0
1990,12,Arts and Humanities,4,132771,0,0,132771,0.0,0.0
1990,12,Arts and Humanities,5,132771,0,0,132771,0.0,0.0
1990,12,Arts and Humanities,6,132771,0,0,132771,0.0,0.0
1990,12,Arts and Humanities,7,132771,0,0,132771,0.0,0.0
1990,12,Arts and Humanities,8,132771,0,0,132771,0.0,0.0
1990,12,Arts and Humanities,9,132771,0,0,132771,0.0,0.0
1990,12,Arts and Humanities,10,132771,0,0,132771,0.0,0.0
1990,12,Arts and Humanities,11,132771,0,0,132771,0.0,0.0
1990,12,Arts and Humanities,12,132771,0,0,132771,0.0,0.0
1990,12,Arts and Humanities,13,132771,0,0,132771,0.0,0.0
1990,12,Arts and Humanities,14,132771,0,0,132771,0.0,0.0
1990,12,Arts and Humanities,15,132771,0,0,132771,0.0,0.0
1990,13,"Biochemistry, Genetics and Molecular Biology",0,120569,1,0,120569,8.294005921920229e-06,8.294005921920229e-06
1990,13,"Biochemistry, Genetics and Molecular Biology",1,120569,1,1,120568,8.294074713025015e-06,1.6588011843840458e-05
1990,13,"Biochemistry, Genetics and Molecular Biology",2,120569,2,2,120567,1.6588287010541856e-05,3.3176023687680915e-05
1990,13,"Biochemistry, Genetics and Molecular Biology",3,120569,0,4,120565,0.0,3.3176023687680915e-05
1990,13,"Biochemistry, Genetics and Molecular Biology",4,120569,1,4,120565,8.294281093186248e-06,4.147002960960114e-05
1990,13,"Biochemistry, Genetics and Molecular Biology",5,120569,0,5,120564,0.0,4.147002960960114e-05
1990,13,"Biochemistry, Genetics and Molecular Biology",6,120569,0,5,120564,0.0,4.147002960960114e-05
1990,13,"Biochemistry, Genetics and Molecular Biology",7,120569,1,5,120564,8.294349888855711e-06,4.976403553152137e-05
1990,13,"Biochemistry, Genetics and Molecular Biology",8,120569,0,6,120563,0.0,4.976403553152137e-05
1990,13,"Biochemistry, Genetics and Molecular Biology",9,120569,0,6,120563,0.0,4.976403553152137e-05
1990,13,"Biochemistry, Genetics and Molecular Biology",10,120569,1,6,120563,8.294418685666416e-06,5.8058041453441596e-05
1990,13,"Biochemistry, Genetics and Molecular Biology",11,120569,0,7,120562,0.0,5.8058041453441596e-05
1990,13,"Biochemistry, Genetics and Molecular Biology",12,120569,0,7,120562,0.0,5.8058041453441596e-05
1990,13,"Biochemistry, Genetics and Molecular Biology",13,120569,0,7,120562,0.0,5.8058041453441596e-05
1990,13,"Biochemistry, Genetics and Molecular Biology",14,120569,0,7,120562,0.0,5.8058041453441596e-05
1990,13,"Biochemistry, Genetics and Molecular Biology",15,120569,0,7,120562,0.0,5.8058041453441596e-05
1990,14,"Business, Management and Accounting",0,33018,0,0,33018,0.0,0.0
1990,14,"Business, Management and Accounting",1,33018,0,0,33018,0.0,0.0
1990,14,"Business, Management and Accounting",2,33018,0,0,33018,0.0,0.0
1990,14,"Business, Management and Accounting",3,33018,0,0,33018,0.0,0.0
1990,14,"Business, Management and Accounting",4,33018,0,0,33018,0.0,0.0
1990,14,"Business, Management and Accounting",5,33018,0,0,33018,0.0,0.0
1990,14,"Business, Management and Accounting",6,33018,0,0,33018,0.0,0.0
1990,14,"Business, Management and Accounting",7,33018,0,0,33018,0.0,0.0
1990,14,"Business, Management and Accounting",8,33018,0,0,33018,0.0,0.0
1990,14,"Business, Management and Accounting",9,33018,0,0,33018,0.0,0.0
1990,14,"Business, Management and Accounting",10,33018,0,0,33018,0.0,0.0
1990,14,"Business, Management and Accounting",11,33018,0,0,33018,0.0,0.0
1990,14,"Business, Management and Accounting",12,33018,0,0,33018,0.0,0.0
1990,14,"Business, Management and Accounting",13,33018,0,0,33018,0.0,0.0
1990,14,"Business, Management and Accounting",14,33018,0,0,33018,0.0,0.0
1990,14,"Business, Management and Accounting",15,33018,0,0,33018,0.0,0.0
1990,15,Chemical Engineering,0,7302,0,0,7302,0.0,0.0
1990,15,Chemical Engineering,1,7302,0,0,7302,0.0,0.0
1990,15,Chemical Engineering,2,7302,0,0,7302,0.0,0.0
1990,15,Chemical Engineering,3,7302,0,0,7302,0.0,0.0
1990,15,Chemical Engineering,4,7302,0,0,7302,0.0,0.0
1990,15,Chemical Engineering,5,7302,0,0,7302,0.0,0.0
1990,15,Chemical Engineering,6,7302,0,0,7302,0.0,0.0
1990,15,Chemical Engineering,7,7302,0,0,7302,0.0,0.0
1990,15,Chemical Engineering,8,7302,0,0,7302,0.0,0.0
1990,15,Chemical Engineering,9,7302,0,0,7302,0.0,0.0
1990,15,Chemical Engineering,10,7302,0,0,7302,0.0,0.0
1990,15,Chemical Engineering,11,7302,0,0,7302,0.0,0.0
1990,15,Chemical Engineering,12,7302,0,0,7302,0.0,0.0
1990,15,Chemical Engineering,13,7302,0,0,7302,0.0,0.0
1990,15,Chemical Engineering,14,7302,0,0,7302,0.0,0.0
1990,15,Chemical Engineering,15,7302,0,0,7302,0.0,0.0
1990,16,Chemistry,0,64170,0,0,64170,0.0,0.0
1990,16,Chemistry,1,64170,0,0,64170,0.0,0.0
1990,16,Chemistry,2,64170,0,0,64170,0.0,0.0
1990,16,Chemistry,3,64170,0,0,64170,0.0,0.0
1990,16,Chemistry,4,64170,0,0,64170,0.0,0.0
1990,16,Chemistry,5,64170,0,0,64170,0.0,0.0
1990,16,Chemistry,6,64170,0,0,64170,0.0,0.0
1990,16,Chemistry,7,64170,0,0,64170,0.0,0.0
1990,16,Chemistry,8,64170,0,0,64170,0.0,0.0
1990,16,Chemistry,9,64170,0,0,64170,0.0,0.0
1990,16,Chemistry,10,64170,0,0,64170,0.0,0.0
1990,16,Chemistry,11,64170,0,0,64170,0.0,0.0
1990,16,Chemistry,12,64170,0,0,64170,0.0,0.0
1990,16,Chemistry,13,64170,0,0,64170,0.0,0.0
1990,16,Chemistry,14,64170,0,0,64170,0.0,0.0
1990,16,Chemistry,15,64170,0,0,64170,0.0,0.0
1990,17,Computer Science,0,68005,0,0,68005,0.0,0.0
1990,17,Computer Science,1,68005,0,0,68005,0.0,0.0
1990,17,Computer Science,2,68005,0,0,68005,0.0,0.0
1990,17,Computer Science,3,68005,0,0,68005,0.0,0.0
1990,17,Computer Science,4,68005,0,0,68005,0.0,0.0
1990,17,Computer Science,5,68005,0,0,68005,0.0,0.0
1990,17,Computer Science,6,68005,0,0,68005,0.0,0.0
1990,17,Computer Science,7,68005,0,0,68005,0.0,0.0
1990,17,Computer Science,8,68005,0,0,68005,0.0,0.0
1990,17,Computer Science,9,68005,0,0,68005,0.0,0.0
1990,17,Computer Science,10,68005,0,0,68005,0.0,0.0
1990,17,Computer Science,11,68005,0,0,68005,0.0,0.0
1990,17,Computer Science,12,68005,0,0,68005,0.0,0.0
1990,17,Computer Science,13,68005,0,0,68005,0.0,0.0
1990,17,Computer Science,14,68005,0,0,68005,0.0,0.0
1990,17,Computer Science,15,68005,0,0,68005,0.0,0.0
1990,18,Decision Sciences,0,14043,0,0,14043,0.0,0.0
1990,18,Decision Sciences,1,14043,0,0,14043,0.0,0.0
1990,18,Decision Sciences,2,14043,0,0,14043,0.0,0.0
1990,18,Decision Sciences,3,14043,0,0,14043,0.0,0.0
1990,18,Decision Sciences,4,14043,0,0,14043,0.0,0.0
1990,18,Decision Sciences,5,14043,0,0,14043,0.0,0.0
1990,18,Decision Sciences,6,14043,0,0,14043,0.0,0.0
1990,18,Decision Sciences,7,14043,0,0,14043,0.0,0.0
1990,18,Decision Sciences,8,14043,0,0,14043,0.0,0.0
1990,18,Decision Sciences,9,14043,0,0,14043,0.0,0.0
1990,18,Decision Sciences,10,14043,0,0,14043,0.0,0.0
1990,18,Decision Sciences,11,14043,0,0,14043,0.0,0.0
1990,18,Decision Sciences,12,14043,0,0,14043,0.0,0.0
1990,18,Decision Sciences,13,14043,0,0,14043,0.0,0.0
1990,18,Decision Sciences,14,14043,0,0,14043,0.0,0.0
1990,18,Decision Sciences,15,14043,0,0,14043,0.0,0.0
1990,19,Earth and Planetary Sciences,0,39096,0,0,39096,0.0,0.0
1990,19,Earth and Planetary Sciences,1,39096,0,0,39096,0.0,0.0
1990,19,Earth and Planetary Sciences,2,39096,0,0,39096,0.0,0.0
1990,19,Earth and Planetary Sciences,3,39096,0,0,39096,0.0,0.0
1990,19,Earth and Planetary Sciences,4,39096,0,0,39096,0.0,0.0
1990,19,Earth and Planetary Sciences,5,39096,0,0,39096,0.0,0.0
1990,19,Earth and Planetary Sciences,6,39096,0,0,39096,0.0,0.0
1990,19,Earth and Planetary Sciences,7,39096,0,0,39096,0.0,0.0
1990,19,Earth and Planetary Sciences,8,39096,0,0,39096,0.0,0.0
1990,19,Earth and Planetary Sciences,9,39096,0,0,39096,0.0,0.0
1990,19,Earth and Planetary Sciences,10,39096,0,0,39096,0.0,0.0
1990,19,Earth and Planetary Sciences,11,39096,0,0,39096,0.0,0.0
1990,19,Earth and Planetary Sciences,12,39096,0,0,39096,0.0,0.0
1990,19,Earth and Planetary Sciences,13,39096,0,0,39096,0.0,0.0
1990,19,Earth and Planetary Sciences,14,39096,0,0,39096,0.0,0.0
1990,19,Earth and Planetary Sciences,15,39096,0,0,39096,0.0,0.0
1990,20,"Economics, Econometrics and Finance",0,62328,0,0,62328,0.0,0.0
1990,20,"Economics, Econometrics and Finance",1,62328,0,0,62328,0.0,0.0
1990,20,"Economics, Econometrics and Finance",2,62328,0,0,62328,0.0,0.0
1990,20,"Economics, Econometrics and Finance",3,62328,0,0,62328,0.0,0.0
1990,20,"Economics, Econometrics and Finance",4,62328,0,0,62328,0.0,0.0
1990,20,"Economics, Econometrics and Finance",5,62328,0,0,62328,0.0,0.0
1990,20,"Economics, Econometrics and Finance",6,62328,0,0,62328,0.0,0.0
1990,20,"Economics, Econometrics and Finance",7,62328,0,0,62328,0.0,0.0
1990,20,"Economics, Econometrics and Finance",8,62328,0,0,62328,0.0,0.0
1990,20,"Economics, Econometrics and Finance",9,62328,0,0,62328,0.0,0.0
1990,20,"Economics, Econometrics and Finance",10,62328,0,0,62328,0.0,0.0
1990,20,"Economics, Econometrics and Finance",11,62328,0,0,62328,0.0,0.0
1990,20,"Economics, Econometrics and Finance",12,62328,0,0,62328,0.0,0.0
1990,20,"Economics, Econometrics and Finance",13,62328,0,0,62328,0.0,0.0
1990,20,"Economics, Econometrics and Finance",14,62328,0,0,62328,0.0,0.0
1990,20,"Economics, Econometrics and Finance",15,62328,0,0,62328,0.0,0.0
1990,21,Energy,0,6301,0,0,6301,0.0,0.0
1990,21,Energy,1,6301,0,0,6301,0.0,0.0
1990,21,Energy,2,6301,0,0,6301,0.0,0.0
1990,21,Energy,3,6301,0,0,6301,0.0,0.0
1990,21,Energy,4,6301,0,0,6301,0.0,0.0
1990,21,Energy,5,6301,0,0,6301,0.0,0.0
1990,21,Energy,6,6301,0,0,6301,0.0,0.0
1990,21,Energy,7,6301,0,0,6301,0.0,0.0
1990,21,Energy,8,6301,0,0,6301,0.0,0.0
1990,21,Energy,9,6301,0,0,6301,0.0,0.0
1990,21,Energy,10,6301,0,0,6301,0.0,0.0
1990,21,Energy,11,6301,0,0,6301,0.0,0.0
1990,21,Energy,12,6301,0,0,6301,0.0,0.0
1990,21,Energy,13,6301,0,0,6301,0.0,0.0
1990,21,Energy,14,6301,0,0,6301,0.0,0.0
1990,21,Energy,15,6301,0,0,6301,0.0,0.0
1990,22,Engineering,0,350157,0,0,350157,0.0,0.0
1990,22,Engineering,1,350157,0,0,350157,0.0,0.0
1990,22,Engineering,2,350157,0,0,350157,0.0,0.0
1990,22,Engineering,3,350157,0,0,350157,0.0,0.0
1990,22,Engineering,4,350157,0,0,350157,0.0,0.0
1990,22,Engineering,5,350157,0,0,350157,0.0,0.0
1990,22,Engineering,6,350157,0,0,350157,0.0,0.0
1990,22,Engineering,7,350157,1,0,350157,2.8558617991358163e-06,2.8558617991358163e-06
1990,22,Engineering,8,350157,0,1,350156,0.0,2.8558617991358163e-06
1990,22,Engineering,9,350157,0,1,350156,0.0,2.8558617991358163e-06
1990,22,Engineering,10,350157,0,1,350156,0.0,2.8558617991358163e-06
1990,22,Engineering,11,350157,0,1,350156,0.0,2.8558617991358163e-06
1990,22,Engineering,12,350157,0,1,350156,0.0,2.8558617991358163e-06
1990,22,Engineering,13,350157,0,1,350156,0.0,2.8558617991358163e-06
1990,22,Engineering,14,350157,0,1,350156,0.0,2.8558617991358163e-06
1990,22,Engineering,15,350157,0,1,350156,0.0,2.8558617991358163e-06
1990,23,Environmental Science,0,73262,0,0,73262,0.0,0.0
1990,23,Environmental Science,1,73262,1,0,73262,1.364964101444132e-05,1.364964101444132e-05
1990,23,Environmental Science,2,73262,0,1,73261,0.0,1.364964101444132e-05
1990,23,Environmental Science,3,73262,0,1,73261,0.0,1.364964101444132e-05
1990,23,Environmental Science,4,73262,0,1,73261,0.0,1.364964101444132e-05
1990,23,Environmental Science,5,73262,0,1,73261,0.0,1.364964101444132e-05
1990,23,Environmental Science,6,73262,0,1,73261,0.0,1.364964101444132e-05
1990,23,Environmental Science,7,73262,0,1,73261,0.0,1.364964101444132e-05
1990,23,Environmental Science,8,73262,0,1,73261,0.0,1.364964101444132e-05
1990,23,Environmental Science,9,73262,0,1,73261,0.0,1.364964101444132e-05
1990,23,Environmental Science,10,73262,0,1,73261,0.0,1.364964101444132e-05
1990,23,Environmental Science,11,73262,0,1,73261,0.0,1.364964101444132e-05
1990,23,Environmental Science,12,73262,0,1,73261,0.0,1.364964101444132e-05
1990,23,Environmental Science,13,73262,0,1,73261,0.0,1.364964101444132e-05
1990,23,Environmental Science,14,73262,0,1,73261,0.0,1.364964101444132e-05
1990,23,Environmental Science,15,73262,0,1,73261,0.0,1.364964101444132e-05
1990,24,Immunology and Microbiology,0,23040,0,0,23040,0.0,0.0
1990,24,Immunology and Microbiology,1,23040,3,0,23040,0.00013020833333333333,0.00013020833333333333
1990,24,Immunology and Microbiology,2,23040,0,3,23037,0.0,0.00013020833333333333
1990,24,Immunology and Microbiology,3,23040,0,3,23037,0.0,0.00013020833333333333
1990,24,Immunology and Microbiology,4,23040,0,3,23037,0.0,0.00013020833333333333
1990,24,Immunology and Microbiology,5,23040,0,3,23037,0.0,0.00013020833333333333
1990,24,Immunology and Microbiology,6,23040,0,3,23037,0.0,0.00013020833333333333
1990,24,Immunology and Microbiology,7,23040,0,3,23037,0.0,0.00013020833333333333
1990,24,Immunology and Microbiology,8,23040,1,3,23037,4.34084299170899e-05,0.00017361111111111112
1990,24,Immunology and Microbiology,9,23040,0,4,23036,0.0,0.00017361111111111112
1990,24,Immunology and Microbiology,10,23040,0,4,23036,0.0,0.00017361111111111112
1990,24,Immunology and Microbiology,11,23040,0,4,23036,0.0,0.00017361111111111112
1990,24,Immunology and Microbiology,12,23040,0,4,23036,0.0,0.00017361111111111112
1990,24,Immunology and Microbiology,13,23040,0,4,23036,0.0,0.00017361111111111112
1990,24,Immunology and Microbiology,14,23040,0,4,23036,0.0,0.00017361111111111112
1990,24,Immunology and Microbiology,15,23040,0,4,23036,0.0,0.00017361111111111112
1990,25,Materials Science,0,49577,0,0,49577,0.0,0.0
1990,25,Materials Science,1,49577,0,0,49577,0.0,0.0
1990,25,Materials Science,2,49577,0,0,49577,0.0,0.0
1990,25,Materials Science,3,49577,0,0,49577,0.0,0.0
1990,25,Materials Science,4,49577,0,0,49577,0.0,0.0
1990,25,Materials Science,5,49577,0,0,49577,0.0,0.0
1990,25,Materials Science,6,49577,0,0,49577,0.0,0.0
1990,25,Materials Science,7,49577,0,0,49577,0.0,0.0
1990,25,Materials Science,8,49577,0,0,49577,0.0,0.0
1990,25,Materials Science,9,49577,0,0,49577,0.0,0.0
1990,25,Materials Science,10,49577,0,0,49577,0.0,0.0
1990,25,Materials Science,11,49577,0,0,49577,0.0,0.0
1990,25,Materials Science,12,49577,0,0,49577,0.0,0.0
1990,25,Materials Science,13,49577,0,0,49577,0.0,0.0
1990,25,Materials Science,14,49577,0,0,49577,0.0,0.0
1990,25,Materials Science,15,49577,0,0,49577,0.0,0.0
1990,26,Mathematics,0,27845,0,0,27845,0.0,0.0
1990,26,Mathematics,1,27845,0,0,27845,0.0,0.0
1990,26,Mathematics,2,27845,0,0,27845,0.0,0.0
1990,26,Mathematics,3,27845,0,0,27845,0.0,0.0
1990,26,Mathematics,4,27845,0,0,27845,0.0,0.0
1990,26,Mathematics,5,27845,0,0,27845,0.0,0.0
1990,26,Mathematics,6,27845,0,0,27845,0.0,0.0
1990,26,Mathematics,7,27845,0,0,27845,0.0,0.0
1990,26,Mathematics,8,27845,0,0,27845,0.0,0.0
1990,26,Mathematics,9,27845,0,0,27845,0.0,0.0
1990,26,Mathematics,10,27845,0,0,27845,0.0,0.0
1990,26,Mathematics,11,27845,0,0,27845,0.0,0.0
1990,26,Mathematics,12,27845,0,0,27845,0.0,0.0
1990,26,Mathematics,13,27845,0,0,27845,0.0,0.0
1990,26,Mathematics,14,27845,0,0,27845,0.0,0.0
1990,26,Mathematics,15,27845,0,0,27845,0.0,0.0
1990,27,Medicine,0,343651,1,0,343651,2.9099289686338758e-06,2.9099289686338758e-06
1990,27,Medicine,1,343651,1,1,343650,2.9099374363451186e-06,5.8198579372677515e-06
1990,27,Medicine,2,343651,2,2,343649,5.8198918082112855e-06,1.1639715874535503e-05
1990,27,Medicine,3,343651,2,4,343647,5.819925679549072e-06,1.7459573811803255e-05
1990,27,Medicine,4,343651,1,6,343645,2.9099797756405594e-06,2.036950278043713e-05
1990,27,Medicine,5,343651,0,7,343644,0.0,2.036950278043713e-05
1990,27,Medicine,6,343651,0,7,343644,0.0,2.036950278043713e-05
1990,27,Medicine,7,343651,0,7,343644,0.0,2.036950278043713e-05
1990,27,Medicine,8,343651,1,7,343644,2.9099882436474956e-06,2.3279431749071006e-05
1990,27,Medicine,9,343651,0,8,343643,0.0,2.3279431749071006e-05
1990,27,Medicine,10,343651,0,8,343643,0.0,2.3279431749071006e-05
1990,27,Medicine,11,343651,1,8,343643,2.909996711703716e-06,2.618936071770488e-05
1990,27,Medicine,12,343651,0,9,343642,0.0,2.618936071770488e-05
1990,27,Medicine,13,343651,0,9,343642,0.0,2.618936071770488e-05
1990,27,Medicine,14,343651,0,9,343642,0.0,2.618936071770488e-05
1990,27,Medicine,15,343651,0,9,343642,0.0,2.618936071770488e-05
1990,28,Neuroscience,0,34556,0,0,34556,0.0,0.0
1990,28,Neuroscience,1,34556,1,0,34556,2.8938534552610255e-05,2.8938534552610255e-05
1990,28,Neuroscience,2,34556,0,1,34555,0.0,2.8938534552610255e-05
1990,28,Neuroscience,3,34556,0,1,34555,0.0,2.8938534552610255e-05
1990,28,Neuroscience,4,34556,1,1,34555,2.893937201562726e-05,5.787706910522051e-05
1990,28,Neuroscience,5,34556,0,2,34554,0.0,5.787706910522051e-05
1990,28,Neuroscience,6,34556,0,2,34554,0.0,5.787706910522051e-05
1990,28,Neuroscience,7,34556,0,2,34554,0.0,5.787706910522051e-05
1990,28,Neuroscience,8,34556,0,2,34554,0.0,5.787706910522051e-05
1990,28,Neuroscience,9,34556,0,2,34554,0.0,5.787706910522051e-05
1990,28,Neuroscience,10,34556,0,2,34554,0.0,5.787706910522051e-05
1990,28,Neuroscience,11,34556,0,2,34554,0.0,5.787706910522051e-05
1990,28,Neuroscience,12,34556,0,2,34554,0.0,5.787706910522051e-05
1990,28,Neuroscience,13,34556,0,2,34554,0.0,5.787706910522051e-05
1990,28,Neuroscience,14,34556,0,2,34554,0.0,5.787706910522051e-05
1990,28,Neuroscience,15,34556,0,2,34554,0.0,5.787706910522051e-05
1990,29,Nursing,0,11530,0,0,11530,0.0,0.0
1990,29,Nursing,1,11530,0,0,11530,0.0,0.0
1990,29,Nursing,2,11530,0,0,11530,0.0,0.0
1990,29,Nursing,3,11530,0,0,11530,0.0,0.0
1990,29,Nursing,4,11530,0,0,11530,0.0,0.0
1990,29,Nursing,5,11530,0,0,11530,0.0,0.0
1990,29,Nursing,6,11530,0,0,11530,0.0,0.0
1990,29,Nursing,7,11530,0,0,11530,0.0,0.0
1990,29,Nursing,8,11530,0,0,11530,0.0,0.0
1990,29,Nursing,9,11530,0,0,11530,0.0,0.0
1990,29,Nursing,10,11530,0,0,11530,0.0,0.0
1990,29,Nursing,11,11530,0,0,11530,0.0,0.0
1990,29,Nursing,12,11530,0,0,11530,0.0,0.0
1990,29,Nursing,13,11530,0,0,11530,0.0,0.0
1990,29,Nursing,14,11530,0,0,11530,0.0,0.0
1990,29,Nursing,15,11530,0,0,11530,0.0,0.0
1990,30,"Pharmacology, Toxicology and Pharmaceutics",0,9763,0,0,9763,0.0,0.0
1990,30,"Pharmacology, Toxicology and Pharmaceutics",1,9763,0,0,9763,0.0,0.0
1990,30,"Pharmacology, Toxicology and Pharmaceutics",2,9763,0,0,9763,0.0,0.0
1990,30,"Pharmacology, Toxicology and Pharmaceutics",3,9763,0,0,9763,0.0,0.0
1990,30,"Pharmacology, Toxicology and Pharmaceutics",4,9763,0,0,9763,0.0,0.0
1990,30,"Pharmacology, Toxicology and Pharmaceutics",5,9763,0,0,9763,0.0,0.0
1990,30,"Pharmacology, Toxicology and Pharmaceutics",6,9763,0,0,9763,0.0,0.0
1990,30,"Pharmacology, Toxicology and Pharmaceutics",7,9763,0,0,9763,0.0,0.0
1990,30,"Pharmacology, Toxicology and Pharmaceutics",8,9763,0,0,9763,0.0,0.0
1990,30,"Pharmacology, Toxicology and Pharmaceutics",9,9763,0,0,9763,0.0,0.0
1990,30,"Pharmacology, Toxicology and Pharmaceutics",10,9763,0,0,9763,0.0,0.0
1990,30,"Pharmacology, Toxicology and Pharmaceutics",11,9763,1,0,9763,0.00010242753252074157,0.00010242753252074157
1990,30,"Pharmacology, Toxicology and Pharmaceutics",12,9763,0,1,9762,0.0,0.00010242753252074157
1990,30,"Pharmacology, Toxicology and Pharmaceutics",13,9763,0,1,9762,0.0,0.00010242753252074157
1990,30,"Pharmacology, Toxicology and Pharmaceutics",14,9763,0,1,9762,0.0,0.00010242753252074157
1990,30,"Pharmacology, Toxicology and Pharmaceutics",15,9763,0,1,9762,0.0,0.00010242753252074157
1990,31,Physics and Astronomy,0,87045,0,0,87045,0.0,0.0
1990,31,Physics and Astronomy,1,87045,0,0,87045,0.0,0.0
1990,31,Physics and Astronomy,2,87045,0,0,87045,0.0,0.0
1990,31,Physics and Astronomy,3,87045,0,0,87045,0.0,0.0
1990,31,Physics and Astronomy,4,87045,0,0,87045,0.0,0.0
1990,31,Physics and Astronomy,5,87045,0,0,87045,0.0,0.0
1990,31,Physics and Astronomy,6,87045,0,0,87045,0.0,0.0
1990,31,Physics and Astronomy,7,87045,0,0,87045,0.0,0.0
1990,31,Physics and Astronomy,8,87045,0,0,87045,0.0,0.0
1990,31,Physics and Astronomy,9,87045,0,0,87045,0.0,0.0
1990,31,Physics and Astronomy,10,87045,0,0,87045,0.0,0.0
1990,31,Physics and Astronomy,11,87045,0,0,87045,0.0,0.0
1990,31,Physics and Astronomy,12,87045,0,0,87045,0.0,0.0
1990,31,Physics and Astronomy,13,87045,0,0,87045,0.0,0.0
1990,31,Physics and Astronomy,14,87045,0,0,87045,0.0,0.0
1990,31,Physics and Astronomy,15,87045,0,0,87045,0.0,0.0
1990,32,Psychology,0,45872,0,0,45872,0.0,0.0
1990,32,Psychology,1,45872,0,0,45872,0.0,0.0
1990,32,Psychology,2,45872,0,0,45872,0.0,0.0
1990,32,Psychology,3,45872,0,0,45872,0.0,0.0
1990,32,Psychology,4,45872,0,0,45872,0.0,0.0
1990,32,Psychology,5,45872,0,0,45872,0.0,0.0
1990,32,Psychology,6,45872,0,0,45872,0.0,0.0
1990,32,Psychology,7,45872,0,0,45872,0.0,0.0
1990,32,Psychology,8,45872,0,0,45872,0.0,0.0
1990,32,Psychology,9,45872,0,0,45872,0.0,0.0
1990,32,Psychology,10,45872,0,0,45872,0.0,0.0
1990,32,Psychology,11,45872,0,0,45872,0.0,0.0
1990,32,Psychology,12,45872,0,0,45872,0.0,0.0
1990,32,Psychology,13,45872,0,0,45872,0.0,0.0
1990,32,Psychology,14,45872,0,0,45872,0.0,0.0
1990,32,Psychology,15,45872,0,0,45872,0.0,0.0
1990,33,Social Sciences,0,226192,0,0,226192,0.0,0.0
1990,33,Social Sciences,1,226192,0,0,226192,0.0,0.0
1990,33,Social Sciences,2,226192,0,0,226192,0.0,0.0
1990,33,Social Sciences,3,226192,0,0,226192,0.0,0.0
1990,33,Social Sciences,4,226192,0,0,226192,0.0,0.0
1990,33,Social Sciences,5,226192,0,0,226192,0.0,0.0
1990,33,Social Sciences,6,226192,0,0,226192,0.0,0.0
1990,33,Social Sciences,7,226192,0,0,226192,0.0,0.0
1990,33,Social Sciences,8,226192,0,0,226192,0.0,0.0
1990,33,Social Sciences,9,226192,0,0,226192,0.0,0.0
1990,33,Social Sciences,10,226192,0,0,226192,0.0,0.0
1990,33,Social Sciences,11,226192,0,0,226192,0.0,0.0
1990,33,Social Sciences,12,226192,0,0,226192,0.0,0.0
1990,33,Social Sciences,13,226192,0,0,226192,0.0,0.0
1990,33,Social Sciences,14,226192,0,0,226192,0.0,0.0
1990,33,Social Sciences,15,226192,0,0,226192,0.0,0.0
1990,34,Veterinary,0,4540,0,0,4540,0.0,0.0
1990,34,Veterinary,1,4540,0,0,4540,0.0,0.0
1990,34,Veterinary,2,4540,0,0,4540,0.0,0.0
1990,34,Veterinary,3,4540,0,0,4540,0.0,0.0
1990,34,Veterinary,4,4540,0,0,4540,0.0,0.0
1990,34,Veterinary,5,4540,0,0,4540,0.0,0.0
1990,34,Veterinary,6,4540,0,0,4540,0.0,0.0
1990,34,Veterinary,7,4540,0,0,4540,0.0,0.0
1990,34,Veterinary,8,4540,0,0,4540,0.0,0.0
1990,34,Veterinary,9,4540,0,0,4540,0.0,0.0
1990,34,Veterinary,10,4540,0,0,4540,0.0,0.0
1990,34,Veterinary,11,4540,0,0,4540,0.0,0.0
1990,34,Veterinary,12,4540,0,0,4540,0.0,0.0
1990,34,Veterinary,13,4540,0,0,4540,0.0,0.0
1990,34,Veterinary,14,4540,0,0,4540,0.0,0.0
1990,34,Veterinary,15,4540,0,0,4540,0.0,0.0
1990,35,Dentistry,0,6134,0,0,6134,0.0,0.0
1990,35,Dentistry,1,6134,0,0,6134,0.0,0.0
1990,35,Dentistry,2,6134,0,0,6134,0.0,0.0
1990,35,Dentistry,3,6134,0,0,6134,0.0,0.0
1990,35,Dentistry,4,6134,0,0,6134,0.0,0.0
1990,35,Dentistry,5,6134,0,0,6134,0.0,0.0
1990,35,Dentistry,6,6134,0,0,6134,0.0,0.0
1990,35,Dentistry,7,6134,0,0,6134,0.0,0.0
1990,35,Dentistry,8,6134,0,0,6134,0.0,0.0
1990,35,Dentistry,9,6134,0,0,6134,0.0,0.0
1990,35,Dentistry,10,6134,0,0,6134,0.0,0.0
1990,35,Dentistry,11,6134,0,0,6134,0.0,0.0
1990,35,Dentistry,12,6134,0,0,6134,0.0,0.0
1990,35,Dentistry,13,6134,0,0,6134,0.0,0.0
1990,35,Dentistry,14,6134,0,0,6134,0.0,0.0
1990,35,Dentistry,15,6134,0,0,6134,0.0,0.0
1990,36,Health Professions,0,44347,0,0,44347,0.0,0.0
1990,36,Health Professions,1,44347,0,0,44347,0.0,0.0
1990,36,Health Professions,2,44347,0,0,44347,0.0,0.0
1990,36,Health Professions,3,44347,0,0,44347,0.0,0.0
1990,36,Health Professions,4,44347,0,0,44347,0.0,0.0
1990,36,Health Professions,5,44347,0,0,44347,0.0,0.0
1990,36,Health Professions,6,44347,0,0,44347,0.0,0.0
1990,36,Health Professions,7,44347,0,0,44347,0.0,0.0
1990,36,Health Professions,8,44347,0,0,44347,0.0,0.0
1990,36,Health Professions,9,44347,0,0,44347,0.0,0.0
1990,36,Health Professions,10,44347,0,0,44347,0.0,0.0
1990,36,Health Professions,11,44347,0,0,44347,0.0,0.0
1990,36,Health Professions,12,44347,0,0,44347,0.0,0.0
1990,36,Health Professions,13,44347,0,0,44347,0.0,0.0
1990,36,Health Professions,14,44347,0,0,44347,0.0,0.0
1990,36,Health Professions,15,44347,0,0,44347,0.0,0.0
1991,11,Agricultural and Biological Sciences,0,87848,0,0,87848,0.0,0.0
1991,11,Agricultural and Biological Sciences,1,87848,0,0,87848,0.0,0.0
1991,11,Agricultural and Biological Sciences,2,87848,0,0,87848,0.0,0.0
1991,11,Agricultural and Biological Sciences,3,87848,0,0,87848,0.0,0.0
1991,11,Agricultural and Biological Sciences,4,87848,0,0,87848,0.0,0.0
1991,11,Agricultural and Biological Sciences,5,87848,0,0,87848,0.0,0.0
1991,11,Agricultural and Biological Sciences,6,87848,0,0,87848,0.0,0.0
1991,11,Agricultural and Biological Sciences,7,87848,0,0,87848,0.0,0.0
1991,11,Agricultural and Biological Sciences,8,87848,0,0,87848,0.0,0.0
1991,11,Agricultural and Biological Sciences,9,87848,0,0,87848,0.0,0.0
1991,11,Agricultural and Biological Sciences,10,87848,0,0,87848,0.0,0.0
1991,11,Agricultural and Biological Sciences,11,87848,0,0,87848,0.0,0.0
1991,11,Agricultural and Biological Sciences,12,87848,0,0,87848,0.0,0.0
1991,11,Agricultural and Biological Sciences,13,87848,0,0,87848,0.0,0.0
1991,11,Agricultural and Biological Sciences,14,87848,0,0,87848,0.0,0.0
1991,11,Agricultural and Biological Sciences,15,87848,0,0,87848,0.0,0.0
1991,12,Arts and Humanities,0,135315,0,0,135315,0.0,0.0
1991,12,Arts and Humanities,1,135315,0,0,135315,0.0,0.0
1991,12,Arts and Humanities,2,135315,0,0,135315,0.0,0.0
1991,12,Arts and Humanities,3,135315,0,0,135315,0.0,0.0
1991,12,Arts and Humanities,4,135315,0,0,135315,0.0,0.0
1991,12,Arts and Humanities,5,135315,0,0,135315,0.0,0.0
1991,12,Arts and Humanities,6,135315,0,0,135315,0.0,0.0
1991,12,Arts and Humanities,7,135315,0,0,135315,0.0,0.0
1991,12,Arts and Humanities,8,135315,0,0,135315,0.0,0.0
1991,12,Arts and Humanities,9,135315,0,0,135315,0.0,0.0
1991,12,Arts and Humanities,10,135315,0,0,135315,0.0,0.0
1991,12,Arts and Humanities,11,135315,0,0,135315,0.0,0.0
1991,12,Arts and Humanities,12,135315,0,0,135315,0.0,0.0
1991,12,Arts and Humanities,13,135315,0,0,135315,0.0,0.0
1991,12,Arts and Humanities,14,135315,0,0,135315,0.0,0.0
1991,12,Arts and Humanities,15,135315,0,0,135315,0.0,0.0
1991,13,"Biochemistry, Genetics and Molecular Biology",0,116271,0,0,116271,0.0,0.0
1991,13,"Biochemistry, Genetics and Molecular Biology",1,116271,4,0,116271,3.440238752569428e-05,3.440238752569428e-05
1991,13,"Biochemistry, Genetics and Molecular Biology",2,116271,3,4,116267,2.580267831800941e-05,6.0204178169964996e-05
1991,13,"Biochemistry, Genetics and Molecular Biology",3,116271,0,7,116264,0.0,6.0204178169964996e-05
1991,13,"Biochemistry, Genetics and Molecular Biology",4,116271,0,7,116264,0.0,6.0204178169964996e-05
1991,13,"Biochemistry, Genetics and Molecular Biology",5,116271,1,7,116264,8.6011147044657e-06,6.880477505138856e-05
1991,13,"Biochemistry, Genetics and Molecular Biology",6,116271,1,8,116263,8.601188684276167e-06,7.740537193281214e-05
1991,13,"Biochemistry, Genetics and Molecular Biology",7,116271,0,9,116262,0.0,7.740537193281214e-05
1991,13,"Biochemistry, Genetics and Molecular Biology",8,116271,0,9,116262,0.0,7.740537193281214e-05
1991,13,"Biochemistry, Genetics and Molecular Biology",9,116271,0,9,116262,0.0,7.740537193281214e-05
1991,13,"Biochemistry, Genetics and Molecular Biology",10,116271,0,9,116262,0.0,7.740537193281214e-05
1991,13,"Biochemistry, Genetics and Molecular Biology",11,116271,0,9,116262,0.0,7.740537193281214e-05
1991,13,"Biochemistry, Genetics and Molecular Biology",12,116271,0,9,116262,0.0,7.740537193281214e-05
1991,13,"Biochemistry, Genetics and Molecular Biology",13,116271,0,9,116262,0.0,7.740537193281214e-05
1991,13,"Biochemistry, Genetics and Molecular Biology",14,116271,0,9,116262,0.0,7.740537193281214e-05
1991,13,"Biochemistry, Genetics and Molecular Biology",15,116271,0,9,116262,0.0,7.740537193281214e-05
1991,14,"Business, Management and Accounting",0,35113,0,0,35113,0.0,0.0
1991,14,"Business, Management and Accounting",1,35113,0,0,35113,0.0,0.0
1991,14,"Business, Management and Accounting",2,35113,0,0,35113,0.0,0.0
1991,14,"Business, Management and Accounting",3,35113,0,0,35113,0.0,0.0
1991,14,"Business, Management and Accounting",4,35113,0,0,35113,0.0,0.0
1991,14,"Business, Management and Accounting",5,35113,0,0,35113,0.0,0.0
1991,14,"Business, Management and Accounting",6,35113,0,0,35113,0.0,0.0
1991,14,"Business, Management and Accounting",7,35113,0,0,35113,0.0,0.0
1991,14,"Business, Management and Accounting",8,35113,0,0,35113,0.0,0.0
1991,14,"Business, Management and Accounting",9,35113,0,0,35113,0.0,0.0
1991,14,"Business, Management and Accounting",10,35113,0,0,35113,0.0,0.0
1991,14,"Business, Management and Accounting",11,35113,0,0,35113,0.0,0.0
1991,14,"Business, Management and Accounting",12,35113,0,0,35113,0.0,0.0
1991,14,"Business, Management and Accounting",13,35113,0,0,35113,0.0,0.0
1991,14,"Business, Management and Accounting",14,35113,0,0,35113,0.0,0.0
1991,14,"Business, Management and Accounting",15,35113,0,0,35113,0.0,0.0
1991,15,Chemical Engineering,0,7317,0,0,7317,0.0,0.0
1991,15,Chemical Engineering,1,7317,0,0,7317,0.0,0.0
1991,15,Chemical Engineering,2,7317,0,0,7317,0.0,0.0
1991,15,Chemical Engineering,3,7317,0,0,7317,0.0,0.0
1991,15,Chemical Engineering,4,7317,0,0,7317,0.0,0.0
1991,15,Chemical Engineering,5,7317,0,0,7317,0.0,0.0
1991,15,Chemical Engineering,6,7317,0,0,7317,0.0,0.0
1991,15,Chemical Engineering,7,7317,0,0,7317,0.0,0.0
1991,15,Chemical Engineering,8,7317,0,0,7317,0.0,0.0
1991,15,Chemical Engineering,9,7317,0,0,7317,0.0,0.0
1991,15,Chemical Engineering,10,7317,0,0,7317,0.0,0.0
1991,15,Chemical Engineering,11,7317,0,0,7317,0.0,0.0
1991,15,Chemical Engineering,12,7317,0,0,7317,0.0,0.0
1991,15,Chemical Engineering,13,7317,0,0,7317,0.0,0.0
1991,15,Chemical Engineering,14,7317,0,0,7317,0.0,0.0
1991,15,Chemical Engineering,15,7317,0,0,7317,0.0,0.0
1991,16,Chemistry,0,64155,0,0,64155,0.0,0.0
1991,16,Chemistry,1,64155,1,0,64155,1.5587249629802823e-05,1.5587249629802823e-05
1991,16,Chemistry,2,64155,0,1,64154,0.0,1.5587249629802823e-05
1991,16,Chemistry,3,64155,0,1,64154,0.0,1.5587249629802823e-05
1991,16,Chemistry,4,64155,0,1,64154,0.0,1.5587249629802823e-05
1991,16,Chemistry,5,64155,0,1,64154,0.0,1.5587249629802823e-05
1991,16,Chemistry,6,64155,0,1,64154,0.0,1.5587249629802823e-05
1991,16,Chemistry,7,64155,0,1,64154,0.0,1.5587249629802823e-05
1991,16,Chemistry,8,64155,0,1,64154,0.0,1.5587249629802823e-05
1991,16,Chemistry,9,64155,0,1,64154,0.0,1.5587249629802823e-05
1991,16,Chemistry,10,64155,0,1,64154,0.0,1.5587249629802823e-05
1991,16,Chemistry,11,64155,0,1,64154,0.0,1.5587249629802823e-05
1991,16,Chemistry,12,64155,0,1,64154,0.0,1.5587249629802823e-05
1991,16,Chemistry,13,64155,0,1,64154,0.0,1.5587249629802823e-05
1991,16,Chemistry,14,64155,0,1,64154,0.0,1.5587249629802823e-05
1991,16,Chemistry,15,64155,0,1,64154,0.0,1.5587249629802823e-05
1991,17,Computer Science,0,72797,0,0,72797,0.0,0.0
1991,17,Computer Science,1,72797,0,0,72797,0.0,0.0
1991,17,Computer Science,2,72797,0,0,72797,0.0,0.0
1991,17,Computer Science,3,72797,0,0,72797,0.0,0.0
1991,17,Computer Science,4,72797,0,0,72797,0.0,0.0
1991,17,Computer Science,5,72797,0,0,72797,0.0,0.0
1991,17,Computer Science,6,72797,0,0,72797,0.0,0.0
1991,17,Computer Science,7,72797,0,0,72797,0.0,0.0
1991,17,Computer Science,8,72797,0,0,72797,0.0,0.0
1991,17,Computer Science,9,72797,0,0,72797,0.0,0.0
1991,17,Computer Science,10,72797,0,0,72797,0.0,0.0
1991,17,Computer Science,11,72797,0,0,72797,0.0,0.0
1991,17,Computer Science,12,72797,1,0,72797,1.373682981441543e-05,1.373682981441543e-05
1991,17,Computer Science,13,72797,0,1,72796,0.0,1.373682981441543e-05
1991,17,Computer Science,14,72797,0,1,72796,0.0,1.373682981441543e-05
1991,17,Computer Science,15,72797,0,1,72796,0.0,1.373682981441543e-05
1991,18,Decision Sciences,0,14819,0,0,14819,0.0,0.0
1991,18,Decision Sciences,1,14819,0,0,14819,0.0,0.0
1991,18,Decision Sciences,2,14819,0,0,14819,0.0,0.0
1991,18,Decision Sciences,3,14819,0,0,14819,0.0,0.0
1991,18,Decision Sciences,4,14819,0,0,14819,0.0,0.0
1991,18,Decision Sciences,5,14819,0,0,14819,0.0,0.0
1991,18,Decision Sciences,6,14819,0,0,14819,0.0,0.0
1991,18,Decision Sciences,7,14819,0,0,14819,0.0,0.0
1991,18,Decision Sciences,8,14819,0,0,14819,0.0,0.0
1991,18,Decision Sciences,9,14819,0,0,14819,0.0,0.0
1991,18,Decision Sciences,10,14819,0,0,14819,0.0,0.0
1991,18,Decision Sciences,11,14819,0,0,14819,0.0,0.0
1991,18,Decision Sciences,12,14819,0,0,14819,0.0,0.0
1991,18,Decision Sciences,13,14819,0,0,14819,0.0,0.0
1991,18,Decision Sciences,14,14819,0,0,14819,0.0,0.0
1991,18,Decision Sciences,15,14819,0,0,14819,0.0,0.0
1991,19,Earth and Planetary Sciences,0,39548,0,0,39548,0.0,0.0
1991,19,Earth and Planetary Sciences,1,39548,0,0,39548,0.0,0.0
1991,19,Earth and Planetary Sciences,2,39548,0,0,39548,0.0,0.0
1991,19,Earth and Planetary Sciences,3,39548,0,0,39548,0.0,0.0
1991,19,Earth and Planetary Sciences,4,39548,0,0,39548,0.0,0.0
1991,19,Earth and Planetary Sciences,5,39548,0,0,39548,0.0,0.0
1991,19,Earth and Planetary Sciences,6,39548,0,0,39548,0.0,0.0
1991,19,Earth and Planetary Sciences,7,39548,0,0,39548,0.0,0.0
1991,19,Earth and Planetary Sciences,8,39548,0,0,39548,0.0,0.0
1991,19,Earth and Planetary Sciences,9,39548,0,0,39548,0.0,0.0
1991,19,Earth and Planetary Sciences,10,39548,0,0,39548,0.0,0.0
1991,19,Earth and Planetary Sciences,11,39548,0,0,39548,0.0,0.0
1991,19,Earth and Planetary Sciences,12,39548,0,0,39548,0.0,0.0
1991,19,Earth and Planetary Sciences,13,39548,0,0,39548,0.0,0.0
1991,19,Earth and Planetary Sciences,14,39548,0,0,39548,0.0,0.0
1991,19,Earth and Planetary Sciences,15,39548,0,0,39548,0.0,0.0
1991,20,"Economics, Econometrics and Finance",0,64707,0,0,64707,0.0,0.0
1991,20,"Economics, Econometrics and Finance",1,64707,0,0,64707,0.0,0.0
1991,20,"Economics, Econometrics and Finance",2,64707,0,0,64707,0.0,0.0
1991,20,"Economics, Econometrics and Finance",3,64707,0,0,64707,0.0,0.0
1991,20,"Economics, Econometrics and Finance",4,64707,0,0,64707,0.0,0.0
1991,20,"Economics, Econometrics and Finance",5,64707,0,0,64707,0.0,0.0
1991,20,"Economics, Econometrics and Finance",6,64707,0,0,64707,0.0,0.0
1991,20,"Economics, Econometrics and Finance",7,64707,0,0,64707,0.0,0.0
1991,20,"Economics, Econometrics and Finance",8,64707,0,0,64707,0.0,0.0
1991,20,"Economics, Econometrics and Finance",9,64707,0,0,64707,0.0,0.0
1991,20,"Economics, Econometrics and Finance",10,64707,0,0,64707,0.0,0.0
1991,20,"Economics, Econometrics and Finance",11,64707,0,0,64707,0.0,0.0
1991,20,"Economics, Econometrics and Finance",12,64707,0,0,64707,0.0,0.0
1991,20,"Economics, Econometrics and Finance",13,64707,0,0,64707,0.0,0.0
1991,20,"Economics, Econometrics and Finance",14,64707,0,0,64707,0.0,0.0
1991,20,"Economics, Econometrics and Finance",15,64707,0,0,64707,0.0,0.0
1991,21,Energy,0,6714,0,0,6714,0.0,0.0
1991,21,Energy,1,6714,0,0,6714,0.0,0.0
1991,21,Energy,2,6714,0,0,6714,0.0,0.0
1991,21,Energy,3,6714,0,0,6714,0.0,0.0
1991,21,Energy,4,6714,0,0,6714,0.0,0.0
1991,21,Energy,5,6714,0,0,6714,0.0,0.0
1991,21,Energy,6,6714,0,0,6714,0.0,0.0
1991,21,Energy,7,6714,0,0,6714,0.0,0.0
1991,21,Energy,8,6714,0,0,6714,0.0,0.0
1991,21,Energy,9,6714,0,0,6714,0.0,0.0
1991,21,Energy,10,6714,1,0,6714,0.00014894250819183795,0.00014894250819183795
1991,21,Energy,11,6714,0,1,6713,0.0,0.00014894250819183795
1991,21,Energy,12,6714,0,1,6713,0.0,0.00014894250819183795
1991,21,Energy,13,6714,0,1,6713,0.0,0.00014894250819183795
1991,21,Energy,14,6714,0,1,6713,0.0,0.00014894250819183795
1991,21,Energy,15,6714,0,1,6713,0.0,0.00014894250819183795
1991,22,Engineering,0,369073,1,0,369073,2.7094910762911403e-06,2.7094910762911403e-06
1991,22,Engineering,1,369073,1,1,369072,2.709498417652924e-06,5.418982152582281e-06
1991,22,Engineering,2,369073,0,2,369071,0.0,5.418982152582281e-06
1991,22,Engineering,3,369073,0,2,369071,0.0,5.418982152582281e-06
1991,22,Engineering,4,369073,0,2,369071,0.0,5.418982152582281e-06
1991,22,Engineering,5,369073,0,2,369071,0.0,5.418982152582281e-06
1991,22,Engineering,6,369073,0,2,369071,0.0,5.418982152582281e-06
1991,22,Engineering,7,369073,0,2,369071,0.0,5.418982152582281e-06
1991,22,Engineering,8,369073,0,2,369071,0.0,5.418982152582281e-06
1991,22,Engineering,9,369073,0,2,369071,0.0,5.418982152582281e-06
1991,22,Engineering,10,369073,0,2,369071,0.0,5.418982152582281e-06
1991,22,Engineering,11,369073,0,2,369071,0.0,5.418982152582281e-06
1991,22,Engineering,12,369073,0,2,369071,0.0,5.418982152582281e-06
1991,22,Engineering,13,369073,0,2,369071,0.0,5.418982152582281e-06
1991,22,Engineering,14,369073,0,2,369071,0.0,5.418982152582281e-06
1991,22,Engineering,15,369073,0,2,369071,0.0,5.418982152582281e-06
1991,23,Environmental Science,0,71259,0,0,71259,0.0,0.0
1991,23,Environmental Science,1,71259,0,0,71259,0.0,0.0
1991,23,Environmental Science,2,71259,0,0,71259,0.0,0.0
1991,23,Environmental Science,3,71259,0,0,71259,0.0,0.0
1991,23,Environmental Science,4,71259,0,0,71259,0.0,0.0
1991,23,Environmental Science,5,71259,0,0,71259,0.0,0.0
1991,23,Environmental Science,6,71259,0,0,71259,0.0,0.0
1991,23,Environmental Science,7,71259,0,0,71259,0.0,0.0
1991,23,Environmental Science,8,71259,0,0,71259,0.0,0.0
1991,23,Environmental Science,9,71259,0,0,71259,0.0,0.0
1991,23,Environmental Science,10,71259,0,0,71259,0.0,0.0
1991,23,Environmental Science,11,71259,0,0,71259,0.0,0.0
1991,23,Environmental Science,12,71259,0,0,71259,0.0,0.0
1991,23,Environmental Science,13,71259,0,0,71259,0.0,0.0
1991,23,Environmental Science,14,71259,0,0,71259,0.0,0.0
1991,23,Environmental Science,15,71259,0,0,71259,0.0,0.0
1991,24,Immunology and Microbiology,0,22886,0,0,22886,0.0,0.0
1991,24,Immunology and Microbiology,1,22886,3,0,22886,0.00013108450581141308,0.00013108450581141308
1991,24,Immunology and Microbiology,2,22886,0,3,22883,0.0,0.00013108450581141308
1991,24,Immunology and Microbiology,3,22886,0,3,22883,0.0,0.00013108450581141308
1991,24,Immunology and Microbiology,4,22886,0,3,22883,0.0,0.00013108450581141308
1991,24,Immunology and Microbiology,5,22886,0,3,22883,0.0,0.00013108450581141308
1991,24,Immunology and Microbiology,6,22886,0,3,22883,0.0,0.00013108450581141308
1991,24,Immunology and Microbiology,7,22886,2,3,22883,8.740112747454443e-05,0.00021847417635235516
1991,24,Immunology and Microbiology,8,22886,0,5,22881,0.0,0.00021847417635235516
1991,24,Immunology and Microbiology,9,22886,0,5,22881,0.0,0.00021847417635235516
1991,24,Immunology and Microbiology,10,22886,0,5,22881,0.0,0.00021847417635235516
1991,24,Immunology and Microbiology,11,22886,0,5,22881,0.0,0.00021847417635235516
1991,24,Immunology and Microbiology,12,22886,0,5,22881,0.0,0.00021847417635235516
1991,24,Immunology and Microbiology,13,22886,0,5,22881,0.0,0.00021847417635235516
1991,24,Immunology and Microbiology,14,22886,0,5,22881,0.0,0.00021847417635235516
1991,24,Immunology and Microbiology,15,22886,0,5,22881,0.0,0.00021847417635235516
1991,25,Materials Science,0,54726,0,0,54726,0.0,0.0
1991,25,Materials Science,1,54726,0,0,54726,0.0,0.0
1991,25,Materials Science,2,54726,0,0,54726,0.0,0.0
1991,25,Materials Science,3,54726,0,0,54726,0.0,0.0
1991,25,Materials Science,4,54726,0,0,54726,0.0,0.0
1991,25,Materials Science,5,54726,0,0,54726,0.0,0.0
1991,25,Materials Science,6,54726,0,0,54726,0.0,0.0
1991,25,Materials Science,7,54726,0,0,54726,0.0,0.0
1991,25,Materials Science,8,54726,0,0,54726,0.0,0.0
1991,25,Materials Science,9,54726,0,0,54726,0.0,0.0
1991,25,Materials Science,10,54726,0,0,54726,0.0,0.0
1991,25,Materials Science,11,54726,0,0,54726,0.0,0.0
1991,25,Materials Science,12,54726,0,0,54726,0.0,0.0
1991,25,Materials Science,13,54726,0,0,54726,0.0,0.0
1991,25,Materials Science,14,54726,0,0,54726,0.0,0.0
1991,25,Materials Science,15,54726,0,0,54726,0.0,0.0
1991,26,Mathematics,0,28638,0,0,28638,0.0,0.0
1991,26,Mathematics,1,28638,0,0,28638,0.0,0.0
1991,26,Mathematics,2,28638,0,0,28638,0.0,0.0
1991,26,Mathematics,3,28638,0,0,28638,0.0,0.0
1991,26,Mathematics,4,28638,0,0,28638,0.0,0.0
1991,26,Mathematics,5,28638,0,0,28638,0.0,0.0
1991,26,Mathematics,6,28638,0,0,28638,0.0,0.0
1991,26,Mathematics,7,28638,0,0,28638,0.0,0.0
1991,26,Mathematics,8,28638,0,0,28638,0.0,0.0
1991,26,Mathematics,9,28638,0,0,28638,0.0,0.0
1991,26,Mathematics,10,28638,0,0,28638,0.0,0.0
1991,26,Mathematics,11,28638,0,0,28638,0.0,0.0
1991,26,Mathematics,12,28638,0,0,28638,0.0,0.0
1991,26,Mathematics,13,28638,0,0,28638,0.0,0.0
1991,26,Mathematics,14,28638,0,0,28638,0.0,0.0
1991,26,Mathematics,15,28638,0,0,28638,0.0,0.0
1991,27,Medicine,0,329884,1,0,329884,3.031368602296565e-06,3.031368602296565e-06
1991,27,Medicine,1,329884,2,1,329883,6.062755583040048e-06,9.094105806889695e-06
1991,27,Medicine,2,329884,1,3,329881,3.0313961701340787e-06,1.212547440918626e-05
1991,27,Medicine,3,329884,0,4,329880,0.0,1.212547440918626e-05
1991,27,Medicine,4,329884,0,4,329880,0.0,1.212547440918626e-05
1991,27,Medicine,5,329884,0,4,329880,0.0,1.212547440918626e-05
1991,27,Medicine,6,329884,0,4,329880,0.0,1.212547440918626e-05
1991,27,Medicine,7,329884,0,4,329880,0.0,1.212547440918626e-05
1991,27,Medicine,8,329884,0,4,329880,0.0,1.212547440918626e-05
1991,27,Medicine,9,329884,0,4,329880,0.0,1.212547440918626e-05
1991,27,Medicine,10,329884,0,4,329880,0.0,1.212547440918626e-05
1991,27,Medicine,11,329884,0,4,329880,0.0,1.212547440918626e-05
1991,27,Medicine,12,329884,0,4,329880,0.0,1.212547440918626e-05
1991,27,Medicine,13,329884,0,4,329880,0.0,1.212547440918626e-05
1991,27,Medicine,14,329884,0,4,329880,0.0,1.212547440918626e-05
1991,27,Medicine,15,329884,0,4,329880,0.0,1.212547440918626e-05
1991,28,Neuroscience,0,33903,0,0,33903,0.0,0.0
1991,28,Neuroscience,1,33903,0,0,33903,0.0,0.0
1991,28,Neuroscience,2,33903,0,0,33903,0.0,0.0
1991,28,Neuroscience,3,33903,0,0,33903,0.0,0.0
1991,28,Neuroscience,4,33903,0,0,33903,0.0,0.0
1991,28,Neuroscience,5,33903,0,0,33903,0.0,0.0
1991,28,Neuroscience,6,33903,0,0,33903,0.0,0.0
1991,28,Neuroscience,7,33903,0,0,33903,0.0,0.0
1991,28,Neuroscience,8,33903,0,0,33903,0.0,0.0
1991,28,Neuroscience,9,33903,0,0,33903,0.0,0.0
1991,28,Neuroscience,10,33903,0,0,33903,0.0,0.0
1991,28,Neuroscience,11,33903,0,0,33903,0.0,0.0
1991,28,Neuroscience,12,33903,0,0,33903,0.0,0.0
1991,28,Neuroscience,13,33903,0,0,33903,0.0,0.0
1991,28,Neuroscience,14,33903,0,0,33903,0.0,0.0
1991,28,Neuroscience,15,33903,0,0,33903,0.0,0.0
1991,29,Nursing,0,10744,0,0,10744,0.0,0.0
1991,29,Nursing,1,10744,0,0,10744,0.0,0.0
1991,29,Nursing,2,10744,0,0,10744,0.0,0.0
1991,29,Nursing,3,10744,0,0,10744,0.0,0.0
1991,29,Nursing,4,10744,0,0,10744,0.0,0.0
1991,29,Nursing,5,10744,0,0,10744,0.0,0.0
1991,29,Nursing,6,10744,0,0,10744,0.0,0.0
1991,29,Nursing,7,10744,0,0,10744,0.0,0.0
1991,29,Nursing,8,10744,0,0,10744,0.0,0.0
1991,29,Nursing,9,10744,0,0,10744,0.0,0.0
1991,29,Nursing,10,10744,0,0,10744,0.0,0.0
1991,29,Nursing,11,10744,0,0,10744,0.0,0.0
1991,29,Nursing,12,10744,0,0,10744,0.0,0.0
1991,29,Nursing,13,10744,0,0,10744,0.0,0.0
1991,29,Nursing,14,10744,0,0,10744,0.0,0.0
1991,29,Nursing,15,10744,0,0,10744,0.0,0.0
1991,30,"Pharmacology, Toxicology and Pharmaceutics",0,9182,0,0,9182,0.0,0.0
1991,30,"Pharmacology, Toxicology and Pharmaceutics",1,9182,0,0,9182,0.0,0.0
1991,30,"Pharmacology, Toxicology and Pharmaceutics",2,9182,0,0,9182,0.0,0.0
1991,30,"Pharmacology, Toxicology and Pharmaceutics",3,9182,0,0,9182,0.0,0.0
1991,30,"Pharmacology, Toxicology and Pharmaceutics",4,9182,0,0,9182,0.0,0.0
1991,30,"Pharmacology, Toxicology and Pharmaceutics",5,9182,0,0,9182,0.0,0.0
1991,30,"Pharmacology, Toxicology and Pharmaceutics",6,9182,0,0,9182,0.0,0.0
1991,30,"Pharmacology, Toxicology and Pharmaceutics",7,9182,0,0,9182,0.0,0.0
1991,30,"Pharmacology, Toxicology and Pharmaceutics",8,9182,0,0,9182,0.0,0.0
1991,30,"Pharmacology, Toxicology and Pharmaceutics",9,9182,0,0,9182,0.0,0.0
1991,30,"Pharmacology, Toxicology and Pharmaceutics",10,9182,0,0,9182,0.0,0.0
1991,30,"Pharmacology, Toxicology and Pharmaceutics",11,9182,0,0,9182,0.0,0.0
1991,30,"Pharmacology, Toxicology and Pharmaceutics",12,9182,0,0,9182,0.0,0.0
1991,30,"Pharmacology, Toxicology and Pharmaceutics",13,9182,0,0,9182,0.0,0.0
1991,30,"Pharmacology, Toxicology and Pharmaceutics",14,9182,0,0,9182,0.0,0.0
1991,30,"Pharmacology, Toxicology and Pharmaceutics",15,9182,0,0,9182,0.0,0.0
1991,31,Physics and Astronomy,0,90695,0,0,90695,0.0,0.0
1991,31,Physics and Astronomy,1,90695,0,0,90695,0.0,0.0
1991,31,Physics and Astronomy,2,90695,1,0,90695,1.1025966150283919e-05,1.1025966150283919e-05
1991,31,Physics and Astronomy,3,90695,0,1,90694,0.0,1.1025966150283919e-05
1991,31,Physics and Astronomy,4,90695,0,1,90694,0.0,1.1025966150283919e-05
1991,31,Physics and Astronomy,5,90695,0,1,90694,0.0,1.1025966150283919e-05
1991,31,Physics and Astronomy,6,90695,0,1,90694,0.0,1.1025966150283919e-05
1991,31,Physics and Astronomy,7,90695,0,1,90694,0.0,1.1025966150283919e-05
1991,31,Physics and Astronomy,8,90695,0,1,90694,0.0,1.1025966150283919e-05
1991,31,Physics and Astronomy,9,90695,0,1,90694,0.0,1.1025966150283919e-05
1991,31,Physics and Astronomy,10,90695,0,1,90694,0.0,1.1025966150283919e-05
1991,31,Physics and Astronomy,11,90695,0,1,90694,0.0,1.1025966150283919e-05
1991,31,Physics and Astronomy,12,90695,0,1,90694,0.0,1.1025966150283919e-05
1991,31,Physics and Astronomy,13,90695,0,1,90694,0.0,1.1025966150283919e-05
1991,31,Physics and Astronomy,14,90695,0,1,90694,0.0,1.1025966150283919e-05
1991,31,Physics and Astronomy,15,90695,0,1,90694,0.0,1.1025966150283919e-05
1991,32,Psychology,0,46445,0,0,46445,0.0,0.0
1991,32,Psychology,1,46445,0,0,46445,0.0,0.0
1991,32,Psychology,2,46445,0,0,46445,0.0,0.0
1991,32,Psychology,3,46445,0,0,46445,0.0,0.0
1991,32,Psychology,4,46445,0,0,46445,0.0,0.0
1991,32,Psychology,5,46445,0,0,46445,0.0,0.0
1991,32,Psychology,6,46445,0,0,46445,0.0,0.0
1991,32,Psychology,7,46445,0,0,46445,0.0,0.0
1991,32,Psychology,8,46445,0,0,46445,0.0,0.0
1991,32,Psychology,9,46445,0,0,46445,0.0,0.0
1991,32,Psychology,10,46445,0,0,46445,0.0,0.0
1991,32,Psychology,11,46445,0,0,46445,0.0,0.0
1991,32,Psychology,12,46445,0,0,46445,0.0,0.0
1991,32,Psychology,13,46445,0,0,46445,0.0,0.0
1991,32,Psychology,14,46445,0,0,46445,0.0,0.0
1991,32,Psychology,15,46445,0,0,46445,0.0,0.0
1991,33,Social Sciences,0,234931,0,0,234931,0.0,0.0
1991,33,Social Sciences,1,234931,0,0,234931,0.0,0.0
1991,33,Social Sciences,2,234931,0,0,234931,0.0,0.0
1991,33,Social Sciences,3,234931,0,0,234931,0.0,0.0
1991,33,Social Sciences,4,234931,0,0,234931,0.0,0.0
1991,33,Social Sciences,5,234931,0,0,234931,0.0,0.0
1991,33,Social Sciences,6,234931,0,0,234931,0.0,0.0
1991,33,Social Sciences,7,234931,0,0,234931,0.0,0.0
1991,33,Social Sciences,8,234931,0,0,234931,0.0,0.0
1991,33,Social Sciences,9,234931,0,0,234931,0.0,0.0
1991,33,Social Sciences,10,234931,0,0,234931,0.0,0.0
1991,33,Social Sciences,11,234931,0,0,234931,0.0,0.0
1991,33,Social Sciences,12,234931,0,0,234931,0.0,0.0
1991,33,Social Sciences,13,234931,0,0,234931,0.0,0.0
1991,33,Social Sciences,14,234931,0,0,234931,0.0,0.0
1991,33,Social Sciences,15,234931,0,0,234931,0.0,0.0
1991,34,Veterinary,0,3591,0,0,3591,0.0,0.0
1991,34,Veterinary,1,3591,0,0,3591,0.0,0.0
1991,34,Veterinary,2,3591,0,0,3591,0.0,0.0
1991,34,Veterinary,3,3591,0,0,3591,0.0,0.0
1991,34,Veterinary,4,3591,0,0,3591,0.0,0.0
1991,34,Veterinary,5,3591,0,0,3591,0.0,0.0
1991,34,Veterinary,6,3591,0,0,3591,0.0,0.0
1991,34,Veterinary,7,3591,0,0,3591,0.0,0.0
1991,34,Veterinary,8,3591,0,0,3591,0.0,0.0
1991,34,Veterinary,9,3591,0,0,3591,0.0,0.0
1991,34,Veterinary,10,3591,0,0,3591,0.0,0.0
1991,34,Veterinary,11,3591,0,0,3591,0.0,0.0
1991,34,Veterinary,12,3591,0,0,3591,0.0,0.0
1991,34,Veterinary,13,3591,0,0,3591,0.0,0.0
1991,34,Veterinary,14,3591,0,0,3591,0.0,0.0
1991,34,Veterinary,15,3591,0,0,3591,0.0,0.0
1991,35,Dentistry,0,6008,0,0,6008,0.0,0.0
1991,35,Dentistry,1,6008,0,0,6008,0.0,0.0
1991,35,Dentistry,2,6008,0,0,6008,0.0,0.0
1991,35,Dentistry,3,6008,0,0,6008,0.0,0.0
1991,35,Dentistry,4,6008,0,0,6008,0.0,0.0
1991,35,Dentistry,5,6008,0,0,6008,0.0,0.0
1991,35,Dentistry,6,6008,0,0,6008,0.0,0.0
1991,35,Dentistry,7,6008,0,0,6008,0.0,0.0
1991,35,Dentistry,8,6008,0,0,6008,0.0,0.0
1991,35,Dentistry,9,6008,0,0,6008,0.0,0.0
1991,35,Dentistry,10,6008,0,0,6008,0.0,0.0
1991,35,Dentistry,11,6008,0,0,6008,0.0,0.0
1991,35,Dentistry,12,6008,0,0,6008,0.0,0.0
1991,35,Dentistry,13,6008,0,0,6008,0.0,0.0
1991,35,Dentistry,14,6008,0,0,6008,0.0,0.0
1991,35,Dentistry,15,6008,0,0,6008,0.0,0.0
1991,36,Health Professions,0,45323,0,0,45323,0.0,0.0
1991,36,Health Professions,1,45323,0,0,45323,0.0,0.0
1991,36,Health Professions,2,45323,0,0,45323,0.0,0.0
1991,36,Health Professions,3,45323,0,0,45323,0.0,0.0
1991,36,Health Professions,4,45323,0,0,45323,0.0,0.0
1991,36,Health Professions,5,45323,0,0,45323,0.0,0.0
1991,36,Health Professions,6,45323,0,0,45323,0.0,0.0
1991,36,Health Professions,7,45323,0,0,45323,0.0,0.0
1991,36,Health Professions,8,45323,0,0,45323,0.0,0.0
1991,36,Health Professions,9,45323,0,0,45323,0.0,0.0
1991,36,Health Professions,10,45323,0,0,45323,0.0,0.0
1991,36,Health Professions,11,45323,0,0,45323,0.0,0.0
1991,36,Health Professions,12,45323,0,0,45323,0.0,0.0
1991,36,Health Professions,13,45323,0,0,45323,0.0,0.0
1991,36,Health Professions,14,45323,0,0,45323,0.0,0.0
1991,36,Health Professions,15,45323,0,0,45323,0.0,0.0
1992,11,Agricultural and Biological Sciences,0,94458,0,0,94458,0.0,0.0
1992,11,Agricultural and Biological Sciences,1,94458,0,0,94458,0.0,0.0
1992,11,Agricultural and Biological Sciences,2,94458,0,0,94458,0.0,0.0
1992,11,Agricultural and Biological Sciences,3,94458,0,0,94458,0.0,0.0
1992,11,Agricultural and Biological Sciences,4,94458,0,0,94458,0.0,0.0
1992,11,Agricultural and Biological Sciences,5,94458,0,0,94458,0.0,0.0
1992,11,Agricultural and Biological Sciences,6,94458,0,0,94458,0.0,0.0
1992,11,Agricultural and Biological Sciences,7,94458,0,0,94458,0.0,0.0
1992,11,Agricultural and Biological Sciences,8,94458,0,0,94458,0.0,0.0
1992,11,Agricultural and Biological Sciences,9,94458,0,0,94458,0.0,0.0
1992,11,Agricultural and Biological Sciences,10,94458,0,0,94458,0.0,0.0
1992,11,Agricultural and Biological Sciences,11,94458,0,0,94458,0.0,0.0
1992,11,Agricultural and Biological Sciences,12,94458,0,0,94458,0.0,0.0
1992,11,Agricultural and Biological Sciences,13,94458,0,0,94458,0.0,0.0
1992,11,Agricultural and Biological Sciences,14,94458,0,0,94458,0.0,0.0
1992,11,Agricultural and Biological Sciences,15,94458,0,0,94458,0.0,0.0
1992,12,Arts and Humanities,0,145687,0,0,145687,0.0,0.0
1992,12,Arts and Humanities,1,145687,0,0,145687,0.0,0.0
1992,12,Arts and Humanities,2,145687,0,0,145687,0.0,0.0
1992,12,Arts and Humanities,3,145687,0,0,145687,0.0,0.0
1992,12,Arts and Humanities,4,145687,0,0,145687,0.0,0.0
1992,12,Arts and Humanities,5,145687,0,0,145687,0.0,0.0
1992,12,Arts and Humanities,6,145687,0,0,145687,0.0,0.0
1992,12,Arts and Humanities,7,145687,0,0,145687,0.0,0.0
1992,12,Arts and Humanities,8,145687,0,0,145687,0.0,0.0
1992,12,Arts and Humanities,9,145687,0,0,145687,0.0,0.0
1992,12,Arts and Humanities,10,145687,0,0,145687,0.0,0.0
1992,12,Arts and Humanities,11,145687,0,0,145687,0.0,0.0
1992,12,Arts and Humanities,12,145687,0,0,145687,0.0,0.0
1992,12,Arts and Humanities,13,145687,0,0,145687,0.0,0.0
1992,12,Arts and Humanities,14,145687,0,0,145687,0.0,0.0
1992,12,Arts and Humanities,15,145687,0,0,145687,0.0,0.0
1992,13,"Biochemistry, Genetics and Molecular Biology",0,119959,0,0,119959,0.0,0.0
1992,13,"Biochemistry, Genetics and Molecular Biology",1,119959,2,0,119959,1.6672363057377936e-05,1.6672363057377936e-05
1992,13,"Biochemistry, Genetics and Molecular Biology",2,119959,3,2,119957,2.5008961544553464e-05,4.1680907643444847e-05
1992,13,"Biochemistry, Genetics and Molecular Biology",3,119959,1,5,119954,8.3365290027844e-06,5.0017089172133814e-05
1992,13,"Biochemistry, Genetics and Molecular Biology",4,119959,0,6,119953,0.0,5.0017089172133814e-05
1992,13,"Biochemistry, Genetics and Molecular Biology",5,119959,1,6,119953,8.33659850107959e-06,5.835327070082278e-05
1992,13,"Biochemistry, Genetics and Molecular Biology",6,119959,0,7,119952,0.0,5.835327070082278e-05
1992,13,"Biochemistry, Genetics and Molecular Biology",7,119959,1,7,119952,8.336668000533546e-06,6.668945222951174e-05
1992,13,"Biochemistry, Genetics and Molecular Biology",8,119959,0,8,119951,0.0,6.668945222951174e-05
1992,13,"Biochemistry, Genetics and Molecular Biology",9,119959,0,8,119951,0.0,6.668945222951174e-05
1992,13,"Biochemistry, Genetics and Molecular Biology",10,119959,0,8,119951,0.0,6.668945222951174e-05
1992,13,"Biochemistry, Genetics and Molecular Biology",11,119959,0,8,119951,0.0,6.668945222951174e-05
1992,13,"Biochemistry, Genetics and Molecular Biology",12,119959,0,8,119951,0.0,6.668945222951174e-05
1992,13,"Biochemistry, Genetics and Molecular Biology",13,119959,0,8,119951,0.0,6.668945222951174e-05
1992,13,"Biochemistry, Genetics and Molecular Biology",14,119959,0,8,119951,0.0,6.668945222951174e-05
1992,13,"Biochemistry, Genetics and Molecular Biology",15,119959,0,8,119951,0.0,6.668945222951174e-05
1992,14,"Business, Management and Accounting",0,38264,0,0,38264,0.0,0.0
1992,14,"Business, Management and Accounting",1,38264,0,0,38264,0.0,0.0
1992,14,"Business, Management and Accounting",2,38264,0,0,38264,0.0,0.0
1992,14,"Business, Management and Accounting",3,38264,0,0,38264,0.0,0.0
1992,14,"Business, Management and Accounting",4,38264,0,0,38264,0.0,0.0
1992,14,"Business, Management and Accounting",5,38264,0,0,38264,0.0,0.0
1992,14,"Business, Management and Accounting",6,38264,0,0,38264,0.0,0.0
1992,14,"Business, Management and Accounting",7,38264,0,0,38264,0.0,0.0
1992,14,"Business, Management and Accounting",8,38264,0,0,38264,0.0,0.0
1992,14,"Business, Management and Accounting",9,38264,0,0,38264,0.0,0.0
1992,14,"Business, Management and Accounting",10,38264,0,0,38264,0.0,0.0
1992,14,"Business, Management and Accounting",11,38264,0,0,38264,0.0,0.0
1992,14,"Business, Management and Accounting",12,38264,0,0,38264,0.0,0.0
1992,14,"Business, Management and Accounting",13,38264,0,0,38264,0.0,0.0
1992,14,"Business, Management and Accounting",14,38264,0,0,38264,0.0,0.0
1992,14,"Business, Management and Accounting",15,38264,0,0,38264,0.0,0.0
1992,15,Chemical Engineering,0,7543,0,0,7543,0.0,0.0
1992,15,Chemical Engineering,1,7543,0,0,7543,0.0,0.0
1992,15,Chemical Engineering,2,7543,0,0,7543,0.0,0.0
1992,15,Chemical Engineering,3,7543,0,0,7543,0.0,0.0
1992,15,Chemical Engineering,4,7543,0,0,7543,0.0,0.0
1992,15,Chemical Engineering,5,7543,0,0,7543,0.0,0.0
1992,15,Chemical Engineering,6,7543,0,0,7543,0.0,0.0
1992,15,Chemical Engineering,7,7543,0,0,7543,0.0,0.0
1992,15,Chemical Engineering,8,7543,0,0,7543,0.0,0.0
1992,15,Chemical Engineering,9,7543,0,0,7543,0.0,0.0
1992,15,Chemical Engineering,10,7543,0,0,7543,0.0,0.0
1992,15,Chemical Engineering,11,7543,0,0,7543,0.0,0.0
1992,15,Chemical Engineering,12,7543,0,0,7543,0.0,0.0
1992,15,Chemical Engineering,13,7543,0,0,7543,0.0,0.0
1992,15,Chemical Engineering,14,7543,0,0,7543,0.0,0.0
1992,15,Chemical Engineering,15,7543,0,0,7543,0.0,0.0
1992,16,Chemistry,0,64998,0,0,64998,0.0,0.0
1992,16,Chemistry,1,64998,0,0,64998,0.0,0.0
1992,16,Chemistry,2,64998,0,0,64998,0.0,0.0
1992,16,Chemistry,3,64998,0,0,64998,0.0,0.0
1992,16,Chemistry,4,64998,0,0,64998,0.0,0.0
1992,16,Chemistry,5,64998,0,0,64998,0.0,0.0
1992,16,Chemistry,6,64998,0,0,64998,0.0,0.0
1992,16,Chemistry,7,64998,0,0,64998,0.0,0.0
1992,16,Chemistry,8,64998,0,0,64998,0.0,0.0
1992,16,Chemistry,9,64998,0,0,64998,0.0,0.0
1992,16,Chemistry,10,64998,0,0,64998,0.0,0.0
1992,16,Chemistry,11,64998,0,0,64998,0.0,0.0
1992,16,Chemistry,12,64998,0,0,64998,0.0,0.0
1992,16,Chemistry,13,64998,0,0,64998,0.0,0.0
1992,16,Chemistry,14,64998,0,0,64998,0.0,0.0
1992,16,Chemistry,15,64998,0,0,64998,0.0,0.0
1992,17,Computer Science,0,78352,0,0,78352,0.0,0.0
1992,17,Computer Science,1,78352,0,0,78352,0.0,0.0
1992,17,Computer Science,2,78352,0,0,78352,0.0,0.0
1992,17,Computer Science,3,78352,0,0,78352,0.0,0.0
1992,17,Computer Science,4,78352,0,0,78352,0.0,0.0
1992,17,Computer Science,5,78352,0,0,78352,0.0,0.0
1992,17,Computer Science,6,78352,0,0,78352,0.0,0.0
1992,17,Computer Science,7,78352,0,0,78352,0.0,0.0
1992,17,Computer Science,8,78352,0,0,78352,0.0,0.0
1992,17,Computer Science,9,78352,0,0,78352,0.0,0.0
1992,17,Computer Science,10,78352,0,0,78352,0.0,0.0
1992,17,Computer Science,11,78352,0,0,78352,0.0,0.0
1992,17,Computer Science,12,78352,0,0,78352,0.0,0.0
1992,17,Computer Science,13,78352,0,0,78352,0.0,0.0
1992,17,Computer Science,14,78352,0,0,78352,0.0,0.0
1992,17,Computer Science,15,78352,0,0,78352,0.0,0.0
1992,18,Decision Sciences,0,15496,0,0,15496,0.0,0.0
1992,18,Decision Sciences,1,15496,0,0,15496,0.0,0.0
1992,18,Decision Sciences,2,15496,0,0,15496,0.0,0.0
1992,18,Decision Sciences,3,15496,0,0,15496,0.0,0.0
1992,18,Decision Sciences,4,15496,0,0,15496,0.0,0.0
1992,18,Decision Sciences,5,15496,0,0,15496,0.0,0.0
1992,18,Decision Sciences,6,15496,0,0,15496,0.0,0.0
1992,18,Decision Sciences,7,15496,0,0,15496,0.0,0.0
1992,18,Decision Sciences,8,15496,0,0,15496,0.0,0.0
1992,18,Decision Sciences,9,15496,0,0,15496,0.0,0.0
1992,18,Decision Sciences,10,15496,0,0,15496,0.0,0.0
1992,18,Decision Sciences,11,15496,0,0,15496,0.0,0.0
1992,18,Decision Sciences,12,15496,0,0,15496,0.0,0.0
1992,18,Decision Sciences,13,15496,0,0,15496,0.0,0.0
1992,18,Decision Sciences,14,15496,0,0,15496,0.0,0.0
1992,18,Decision Sciences,15,15496,0,0,15496,0.0,0.0
1992,19,Earth and Planetary Sciences,0,40207,0,0,40207,0.0,0.0
1992,19,Earth and Planetary Sciences,1,40207,0,0,40207,0.0,0.0
1992,19,Earth and Planetary Sciences,2,40207,0,0,40207,0.0,0.0
1992,19,Earth and Planetary Sciences,3,40207,0,0,40207,0.0,0.0
1992,19,Earth and Planetary Sciences,4,40207,0,0,40207,0.0,0.0
1992,19,Earth and Planetary Sciences,5,40207,0,0,40207,0.0,0.0
1992,19,Earth and Planetary Sciences,6,40207,0,0,40207,0.0,0.0
1992,19,Earth and Planetary Sciences,7,40207,0,0,40207,0.0,0.0
1992,19,Earth and Planetary Sciences,8,40207,0,0,40207,0.0,0.0
1992,19,Earth and Planetary Sciences,9,40207,0,0,40207,0.0,0.0
1992,19,Earth and Planetary Sciences,10,40207,0,0,40207,0.0,0.0
1992,19,Earth and Planetary Sciences,11,40207,0,0,40207,0.0,0.0
1992,19,Earth and Planetary Sciences,12,40207,0,0,40207,0.0,0.0
1992,19,Earth and Planetary Sciences,13,40207,0,0,40207,0.0,0.0
1992,19,Earth and Planetary Sciences,14,40207,0,0,40207,0.0,0.0
1992,19,Earth and Planetary Sciences,15,40207,0,0,40207,0.0,0.0
1992,20,"Economics, Econometrics and Finance",0,69183,0,0,69183,0.0,0.0
1992,20,"Economics, Econometrics and Finance",1,69183,0,0,69183,0.0,0.0
1992,20,"Economics, Econometrics and Finance",2,69183,0,0,69183,0.0,0.0
1992,20,"Economics, Econometrics and Finance",3,69183,0,0,69183,0.0,0.0
1992,20,"Economics, Econometrics and Finance",4,69183,0,0,69183,0.0,0.0
1992,20,"Economics, Econometrics and Finance",5,69183,0,0,69183,0.0,0.0
1992,20,"Economics, Econometrics and Finance",6,69183,0,0,69183,0.0,0.0
1992,20,"Economics, Econometrics and Finance",7,69183,0,0,69183,0.0,0.0
1992,20,"Economics, Econometrics and Finance",8,69183,0,0,69183,0.0,0.0
1992,20,"Economics, Econometrics and Finance",9,69183,0,0,69183,0.0,0.0
1992,20,"Economics, Econometrics and Finance",10,69183,0,0,69183,0.0,0.0
1992,20,"Economics, Econometrics and Finance",11,69183,0,0,69183,0.0,0.0
1992,20,"Economics, Econometrics and Finance",12,69183,0,0,69183,0.0,0.0
1992,20,"Economics, Econometrics and Finance",13,69183,0,0,69183,0.0,0.0
1992,20,"Economics, Econometrics and Finance",14,69183,0,0,69183,0.0,0.0
1992,20,"Economics, Econometrics and Finance",15,69183,0,0,69183,0.0,0.0
1992,21,Energy,0,6923,0,0,6923,0.0,0.0
1992,21,Energy,1,6923,0,0,6923,0.0,0.0
1992,21,Energy,2,6923,0,0,6923,0.0,0.0
1992,21,Energy,3,6923,0,0,6923,0.0,0.0
1992,21,Energy,4,6923,0,0,6923,0.0,0.0
1992,21,Energy,5,6923,0,0,6923,0.0,0.0
1992,21,Energy,6,6923,0,0,6923,0.0,0.0
1992,21,Energy,7,6923,0,0,6923,0.0,0.0
1992,21,Energy,8,6923,0,0,6923,0.0,0.0
1992,21,Energy,9,6923,0,0,6923,0.0,0.0
1992,21,Energy,10,6923,0,0,6923,0.0,0.0
1992,21,Energy,11,6923,0,0,6923,0.0,0.0
1992,21,Energy,12,6923,0,0,6923,0.0,0.0
1992,21,Energy,13,6923,0,0,6923,0.0,0.0
1992,21,Energy,14,6923,0,0,6923,0.0,0.0
1992,21,Energy,15,6923,0,0,6923,0.0,0.0
1992,22,Engineering,0,381020,0,0,381020,0.0,0.0
1992,22,Engineering,1,381020,0,0,381020,0.0,0.0
1992,22,Engineering,2,381020,0,0,381020,0.0,0.0
1992,22,Engineering,3,381020,0,0,381020,0.0,0.0
1992,22,Engineering,4,381020,0,0,381020,0.0,0.0
1992,22,Engineering,5,381020,0,0,381020,0.0,0.0
1992,22,Engineering,6,381020,0,0,381020,0.0,0.0
1992,22,Engineering,7,381020,0,0,381020,0.0,0.0
1992,22,Engineering,8,381020,0,0,381020,0.0,0.0
1992,22,Engineering,9,381020,0,0,381020,0.0,0.0
1992,22,Engineering,10,381020,0,0,381020,0.0,0.0
1992,22,Engineering,11,381020,0,0,381020,0.0,0.0
1992,22,Engineering,12,381020,0,0,381020,0.0,0.0
1992,22,Engineering,13,381020,0,0,381020,0.0,0.0
1992,22,Engineering,14,381020,0,0,381020,0.0,0.0
1992,22,Engineering,15,381020,0,0,381020,0.0,0.0
1992,23,Environmental Science,0,76080,0,0,76080,0.0,0.0
1992,23,Environmental Science,1,76080,0,0,76080,0.0,0.0
1992,23,Environmental Science,2,76080,0,0,76080,0.0,0.0
1992,23,Environmental Science,3,76080,0,0,76080,0.0,0.0
1992,23,Environmental Science,4,76080,0,0,76080,0.0,0.0
1992,23,Environmental Science,5,76080,0,0,76080,0.0,0.0
1992,23,Environmental Science,6,76080,0,0,76080,0.0,0.0
1992,23,Environmental Science,7,76080,0,0,76080,0.0,0.0
1992,23,Environmental Science,8,76080,0,0,76080,0.0,0.0
1992,23,Environmental Science,9,76080,0,0,76080,0.0,0.0
1992,23,Environmental Science,10,76080,0,0,76080,0.0,0.0
1992,23,Environmental Science,11,76080,0,0,76080,0.0,0.0
1992,23,Environmental Science,12,76080,0,0,76080,0.0,0.0
1992,23,Environmental Science,13,76080,0,0,76080,0.0,0.0
1992,23,Environmental Science,14,76080,0,0,76080,0.0,0.0
1992,23,Environmental Science,15,76080,0,0,76080,0.0,0.0
1992,24,Immunology and Microbiology,0,22906,0,0,22906,0.0,0.0
1992,24,Immunology and Microbiology,1,22906,1,0,22906,4.3656683838295645e-05,4.3656683838295645e-05
1992,24,Immunology and Microbiology,2,22906,0,1,22905,0.0,4.3656683838295645e-05
1992,24,Immunology and Microbiology,3,22906,0,1,22905,0.0,4.3656683838295645e-05
1992,24,Immunology and Microbiology,4,22906,0,1,22905,0.0,4.3656683838295645e-05
1992,24,Immunology and Microbiology,5,22906,1,1,22905,4.365858982754857e-05,8.731336767659129e-05
1992,24,Immunology and Microbiology,6,22906,0,2,22904,0.0,8.731336767659129e-05
1992,24,Immunology and Microbiology,7,22906,0,2,22904,0.0,8.731336767659129e-05
1992,24,Immunology and Microbiology,8,22906,0,2,22904,0.0,8.731336767659129e-05
1992,24,Immunology and Microbiology,9,22906,0,2,22904,0.0,8.731336767659129e-05
1992,24,Immunology and Microbiology,10,22906,0,2,22904,0.0,8.731336767659129e-05
1992,24,Immunology and Microbiology,11,22906,0,2,22904,0.0,8.731336767659129e-05
1992,24,Immunology and Microbiology,12,22906,0,2,22904,0.0,8.731336767659129e-05
1992,24,Immunology and Microbiology,13,22906,0,2,22904,0.0,8.731336767659129e-05
1992,24,Immunology and Microbiology,14,22906,0,2,22904,0.0,8.731336767659129e-05
1992,24,Immunology and Microbiology,15,22906,0,2,22904,0.0,8.731336767659129e-05
1992,25,Materials Science,0,55762,0,0,55762,0.0,0.0
1992,25,Materials Science,1,55762,0,0,55762,0.0,0.0
1992,25,Materials Science,2,55762,0,0,55762,0.0,0.0
1992,25,Materials Science,3,55762,1,0,55762,1.793335963559413e-05,1.793335963559413e-05
1992,25,Materials Science,4,55762,0,1,55761,0.0,1.793335963559413e-05
1992,25,Materials Science,5,55762,0,1,55761,0.0,1.793335963559413e-05
1992,25,Materials Science,6,55762,0,1,55761,0.0,1.793335963559413e-05
1992,25,Materials Science,7,55762,0,1,55761,0.0,1.793335963559413e-05
1992,25,Materials Science,8,55762,0,1,55761,0.0,1.793335963559413e-05
1992,25,Materials Science,9,55762,0,1,55761,0.0,1.793335963559413e-05
1992,25,Materials Science,10,55762,0,1,55761,0.0,1.793335963559413e-05
1992,25,Materials Science,11,55762,0,1,55761,0.0,1.793335963559413e-05
1992,25,Materials Science,12,55762,0,1,55761,0.0,1.793335963559413e-05
1992,25,Materials Science,13,55762,0,1,55761,0.0,1.793335963559413e-05
1992,25,Materials Science,14,55762,0,1,55761,0.0,1.793335963559413e-05
1992,25,Materials Science,15,55762,0,1,55761,0.0,1.793335963559413e-05
1992,26,Mathematics,0,30640,0,0,30640,0.0,0.0
1992,26,Mathematics,1,30640,0,0,30640,0.0,0.0
1992,26,Mathematics,2,30640,0,0,30640,0.0,0.0
1992,26,Mathematics,3,30640,0,0,30640,0.0,0.0
1992,26,Mathematics,4,30640,0,0,30640,0.0,0.0
1992,26,Mathematics,5,30640,0,0,30640,0.0,0.0
1992,26,Mathematics,6,30640,0,0,30640,0.0,0.0
1992,26,Mathematics,7,30640,0,0,30640,0.0,0.0
1992,26,Mathematics,8,30640,0,0,30640,0.0,0.0
1992,26,Mathematics,9,30640,0,0,30640,0.0,0.0
1992,26,Mathematics,10,30640,0,0,30640,0.0,0.0
1992,26,Mathematics,11,30640,0,0,30640,0.0,0.0
1992,26,Mathematics,12,30640,0,0,30640,0.0,0.0
1992,26,Mathematics,13,30640,0,0,30640,0.0,0.0
1992,26,Mathematics,14,30640,0,0,30640,0.0,0.0
1992,26,Mathematics,15,30640,0,0,30640,0.0,0.0
1992,27,Medicine,0,343363,1,0,343363,2.9123697078601947e-06,2.9123697078601947e-06
1992,27,Medicine,1,343363,1,1,343362,2.9123781897822123e-06,5.8247394157203895e-06
1992,27,Medicine,2,343363,2,2,343361,5.824773343507271e-06,1.1649478831440779e-05
1992,27,Medicine,3,343363,1,4,343359,2.912403635844699e-06,1.4561848539300973e-05
1992,27,Medicine,4,343363,0,5,343358,0.0,1.4561848539300973e-05
1992,27,Medicine,5,343363,0,5,343358,0.0,1.4561848539300973e-05
1992,27,Medicine,6,343363,0,5,343358,0.0,1.4561848539300973e-05
1992,27,Medicine,7,343363,0,5,343358,0.0,1.4561848539300973e-05
1992,27,Medicine,8,343363,0,5,343358,0.0,1.4561848539300973e-05
1992,27,Medicine,9,343363,0,5,343358,0.0,1.4561848539300973e-05
1992,27,Medicine,10,343363,0,5,343358,0.0,1.4561848539300973e-05
1992,27,Medicine,11,343363,0,5,343358,0.0,1.4561848539300973e-05
1992,27,Medicine,12,343363,0,5,343358,0.0,1.4561848539300973e-05
1992,27,Medicine,13,343363,1,5,343358,2.9124121179643403e-06,1.7474218247161167e-05
1992,27,Medicine,14,343363,0,6,343357,0.0,1.7474218247161167e-05
1992,27,Medicine,15,343363,0,6,343357,0.0,1.7474218247161167e-05
1992,28,Neuroscience,0,36171,0,0,36171,0.0,0.0
1992,28,Neuroscience,1,36171,0,0,36171,0.0,0.0
1992,28,Neuroscience,2,36171,0,0,36171,0.0,0.0
1992,28,Neuroscience,3,36171,0,0,36171,0.0,0.0
1992,28,Neuroscience,4,36171,0,0,36171,0.0,0.0
1992,28,Neuroscience,5,36171,0,0,36171,0.0,0.0
1992,28,Neuroscience,6,36171,0,0,36171,0.0,0.0
1992,28,Neuroscience,7,36171,0,0,36171,0.0,0.0
1992,28,Neuroscience,8,36171,0,0,36171,0.0,0.0
1992,28,Neuroscience,9,36171,0,0,36171,0.0,0.0
1992,28,Neuroscience,10,36171,0,0,36171,0.0,0.0
1992,28,Neuroscience,11,36171,0,0,36171,0.0,0.0
1992,28,Neuroscience,12,36171,0,0,36171,0.0,0.0
1992,28,Neuroscience,13,36171,0,0,36171,0.0,0.0
1992,28,Neuroscience,14,36171,0,0,36171,0.0,0.0
1992,28,Neuroscience,15,36171,0,0,36171,0.0,0.0
1992,29,Nursing,0,10586,0,0,10586,0.0,0.0
1992,29,Nursing,1,10586,0,0,10586,0.0,0.0
1992,29,Nursing,2,10586,0,0,10586,0.0,0.0
1992,29,Nursing,3,10586,0,0,10586,0.0,0.0
1992,29,Nursing,4,10586,0,0,10586,0.0,0.0
1992,29,Nursing,5,10586,0,0,10586,0.0,0.0
1992,29,Nursing,6,10586,0,0,10586,0.0,0.0
1992,29,Nursing,7,10586,0,0,10586,0.0,0.0
1992,29,Nursing,8,10586,0,0,10586,0.0,0.0
1992,29,Nursing,9,10586,0,0,10586,0.0,0.0
1992,29,Nursing,10,10586,0,0,10586,0.0,0.0
1992,29,Nursing,11,10586,0,0,10586,0.0,0.0
1992,29,Nursing,12,10586,0,0,10586,0.0,0.0
1992,29,Nursing,13,10586,0,0,10586,0.0,0.0
1992,29,Nursing,14,10586,0,0,10586,0.0,0.0
1992,29,Nursing,15,10586,0,0,10586,0.0,0.0
1992,30,"Pharmacology, Toxicology and Pharmaceutics",0,9032,0,0,9032,0.0,0.0
1992,30,"Pharmacology, Toxicology and Pharmaceutics",1,9032,0,0,9032,0.0,0.0
1992,30,"Pharmacology, Toxicology and Pharmaceutics",2,9032,0,0,9032,0.0,0.0
1992,30,"Pharmacology, Toxicology and Pharmaceutics",3,9032,0,0,9032,0.0,0.0
1992,30,"Pharmacology, Toxicology and Pharmaceutics",4,9032,0,0,9032,0.0,0.0
1992,30,"Pharmacology, Toxicology and Pharmaceutics",5,9032,0,0,9032,0.0,0.0
1992,30,"Pharmacology, Toxicology and Pharmaceutics",6,9032,0,0,9032,0.0,0.0
1992,30,"Pharmacology, Toxicology and Pharmaceutics",7,9032,0,0,9032,0.0,0.0
1992,30,"Pharmacology, Toxicology and Pharmaceutics",8,9032,0,0,9032,0.0,0.0
1992,30,"Pharmacology, Toxicology and Pharmaceutics",9,9032,0,0,9032,0.0,0.0
1992,30,"Pharmacology, Toxicology and Pharmaceutics",10,9032,0,0,9032,0.0,0.0
1992,30,"Pharmacology, Toxicology and Pharmaceutics",11,9032,0,0,9032,0.0,0.0
1992,30,"Pharmacology, Toxicology and Pharmaceutics",12,9032,0,0,9032,0.0,0.0
1992,30,"Pharmacology, Toxicology and Pharmaceutics",13,9032,0,0,9032,0.0,0.0
1992,30,"Pharmacology, Toxicology and Pharmaceutics",14,9032,0,0,9032,0.0,0.0
1992,30,"Pharmacology, Toxicology and Pharmaceutics",15,9032,0,0,9032,0.0,0.0
1992,31,Physics and Astronomy,0,94009,0,0,94009,0.0,0.0
1992,31,Physics and Astronomy,1,94009,0,0,94009,0.0,0.0
1992,31,Physics and Astronomy,2,94009,0,0,94009,0.0,0.0
1992,31,Physics and Astronomy,3,94009,0,0,94009,0.0,0.0
1992,31,Physics and Astronomy,4,94009,0,0,94009,0.0,0.0
1992,31,Physics and Astronomy,5,94009,0,0,94009,0.0,0.0
1992,31,Physics and Astronomy,6,94009,0,0,94009,0.0,0.0
1992,31,Physics and Astronomy,7,94009,0,0,94009,0.0,0.0
1992,31,Physics and Astronomy,8,94009,0,0,94009,0.0,0.0
1992,31,Physics and Astronomy,9,94009,0,0,94009,0.0,0.0
1992,31,Physics and Astronomy,10,94009,0,0,94009,0.0,0.0
1992,31,Physics and Astronomy,11,94009,0,0,94009,0.0,0.0
1992,31,Physics and Astronomy,12,94009,0,0,94009,0.0,0.0
1992,31,Physics and Astronomy,13,94009,0,0,94009,0.0,0.0
1992,31,Physics and Astronomy,14,94009,0,0,94009,0.0,0.0
1992,31,Physics and Astronomy,15,94009,0,0,94009,0.0,0.0
1992,32,Psychology,0,48692,0,0,48692,0.0,0.0
1992,32,Psychology,1,48692,0,0,48692,0.0,0.0
1992,32,Psychology,2,48692,0,0,48692,0.0,0.0
1992,32,Psychology,3,48692,0,0,48692,0.0,0.0
1992,32,Psychology,4,48692,0,0,48692,0.0,0.0
1992,32,Psychology,5,48692,0,0,48692,0.0,0.0
1992,32,Psychology,6,48692,0,0,48692,0.0,0.0
1992,32,Psychology,7,48692,0,0,48692,0.0,0.0
1992,32,Psychology,8,48692,0,0,48692,0.0,0.0
1992,32,Psychology,9,48692,0,0,48692,0.0,0.0
1992,32,Psychology,10,48692,0,0,48692,0.0,0.0
1992,32,Psychology,11,48692,0,0,48692,0.0,0.0
1992,32,Psychology,12,48692,0,0,48692,0.0,0.0
1992,32,Psychology,13,48692,0,0,48692,0.0,0.0
1992,32,Psychology,14,48692,0,0,48692,0.0,0.0
1992,32,Psychology,15,48692,0,0,48692,0.0,0.0
1992,33,Social Sciences,0,252039,0,0,252039,0.0,0.0
1992,33,Social Sciences,1,252039,0,0,252039,0.0,0.0
1992,33,Social Sciences,2,252039,0,0,252039,0.0,0.0
1992,33,Social Sciences,3,252039,0,0,252039,0.0,0.0
1992,33,Social Sciences,4,252039,0,0,252039,0.0,0.0
1992,33,Social Sciences,5,252039,0,0,252039,0.0,0.0
1992,33,Social Sciences,6,252039,0,0,252039,0.0,0.0
1992,33,Social Sciences,7,252039,0,0,252039,0.0,0.0
1992,33,Social Sciences,8,252039,0,0,252039,0.0,0.0
1992,33,Social Sciences,9,252039,0,0,252039,0.0,0.0
1992,33,Social Sciences,10,252039,0,0,252039,0.0,0.0
1992,33,Social Sciences,11,252039,0,0,252039,0.0,0.0
1992,33,Social Sciences,12,252039,0,0,252039,0.0,0.0
1992,33,Social Sciences,13,252039,0,0,252039,0.0,0.0
1992,33,Social Sciences,14,252039,0,0,252039,0.0,0.0
1992,33,Social Sciences,15,252039,0,0,252039,0.0,0.0
1992,34,Veterinary,0,3758,0,0,3758,0.0,0.0
1992,34,Veterinary,1,3758,0,0,3758,0.0,0.0
1992,34,Veterinary,2,3758,0,0,3758,0.0,0.0
1992,34,Veterinary,3,3758,0,0,3758,0.0,0.0
1992,34,Veterinary,4,3758,0,0,3758,0.0,0.0
1992,34,Veterinary,5,3758,0,0,3758,0.0,0.0
1992,34,Veterinary,6,3758,0,0,3758,0.0,0.0
1992,34,Veterinary,7,3758,0,0,3758,0.0,0.0
1992,34,Veterinary,8,3758,0,0,3758,0.0,0.0
1992,34,Veterinary,9,3758,0,0,3758,0.0,0.0
1992,34,Veterinary,10,3758,0,0,3758,0.0,0.0
1992,34,Veterinary,11,3758,0,0,3758,0.0,0.0
1992,34,Veterinary,12,3758,0,0,3758,0.0,0.0
1992,34,Veterinary,13,3758,0,0,3758,0.0,0.0
1992,34,Veterinary,14,3758,0,0,3758,0.0,0.0
1992,34,Veterinary,15,3758,0,0,3758,0.0,0.0
1992,35,Dentistry,0,5788,0,0,5788,0.0,0.0
1992,35,Dentistry,1,5788,0,0,5788,0.0,0.0
1992,35,Dentistry,2,5788,0,0,5788,0.0,0.0
1992,35,Dentistry,3,5788,0,0,5788,0.0,0.0
1992,35,Dentistry,4,5788,0,0,5788,0.0,0.0
1992,35,Dentistry,5,5788,0,0,5788,0.0,0.0
1992,35,Dentistry,6,5788,0,0,5788,0.0,0.0
1992,35,Dentistry,7,5788,0,0,5788,0.0,0.0
1992,35,Dentistry,8,5788,0,0,5788,0.0,0.0
1992,35,Dentistry,9,5788,0,0,5788,0.0,0.0
1992,35,Dentistry,10,5788,0,0,5788,0.0,0.0
1992,35,Dentistry,11,5788,0,0,5788,0.0,0.0
1992,35,Dentistry,12,5788,0,0,5788,0.0,0.0
1992,35,Dentistry,13,5788,0,0,5788,0.0,0.0
1992,35,Dentistry,14,5788,0,0,5788,0.0,0.0
1992,35,Dentistry,15,5788,0,0,5788,0.0,0.0
1992,36,Health Professions,0,45968,0,0,45968,0.0,0.0
1992,36,Health Professions,1,45968,0,0,45968,0.0,0.0
1992,36,Health Professions,2,45968,0,0,45968,0.0,0.0
1992,36,Health Professions,3,45968,0,0,45968,0.0,0.0
1992,36,Health Professions,4,45968,0,0,45968,0.0,0.0
1992,36,Health Professions,5,45968,0,0,45968,0.0,0.0
1992,36,Health Professions,6,45968,0,0,45968,0.0,0.0
1992,36,Health Professions,7,45968,0,0,45968,0.0,0.0
1992,36,Health Professions,8,45968,0,0,45968,0.0,0.0
1992,36,Health Professions,9,45968,0,0,45968,0.0,0.0
1992,36,Health Professions,10,45968,0,0,45968,0.0,0.0
1992,36,Health Professions,11,45968,0,0,45968,0.0,0.0
1992,36,Health Professions,12,45968,0,0,45968,0.0,0.0
1992,36,Health Professions,13,45968,0,0,45968,0.0,0.0
1992,36,Health Professions,14,45968,0,0,45968,0.0,0.0
1992,36,Health Professions,15,45968,0,0,45968,0.0,0.0
1993,11,Agricultural and Biological Sciences,0,98618,0,0,98618,0.0,0.0
1993,11,Agricultural and Biological Sciences,1,98618,0,0,98618,0.0,0.0
1993,11,Agricultural and Biological Sciences,2,98618,0,0,98618,0.0,0.0
1993,11,Agricultural and Biological Sciences,3,98618,0,0,98618,0.0,0.0
1993,11,Agricultural and Biological Sciences,4,98618,0,0,98618,0.0,0.0
1993,11,Agricultural and Biological Sciences,5,98618,0,0,98618,0.0,0.0
1993,11,Agricultural and Biological Sciences,6,98618,0,0,98618,0.0,0.0
1993,11,Agricultural and Biological Sciences,7,98618,0,0,98618,0.0,0.0
1993,11,Agricultural and Biological Sciences,8,98618,0,0,98618,0.0,0.0
1993,11,Agricultural and Biological Sciences,9,98618,0,0,98618,0.0,0.0
1993,11,Agricultural and Biological Sciences,10,98618,0,0,98618,0.0,0.0
1993,11,Agricultural and Biological Sciences,11,98618,0,0,98618,0.0,0.0
1993,11,Agricultural and Biological Sciences,12,98618,0,0,98618,0.0,0.0
1993,11,Agricultural and Biological Sciences,13,98618,0,0,98618,0.0,0.0
1993,11,Agricultural and Biological Sciences,14,98618,0,0,98618,0.0,0.0
1993,11,Agricultural and Biological Sciences,15,98618,0,0,98618,0.0,0.0
1993,12,Arts and Humanities,0,150853,1,0,150853,6.6289699243634535e-06,6.6289699243634535e-06
1993,12,Arts and Humanities,1,150853,0,1,150852,0.0,6.6289699243634535e-06
1993,12,Arts and Humanities,2,150853,0,1,150852,0.0,6.6289699243634535e-06
1993,12,Arts and Humanities,3,150853,0,1,150852,0.0,6.6289699243634535e-06
1993,12,Arts and Humanities,4,150853,0,1,150852,0.0,6.6289699243634535e-06
1993,12,Arts and Humanities,5,150853,0,1,150852,0.0,6.6289699243634535e-06
1993,12,Arts and Humanities,6,150853,0,1,150852,0.0,6.6289699243634535e-06
1993,12,Arts and Humanities,7,150853,0,1,150852,0.0,6.6289699243634535e-06
1993,12,Arts and Humanities,8,150853,0,1,150852,0.0,6.6289699243634535e-06
1993,12,Arts and Humanities,9,150853,0,1,150852,0.0,6.6289699243634535e-06
1993,12,Arts and Humanities,10,150853,0,1,150852,0.0,6.6289699243634535e-06
1993,12,Arts and Humanities,11,150853,0,1,150852,0.0,6.6289699243634535e-06
1993,12,Arts and Humanities,12,150853,0,1,150852,0.0,6.6289699243634535e-06
1993,12,Arts and Humanities,13,150853,0,1,150852,0.0,6.6289699243634535e-06
1993,12,Arts and Humanities,14,150853,0,1,150852,0.0,6.6289699243634535e-06
1993,12,Arts and Humanities,15,150853,0,1,150852,0.0,6.6289699243634535e-06
1993,13,"Biochemistry, Genetics and Molecular Biology",0,123222,0,0,123222,0.0,0.0
1993,13,"Biochemistry, Genetics and Molecular Biology",1,123222,1,0,123222,8.115433932252358e-06,8.115433932252358e-06
1993,13,"Biochemistry, Genetics and Molecular Biology",2,123222,0,1,123221,0.0,8.115433932252358e-06
1993,13,"Biochemistry, Genetics and Molecular Biology",3,123222,2,1,123221,1.623099958610951e-05,2.4346301796757073e-05
1993,13,"Biochemistry, Genetics and Molecular Biology",4,123222,0,3,123219,0.0,2.4346301796757073e-05
1993,13,"Biochemistry, Genetics and Molecular Biology",5,123222,0,3,123219,0.0,2.4346301796757073e-05
1993,13,"Biochemistry, Genetics and Molecular Biology",6,123222,0,3,123219,0.0,2.4346301796757073e-05
1993,13,"Biochemistry, Genetics and Molecular Biology",7,123222,0,3,123219,0.0,2.4346301796757073e-05
1993,13,"Biochemistry, Genetics and Molecular Biology",8,123222,0,3,123219,0.0,2.4346301796757073e-05
1993,13,"Biochemistry, Genetics and Molecular Biology",9,123222,0,3,123219,0.0,2.4346301796757073e-05
1993,13,"Biochemistry, Genetics and Molecular Biology",10,123222,0,3,123219,0.0,2.4346301796757073e-05
1993,13,"Biochemistry, Genetics and Molecular Biology",11,123222,0,3,123219,0.0,2.4346301796757073e-05
1993,13,"Biochemistry, Genetics and Molecular Biology",12,123222,0,3,123219,0.0,2.4346301796757073e-05
1993,13,"Biochemistry, Genetics and Molecular Biology",13,123222,0,3,123219,0.0,2.4346301796757073e-05
1993,13,"Biochemistry, Genetics and Molecular Biology",14,123222,0,3,123219,0.0,2.4346301796757073e-05
1993,13,"Biochemistry, Genetics and Molecular Biology",15,123222,0,3,123219,0.0,2.4346301796757073e-05
1993,14,"Business, Management and Accounting",0,41960,0,0,41960,0.0,0.0
1993,14,"Business, Management and Accounting",1,41960,0,0,41960,0.0,0.0
1993,14,"Business, Management and Accounting",2,41960,0,0,41960,0.0,0.0
1993,14,"Business, Management and Accounting",3,41960,0,0,41960,0.0,0.0
1993,14,"Business, Management and Accounting",4,41960,0,0,41960,0.0,0.0
1993,14,"Business, Management and Accounting",5,41960,0,0,41960,0.0,0.0
1993,14,"Business, Management and Accounting",6,41960,0,0,41960,0.0,0.0
1993,14,"Business, Management and Accounting",7,41960,0,0,41960,0.0,0.0
1993,14,"Business, Management and Accounting",8,41960,0,0,41960,0.0,0.0
1993,14,"Business, Management and Accounting",9,41960,0,0,41960,0.0,0.0
1993,14,"Business, Management and Accounting",10,41960,0,0,41960,0.0,0.0
1993,14,"Business, Management and Accounting",11,41960,0,0,41960,0.0,0.0
1993,14,"Business, Management and Accounting",12,41960,0,0,41960,0.0,0.0
1993,14,"Business, Management and Accounting",13,41960,0,0,41960,0.0,0.0
1993,14,"Business, Management and Accounting",14,41960,0,0,41960,0.0,0.0
1993,14,"Business, Management and Accounting",15,41960,0,0,41960,0.0,0.0
1993,15,Chemical Engineering,0,7673,0,0,7673,0.0,0.0
1993,15,Chemical Engineering,1,7673,0,0,7673,0.0,0.0
1993,15,Chemical Engineering,2,7673,0,0,7673,0.0,0.0
1993,15,Chemical Engineering,3,7673,0,0,7673,0.0,0.0
1993,15,Chemical Engineering,4,7673,0,0,7673,0.0,0.0
1993,15,Chemical Engineering,5,7673,0,0,7673,0.0,0.0
1993,15,Chemical Engineering,6,7673,0,0,7673,0.0,0.0
1993,15,Chemical Engineering,7,7673,0,0,7673,0.0,0.0
1993,15,Chemical Engineering,8,7673,0,0,7673,0.0,0.0
1993,15,Chemical Engineering,9,7673,0,0,7673,0.0,0.0
1993,15,Chemical Engineering,10,7673,0,0,7673,0.0,0.0
1993,15,Chemical Engineering,11,7673,0,0,7673,0.0,0.0
1993,15,Chemical Engineering,12,7673,0,0,7673,0.0,0.0
1993,15,Chemical Engineering,13,7673,0,0,7673,0.0,0.0
1993,15,Chemical Engineering,14,7673,0,0,7673,0.0,0.0
1993,15,Chemical Engineering,15,7673,0,0,7673,0.0,0.0
1993,16,Chemistry,0,66885,0,0,66885,0.0,0.0
1993,16,Chemistry,1,66885,0,0,66885,0.0,0.0
1993,16,Chemistry,2,66885,0,0,66885,0.0,0.0
1993,16,Chemistry,3,66885,0,0,66885,0.0,0.0
1993,16,Chemistry,4,66885,0,0,66885,0.0,0.0
1993,16,Chemistry,5,66885,0,0,66885,0.0,0.0
1993,16,Chemistry,6,66885,0,0,66885,0.0,0.0
1993,16,Chemistry,7,66885,0,0,66885,0.0,0.0
1993,16,Chemistry,8,66885,0,0,66885,0.0,0.0
1993,16,Chemistry,9,66885,0,0,66885,0.0,0.0
1993,16,Chemistry,10,66885,0,0,66885,0.0,0.0
1993,16,Chemistry,11,66885,0,0,66885,0.0,0.0
1993,16,Chemistry,12,66885,0,0,66885,0.0,0.0
1993,16,Chemistry,13,66885,0,0,66885,0.0,0.0
1993,16,Chemistry,14,66885,0,0,66885,0.0,0.0
1993,16,Chemistry,15,66885,0,0,66885,0.0,0.0
1993,17,Computer Science,0,83762,0,0,83762,0.0,0.0
1993,17,Computer Science,1,83762,0,0,83762,0.0,0.0
1993,17,Computer Science,2,83762,0,0,83762,0.0,0.0
1993,17,Computer Science,3,83762,0,0,83762,0.0,0.0
1993,17,Computer Science,4,83762,0,0,83762,0.0,0.0
1993,17,Computer Science,5,83762,0,0,83762,0.0,0.0
1993,17,Computer Science,6,83762,0,0,83762,0.0,0.0
1993,17,Computer Science,7,83762,0,0,83762,0.0,0.0
1993,17,Computer Science,8,83762,0,0,83762,0.0,0.0
1993,17,Computer Science,9,83762,0,0,83762,0.0,0.0
1993,17,Computer Science,10,83762,0,0,83762,0.0,0.0
1993,17,Computer Science,11,83762,0,0,83762,0.0,0.0
1993,17,Computer Science,12,83762,0,0,83762,0.0,0.0
1993,17,Computer Science,13,83762,0,0,83762,0.0,0.0
1993,17,Computer Science,14,83762,0,0,83762,0.0,0.0
1993,17,Computer Science,15,83762,0,0,83762,0.0,0.0
1993,18,Decision Sciences,0,16166,0,0,16166,0.0,0.0
1993,18,Decision Sciences,1,16166,0,0,16166,0.0,0.0
1993,18,Decision Sciences,2,16166,0,0,16166,0.0,0.0
1993,18,Decision Sciences,3,16166,0,0,16166,0.0,0.0
1993,18,Decision Sciences,4,16166,0,0,16166,0.0,0.0
1993,18,Decision Sciences,5,16166,0,0,16166,0.0,0.0
1993,18,Decision Sciences,6,16166,0,0,16166,0.0,0.0
1993,18,Decision Sciences,7,16166,0,0,16166,0.0,0.0
1993,18,Decision Sciences,8,16166,0,0,16166,0.0,0.0
1993,18,Decision Sciences,9,16166,0,0,16166,0.0,0.0
1993,18,Decision Sciences,10,16166,0,0,16166,0.0,0.0
1993,18,Decision Sciences,11,16166,0,0,16166,0.0,0.0
1993,18,Decision Sciences,12,16166,0,0,16166,0.0,0.0
1993,18,Decision Sciences,13,16166,0,0,16166,0.0,0.0
1993,18,Decision Sciences,14,16166,0,0,16166,0.0,0.0
1993,18,Decision Sciences,15,16166,0,0,16166,0.0,0.0
1993,19,Earth and Planetary Sciences,0,42645,0,0,42645,0.0,0.0
1993,19,Earth and Planetary Sciences,1,42645,0,0,42645,0.0,0.0
1993,19,Earth and Planetary Sciences,2,42645,0,0,42645,0.0,0.0
1993,19,Earth and Planetary Sciences,3,42645,0,0,42645,0.0,0.0
1993,19,Earth and Planetary Sciences,4,42645,0,0,42645,0.0,0.0
1993,19,Earth and Planetary Sciences,5,42645,0,0,42645,0.0,0.0
1993,19,Earth and Planetary Sciences,6,42645,0,0,42645,0.0,0.0
1993,19,Earth and Planetary Sciences,7,42645,1,0,42645,2.3449407902450463e-05,2.3449407902450463e-05
1993,19,Earth and Planetary Sciences,8,42645,0,1,42644,0.0,2.3449407902450463e-05
1993,19,Earth and Planetary Sciences,9,42645,0,1,42644,0.0,2.3449407902450463e-05
1993,19,Earth and Planetary Sciences,10,42645,0,1,42644,0.0,2.3449407902450463e-05
1993,19,Earth and Planetary Sciences,11,42645,0,1,42644,0.0,2.3449407902450463e-05
1993,19,Earth and Planetary Sciences,12,42645,0,1,42644,0.0,2.3449407902450463e-05
1993,19,Earth and Planetary Sciences,13,42645,0,1,42644,0.0,2.3449407902450463e-05
1993,19,Earth and Planetary Sciences,14,42645,0,1,42644,0.0,2.3449407902450463e-05
1993,19,Earth and Planetary Sciences,15,42645,0,1,42644,0.0,2.3449407902450463e-05
1993,20,"Economics, Econometrics and Finance",0,72781,0,0,72781,0.0,0.0
1993,20,"Economics, Econometrics and Finance",1,72781,0,0,72781,0.0,0.0
1993,20,"Economics, Econometrics and Finance",2,72781,0,0,72781,0.0,0.0
1993,20,"Economics, Econometrics and Finance",3,72781,0,0,72781,0.0,0.0
1993,20,"Economics, Econometrics and Finance",4,72781,0,0,72781,0.0,0.0
1993,20,"Economics, Econometrics and Finance",5,72781,0,0,72781,0.0,0.0
1993,20,"Economics, Econometrics and Finance",6,72781,0,0,72781,0.0,0.0
1993,20,"Economics, Econometrics and Finance",7,72781,0,0,72781,0.0,0.0
1993,20,"Economics, Econometrics and Finance",8,72781,0,0,72781,0.0,0.0
1993,20,"Economics, Econometrics and Finance",9,72781,0,0,72781,0.0,0.0
1993,20,"Economics, Econometrics and Finance",10,72781,0,0,72781,0.0,0.0
1993,20,"Economics, Econometrics and Finance",11,72781,0,0,72781,0.0,0.0
1993,20,"Economics, Econometrics and Finance",12,72781,0,0,72781,0.0,0.0
1993,20,"Economics, Econometrics and Finance",13,72781,0,0,72781,0.0,0.0
1993,20,"Economics, Econometrics and Finance",14,72781,0,0,72781,0.0,0.0
1993,20,"Economics, Econometrics and Finance",15,72781,0,0,72781,0.0,0.0
1993,21,Energy,0,7401,0,0,7401,0.0,0.0
1993,21,Energy,1,7401,0,0,7401,0.0,0.0
1993,21,Energy,2,7401,0,0,7401,0.0,0.0
1993,21,Energy,3,7401,0,0,7401,0.0,0.0
1993,21,Energy,4,7401,0,0,7401,0.0,0.0
1993,21,Energy,5,7401,0,0,7401,0.0,0.0
1993,21,Energy,6,7401,0,0,7401,0.0,0.0
1993,21,Energy,7,7401,0,0,7401,0.0,0.0
1993,21,Energy,8,7401,0,0,7401,0.0,0.0
1993,21,Energy,9,7401,0,0,7401,0.0,0.0
1993,21,Energy,10,7401,0,0,7401,0.0,0.0
1993,21,Energy,11,7401,0,0,7401,0.0,0.0
1993,21,Energy,12,7401,0,0,7401,0.0,0.0
1993,21,Energy,13,7401,0,0,7401,0.0,0.0
1993,21,Energy,14,7401,0,0,7401,0.0,0.0
1993,21,Energy,15,7401,0,0,7401,0.0,0.0
1993,22,Engineering,0,399163,2,0,399163,5.0104844386879545e-06,5.0104844386879545e-06
1993,22,Engineering,1,399163,0,2,399161,0.0,5.0104844386879545e-06
1993,22,Engineering,2,399163,0,2,399161,0.0,5.0104844386879545e-06
1993,22,Engineering,3,399163,0,2,399161,0.0,5.0104844386879545e-06
1993,22,Engineering,4,399163,0,2,399161,0.0,5.0104844386879545e-06
1993,22,Engineering,5,399163,0,2,399161,0.0,5.0104844386879545e-06
1993,22,Engineering,6,399163,0,2,399161,0.0,5.0104844386879545e-06
1993,22,Engineering,7,399163,0,2,399161,0.0,5.0104844386879545e-06
1993,22,Engineering,8,399163,0,2,399161,0.0,5.0104844386879545e-06
1993,22,Engineering,9,399163,0,2,399161,0.0,5.0104844386879545e-06
1993,22,Engineering,10,399163,1,2,399161,2.5052547718840266e-06,7.515726658031932e-06
1993,22,Engineering,11,399163,0,3,399160,0.0,7.515726658031932e-06
1993,22,Engineering,12,399163,0,3,399160,0.0,7.515726658031932e-06
1993,22,Engineering,13,399163,0,3,399160,0.0,7.515726658031932e-06
1993,22,Engineering,14,399163,0,3,399160,0.0,7.515726658031932e-06
1993,22,Engineering,15,399163,0,3,399160,0.0,7.515726658031932e-06
1993,23,Environmental Science,0,80319,0,0,80319,0.0,0.0
1993,23,Environmental Science,1,80319,0,0,80319,0.0,0.0
1993,23,Environmental Science,2,80319,0,0,80319,0.0,0.0
1993,23,Environmental Science,3,80319,0,0,80319,0.0,0.0
1993,23,Environmental Science,4,80319,0,0,80319,0.0,0.0
1993,23,Environmental Science,5,80319,0,0,80319,0.0,0.0
1993,23,Environmental Science,6,80319,0,0,80319,0.0,0.0
1993,23,Environmental Science,7,80319,0,0,80319,0.0,0.0
1993,23,Environmental Science,8,80319,0,0,80319,0.0,0.0
1993,23,Environmental Science,9,80319,0,0,80319,0.0,0.0
1993,23,Environmental Science,10,80319,0,0,80319,0.0,0.0
1993,23,Environmental Science,11,80319,0,0,80319,0.0,0.0
1993,23,Environmental Science,12,80319,0,0,80319,0.0,0.0
1993,23,Environmental Science,13,80319,0,0,80319,0.0,0.0
1993,23,Environmental Science,14,80319,0,0,80319,0.0,0.0
1993,23,Environmental Science,15,80319,0,0,80319,0.0,0.0
1993,24,Immunology and Microbiology,0,24219,0,0,24219,0.0,0.0
1993,24,Immunology and Microbiology,1,24219,2,0,24219,8.257979272472025e-05,8.257979272472025e-05
1993,24,Immunology and Microbiology,2,24219,0,2,24217,0.0,8.257979272472025e-05
1993,24,Immunology and Microbiology,3,24219,0,2,24217,0.0,8.257979272472025e-05
1993,24,Immunology and Microbiology,4,24219,0,2,24217,0.0,8.257979272472025e-05
1993,24,Immunology and Microbiology,5,24219,0,2,24217,0.0,8.257979272472025e-05
1993,24,Immunology and Microbiology,6,24219,0,2,24217,0.0,8.257979272472025e-05
1993,24,Immunology and Microbiology,7,24219,1,2,24217,4.1293306355039846e-05,0.0001238696890870804
1993,24,Immunology and Microbiology,8,24219,0,3,24216,0.0,0.0001238696890870804
1993,24,Immunology and Microbiology,9,24219,0,3,24216,0.0,0.0001238696890870804
1993,24,Immunology and Microbiology,10,24219,0,3,24216,0.0,0.0001238696890870804
1993,24,Immunology and Microbiology,11,24219,0,3,24216,0.0,0.0001238696890870804
1993,24,Immunology and Microbiology,12,24219,0,3,24216,0.0,0.0001238696890870804
1993,24,Immunology and Microbiology,13,24219,0,3,24216,0.0,0.0001238696890870804
1993,24,Immunology and Microbiology,14,24219,0,3,24216,0.0,0.0001238696890870804
1993,24,Immunology and Microbiology,15,24219,0,3,24216,0.0,0.0001238696890870804
1993,25,Materials Science,0,60125,0,0,60125,0.0,0.0
1993,25,Materials Science,1,60125,0,0,60125,0.0,0.0
1993,25,Materials Science,2,60125,0,0,60125,0.0,0.0
1993,25,Materials Science,3,60125,0,0,60125,0.0,0.0
1993,25,Materials Science,4,60125,0,0,60125,0.0,0.0
1993,25,Materials Science,5,60125,0,0,60125,0.0,0.0
1993,25,Materials Science,6,60125,0,0,60125,0.0,0.0
1993,25,Materials Science,7,60125,0,0,60125,0.0,0.0
1993,25,Materials Science,8,60125,0,0,60125,0.0,0.0
1993,25,Materials Science,9,60125,0,0,60125,0.0,0.0
1993,25,Materials Science,10,60125,0,0,60125,0.0,0.0
1993,25,Materials Science,11,60125,0,0,60125,0.0,0.0
1993,25,Materials Science,12,60125,0,0,60125,0.0,0.0
1993,25,Materials Science,13,60125,0,0,60125,0.0,0.0
1993,25,Materials Science,14,60125,0,0,60125,0.0,0.0
1993,25,Materials Science,15,60125,0,0,60125,0.0,0.0
1993,26,Mathematics,0,30801,1,0,30801,3.246647836109217e-05,3.246647836109217e-05
1993,26,Mathematics,1,30801,0,1,30800,0.0,3.246647836109217e-05
1993,26,Mathematics,2,30801,0,1,30800,0.0,3.246647836109217e-05
1993,26,Mathematics,3,30801,0,1,30800,0.0,3.246647836109217e-05
1993,26,Mathematics,4,30801,0,1,30800,0.0,3.246647836109217e-05
1993,26,Mathematics,5,30801,0,1,30800,0.0,3.246647836109217e-05
1993,26,Mathematics,6,30801,0,1,30800,0.0,3.246647836109217e-05
1993,26,Mathematics,7,30801,0,1,30800,0.0,3.246647836109217e-05
1993,26,Mathematics,8,30801,0,1,30800,0.0,3.246647836109217e-05
1993,26,Mathematics,9,30801,0,1,30800,0.0,3.246647836109217e-05
1993,26,Mathematics,10,30801,0,1,30800,0.0,3.246647836109217e-05
1993,26,Mathematics,11,30801,0,1,30800,0.0,3.246647836109217e-05
1993,26,Mathematics,12,30801,0,1,30800,0.0,3.246647836109217e-05
1993,26,Mathematics,13,30801,0,1,30800,0.0,3.246647836109217e-05
1993,26,Mathematics,14,30801,0,1,30800,0.0,3.246647836109217e-05
1993,26,Mathematics,15,30801,0,1,30800,0.0,3.246647836109217e-05
1993,27,Medicine,0,347224,0,0,347224,0.0,0.0
1993,27,Medicine,1,347224,0,0,347224,0.0,0.0
1993,27,Medicine,2,347224,1,0,347224,2.8799852544754972e-06,2.8799852544754972e-06
1993,27,Medicine,3,347224,2,1,347223,5.759987097628902e-06,8.639955763426491e-06
1993,27,Medicine,4,347224,0,3,347221,0.0,8.639955763426491e-06
1993,27,Medicine,5,347224,1,3,347221,2.8800101376356844e-06,1.1519941017901989e-05
1993,27,Medicine,6,347224,0,4,347220,0.0,1.1519941017901989e-05
1993,27,Medicine,7,347224,0,4,347220,0.0,1.1519941017901989e-05
1993,27,Medicine,8,347224,0,4,347220,0.0,1.1519941017901989e-05
1993,27,Medicine,9,347224,0,4,347220,0.0,1.1519941017901989e-05
1993,27,Medicine,10,347224,1,4,347220,2.8800184321179658e-06,1.4399926272377485e-05
1993,27,Medicine,11,347224,0,5,347219,0.0,1.4399926272377485e-05
1993,27,Medicine,12,347224,0,5,347219,0.0,1.4399926272377485e-05
1993,27,Medicine,13,347224,0,5,347219,0.0,1.4399926272377485e-05
1993,27,Medicine,14,347224,0,5,347219,0.0,1.4399926272377485e-05
1993,27,Medicine,15,347224,0,5,347219,0.0,1.4399926272377485e-05
1993,28,Neuroscience,0,35553,0,0,35553,0.0,0.0
1993,28,Neuroscience,1,35553,0,0,35553,0.0,0.0
1993,28,Neuroscience,2,35553,0,0,35553,0.0,0.0
1993,28,Neuroscience,3,35553,0,0,35553,0.0,0.0
1993,28,Neuroscience,4,35553,0,0,35553,0.0,0.0
1993,28,Neuroscience,5,35553,0,0,35553,0.0,0.0
1993,28,Neuroscience,6,35553,0,0,35553,0.0,0.0
1993,28,Neuroscience,7,35553,0,0,35553,0.0,0.0
1993,28,Neuroscience,8,35553,0,0,35553,0.0,0.0
1993,28,Neuroscience,9,35553,0,0,35553,0.0,0.0
1993,28,Neuroscience,10,35553,0,0,35553,0.0,0.0
1993,28,Neuroscience,11,35553,0,0,35553,0.0,0.0
1993,28,Neuroscience,12,35553,0,0,35553,0.0,0.0
1993,28,Neuroscience,13,35553,0,0,35553,0.0,0.0
1993,28,Neuroscience,14,35553,0,0,35553,0.0,0.0
1993,28,Neuroscience,15,35553,0,0,35553,0.0,0.0
1993,29,Nursing,0,11012,0,0,11012,0.0,0.0
1993,29,Nursing,1,11012,0,0,11012,0.0,0.0
1993,29,Nursing,2,11012,0,0,11012,0.0,0.0
1993,29,Nursing,3,11012,0,0,11012,0.0,0.0
1993,29,Nursing,4,11012,0,0,11012,0.0,0.0
1993,29,Nursing,5,11012,0,0,11012,0.0,0.0
1993,29,Nursing,6,11012,0,0,11012,0.0,0.0
1993,29,Nursing,7,11012,0,0,11012,0.0,0.0
1993,29,Nursing,8,11012,0,0,11012,0.0,0.0
1993,29,Nursing,9,11012,0,0,11012,0.0,0.0
1993,29,Nursing,10,11012,0,0,11012,0.0,0.0
1993,29,Nursing,11,11012,0,0,11012,0.0,0.0
1993,29,Nursing,12,11012,0,0,11012,0.0,0.0
1993,29,Nursing,13,11012,0,0,11012,0.0,0.0
1993,29,Nursing,14,11012,0,0,11012,0.0,0.0
1993,29,Nursing,15,11012,0,0,11012,0.0,0.0
1993,30,"Pharmacology, Toxicology and Pharmaceutics",0,8759,0,0,8759,0.0,0.0
1993,30,"Pharmacology, Toxicology and Pharmaceutics",1,8759,0,0,8759,0.0,0.0
1993,30,"Pharmacology, Toxicology and Pharmaceutics",2,8759,0,0,8759,0.0,0.0
1993,30,"Pharmacology, Toxicology and Pharmaceutics",3,8759,0,0,8759,0.0,0.0
1993,30,"Pharmacology, Toxicology and Pharmaceutics",4,8759,0,0,8759,0.0,0.0
1993,30,"Pharmacology, Toxicology and Pharmaceutics",5,8759,0,0,8759,0.0,0.0
1993,30,"Pharmacology, Toxicology and Pharmaceutics",6,8759,0,0,8759,0.0,0.0
1993,30,"Pharmacology, Toxicology and Pharmaceutics",7,8759,0,0,8759,0.0,0.0
1993,30,"Pharmacology, Toxicology and Pharmaceutics",8,8759,0,0,8759,0.0,0.0
1993,30,"Pharmacology, Toxicology and Pharmaceutics",9,8759,0,0,8759,0.0,0.0
1993,30,"Pharmacology, Toxicology and Pharmaceutics",10,8759,0,0,8759,0.0,0.0
1993,30,"Pharmacology, Toxicology and Pharmaceutics",11,8759,0,0,8759,0.0,0.0
1993,30,"Pharmacology, Toxicology and Pharmaceutics",12,8759,0,0,8759,0.0,0.0
1993,30,"Pharmacology, Toxicology and Pharmaceutics",13,8759,0,0,8759,0.0,0.0
1993,30,"Pharmacology, Toxicology and Pharmaceutics",14,8759,0,0,8759,0.0,0.0
1993,30,"Pharmacology, Toxicology and Pharmaceutics",15,8759,0,0,8759,0.0,0.0
1993,31,Physics and Astronomy,0,100249,0,0,100249,0.0,0.0
1993,31,Physics and Astronomy,1,100249,0,0,100249,0.0,0.0
1993,31,Physics and Astronomy,2,100249,0,0,100249,0.0,0.0
1993,31,Physics and Astronomy,3,100249,0,0,100249,0.0,0.0
1993,31,Physics and Astronomy,4,100249,0,0,100249,0.0,0.0
1993,31,Physics and Astronomy,5,100249,0,0,100249,0.0,0.0
1993,31,Physics and Astronomy,6,100249,0,0,100249,0.0,0.0
1993,31,Physics and Astronomy,7,100249,0,0,100249,0.0,0.0
1993,31,Physics and Astronomy,8,100249,0,0,100249,0.0,0.0
1993,31,Physics and Astronomy,9,100249,0,0,100249,0.0,0.0
1993,31,Physics and Astronomy,10,100249,0,0,100249,0.0,0.0
1993,31,Physics and Astronomy,11,100249,0,0,100249,0.0,0.0
1993,31,Physics and Astronomy,12,100249,0,0,100249,0.0,0.0
1993,31,Physics and Astronomy,13,100249,0,0,100249,0.0,0.0
1993,31,Physics and Astronomy,14,100249,0,0,100249,0.0,0.0
1993,31,Physics and Astronomy,15,100249,0,0,100249,0.0,0.0
1993,32,Psychology,0,50598,0,0,50598,0.0,0.0
1993,32,Psychology,1,50598,0,0,50598,0.0,0.0
1993,32,Psychology,2,50598,0,0,50598,0.0,0.0
1993,32,Psychology,3,50598,0,0,50598,0.0,0.0
1993,32,Psychology,4,50598,0,0,50598,0.0,0.0
1993,32,Psychology,5,50598,0,0,50598,0.0,0.0
1993,32,Psychology,6,50598,0,0,50598,0.0,0.0
1993,32,Psychology,7,50598,0,0,50598,0.0,0.0
1993,32,Psychology,8,50598,0,0,50598,0.0,0.0
1993,32,Psychology,9,50598,0,0,50598,0.0,0.0
1993,32,Psychology,10,50598,0,0,50598,0.0,0.0
1993,32,Psychology,11,50598,0,0,50598,0.0,0.0
1993,32,Psychology,12,50598,0,0,50598,0.0,0.0
1993,32,Psychology,13,50598,0,0,50598,0.0,0.0
1993,32,Psychology,14,50598,0,0,50598,0.0,0.0
1993,32,Psychology,15,50598,0,0,50598,0.0,0.0
1993,33,Social Sciences,0,267590,0,0,267590,0.0,0.0
1993,33,Social Sciences,1,267590,0,0,267590,0.0,0.0
1993,33,Social Sciences,2,267590,0,0,267590,0.0,0.0
1993,33,Social Sciences,3,267590,0,0,267590,0.0,0.0
1993,33,Social Sciences,4,267590,0,0,267590,0.0,0.0
1993,33,Social Sciences,5,267590,0,0,267590,0.0,0.0
1993,33,Social Sciences,6,267590,0,0,267590,0.0,0.0
1993,33,Social Sciences,7,267590,0,0,267590,0.0,0.0
1993,33,Social Sciences,8,267590,0,0,267590,0.0,0.0
1993,33,Social Sciences,9,267590,0,0,267590,0.0,0.0
1993,33,Social Sciences,10,267590,0,0,267590,0.0,0.0
1993,33,Social Sciences,11,267590,0,0,267590,0.0,0.0
1993,33,Social Sciences,12,267590,0,0,267590,0.0,0.0
1993,33,Social Sciences,13,267590,0,0,267590,0.0,0.0
1993,33,Social Sciences,14,267590,0,0,267590,0.0,0.0
1993,33,Social Sciences,15,267590,0,0,267590,0.0,0.0
1993,34,Veterinary,0,4041,0,0,4041,0.0,0.0
1993,34,Veterinary,1,4041,0,0,4041,0.0,0.0
1993,34,Veterinary,2,4041,0,0,4041,0.0,0.0
1993,34,Veterinary,3,4041,0,0,4041,0.0,0.0
1993,34,Veterinary,4,4041,0,0,4041,0.0,0.0
1993,34,Veterinary,5,4041,0,0,4041,0.0,0.0
1993,34,Veterinary,6,4041,0,0,4041,0.0,0.0
1993,34,Veterinary,7,4041,0,0,4041,0.0,0.0
1993,34,Veterinary,8,4041,0,0,4041,0.0,0.0
1993,34,Veterinary,9,4041,0,0,4041,0.0,0.0
1993,34,Veterinary,10,4041,0,0,4041,0.0,0.0
1993,34,Veterinary,11,4041,0,0,4041,0.0,0.0
1993,34,Veterinary,12,4041,0,0,4041,0.0,0.0
1993,34,Veterinary,13,4041,0,0,4041,0.0,0.0
1993,34,Veterinary,14,4041,0,0,4041,0.0,0.0
1993,34,Veterinary,15,4041,0,0,4041,0.0,0.0
1993,35,Dentistry,0,5505,0,0,5505,0.0,0.0
1993,35,Dentistry,1,5505,0,0,5505,0.0,0.0
1993,35,Dentistry,2,5505,0,0,5505,0.0,0.0
1993,35,Dentistry,3,5505,0,0,5505,0.0,0.0
1993,35,Dentistry,4,5505,0,0,5505,0.0,0.0
1993,35,Dentistry,5,5505,0,0,5505,0.0,0.0
1993,35,Dentistry,6,5505,0,0,5505,0.0,0.0
1993,35,Dentistry,7,5505,0,0,5505,0.0,0.0
1993,35,Dentistry,8,5505,0,0,5505,0.0,0.0
1993,35,Dentistry,9,5505,0,0,5505,0.0,0.0
1993,35,Dentistry,10,5505,0,0,5505,0.0,0.0
1993,35,Dentistry,11,5505,0,0,5505,0.0,0.0
1993,35,Dentistry,12,5505,0,0,5505,0.0,0.0
1993,35,Dentistry,13,5505,0,0,5505,0.0,0.0
1993,35,Dentistry,14,5505,0,0,5505,0.0,0.0
1993,35,Dentistry,15,5505,0,0,5505,0.0,0.0
1993,36,Health Professions,0,49108,0,0,49108,0.0,0.0
1993,36,Health Professions,1,49108,1,0,49108,2.0363280931823734e-05,2.0363280931823734e-05
1993,36,Health Professions,2,49108,0,1,49107,0.0,2.0363280931823734e-05
1993,36,Health Professions,3,49108,0,1,49107,0.0,2.0363280931823734e-05
1993,36,Health Professions,4,49108,0,1,49107,0.0,2.0363280931823734e-05
1993,36,Health Professions,5,49108,0,1,49107,0.0,2.0363280931823734e-05
1993,36,Health Professions,6,49108,0,1,49107,0.0,2.0363280931823734e-05
1993,36,Health Professions,7,49108,0,1,49107,0.0,2.0363280931823734e-05
1993,36,Health Professions,8,49108,0,1,49107,0.0,2.0363280931823734e-05
1993,36,Health Professions,9,49108,0,1,49107,0.0,2.0363280931823734e-05
1993,36,Health Professions,10,49108,0,1,49107,0.0,2.0363280931823734e-05
1993,36,Health Professions,11,49108,0,1,49107,0.0,2.0363280931823734e-05
1993,36,Health Professions,12,49108,0,1,49107,0.0,2.0363280931823734e-05
1993,36,Health Professions,13,49108,0,1,49107,0.0,2.0363280931823734e-05
1993,36,Health Professions,14,49108,0,1,49107,0.0,2.0363280931823734e-05
1993,36,Health Professions,15,49108,0,1,49107,0.0,2.0363280931823734e-05
1994,11,Agricultural and Biological Sciences,0,103493,1,0,103493,9.662489250480708e-06,9.662489250480708e-06
1994,11,Agricultural and Biological Sciences,1,103493,0,1,103492,0.0,9.662489250480708e-06
1994,11,Agricultural and Biological Sciences,2,103493,0,1,103492,0.0,9.662489250480708e-06
1994,11,Agricultural and Biological Sciences,3,103493,0,1,103492,0.0,9.662489250480708e-06
1994,11,Agricultural and Biological Sciences,4,103493,0,1,103492,0.0,9.662489250480708e-06
1994,11,Agricultural and Biological Sciences,5,103493,1,1,103492,9.662582615081359e-06,1.9324978500961416e-05
1994,11,Agricultural and Biological Sciences,6,103493,0,2,103491,0.0,1.9324978500961416e-05
1994,11,Agricultural and Biological Sciences,7,103493,0,2,103491,0.0,1.9324978500961416e-05
1994,11,Agricultural and Biological Sciences,8,103493,0,2,103491,0.0,1.9324978500961416e-05
1994,11,Agricultural and Biological Sciences,9,103493,0,2,103491,0.0,1.9324978500961416e-05
1994,11,Agricultural and Biological Sciences,10,103493,0,2,103491,0.0,1.9324978500961416e-05
1994,11,Agricultural and Biological Sciences,11,103493,0,2,103491,0.0,1.9324978500961416e-05
1994,11,Agricultural and Biological Sciences,12,103493,0,2,103491,0.0,1.9324978500961416e-05
1994,11,Agricultural and Biological Sciences,13,103493,0,2,103491,0.0,1.9324978500961416e-05
1994,11,Agricultural and Biological Sciences,14,103493,0,2,103491,0.0,1.9324978500961416e-05
1994,11,Agricultural and Biological Sciences,15,103493,0,2,103491,0.0,1.9324978500961416e-05
1994,12,Arts and Humanities,0,162742,0,0,162742,0.0,0.0
1994,12,Arts and Humanities,1,162742,0,0,162742,0.0,0.0
1994,12,Arts and Humanities,2,162742,0,0,162742,0.0,0.0
1994,12,Arts and Humanities,3,162742,0,0,162742,0.0,0.0
1994,12,Arts and Humanities,4,162742,0,0,162742,0.0,0.0
1994,12,Arts and Humanities,5,162742,0,0,162742,0.0,0.0
1994,12,Arts and Humanities,6,162742,0,0,162742,0.0,0.0
1994,12,Arts and Humanities,7,162742,0,0,162742,0.0,0.0
1994,12,Arts and Humanities,8,162742,0,0,162742,0.0,0.0
1994,12,Arts and Humanities,9,162742,0,0,162742,0.0,0.0
1994,12,Arts and Humanities,10,162742,0,0,162742,0.0,0.0
1994,12,Arts and Humanities,11,162742,0,0,162742,0.0,0.0
1994,12,Arts and Humanities,12,162742,0,0,162742,0.0,0.0
1994,12,Arts and Humanities,13,162742,0,0,162742,0.0,0.0
1994,12,Arts and Humanities,14,162742,0,0,162742,0.0,0.0
1994,12,Arts and Humanities,15,162742,0,0,162742,0.0,0.0
1994,13,"Biochemistry, Genetics and Molecular Biology",0,130281,0,0,130281,0.0,0.0
1994,13,"Biochemistry, Genetics and Molecular Biology",1,130281,2,0,130281,1.5351432672454155e-05,1.5351432672454155e-05
1994,13,"Biochemistry, Genetics and Molecular Biology",2,130281,0,2,130279,0.0,1.5351432672454155e-05
1994,13,"Biochemistry, Genetics and Molecular Biology",3,130281,1,2,130279,7.675834171278564e-06,2.3027149008681236e-05
1994,13,"Biochemistry, Genetics and Molecular Biology",4,130281,2,3,130278,1.5351786180322082e-05,3.837858168113539e-05
1994,13,"Biochemistry, Genetics and Molecular Biology",5,130281,0,5,130276,0.0,3.837858168113539e-05
1994,13,"Biochemistry, Genetics and Molecular Biology",6,130281,0,5,130276,0.0,3.837858168113539e-05
1994,13,"Biochemistry, Genetics and Molecular Biology",7,130281,0,5,130276,0.0,3.837858168113539e-05
1994,13,"Biochemistry, Genetics and Molecular Biology",8,130281,0,5,130276,0.0,3.837858168113539e-05
1994,13,"Biochemistry, Genetics and Molecular Biology",9,130281,1,5,130276,7.676010930639564e-06,4.605429801736247e-05
1994,13,"Biochemistry, Genetics and Molecular Biology",10,130281,0,6,130275,0.0,4.605429801736247e-05
1994,13,"Biochemistry, Genetics and Molecular Biology",11,130281,1,6,130275,7.676069852235655e-06,5.373001435358955e-05
1994,13,"Biochemistry, Genetics and Molecular Biology",12,130281,0,7,130274,0.0,5.373001435358955e-05
1994,13,"Biochemistry, Genetics and Molecular Biology",13,130281,0,7,130274,0.0,5.373001435358955e-05
1994,13,"Biochemistry, Genetics and Molecular Biology",14,130281,0,7,130274,0.0,5.373001435358955e-05
1994,13,"Biochemistry, Genetics and Molecular Biology",15,130281,0,7,130274,0.0,5.373001435358955e-05
1994,14,"Business, Management and Accounting",0,45458,0,0,45458,0.0,0.0
1994,14,"Business, Management and Accounting",1,45458,0,0,45458,0.0,0.0
1994,14,"Business, Management and Accounting",2,45458,0,0,45458,0.0,0.0
1994,14,"Business, Management and Accounting",3,45458,0,0,45458,0.0,0.0
1994,14,"Business, Management and Accounting",4,45458,0,0,45458,0.0,0.0
1994,14,"Business, Management and Accounting",5,45458,0,0,45458,0.0,0.0
1994,14,"Business, Management and Accounting",6,45458,0,0,45458,0.0,0.0
1994,14,"Business, Management and Accounting",7,45458,0,0,45458,0.0,0.0
1994,14,"Business, Management and Accounting",8,45458,0,0,45458,0.0,0.0
1994,14,"Business, Management and Accounting",9,45458,0,0,45458,0.0,0.0
1994,14,"Business, Management and Accounting",10,45458,0,0,45458,0.0,0.0
1994,14,"Business, Management and Accounting",11,45458,0,0,45458,0.0,0.0
1994,14,"Business, Management and Accounting",12,45458,0,0,45458,0.0,0.0
1994,14,"Business, Management and Accounting",13,45458,0,0,45458,0.0,0.0
1994,14,"Business, Management and Accounting",14,45458,0,0,45458,0.0,0.0
1994,14,"Business, Management and Accounting",15,45458,0,0,45458,0.0,0.0
1994,15,Chemical Engineering,0,8167,0,0,8167,0.0,0.0
1994,15,Chemical Engineering,1,8167,0,0,8167,0.0,0.0
1994,15,Chemical Engineering,2,8167,0,0,8167,0.0,0.0
1994,15,Chemical Engineering,3,8167,0,0,8167,0.0,0.0
1994,15,Chemical Engineering,4,8167,0,0,8167,0.0,0.0
1994,15,Chemical Engineering,5,8167,0,0,8167,0.0,0.0
1994,15,Chemical Engineering,6,8167,0,0,8167,0.0,0.0
1994,15,Chemical Engineering,7,8167,0,0,8167,0.0,0.0
1994,15,Chemical Engineering,8,8167,0,0,8167,0.0,0.0
1994,15,Chemical Engineering,9,8167,0,0,8167,0.0,0.0
1994,15,Chemical Engineering,10,8167,0,0,8167,0.0,0.0
1994,15,Chemical Engineering,11,8167,0,0,8167,0.0,0.0
1994,15,Chemical Engineering,12,8167,0,0,8167,0.0,0.0
1994,15,Chemical Engineering,13,8167,0,0,8167,0.0,0.0
1994,15,Chemical Engineering,14,8167,0,0,8167,0.0,0.0
1994,15,Chemical Engineering,15,8167,0,0,8167,0.0,0.0
1994,16,Chemistry,0,67098,0,0,67098,0.0,0.0
1994,16,Chemistry,1,67098,0,0,67098,0.0,0.0
1994,16,Chemistry,2,67098,0,0,67098,0.0,0.0
1994,16,Chemistry,3,67098,0,0,67098,0.0,0.0
1994,16,Chemistry,4,67098,0,0,67098,0.0,0.0
1994,16,Chemistry,5,67098,0,0,67098,0.0,0.0
1994,16,Chemistry,6,67098,0,0,67098,0.0,0.0
1994,16,Chemistry,7,67098,0,0,67098,0.0,0.0
1994,16,Chemistry,8,67098,0,0,67098,0.0,0.0
1994,16,Chemistry,9,67098,0,0,67098,0.0,0.0
1994,16,Chemistry,10,67098,0,0,67098,0.0,0.0
1994,16,Chemistry,11,67098,0,0,67098,0.0,0.0
1994,16,Chemistry,12,67098,0,0,67098,0.0,0.0
1994,16,Chemistry,13,67098,0,0,67098,0.0,0.0
1994,16,Chemistry,14,67098,0,0,67098,0.0,0.0
1994,16,Chemistry,15,67098,0,0,67098,0.0,0.0
1994,17,Computer Science,0,88943,0,0,88943,0.0,0.0
1994,17,Computer Science,1,88943,0,0,88943,0.0,0.0
1994,17,Computer Science,2,88943,0,0,88943,0.0,0.0
1994,17,Computer Science,3,88943,0,0,88943,0.0,0.0
1994,17,Computer Science,4,88943,0,0,88943,0.0,0.0
1994,17,Computer Science,5,88943,0,0,88943,0.0,0.0
1994,17,Computer Science,6,88943,0,0,88943,0.0,0.0
1994,17,Computer Science,7,88943,0,0,88943,0.0,0.0
1994,17,Computer Science,8,88943,0,0,88943,0.0,0.0
1994,17,Computer Science,9,88943,0,0,88943,0.0,0.0
1994,17,Computer Science,10,88943,0,0,88943,0.0,0.0
1994,17,Computer Science,11,88943,0,0,88943,0.0,0.0
1994,17,Computer Science,12,88943,0,0,88943,0.0,0.0
1994,17,Computer Science,13,88943,0,0,88943,0.0,0.0
1994,17,Computer Science,14,88943,0,0,88943,0.0,0.0
1994,17,Computer Science,15,88943,0,0,88943,0.0,0.0
1994,18,Decision Sciences,0,16999,0,0,16999,0.0,0.0
1994,18,Decision Sciences,1,16999,0,0,16999,0.0,0.0
1994,18,Decision Sciences,2,16999,0,0,16999,0.0,0.0
1994,18,Decision Sciences,3,16999,0,0,16999,0.0,0.0
1994,18,Decision Sciences,4,16999,0,0,16999,0.0,0.0
1994,18,Decision Sciences,5,16999,0,0,16999,0.0,0.0
1994,18,Decision Sciences,6,16999,0,0,16999,0.0,0.0
1994,18,Decision Sciences,7,16999,0,0,16999,0.0,0.0
1994,18,Decision Sciences,8,16999,0,0,16999,0.0,0.0
1994,18,Decision Sciences,9,16999,0,0,16999,0.0,0.0
1994,18,Decision Sciences,10,16999,0,0,16999,0.0,0.0
1994,18,Decision Sciences,11,16999,0,0,16999,0.0,0.0
1994,18,Decision Sciences,12,16999,0,0,16999,0.0,0.0
1994,18,Decision Sciences,13,16999,0,0,16999,0.0,0.0
1994,18,Decision Sciences,14,16999,0,0,16999,0.0,0.0
1994,18,Decision Sciences,15,16999,0,0,16999,0.0,0.0
1994,19,Earth and Planetary Sciences,0,42703,0,0,42703,0.0,0.0
1994,19,Earth and Planetary Sciences,1,42703,0,0,42703,0.0,0.0
1994,19,Earth and Planetary Sciences,2,42703,0,0,42703,0.0,0.0
1994,19,Earth and Planetary Sciences,3,42703,0,0,42703,0.0,0.0
1994,19,Earth and Planetary Sciences,4,42703,0,0,42703,0.0,0.0
1994,19,Earth and Planetary Sciences,5,42703,0,0,42703,0.0,0.0
1994,19,Earth and Planetary Sciences,6,42703,0,0,42703,0.0,0.0
1994,19,Earth and Planetary Sciences,7,42703,0,0,42703,0.0,0.0
1994,19,Earth and Planetary Sciences,8,42703,0,0,42703,0.0,0.0
1994,19,Earth and Planetary Sciences,9,42703,0,0,42703,0.0,0.0
1994,19,Earth and Planetary Sciences,10,42703,0,0,42703,0.0,0.0
1994,19,Earth and Planetary Sciences,11,42703,0,0,42703,0.0,0.0
1994,19,Earth and Planetary Sciences,12,42703,0,0,42703,0.0,0.0
1994,19,Earth and Planetary Sciences,13,42703,0,0,42703,0.0,0.0
1994,19,Earth and Planetary Sciences,14,42703,0,0,42703,0.0,0.0
1994,19,Earth and Planetary Sciences,15,42703,0,0,42703,0.0,0.0
1994,20,"Economics, Econometrics and Finance",0,75265,0,0,75265,0.0,0.0
1994,20,"Economics, Econometrics and Finance",1,75265,0,0,75265,0.0,0.0
1994,20,"Economics, Econometrics and Finance",2,75265,0,0,75265,0.0,0.0
1994,20,"Economics, Econometrics and Finance",3,75265,0,0,75265,0.0,0.0
1994,20,"Economics, Econometrics and Finance",4,75265,0,0,75265,0.0,0.0
1994,20,"Economics, Econometrics and Finance",5,75265,0,0,75265,0.0,0.0
1994,20,"Economics, Econometrics and Finance",6,75265,0,0,75265,0.0,0.0
1994,20,"Economics, Econometrics and Finance",7,75265,0,0,75265,0.0,0.0
1994,20,"Economics, Econometrics and Finance",8,75265,0,0,75265,0.0,0.0
1994,20,"Economics, Econometrics and Finance",9,75265,0,0,75265,0.0,0.0
1994,20,"Economics, Econometrics and Finance",10,75265,0,0,75265,0.0,0.0
1994,20,"Economics, Econometrics and Finance",11,75265,0,0,75265,0.0,0.0
1994,20,"Economics, Econometrics and Finance",12,75265,0,0,75265,0.0,0.0
1994,20,"Economics, Econometrics and Finance",13,75265,0,0,75265,0.0,0.0
1994,20,"Economics, Econometrics and Finance",14,75265,0,0,75265,0.0,0.0
1994,20,"Economics, Econometrics and Finance",15,75265,0,0,75265,0.0,0.0
1994,21,Energy,0,7413,0,0,7413,0.0,0.0
1994,21,Energy,1,7413,0,0,7413,0.0,0.0
1994,21,Energy,2,7413,0,0,7413,0.0,0.0
1994,21,Energy,3,7413,1,0,7413,0.00013489815189531904,0.00013489815189531904
1994,21,Energy,4,7413,0,1,7412,0.0,0.00013489815189531904
1994,21,Energy,5,7413,0,1,7412,0.0,0.00013489815189531904
1994,21,Energy,6,7413,0,1,7412,0.0,0.00013489815189531904
1994,21,Energy,7,7413,0,1,7412,0.0,0.00013489815189531904
1994,21,Energy,8,7413,0,1,7412,0.0,0.00013489815189531904
1994,21,Energy,9,7413,0,1,7412,0.0,0.00013489815189531904
1994,21,Energy,10,7413,0,1,7412,0.0,0.00013489815189531904
1994,21,Energy,11,7413,0,1,7412,0.0,0.00013489815189531904
1994,21,Energy,12,7413,0,1,7412,0.0,0.00013489815189531904
1994,21,Energy,13,7413,0,1,7412,0.0,0.00013489815189531904
1994,21,Energy,14,7413,0,1,7412,0.0,0.00013489815189531904
1994,21,Energy,15,7413,0,1,7412,0.0,0.00013489815189531904
1994,22,Engineering,0,431698,0,0,431698,0.0,0.0
1994,22,Engineering,1,431698,0,0,431698,0.0,0.0
1994,22,Engineering,2,431698,0,0,431698,0.0,0.0
1994,22,Engineering,3,431698,0,0,431698,0.0,0.0
1994,22,Engineering,4,431698,0,0,431698,0.0,0.0
1994,22,Engineering,5,431698,0,0,431698,0.0,0.0
1994,22,Engineering,6,431698,0,0,431698,0.0,0.0
1994,22,Engineering,7,431698,0,0,431698,0.0,0.0
1994,22,Engineering,8,431698,0,0,431698,0.0,0.0
1994,22,Engineering,9,431698,0,0,431698,0.0,0.0
1994,22,Engineering,10,431698,0,0,431698,0.0,0.0
1994,22,Engineering,11,431698,0,0,431698,0.0,0.0
1994,22,Engineering,12,431698,0,0,431698,0.0,0.0
1994,22,Engineering,13,431698,0,0,431698,0.0,0.0
1994,22,Engineering,14,431698,0,0,431698,0.0,0.0
1994,22,Engineering,15,431698,0,0,431698,0.0,0.0
1994,23,Environmental Science,0,85501,0,0,85501,0.0,0.0
1994,23,Environmental Science,1,85501,1,0,85501,1.1695769640121168e-05,1.1695769640121168e-05
1994,23,Environmental Science,2,85501,0,1,85500,0.0,1.1695769640121168e-05
1994,23,Environmental Science,3,85501,0,1,85500,0.0,1.1695769640121168e-05
1994,23,Environmental Science,4,85501,0,1,85500,0.0,1.1695769640121168e-05
1994,23,Environmental Science,5,85501,0,1,85500,0.0,1.1695769640121168e-05
1994,23,Environmental Science,6,85501,0,1,85500,0.0,1.1695769640121168e-05
1994,23,Environmental Science,7,85501,0,1,85500,0.0,1.1695769640121168e-05
1994,23,Environmental Science,8,85501,0,1,85500,0.0,1.1695769640121168e-05
1994,23,Environmental Science,9,85501,0,1,85500,0.0,1.1695769640121168e-05
1994,23,Environmental Science,10,85501,0,1,85500,0.0,1.1695769640121168e-05
1994,23,Environmental Science,11,85501,0,1,85500,0.0,1.1695769640121168e-05
1994,23,Environmental Science,12,85501,0,1,85500,0.0,1.1695769640121168e-05
1994,23,Environmental Science,13,85501,0,1,85500,0.0,1.1695769640121168e-05
1994,23,Environmental Science,14,85501,0,1,85500,0.0,1.1695769640121168e-05
1994,23,Environmental Science,15,85501,0,1,85500,0.0,1.1695769640121168e-05
1994,24,Immunology and Microbiology,0,24558,0,0,24558,0.0,0.0
1994,24,Immunology and Microbiology,1,24558,0,0,24558,0.0,0.0
1994,24,Immunology and Microbiology,2,24558,0,0,24558,0.0,0.0
1994,24,Immunology and Microbiology,3,24558,0,0,24558,0.0,0.0
1994,24,Immunology and Microbiology,4,24558,1,0,24558,4.071992833292614e-05,4.071992833292614e-05
1994,24,Immunology and Microbiology,5,24558,0,1,24557,0.0,4.071992833292614e-05
1994,24,Immunology and Microbiology,6,24558,0,1,24557,0.0,4.071992833292614e-05
1994,24,Immunology and Microbiology,7,24558,0,1,24557,0.0,4.071992833292614e-05
1994,24,Immunology and Microbiology,8,24558,0,1,24557,0.0,4.071992833292614e-05
1994,24,Immunology and Microbiology,9,24558,0,1,24557,0.0,4.071992833292614e-05
1994,24,Immunology and Microbiology,10,24558,0,1,24557,0.0,4.071992833292614e-05
1994,24,Immunology and Microbiology,11,24558,0,1,24557,0.0,4.071992833292614e-05
1994,24,Immunology and Microbiology,12,24558,0,1,24557,0.0,4.071992833292614e-05
1994,24,Immunology and Microbiology,13,24558,0,1,24557,0.0,4.071992833292614e-05
1994,24,Immunology and Microbiology,14,24558,0,1,24557,0.0,4.071992833292614e-05
1994,24,Immunology and Microbiology,15,24558,0,1,24557,0.0,4.071992833292614e-05
1994,25,Materials Science,0,61837,0,0,61837,0.0,0.0
1994,25,Materials Science,1,61837,0,0,61837,0.0,0.0
1994,25,Materials Science,2,61837,0,0,61837,0.0,0.0
1994,25,Materials Science,3,61837,0,0,61837,0.0,0.0
1994,25,Materials Science,4,61837,0,0,61837,0.0,0.0
1994,25,Materials Science,5,61837,0,0,61837,0.0,0.0
1994,25,Materials Science,6,61837,0,0,61837,0.0,0.0
1994,25,Materials Science,7,61837,0,0,61837,0.0,0.0
1994,25,Materials Science,8,61837,0,0,61837,0.0,0.0
1994,25,Materials Science,9,61837,0,0,61837,0.0,0.0
1994,25,Materials Science,10,61837,0,0,61837,0.0,0.0
1994,25,Materials Science,11,61837,0,0,61837,0.0,0.0
1994,25,Materials Science,12,61837,0,0,61837,0.0,0.0
1994,25,Materials Science,13,61837,0,0,61837,0.0,0.0
1994,25,Materials Science,14,61837,0,0,61837,0.0,0.0
1994,25,Materials Science,15,61837,0,0,61837,0.0,0.0
1994,26,Mathematics,0,32785,0,0,32785,0.0,0.0
1994,26,Mathematics,1,32785,0,0,32785,0.0,0.0
1994,26,Mathematics,2,32785,0,0,32785,0.0,0.0
1994,26,Mathematics,3,32785,0,0,32785,0.0,0.0
1994,26,Mathematics,4,32785,0,0,32785,0.0,0.0
1994,26,Mathematics,5,32785,0,0,32785,0.0,0.0
1994,26,Mathematics,6,32785,0,0,32785,0.0,0.0
1994,26,Mathematics,7,32785,0,0,32785,0.0,0.0
1994,26,Mathematics,8,32785,0,0,32785,0.0,0.0
1994,26,Mathematics,9,32785,0,0,32785,0.0,0.0
1994,26,Mathematics,10,32785,0,0,32785,0.0,0.0
1994,26,Mathematics,11,32785,0,0,32785,0.0,0.0
1994,26,Mathematics,12,32785,0,0,32785,0.0,0.0
1994,26,Mathematics,13,32785,0,0,32785,0.0,0.0
1994,26,Mathematics,14,32785,0,0,32785,0.0,0.0
1994,26,Mathematics,15,32785,0,0,32785,0.0,0.0
1994,27,Medicine,0,362042,0,0,362042,0.0,0.0
1994,27,Medicine,1,362042,3,0,362042,8.28633142011148e-06,8.28633142011148e-06
1994,27,Medicine,2,362042,2,3,362039,5.524266722645902e-06,1.3810552366852465e-05
1994,27,Medicine,3,362042,1,5,362037,2.762148620168657e-06,1.657266284022296e-05
1994,27,Medicine,4,362042,2,6,362036,5.524312499309461e-06,2.2096883786963944e-05
1994,27,Medicine,5,362042,0,8,362034,0.0,2.2096883786963944e-05
1994,27,Medicine,6,362042,0,8,362034,0.0,2.2096883786963944e-05
1994,27,Medicine,7,362042,0,8,362034,0.0,2.2096883786963944e-05
1994,27,Medicine,8,362042,0,8,362034,0.0,2.2096883786963944e-05
1994,27,Medicine,9,362042,0,8,362034,0.0,2.2096883786963944e-05
1994,27,Medicine,10,362042,0,8,362034,0.0,2.2096883786963944e-05
1994,27,Medicine,11,362042,0,8,362034,0.0,2.2096883786963944e-05
1994,27,Medicine,12,362042,0,8,362034,0.0,2.2096883786963944e-05
1994,27,Medicine,13,362042,0,8,362034,0.0,2.2096883786963944e-05
1994,27,Medicine,14,362042,0,8,362034,0.0,2.2096883786963944e-05
1994,27,Medicine,15,362042,0,8,362034,0.0,2.2096883786963944e-05
1994,28,Neuroscience,0,37177,0,0,37177,0.0,0.0
1994,28,Neuroscience,1,37177,1,0,37177,2.6898351131075664e-05,2.6898351131075664e-05
1994,28,Neuroscience,2,37177,0,1,37176,0.0,2.6898351131075664e-05
1994,28,Neuroscience,3,37177,0,1,37176,0.0,2.6898351131075664e-05
1994,28,Neuroscience,4,37177,0,1,37176,0.0,2.6898351131075664e-05
1994,28,Neuroscience,5,37177,0,1,37176,0.0,2.6898351131075664e-05
1994,28,Neuroscience,6,37177,0,1,37176,0.0,2.6898351131075664e-05
1994,28,Neuroscience,7,37177,0,1,37176,0.0,2.6898351131075664e-05
1994,28,Neuroscience,8,37177,0,1,37176,0.0,2.6898351131075664e-05
1994,28,Neuroscience,9,37177,0,1,37176,0.0,2.6898351131075664e-05
1994,28,Neuroscience,10,37177,0,1,37176,0.0,2.6898351131075664e-05
1994,28,Neuroscience,11,37177,0,1,37176,0.0,2.6898351131075664e-05
1994,28,Neuroscience,12,37177,0,1,37176,0.0,2.6898351131075664e-05
1994,28,Neuroscience,13,37177,0,1,37176,0.0,2.6898351131075664e-05
1994,28,Neuroscience,14,37177,0,1,37176,0.0,2.6898351131075664e-05
1994,28,Neuroscience,15,37177,0,1,37176,0.0,2.6898351131075664e-05
1994,29,Nursing,0,11334,0,0,11334,0.0,0.0
1994,29,Nursing,1,11334,0,0,11334,0.0,0.0
1994,29,Nursing,2,11334,0,0,11334,0.0,0.0
1994,29,Nursing,3,11334,0,0,11334,0.0,0.0
1994,29,Nursing,4,11334,0,0,11334,0.0,0.0
1994,29,Nursing,5,11334,0,0,11334,0.0,0.0
1994,29,Nursing,6,11334,0,0,11334,0.0,0.0
1994,29,Nursing,7,11334,0,0,11334,0.0,0.0
1994,29,Nursing,8,11334,0,0,11334,0.0,0.0
1994,29,Nursing,9,11334,0,0,11334,0.0,0.0
1994,29,Nursing,10,11334,0,0,11334,0.0,0.0
1994,29,Nursing,11,11334,0,0,11334,0.0,0.0
1994,29,Nursing,12,11334,0,0,11334,0.0,0.0
1994,29,Nursing,13,11334,0,0,11334,0.0,0.0
1994,29,Nursing,14,11334,0,0,11334,0.0,0.0
1994,29,Nursing,15,11334,0,0,11334,0.0,0.0
1994,30,"Pharmacology, Toxicology and Pharmaceutics",0,9092,0,0,9092,0.0,0.0
1994,30,"Pharmacology, Toxicology and Pharmaceutics",1,9092,0,0,9092,0.0,0.0
1994,30,"Pharmacology, Toxicology and Pharmaceutics",2,9092,0,0,9092,0.0,0.0
1994,30,"Pharmacology, Toxicology and Pharmaceutics",3,9092,0,0,9092,0.0,0.0
1994,30,"Pharmacology, Toxicology and Pharmaceutics",4,9092,0,0,9092,0.0,0.0
1994,30,"Pharmacology, Toxicology and Pharmaceutics",5,9092,0,0,9092,0.0,0.0
1994,30,"Pharmacology, Toxicology and Pharmaceutics",6,9092,0,0,9092,0.0,0.0
1994,30,"Pharmacology, Toxicology and Pharmaceutics",7,9092,0,0,9092,0.0,0.0
1994,30,"Pharmacology, Toxicology and Pharmaceutics",8,9092,0,0,9092,0.0,0.0
1994,30,"Pharmacology, Toxicology and Pharmaceutics",9,9092,0,0,9092,0.0,0.0
1994,30,"Pharmacology, Toxicology and Pharmaceutics",10,9092,0,0,9092,0.0,0.0
1994,30,"Pharmacology, Toxicology and Pharmaceutics",11,9092,0,0,9092,0.0,0.0
1994,30,"Pharmacology, Toxicology and Pharmaceutics",12,9092,0,0,9092,0.0,0.0
1994,30,"Pharmacology, Toxicology and Pharmaceutics",13,9092,0,0,9092,0.0,0.0
1994,30,"Pharmacology, Toxicology and Pharmaceutics",14,9092,0,0,9092,0.0,0.0
1994,30,"Pharmacology, Toxicology and Pharmaceutics",15,9092,0,0,9092,0.0,0.0
1994,31,Physics and Astronomy,0,104000,0,0,104000,0.0,0.0
1994,31,Physics and Astronomy,1,104000,0,0,104000,0.0,0.0
1994,31,Physics and Astronomy,2,104000,0,0,104000,0.0,0.0
1994,31,Physics and Astronomy,3,104000,0,0,104000,0.0,0.0
1994,31,Physics and Astronomy,4,104000,0,0,104000,0.0,0.0
1994,31,Physics and Astronomy,5,104000,0,0,104000,0.0,0.0
1994,31,Physics and Astronomy,6,104000,0,0,104000,0.0,0.0
1994,31,Physics and Astronomy,7,104000,0,0,104000,0.0,0.0
1994,31,Physics and Astronomy,8,104000,0,0,104000,0.0,0.0
1994,31,Physics and Astronomy,9,104000,0,0,104000,0.0,0.0
1994,31,Physics and Astronomy,10,104000,0,0,104000,0.0,0.0
1994,31,Physics and Astronomy,11,104000,0,0,104000,0.0,0.0
1994,31,Physics and Astronomy,12,104000,0,0,104000,0.0,0.0
1994,31,Physics and Astronomy,13,104000,0,0,104000,0.0,0.0
1994,31,Physics and Astronomy,14,104000,0,0,104000,0.0,0.0
1994,31,Physics and Astronomy,15,104000,0,0,104000,0.0,0.0
1994,32,Psychology,0,52584,0,0,52584,0.0,0.0
1994,32,Psychology,1,52584,0,0,52584,0.0,0.0
1994,32,Psychology,2,52584,0,0,52584,0.0,0.0
1994,32,Psychology,3,52584,0,0,52584,0.0,0.0
1994,32,Psychology,4,52584,0,0,52584,0.0,0.0
1994,32,Psychology,5,52584,0,0,52584,0.0,0.0
1994,32,Psychology,6,52584,0,0,52584,0.0,0.0
1994,32,Psychology,7,52584,0,0,52584,0.0,0.0
1994,32,Psychology,8,52584,0,0,52584,0.0,0.0
1994,32,Psychology,9,52584,0,0,52584,0.0,0.0
1994,32,Psychology,10,52584,0,0,52584,0.0,0.0
1994,32,Psychology,11,52584,0,0,52584,0.0,0.0
1994,32,Psychology,12,52584,0,0,52584,0.0,0.0
1994,32,Psychology,13,52584,0,0,52584,0.0,0.0
1994,32,Psychology,14,52584,0,0,52584,0.0,0.0
1994,32,Psychology,15,52584,0,0,52584,0.0,0.0
1994,33,Social Sciences,0,286364,0,0,286364,0.0,0.0
1994,33,Social Sciences,1,286364,0,0,286364,0.0,0.0
1994,33,Social Sciences,2,286364,0,0,286364,0.0,0.0
1994,33,Social Sciences,3,286364,0,0,286364,0.0,0.0
1994,33,Social Sciences,4,286364,0,0,286364,0.0,0.0
1994,33,Social Sciences,5,286364,0,0,286364,0.0,0.0
1994,33,Social Sciences,6,286364,0,0,286364,0.0,0.0
1994,33,Social Sciences,7,286364,0,0,286364,0.0,0.0
1994,33,Social Sciences,8,286364,0,0,286364,0.0,0.0
1994,33,Social Sciences,9,286364,0,0,286364,0.0,0.0
1994,33,Social Sciences,10,286364,0,0,286364,0.0,0.0
1994,33,Social Sciences,11,286364,0,0,286364,0.0,0.0
1994,33,Social Sciences,12,286364,0,0,286364,0.0,0.0
1994,33,Social Sciences,13,286364,0,0,286364,0.0,0.0
1994,33,Social Sciences,14,286364,0,0,286364,0.0,0.0
1994,33,Social Sciences,15,286364,0,0,286364,0.0,0.0
1994,34,Veterinary,0,3985,0,0,3985,0.0,0.0
1994,34,Veterinary,1,3985,0,0,3985,0.0,0.0
1994,34,Veterinary,2,3985,0,0,3985,0.0,0.0
1994,34,Veterinary,3,3985,0,0,3985,0.0,0.0
1994,34,Veterinary,4,3985,0,0,3985,0.0,0.0
1994,34,Veterinary,5,3985,0,0,3985,0.0,0.0
1994,34,Veterinary,6,3985,0,0,3985,0.0,0.0
1994,34,Veterinary,7,3985,0,0,3985,0.0,0.0
1994,34,Veterinary,8,3985,0,0,3985,0.0,0.0
1994,34,Veterinary,9,3985,0,0,3985,0.0,0.0
1994,34,Veterinary,10,3985,0,0,3985,0.0,0.0
1994,34,Veterinary,11,3985,0,0,3985,0.0,0.0
1994,34,Veterinary,12,3985,0,0,3985,0.0,0.0
1994,34,Veterinary,13,3985,0,0,3985,0.0,0.0
1994,34,Veterinary,14,3985,0,0,3985,0.0,0.0
1994,34,Veterinary,15,3985,0,0,3985,0.0,0.0
1994,35,Dentistry,0,5821,0,0,5821,0.0,0.0
1994,35,Dentistry,1,5821,0,0,5821,0.0,0.0
1994,35,Dentistry,2,5821,0,0,5821,0.0,0.0
1994,35,Dentistry,3,5821,0,0,5821,0.0,0.0
1994,35,Dentistry,4,5821,0,0,5821,0.0,0.0
1994,35,Dentistry,5,5821,0,0,5821,0.0,0.0
1994,35,Dentistry,6,5821,0,0,5821,0.0,0.0
1994,35,Dentistry,7,5821,0,0,5821,0.0,0.0
1994,35,Dentistry,8,5821,0,0,5821,0.0,0.0
1994,35,Dentistry,9,5821,0,0,5821,0.0,0.0
1994,35,Dentistry,10,5821,0,0,5821,0.0,0.0
1994,35,Dentistry,11,5821,0,0,5821,0.0,0.0
1994,35,Dentistry,12,5821,0,0,5821,0.0,0.0
1994,35,Dentistry,13,5821,0,0,5821,0.0,0.0
1994,35,Dentistry,14,5821,0,0,5821,0.0,0.0
1994,35,Dentistry,15,5821,0,0,5821,0.0,0.0
1994,36,Health Professions,0,51516,0,0,51516,0.0,0.0
1994,36,Health Professions,1,51516,0,0,51516,0.0,0.0
1994,36,Health Professions,2,51516,0,0,51516,0.0,0.0
1994,36,Health Professions,3,51516,0,0,51516,0.0,0.0
1994,36,Health Professions,4,51516,0,0,51516,0.0,0.0
1994,36,Health Professions,5,51516,0,0,51516,0.0,0.0
1994,36,Health Professions,6,51516,0,0,51516,0.0,0.0
1994,36,Health Professions,7,51516,0,0,51516,0.0,0.0
1994,36,Health Professions,8,51516,0,0,51516,0.0,0.0
1994,36,Health Professions,9,51516,0,0,51516,0.0,0.0
1994,36,Health Professions,10,51516,0,0,51516,0.0,0.0
1994,36,Health Professions,11,51516,0,0,51516,0.0,0.0
1994,36,Health Professions,12,51516,0,0,51516,0.0,0.0
1994,36,Health Professions,13,51516,0,0,51516,0.0,0.0
1994,36,Health Professions,14,51516,0,0,51516,0.0,0.0
1994,36,Health Professions,15,51516,0,0,51516,0.0,0.0
1995,11,Agricultural and Biological Sciences,0,107081,0,0,107081,0.0,0.0
1995,11,Agricultural and Biological Sciences,1,107081,0,0,107081,0.0,0.0
1995,11,Agricultural and Biological Sciences,2,107081,0,0,107081,0.0,0.0
1995,11,Agricultural and Biological Sciences,3,107081,0,0,107081,0.0,0.0
1995,11,Agricultural and Biological Sciences,4,107081,1,0,107081,9.33872489050345e-06,9.33872489050345e-06
1995,11,Agricultural and Biological Sciences,5,107081,0,1,107080,0.0,9.33872489050345e-06
1995,11,Agricultural and Biological Sciences,6,107081,0,1,107080,0.0,9.33872489050345e-06
1995,11,Agricultural and Biological Sciences,7,107081,0,1,107080,0.0,9.33872489050345e-06
1995,11,Agricultural and Biological Sciences,8,107081,0,1,107080,0.0,9.33872489050345e-06
1995,11,Agricultural and Biological Sciences,9,107081,0,1,107080,0.0,9.33872489050345e-06
1995,11,Agricultural and Biological Sciences,10,107081,0,1,107080,0.0,9.33872489050345e-06
1995,11,Agricultural and Biological Sciences,11,107081,0,1,107080,0.0,9.33872489050345e-06
1995,11,Agricultural and Biological Sciences,12,107081,0,1,107080,0.0,9.33872489050345e-06
1995,11,Agricultural and Biological Sciences,13,107081,0,1,107080,0.0,9.33872489050345e-06
1995,11,Agricultural and Biological Sciences,14,107081,0,1,107080,0.0,9.33872489050345e-06
1995,11,Agricultural and Biological Sciences,15,107081,0,1,107080,0.0,9.33872489050345e-06
1995,12,Arts and Humanities,0,169687,0,0,169687,0.0,0.0
1995,12,Arts and Humanities,1,169687,0,0,169687,0.0,0.0
1995,12,Arts and Humanities,2,169687,0,0,169687,0.0,0.0
1995,12,Arts and Humanities,3,169687,0,0,169687,0.0,0.0
1995,12,Arts and Humanities,4,169687,0,0,169687,0.0,0.0
1995,12,Arts and Humanities,5,169687,0,0,169687,0.0,0.0
1995,12,Arts and Humanities,6,169687,0,0,169687,0.0,0.0
1995,12,Arts and Humanities,7,169687,0,0,169687,0.0,0.0
1995,12,Arts and Humanities,8,169687,0,0,169687,0.0,0.0
1995,12,Arts and Humanities,9,169687,0,0,169687,0.0,0.0
1995,12,Arts and Humanities,10,169687,0,0,169687,0.0,0.0
1995,12,Arts and Humanities,11,169687,0,0,169687,0.0,0.0
1995,12,Arts and Humanities,12,169687,0,0,169687,0.0,0.0
1995,12,Arts and Humanities,13,169687,0,0,169687,0.0,0.0
1995,12,Arts and Humanities,14,169687,0,0,169687,0.0,0.0
1995,12,Arts and Humanities,15,169687,0,0,169687,0.0,0.0
1995,13,"Biochemistry, Genetics and Molecular Biology",0,136396,0,0,136396,0.0,0.0
1995,13,"Biochemistry, Genetics and Molecular Biology",1,136396,2,0,136396,1.4663186603712718e-05,1.4663186603712718e-05
1995,13,"Biochemistry, Genetics and Molecular Biology",2,136396,5,2,136394,3.6658504039767146e-05,5.132115311299452e-05
1995,13,"Biochemistry, Genetics and Molecular Biology",3,136396,4,7,136389,2.9327878347960614e-05,8.064752632041995e-05
1995,13,"Biochemistry, Genetics and Molecular Biology",4,136396,0,11,136385,0.0,8.064752632041995e-05
1995,13,"Biochemistry, Genetics and Molecular Biology",5,136396,0,11,136385,0.0,8.064752632041995e-05
1995,13,"Biochemistry, Genetics and Molecular Biology",6,136396,0,11,136385,0.0,8.064752632041995e-05
1995,13,"Biochemistry, Genetics and Molecular Biology",7,136396,0,11,136385,0.0,8.064752632041995e-05
1995,13,"Biochemistry, Genetics and Molecular Biology",8,136396,0,11,136385,0.0,8.064752632041995e-05
1995,13,"Biochemistry, Genetics and Molecular Biology",9,136396,1,11,136385,7.3321846244088425e-06,8.797911962227631e-05
1995,13,"Biochemistry, Genetics and Molecular Biology",10,136396,0,12,136384,0.0,8.797911962227631e-05
1995,13,"Biochemistry, Genetics and Molecular Biology",11,136396,1,12,136384,7.332238385734397e-06,9.531071292413267e-05
1995,13,"Biochemistry, Genetics and Molecular Biology",12,136396,0,13,136383,0.0,9.531071292413267e-05
1995,13,"Biochemistry, Genetics and Molecular Biology",13,136396,0,13,136383,0.0,9.531071292413267e-05
1995,13,"Biochemistry, Genetics and Molecular Biology",14,136396,0,13,136383,0.0,9.531071292413267e-05
1995,13,"Biochemistry, Genetics and Molecular Biology",15,136396,0,13,136383,0.0,9.531071292413267e-05
1995,14,"Business, Management and Accounting",0,50235,0,0,50235,0.0,0.0
1995,14,"Business, Management and Accounting",1,50235,0,0,50235,0.0,0.0
1995,14,"Business, Management and Accounting",2,50235,0,0,50235,0.0,0.0
1995,14,"Business, Management and Accounting",3,50235,0,0,50235,0.0,0.0
1995,14,"Business, Management and Accounting",4,50235,0,0,50235,0.0,0.0
1995,14,"Business, Management and Accounting",5,50235,0,0,50235,0.0,0.0
1995,14,"Business, Management and Accounting",6,50235,0,0,50235,0.0,0.0
1995,14,"Business, Management and Accounting",7,50235,0,0,50235,0.0,0.0
1995,14,"Business, Management and Accounting",8,50235,0,0,50235,0.0,0.0
1995,14,"Business, Management and Accounting",9,50235,0,0,50235,0.0,0.0
1995,14,"Business, Management and Accounting",10,50235,0,0,50235,0.0,0.0
1995,14,"Business, Management and Accounting",11,50235,0,0,50235,0.0,0.0
1995,14,"Business, Management and Accounting",12,50235,0,0,50235,0.0,0.0
1995,14,"Business, Management and Accounting",13,50235,0,0,50235,0.0,0.0
1995,14,"Business, Management and Accounting",14,50235,0,0,50235,0.0,0.0
1995,14,"Business, Management and Accounting",15,50235,0,0,50235,0.0,0.0
1995,15,Chemical Engineering,0,8632,0,0,8632,0.0,0.0
1995,15,Chemical Engineering,1,8632,0,0,8632,0.0,0.0
1995,15,Chemical Engineering,2,8632,0,0,8632,0.0,0.0
1995,15,Chemical Engineering,3,8632,0,0,8632,0.0,0.0
1995,15,Chemical Engineering,4,8632,0,0,8632,0.0,0.0
1995,15,Chemical Engineering,5,8632,0,0,8632,0.0,0.0
1995,15,Chemical Engineering,6,8632,0,0,8632,0.0,0.0
1995,15,Chemical Engineering,7,8632,0,0,8632,0.0,0.0
1995,15,Chemical Engineering,8,8632,0,0,8632,0.0,0.0
1995,15,Chemical Engineering,9,8632,0,0,8632,0.0,0.0
1995,15,Chemical Engineering,10,8632,0,0,8632,0.0,0.0
1995,15,Chemical Engineering,11,8632,0,0,8632,0.0,0.0
1995,15,Chemical Engineering,12,8632,0,0,8632,0.0,0.0
1995,15,Chemical Engineering,13,8632,0,0,8632,0.0,0.0
1995,15,Chemical Engineering,14,8632,0,0,8632,0.0,0.0
1995,15,Chemical Engineering,15,8632,0,0,8632,0.0,0.0
1995,16,Chemistry,0,69157,0,0,69157,0.0,0.0
1995,16,Chemistry,1,69157,0,0,69157,0.0,0.0
1995,16,Chemistry,2,69157,0,0,69157,0.0,0.0
1995,16,Chemistry,3,69157,0,0,69157,0.0,0.0
1995,16,Chemistry,4,69157,0,0,69157,0.0,0.0
1995,16,Chemistry,5,69157,0,0,69157,0.0,0.0
1995,16,Chemistry,6,69157,0,0,69157,0.0,0.0
1995,16,Chemistry,7,69157,0,0,69157,0.0,0.0
1995,16,Chemistry,8,69157,0,0,69157,0.0,0.0
1995,16,Chemistry,9,69157,0,0,69157,0.0,0.0
1995,16,Chemistry,10,69157,0,0,69157,0.0,0.0
1995,16,Chemistry,11,69157,0,0,69157,0.0,0.0
1995,16,Chemistry,12,69157,0,0,69157,0.0,0.0
1995,16,Chemistry,13,69157,0,0,69157,0.0,0.0
1995,16,Chemistry,14,69157,0,0,69157,0.0,0.0
1995,16,Chemistry,15,69157,0,0,69157,0.0,0.0
1995,17,Computer Science,0,93410,0,0,93410,0.0,0.0
1995,17,Computer Science,1,93410,0,0,93410,0.0,0.0
1995,17,Computer Science,2,93410,0,0,93410,0.0,0.0
1995,17,Computer Science,3,93410,0,0,93410,0.0,0.0
1995,17,Computer Science,4,93410,0,0,93410,0.0,0.0
1995,17,Computer Science,5,93410,0,0,93410,0.0,0.0
1995,17,Computer Science,6,93410,0,0,93410,0.0,0.0
1995,17,Computer Science,7,93410,0,0,93410,0.0,0.0
1995,17,Computer Science,8,93410,0,0,93410,0.0,0.0
1995,17,Computer Science,9,93410,0,0,93410,0.0,0.0
1995,17,Computer Science,10,93410,0,0,93410,0.0,0.0
1995,17,Computer Science,11,93410,0,0,93410,0.0,0.0
1995,17,Computer Science,12,93410,0,0,93410,0.0,0.0
1995,17,Computer Science,13,93410,0,0,93410,0.0,0.0
1995,17,Computer Science,14,93410,0,0,93410,0.0,0.0
1995,17,Computer Science,15,93410,0,0,93410,0.0,0.0
1995,18,Decision Sciences,0,18211,0,0,18211,0.0,0.0
1995,18,Decision Sciences,1,18211,0,0,18211,0.0,0.0
1995,18,Decision Sciences,2,18211,0,0,18211,0.0,0.0
1995,18,Decision Sciences,3,18211,0,0,18211,0.0,0.0
1995,18,Decision Sciences,4,18211,0,0,18211,0.0,0.0
1995,18,Decision Sciences,5,18211,0,0,18211,0.0,0.0
1995,18,Decision Sciences,6,18211,0,0,18211,0.0,0.0
1995,18,Decision Sciences,7,18211,0,0,18211,0.0,0.0
1995,18,Decision Sciences,8,18211,0,0,18211,0.0,0.0
1995,18,Decision Sciences,9,18211,0,0,18211,0.0,0.0
1995,18,Decision Sciences,10,18211,0,0,18211,0.0,0.0
1995,18,Decision Sciences,11,18211,0,0,18211,0.0,0.0
1995,18,Decision Sciences,12,18211,0,0,18211,0.0,0.0
1995,18,Decision Sciences,13,18211,0,0,18211,0.0,0.0
1995,18,Decision Sciences,14,18211,0,0,18211,0.0,0.0
1995,18,Decision Sciences,15,18211,0,0,18211,0.0,0.0
1995,19,Earth and Planetary Sciences,0,43771,0,0,43771,0.0,0.0
1995,19,Earth and Planetary Sciences,1,43771,0,0,43771,0.0,0.0
1995,19,Earth and Planetary Sciences,2,43771,1,0,43771,2.2846176692330537e-05,2.2846176692330537e-05
1995,19,Earth and Planetary Sciences,3,43771,0,1,43770,0.0,2.2846176692330537e-05
1995,19,Earth and Planetary Sciences,4,43771,0,1,43770,0.0,2.2846176692330537e-05
1995,19,Earth and Planetary Sciences,5,43771,0,1,43770,0.0,2.2846176692330537e-05
1995,19,Earth and Planetary Sciences,6,43771,0,1,43770,0.0,2.2846176692330537e-05
1995,19,Earth and Planetary Sciences,7,43771,0,1,43770,0.0,2.2846176692330537e-05
1995,19,Earth and Planetary Sciences,8,43771,0,1,43770,0.0,2.2846176692330537e-05
1995,19,Earth and Planetary Sciences,9,43771,0,1,43770,0.0,2.2846176692330537e-05
1995,19,Earth and Planetary Sciences,10,43771,0,1,43770,0.0,2.2846176692330537e-05
1995,19,Earth and Planetary Sciences,11,43771,0,1,43770,0.0,2.2846176692330537e-05
1995,19,Earth and Planetary Sciences,12,43771,0,1,43770,0.0,2.2846176692330537e-05
1995,19,Earth and Planetary Sciences,13,43771,0,1,43770,0.0,2.2846176692330537e-05
1995,19,Earth and Planetary Sciences,14,43771,0,1,43770,0.0,2.2846176692330537e-05
1995,19,Earth and Planetary Sciences,15,43771,0,1,43770,0.0,2.2846176692330537e-05
1995,20,"Economics, Econometrics and Finance",0,80141,0,0,80141,0.0,0.0
1995,20,"Economics, Econometrics and Finance",1,80141,0,0,80141,0.0,0.0
1995,20,"Economics, Econometrics and Finance",2,80141,0,0,80141,0.0,0.0
1995,20,"Economics, Econometrics and Finance",3,80141,0,0,80141,0.0,0.0
1995,20,"Economics, Econometrics and Finance",4,80141,0,0,80141,0.0,0.0
1995,20,"Economics, Econometrics and Finance",5,80141,0,0,80141,0.0,0.0
1995,20,"Economics, Econometrics and Finance",6,80141,0,0,80141,0.0,0.0
1995,20,"Economics, Econometrics and Finance",7,80141,0,0,80141,0.0,0.0
1995,20,"Economics, Econometrics and Finance",8,80141,0,0,80141,0.0,0.0
1995,20,"Economics, Econometrics and Finance",9,80141,0,0,80141,0.0,0.0
1995,20,"Economics, Econometrics and Finance",10,80141,0,0,80141,0.0,0.0
1995,20,"Economics, Econometrics and Finance",11,80141,0,0,80141,0.0,0.0
1995,20,"Economics, Econometrics and Finance",12,80141,0,0,80141,0.0,0.0
1995,20,"Economics, Econometrics and Finance",13,80141,0,0,80141,0.0,0.0
1995,20,"Economics, Econometrics and Finance",14,80141,0,0,80141,0.0,0.0
1995,20,"Economics, Econometrics and Finance",15,80141,0,0,80141,0.0,0.0
1995,21,Energy,0,8511,0,0,8511,0.0,0.0
1995,21,Energy,1,8511,0,0,8511,0.0,0.0
1995,21,Energy,2,8511,0,0,8511,0.0,0.0
1995,21,Energy,3,8511,0,0,8511,0.0,0.0
1995,21,Energy,4,8511,0,0,8511,0.0,0.0
1995,21,Energy,5,8511,0,0,8511,0.0,0.0
1995,21,Energy,6,8511,0,0,8511,0.0,0.0
1995,21,Energy,7,8511,0,0,8511,0.0,0.0
1995,21,Energy,8,8511,0,0,8511,0.0,0.0
1995,21,Energy,9,8511,0,0,8511,0.0,0.0
1995,21,Energy,10,8511,0,0,8511,0.0,0.0
1995,21,Energy,11,8511,0,0,8511,0.0,0.0
1995,21,Energy,12,8511,0,0,8511,0.0,0.0
1995,21,Energy,13,8511,0,0,8511,0.0,0.0
1995,21,Energy,14,8511,0,0,8511,0.0,0.0
1995,21,Energy,15,8511,0,0,8511,0.0,0.0
1995,22,Engineering,0,462525,0,0,462525,0.0,0.0
1995,22,Engineering,1,462525,1,0,462525,2.162045294848927e-06,2.162045294848927e-06
1995,22,Engineering,2,462525,0,1,462524,0.0,2.162045294848927e-06
1995,22,Engineering,3,462525,0,1,462524,0.0,2.162045294848927e-06
1995,22,Engineering,4,462525,0,1,462524,0.0,2.162045294848927e-06
1995,22,Engineering,5,462525,0,1,462524,0.0,2.162045294848927e-06
1995,22,Engineering,6,462525,0,1,462524,0.0,2.162045294848927e-06
1995,22,Engineering,7,462525,0,1,462524,0.0,2.162045294848927e-06
1995,22,Engineering,8,462525,0,1,462524,0.0,2.162045294848927e-06
1995,22,Engineering,9,462525,0,1,462524,0.0,2.162045294848927e-06
1995,22,Engineering,10,462525,0,1,462524,0.0,2.162045294848927e-06
1995,22,Engineering,11,462525,0,1,462524,0.0,2.162045294848927e-06
1995,22,Engineering,12,462525,0,1,462524,0.0,2.162045294848927e-06
1995,22,Engineering,13,462525,0,1,462524,0.0,2.162045294848927e-06
1995,22,Engineering,14,462525,0,1,462524,0.0,2.162045294848927e-06
1995,22,Engineering,15,462525,0,1,462524,0.0,2.162045294848927e-06
1995,23,Environmental Science,0,94039,0,0,94039,0.0,0.0
1995,23,Environmental Science,1,94039,0,0,94039,0.0,0.0
1995,23,Environmental Science,2,94039,0,0,94039,0.0,0.0
1995,23,Environmental Science,3,94039,0,0,94039,0.0,0.0
1995,23,Environmental Science,4,94039,0,0,94039,0.0,0.0
1995,23,Environmental Science,5,94039,0,0,94039,0.0,0.0
1995,23,Environmental Science,6,94039,0,0,94039,0.0,0.0
1995,23,Environmental Science,7,94039,0,0,94039,0.0,0.0
1995,23,Environmental Science,8,94039,0,0,94039,0.0,0.0
1995,23,Environmental Science,9,94039,0,0,94039,0.0,0.0
1995,23,Environmental Science,10,94039,0,0,94039,0.0,0.0
1995,23,Environmental Science,11,94039,0,0,94039,0.0,0.0
1995,23,Environmental Science,12,94039,0,0,94039,0.0,0.0
1995,23,Environmental Science,13,94039,0,0,94039,0.0,0.0
1995,23,Environmental Science,14,94039,0,0,94039,0.0,0.0
1995,23,Environmental Science,15,94039,0,0,94039,0.0,0.0
1995,24,Immunology and Microbiology,0,25858,0,0,25858,0.0,0.0
1995,24,Immunology and Microbiology,1,25858,0,0,25858,0.0,0.0
1995,24,Immunology and Microbiology,2,25858,1,0,25858,3.867275117951891e-05,3.867275117951891e-05
1995,24,Immunology and Microbiology,3,25858,1,1,25857,3.86742468190432e-05,7.734550235903782e-05
1995,24,Immunology and Microbiology,4,25858,0,2,25856,0.0,7.734550235903782e-05
1995,24,Immunology and Microbiology,5,25858,0,2,25856,0.0,7.734550235903782e-05
1995,24,Immunology and Microbiology,6,25858,0,2,25856,0.0,7.734550235903782e-05
1995,24,Immunology and Microbiology,7,25858,0,2,25856,0.0,7.734550235903782e-05
1995,24,Immunology and Microbiology,8,25858,0,2,25856,0.0,7.734550235903782e-05
1995,24,Immunology and Microbiology,9,25858,0,2,25856,0.0,7.734550235903782e-05
1995,24,Immunology and Microbiology,10,25858,0,2,25856,0.0,7.734550235903782e-05
1995,24,Immunology and Microbiology,11,25858,0,2,25856,0.0,7.734550235903782e-05
1995,24,Immunology and Microbiology,12,25858,0,2,25856,0.0,7.734550235903782e-05
1995,24,Immunology and Microbiology,13,25858,0,2,25856,0.0,7.734550235903782e-05
1995,24,Immunology and Microbiology,14,25858,0,2,25856,0.0,7.734550235903782e-05
1995,24,Immunology and Microbiology,15,25858,0,2,25856,0.0,7.734550235903782e-05
1995,25,Materials Science,0,64977,0,0,64977,0.0,0.0
1995,25,Materials Science,1,64977,0,0,64977,0.0,0.0
1995,25,Materials Science,2,64977,0,0,64977,0.0,0.0
1995,25,Materials Science,3,64977,0,0,64977,0.0,0.0
1995,25,Materials Science,4,64977,0,0,64977,0.0,0.0
1995,25,Materials Science,5,64977,0,0,64977,0.0,0.0
1995,25,Materials Science,6,64977,0,0,64977,0.0,0.0
1995,25,Materials Science,7,64977,0,0,64977,0.0,0.0
1995,25,Materials Science,8,64977,0,0,64977,0.0,0.0
1995,25,Materials Science,9,64977,0,0,64977,0.0,0.0
1995,25,Materials Science,10,64977,0,0,64977,0.0,0.0
1995,25,Materials Science,11,64977,0,0,64977,0.0,0.0
1995,25,Materials Science,12,64977,0,0,64977,0.0,0.0
1995,25,Materials Science,13,64977,0,0,64977,0.0,0.0
1995,25,Materials Science,14,64977,0,0,64977,0.0,0.0
1995,25,Materials Science,15,64977,0,0,64977,0.0,0.0
1995,26,Mathematics,0,34084,0,0,34084,0.0,0.0
1995,26,Mathematics,1,34084,0,0,34084,0.0,0.0
1995,26,Mathematics,2,34084,0,0,34084,0.0,0.0
1995,26,Mathematics,3,34084,0,0,34084,0.0,0.0
1995,26,Mathematics,4,34084,0,0,34084,0.0,0.0
1995,26,Mathematics,5,34084,0,0,34084,0.0,0.0
1995,26,Mathematics,6,34084,0,0,34084,0.0,0.0
1995,26,Mathematics,7,34084,0,0,34084,0.0,0.0
1995,26,Mathematics,8,34084,0,0,34084,0.0,0.0
1995,26,Mathematics,9,34084,0,0,34084,0.0,0.0
1995,26,Mathematics,10,34084,0,0,34084,0.0,0.0
1995,26,Mathematics,11,34084,0,0,34084,0.0,0.0
1995,26,Mathematics,12,34084,0,0,34084,0.0,0.0
1995,26,Mathematics,13,34084,0,0,34084,0.0,0.0
1995,26,Mathematics,14,34084,0,0,34084,0.0,0.0
1995,26,Mathematics,15,34084,0,0,34084,0.0,0.0
1995,27,Medicine,0,396663,2,0,396663,5.042063414031558e-06,5.042063414031558e-06
1995,27,Medicine,1,396663,3,2,396661,7.563133254844817e-06,1.2605158535078896e-05
1995,27,Medicine,2,396663,1,5,396658,2.52106348542069e-06,1.5126190242094675e-05
1995,27,Medicine,3,396663,2,6,396657,5.042139682395621e-06,2.0168253656126232e-05
1995,27,Medicine,4,396663,2,8,396655,5.042165105696386e-06,2.5210317070157792e-05
1995,27,Medicine,5,396663,0,10,396653,0.0,2.5210317070157792e-05
1995,27,Medicine,6,396663,2,10,396653,5.042190529253529e-06,3.025238048418935e-05
1995,27,Medicine,7,396663,0,12,396651,0.0,3.025238048418935e-05
1995,27,Medicine,8,396663,1,12,396651,2.521107976533527e-06,3.277341219120513e-05
1995,27,Medicine,9,396663,0,13,396650,0.0,3.277341219120513e-05
1995,27,Medicine,10,396663,0,13,396650,0.0,3.277341219120513e-05
1995,27,Medicine,11,396663,1,13,396650,2.5211143325349803e-06,3.5294443898220906e-05
1995,27,Medicine,12,396663,0,14,396649,0.0,3.5294443898220906e-05
1995,27,Medicine,13,396663,0,14,396649,0.0,3.5294443898220906e-05
1995,27,Medicine,14,396663,0,14,396649,0.0,3.5294443898220906e-05
1995,27,Medicine,15,396663,1,14,396649,2.5211206885684823e-06,3.781547560523669e-05
1995,28,Neuroscience,0,39228,0,0,39228,0.0,0.0
1995,28,Neuroscience,1,39228,0,0,39228,0.0,0.0
1995,28,Neuroscience,2,39228,1,0,39228,2.549199551340879e-05,2.549199551340879e-05
1995,28,Neuroscience,3,39228,0,1,39227,0.0,2.549199551340879e-05
1995,28,Neuroscience,4,39228,0,1,39227,0.0,2.549199551340879e-05
1995,28,Neuroscience,5,39228,0,1,39227,0.0,2.549199551340879e-05
1995,28,Neuroscience,6,39228,0,1,39227,0.0,2.549199551340879e-05
1995,28,Neuroscience,7,39228,0,1,39227,0.0,2.549199551340879e-05
1995,28,Neuroscience,8,39228,0,1,39227,0.0,2.549199551340879e-05
1995,28,Neuroscience,9,39228,0,1,39227,0.0,2.549199551340879e-05
1995,28,Neuroscience,10,39228,0,1,39227,0.0,2.549199551340879e-05
1995,28,Neuroscience,11,39228,0,1,39227,0.0,2.549199551340879e-05
1995,28,Neuroscience,12,39228,0,1,39227,0.0,2.549199551340879e-05
1995,28,Neuroscience,13,39228,0,1,39227,0.0,2.549199551340879e-05
1995,28,Neuroscience,14,39228,0,1,39227,0.0,2.549199551340879e-05
1995,28,Neuroscience,15,39228,0,1,39227,0.0,2.549199551340879e-05
1995,29,Nursing,0,11396,0,0,11396,0.0,0.0
1995,29,Nursing,1,11396,0,0,11396,0.0,0.0
1995,29,Nursing,2,11396,0,0,11396,0.0,0.0
1995,29,Nursing,3,11396,0,0,11396,0.0,0.0
1995,29,Nursing,4,11396,0,0,11396,0.0,0.0
1995,29,Nursing,5,11396,0,0,11396,0.0,0.0
1995,29,Nursing,6,11396,0,0,11396,0.0,0.0
1995,29,Nursing,7,11396,0,0,11396,0.0,0.0
1995,29,Nursing,8,11396,0,0,11396,0.0,0.0
1995,29,Nursing,9,11396,0,0,11396,0.0,0.0
1995,29,Nursing,10,11396,0,0,11396,0.0,0.0
1995,29,Nursing,11,11396,0,0,11396,0.0,0.0
1995,29,Nursing,12,11396,0,0,11396,0.0,0.0
1995,29,Nursing,13,11396,0,0,11396,0.0,0.0
1995,29,Nursing,14,11396,0,0,11396,0.0,0.0
1995,29,Nursing,15,11396,0,0,11396,0.0,0.0
1995,30,"Pharmacology, Toxicology and Pharmaceutics",0,9852,1,0,9852,0.00010150223304912708,0.00010150223304912708
1995,30,"Pharmacology, Toxicology and Pharmaceutics",1,9852,0,1,9851,0.0,0.00010150223304912708
1995,30,"Pharmacology, Toxicology and Pharmaceutics",2,9852,0,1,9851,0.0,0.00010150223304912708
1995,30,"Pharmacology, Toxicology and Pharmaceutics",3,9852,0,1,9851,0.0,0.00010150223304912708
1995,30,"Pharmacology, Toxicology and Pharmaceutics",4,9852,0,1,9851,0.0,0.00010150223304912708
1995,30,"Pharmacology, Toxicology and Pharmaceutics",5,9852,0,1,9851,0.0,0.00010150223304912708
1995,30,"Pharmacology, Toxicology and Pharmaceutics",6,9852,0,1,9851,0.0,0.00010150223304912708
1995,30,"Pharmacology, Toxicology and Pharmaceutics",7,9852,0,1,9851,0.0,0.00010150223304912708
1995,30,"Pharmacology, Toxicology and Pharmaceutics",8,9852,0,1,9851,0.0,0.00010150223304912708
1995,30,"Pharmacology, Toxicology and Pharmaceutics",9,9852,0,1,9851,0.0,0.00010150223304912708
1995,30,"Pharmacology, Toxicology and Pharmaceutics",10,9852,0,1,9851,0.0,0.00010150223304912708
1995,30,"Pharmacology, Toxicology and Pharmaceutics",11,9852,0,1,9851,0.0,0.00010150223304912708
1995,30,"Pharmacology, Toxicology and Pharmaceutics",12,9852,0,1,9851,0.0,0.00010150223304912708
1995,30,"Pharmacology, Toxicology and Pharmaceutics",13,9852,0,1,9851,0.0,0.00010150223304912708
1995,30,"Pharmacology, Toxicology and Pharmaceutics",14,9852,0,1,9851,0.0,0.00010150223304912708
1995,30,"Pharmacology, Toxicology and Pharmaceutics",15,9852,0,1,9851,0.0,0.00010150223304912708
1995,31,Physics and Astronomy,0,105351,0,0,105351,0.0,0.0
1995,31,Physics and Astronomy,1,105351,0,0,105351,0.0,0.0
1995,31,Physics and Astronomy,2,105351,0,0,105351,0.0,0.0
1995,31,Physics and Astronomy,3,105351,0,0,105351,0.0,0.0
1995,31,Physics and Astronomy,4,105351,0,0,105351,0.0,0.0
1995,31,Physics and Astronomy,5,105351,0,0,105351,0.0,0.0
1995,31,Physics and Astronomy,6,105351,0,0,105351,0.0,0.0
1995,31,Physics and Astronomy,7,105351,0,0,105351,0.0,0.0
1995,31,Physics and Astronomy,8,105351,0,0,105351,0.0,0.0
1995,31,Physics and Astronomy,9,105351,0,0,105351,0.0,0.0
1995,31,Physics and Astronomy,10,105351,0,0,105351,0.0,0.0
1995,31,Physics and Astronomy,11,105351,0,0,105351,0.0,0.0
1995,31,Physics and Astronomy,12,105351,0,0,105351,0.0,0.0
1995,31,Physics and Astronomy,13,105351,0,0,105351,0.0,0.0
1995,31,Physics and Astronomy,14,105351,0,0,105351,0.0,0.0
1995,31,Physics and Astronomy,15,105351,0,0,105351,0.0,0.0
1995,32,Psychology,0,55136,0,0,55136,0.0,0.0
1995,32,Psychology,1,55136,0,0,55136,0.0,0.0
1995,32,Psychology,2,55136,0,0,55136,0.0,0.0
1995,32,Psychology,3,55136,0,0,55136,0.0,0.0
1995,32,Psychology,4,55136,0,0,55136,0.0,0.0
1995,32,Psychology,5,55136,0,0,55136,0.0,0.0
1995,32,Psychology,6,55136,0,0,55136,0.0,0.0
1995,32,Psychology,7,55136,0,0,55136,0.0,0.0
1995,32,Psychology,8,55136,0,0,55136,0.0,0.0
1995,32,Psychology,9,55136,0,0,55136,0.0,0.0
1995,32,Psychology,10,55136,0,0,55136,0.0,0.0
1995,32,Psychology,11,55136,0,0,55136,0.0,0.0
1995,32,Psychology,12,55136,0,0,55136,0.0,0.0
1995,32,Psychology,13,55136,0,0,55136,0.0,0.0
1995,32,Psychology,14,55136,0,0,55136,0.0,0.0
1995,32,Psychology,15,55136,0,0,55136,0.0,0.0
1995,33,Social Sciences,0,304634,1,0,304634,3.282627677803528e-06,3.282627677803528e-06
1995,33,Social Sciences,1,304634,0,1,304633,0.0,3.282627677803528e-06
1995,33,Social Sciences,2,304634,0,1,304633,0.0,3.282627677803528e-06
1995,33,Social Sciences,3,304634,0,1,304633,0.0,3.282627677803528e-06
1995,33,Social Sciences,4,304634,0,1,304633,0.0,3.282627677803528e-06
1995,33,Social Sciences,5,304634,0,1,304633,0.0,3.282627677803528e-06
1995,33,Social Sciences,6,304634,0,1,304633,0.0,3.282627677803528e-06
1995,33,Social Sciences,7,304634,0,1,304633,0.0,3.282627677803528e-06
1995,33,Social Sciences,8,304634,0,1,304633,0.0,3.282627677803528e-06
1995,33,Social Sciences,9,304634,0,1,304633,0.0,3.282627677803528e-06
1995,33,Social Sciences,10,304634,0,1,304633,0.0,3.282627677803528e-06
1995,33,Social Sciences,11,304634,0,1,304633,0.0,3.282627677803528e-06
1995,33,Social Sciences,12,304634,0,1,304633,0.0,3.282627677803528e-06
1995,33,Social Sciences,13,304634,0,1,304633,0.0,3.282627677803528e-06
1995,33,Social Sciences,14,304634,0,1,304633,0.0,3.282627677803528e-06
1995,33,Social Sciences,15,304634,0,1,304633,0.0,3.282627677803528e-06
1995,34,Veterinary,0,4189,0,0,4189,0.0,0.0
1995,34,Veterinary,1,4189,0,0,4189,0.0,0.0
1995,34,Veterinary,2,4189,0,0,4189,0.0,0.0
1995,34,Veterinary,3,4189,0,0,4189,0.0,0.0
1995,34,Veterinary,4,4189,0,0,4189,0.0,0.0
1995,34,Veterinary,5,4189,0,0,4189,0.0,0.0
1995,34,Veterinary,6,4189,0,0,4189,0.0,0.0
1995,34,Veterinary,7,4189,0,0,4189,0.0,0.0
1995,34,Veterinary,8,4189,0,0,4189,0.0,0.0
1995,34,Veterinary,9,4189,0,0,4189,0.0,0.0
1995,34,Veterinary,10,4189,0,0,4189,0.0,0.0
1995,34,Veterinary,11,4189,0,0,4189,0.0,0.0
1995,34,Veterinary,12,4189,0,0,4189,0.0,0.0
1995,34,Veterinary,13,4189,0,0,4189,0.0,0.0
1995,34,Veterinary,14,4189,0,0,4189,0.0,0.0
1995,34,Veterinary,15,4189,0,0,4189,0.0,0.0
1995,35,Dentistry,0,5968,0,0,5968,0.0,0.0
1995,35,Dentistry,1,5968,0,0,5968,0.0,0.0
1995,35,Dentistry,2,5968,0,0,5968,0.0,0.0
1995,35,Dentistry,3,5968,0,0,5968,0.0,0.0
1995,35,Dentistry,4,5968,0,0,5968,0.0,0.0
1995,35,Dentistry,5,5968,0,0,5968,0.0,0.0
1995,35,Dentistry,6,5968,0,0,5968,0.0,0.0
1995,35,Dentistry,7,5968,0,0,5968,0.0,0.0
1995,35,Dentistry,8,5968,0,0,5968,0.0,0.0
1995,35,Dentistry,9,5968,0,0,5968,0.0,0.0
1995,35,Dentistry,10,5968,0,0,5968,0.0,0.0
1995,35,Dentistry,11,5968,0,0,5968,0.0,0.0
1995,35,Dentistry,12,5968,0,0,5968,0.0,0.0
1995,35,Dentistry,13,5968,0,0,5968,0.0,0.0
1995,35,Dentistry,14,5968,0,0,5968,0.0,0.0
1995,35,Dentistry,15,5968,0,0,5968,0.0,0.0
1995,36,Health Professions,0,54578,0,0,54578,0.0,0.0
1995,36,Health Professions,1,54578,0,0,54578,0.0,0.0
1995,36,Health Professions,2,54578,0,0,54578,0.0,0.0
1995,36,Health Professions,3,54578,0,0,54578,0.0,0.0
1995,36,Health Professions,4,54578,0,0,54578,0.0,0.0
1995,36,Health Professions,5,54578,0,0,54578,0.0,0.0
1995,36,Health Professions,6,54578,0,0,54578,0.0,0.0
1995,36,Health Professions,7,54578,0,0,54578,0.0,0.0
1995,36,Health Professions,8,54578,0,0,54578,0.0,0.0
1995,36,Health Professions,9,54578,0,0,54578,0.0,0.0
1995,36,Health Professions,10,54578,0,0,54578,0.0,0.0
1995,36,Health Professions,11,54578,0,0,54578,0.0,0.0
1995,36,Health Professions,12,54578,0,0,54578,0.0,0.0
1995,36,Health Professions,13,54578,0,0,54578,0.0,0.0
1995,36,Health Professions,14,54578,0,0,54578,0.0,0.0
1995,36,Health Professions,15,54578,0,0,54578,0.0,0.0
1996,11,Agricultural and Biological Sciences,0,115708,0,0,115708,0.0,0.0
1996,11,Agricultural and Biological Sciences,1,115708,0,0,115708,0.0,0.0
1996,11,Agricultural and Biological Sciences,2,115708,0,0,115708,0.0,0.0
1996,11,Agricultural and Biological Sciences,3,115708,1,0,115708,8.642444774777888e-06,8.642444774777888e-06
1996,11,Agricultural and Biological Sciences,4,115708,0,1,115707,0.0,8.642444774777888e-06
1996,11,Agricultural and Biological Sciences,5,115708,0,1,115707,0.0,8.642444774777888e-06
1996,11,Agricultural and Biological Sciences,6,115708,0,1,115707,0.0,8.642444774777888e-06
1996,11,Agricultural and Biological Sciences,7,115708,0,1,115707,0.0,8.642444774777888e-06
1996,11,Agricultural and Biological Sciences,8,115708,0,1,115707,0.0,8.642444774777888e-06
1996,11,Agricultural and Biological Sciences,9,115708,0,1,115707,0.0,8.642444774777888e-06
1996,11,Agricultural and Biological Sciences,10,115708,0,1,115707,0.0,8.642444774777888e-06
1996,11,Agricultural and Biological Sciences,11,115708,0,1,115707,0.0,8.642444774777888e-06
1996,11,Agricultural and Biological Sciences,12,115708,0,1,115707,0.0,8.642444774777888e-06
1996,11,Agricultural and Biological Sciences,13,115708,0,1,115707,0.0,8.642444774777888e-06
1996,11,Agricultural and Biological Sciences,14,115708,0,1,115707,0.0,8.642444774777888e-06
1996,11,Agricultural and Biological Sciences,15,115708,0,1,115707,0.0,8.642444774777888e-06
1996,12,Arts and Humanities,0,179981,0,0,179981,0.0,0.0
1996,12,Arts and Humanities,1,179981,0,0,179981,0.0,0.0
1996,12,Arts and Humanities,2,179981,0,0,179981,0.0,0.0
1996,12,Arts and Humanities,3,179981,0,0,179981,0.0,0.0
1996,12,Arts and Humanities,4,179981,0,0,179981,0.0,0.0
1996,12,Arts and Humanities,5,179981,0,0,179981,0.0,0.0
1996,12,Arts and Humanities,6,179981,0,0,179981,0.0,0.0
1996,12,Arts and Humanities,7,179981,0,0,179981,0.0,0.0
1996,12,Arts and Humanities,8,179981,0,0,179981,0.0,0.0
1996,12,Arts and Humanities,9,179981,0,0,179981,0.0,0.0
1996,12,Arts and Humanities,10,179981,0,0,179981,0.0,0.0
1996,12,Arts and Humanities,11,179981,0,0,179981,0.0,0.0
1996,12,Arts and Humanities,12,179981,0,0,179981,0.0,0.0
1996,12,Arts and Humanities,13,179981,0,0,179981,0.0,0.0
1996,12,Arts and Humanities,14,179981,0,0,179981,0.0,0.0
1996,12,Arts and Humanities,15,179981,0,0,179981,0.0,0.0
1996,13,"Biochemistry, Genetics and Molecular Biology",0,147378,0,0,147378,0.0,0.0
1996,13,"Biochemistry, Genetics and Molecular Biology",1,147378,3,0,147378,2.035581972886048e-05,2.035581972886048e-05
1996,13,"Biochemistry, Genetics and Molecular Biology",2,147378,1,3,147375,6.7854113655640375e-06,2.7141092971813973e-05
1996,13,"Biochemistry, Genetics and Molecular Biology",3,147378,1,4,147374,6.785457407683852e-06,3.392636621476747e-05
1996,13,"Biochemistry, Genetics and Molecular Biology",4,147378,0,5,147373,0.0,3.392636621476747e-05
1996,13,"Biochemistry, Genetics and Molecular Biology",5,147378,0,5,147373,0.0,3.392636621476747e-05
1996,13,"Biochemistry, Genetics and Molecular Biology",6,147378,0,5,147373,0.0,3.392636621476747e-05
1996,13,"Biochemistry, Genetics and Molecular Biology",7,147378,0,5,147373,0.0,3.392636621476747e-05
1996,13,"Biochemistry, Genetics and Molecular Biology",8,147378,0,5,147373,0.0,3.392636621476747e-05
1996,13,"Biochemistry, Genetics and Molecular Biology",9,147378,0,5,147373,0.0,3.392636621476747e-05
1996,13,"Biochemistry, Genetics and Molecular Biology",10,147378,0,5,147373,0.0,3.392636621476747e-05
1996,13,"Biochemistry, Genetics and Molecular Biology",11,147378,0,5,147373,0.0,3.392636621476747e-05
1996,13,"Biochemistry, Genetics and Molecular Biology",12,147378,0,5,147373,0.0,3.392636621476747e-05
1996,13,"Biochemistry, Genetics and Molecular Biology",13,147378,0,5,147373,0.0,3.392636621476747e-05
1996,13,"Biochemistry, Genetics and Molecular Biology",14,147378,1,5,147373,6.785503450428505e-06,4.071163945772096e-05
1996,13,"Biochemistry, Genetics and Molecular Biology",15,147378,0,6,147372,0.0,4.071163945772096e-05
1996,14,"Business, Management and Accounting",0,53203,1,0,53203,1.8795932560193973e-05,1.8795932560193973e-05
1996,14,"Business, Management and Accounting",1,53203,0,1,53202,0.0,1.8795932560193973e-05
1996,14,"Business, Management and Accounting",2,53203,0,1,53202,0.0,1.8795932560193973e-05
1996,14,"Business, Management and Accounting",3,53203,0,1,53202,0.0,1.8795932560193973e-05
1996,14,"Business, Management and Accounting",4,53203,0,1,53202,0.0,1.8795932560193973e-05
1996,14,"Business, Management and Accounting",5,53203,0,1,53202,0.0,1.8795932560193973e-05
1996,14,"Business, Management and Accounting",6,53203,0,1,53202,0.0,1.8795932560193973e-05
1996,14,"Business, Management and Accounting",7,53203,0,1,53202,0.0,1.8795932560193973e-05
1996,14,"Business, Management and Accounting",8,53203,0,1,53202,0.0,1.8795932560193973e-05
1996,14,"Business, Management and Accounting",9,53203,0,1,53202,0.0,1.8795932560193973e-05
1996,14,"Business, Management and Accounting",10,53203,0,1,53202,0.0,1.8795932560193973e-05
1996,14,"Business, Management and Accounting",11,53203,0,1,53202,0.0,1.8795932560193973e-05
1996,14,"Business, Management and Accounting",12,53203,0,1,53202,0.0,1.8795932560193973e-05
1996,14,"Business, Management and Accounting",13,53203,0,1,53202,0.0,1.8795932560193973e-05
1996,14,"Business, Management and Accounting",14,53203,0,1,53202,0.0,1.8795932560193973e-05
1996,14,"Business, Management and Accounting",15,53203,0,1,53202,0.0,1.8795932560193973e-05
1996,15,Chemical Engineering,0,8788,0,0,8788,0.0,0.0
1996,15,Chemical Engineering,1,8788,0,0,8788,0.0,0.0
1996,15,Chemical Engineering,2,8788,0,0,8788,0.0,0.0
1996,15,Chemical Engineering,3,8788,0,0,8788,0.0,0.0
1996,15,Chemical Engineering,4,8788,0,0,8788,0.0,0.0
1996,15,Chemical Engineering,5,8788,0,0,8788,0.0,0.0
1996,15,Chemical Engineering,6,8788,0,0,8788,0.0,0.0
1996,15,Chemical Engineering,7,8788,0,0,8788,0.0,0.0
1996,15,Chemical Engineering,8,8788,0,0,8788,0.0,0.0
1996,15,Chemical Engineering,9,8788,0,0,8788,0.0,0.0
1996,15,Chemical Engineering,10,8788,0,0,8788,0.0,0.0
1996,15,Chemical Engineering,11,8788,0,0,8788,0.0,0.0
1996,15,Chemical Engineering,12,8788,0,0,8788,0.0,0.0
1996,15,Chemical Engineering,13,8788,0,0,8788,0.0,0.0
1996,15,Chemical Engineering,14,8788,0,0,8788,0.0,0.0
1996,15,Chemical Engineering,15,8788,0,0,8788,0.0,0.0
1996,16,Chemistry,0,72228,0,0,72228,0.0,0.0
1996,16,Chemistry,1,72228,0,0,72228,0.0,0.0
1996,16,Chemistry,2,72228,0,0,72228,0.0,0.0
1996,16,Chemistry,3,72228,0,0,72228,0.0,0.0
1996,16,Chemistry,4,72228,0,0,72228,0.0,0.0
1996,16,Chemistry,5,72228,0,0,72228,0.0,0.0
1996,16,Chemistry,6,72228,0,0,72228,0.0,0.0
1996,16,Chemistry,7,72228,0,0,72228,0.0,0.0
1996,16,Chemistry,8,72228,0,0,72228,0.0,0.0
1996,16,Chemistry,9,72228,0,0,72228,0.0,0.0
1996,16,Chemistry,10,72228,0,0,72228,0.0,0.0
1996,16,Chemistry,11,72228,0,0,72228,0.0,0.0
1996,16,Chemistry,12,72228,0,0,72228,0.0,0.0
1996,16,Chemistry,13,72228,0,0,72228,0.0,0.0
1996,16,Chemistry,14,72228,0,0,72228,0.0,0.0
1996,16,Chemistry,15,72228,0,0,72228,0.0,0.0
1996,17,Computer Science,0,102154,0,0,102154,0.0,0.0
1996,17,Computer Science,1,102154,0,0,102154,0.0,0.0
1996,17,Computer Science,2,102154,0,0,102154,0.0,0.0
1996,17,Computer Science,3,102154,0,0,102154,0.0,0.0
1996,17,Computer Science,4,102154,0,0,102154,0.0,0.0
1996,17,Computer Science,5,102154,0,0,102154,0.0,0.0
1996,17,Computer Science,6,102154,0,0,102154,0.0,0.0
1996,17,Computer Science,7,102154,0,0,102154,0.0,0.0
1996,17,Computer Science,8,102154,0,0,102154,0.0,0.0
1996,17,Computer Science,9,102154,0,0,102154,0.0,0.0
1996,17,Computer Science,10,102154,0,0,102154,0.0,0.0
1996,17,Computer Science,11,102154,0,0,102154,0.0,0.0
1996,17,Computer Science,12,102154,0,0,102154,0.0,0.0
1996,17,Computer Science,13,102154,0,0,102154,0.0,0.0
1996,17,Computer Science,14,102154,0,0,102154,0.0,0.0
1996,17,Computer Science,15,102154,0,0,102154,0.0,0.0
1996,18,Decision Sciences,0,19464,0,0,19464,0.0,0.0
1996,18,Decision Sciences,1,19464,0,0,19464,0.0,0.0
1996,18,Decision Sciences,2,19464,0,0,19464,0.0,0.0
1996,18,Decision Sciences,3,19464,0,0,19464,0.0,0.0
1996,18,Decision Sciences,4,19464,0,0,19464,0.0,0.0
1996,18,Decision Sciences,5,19464,0,0,19464,0.0,0.0
1996,18,Decision Sciences,6,19464,0,0,19464,0.0,0.0
1996,18,Decision Sciences,7,19464,0,0,19464,0.0,0.0
1996,18,Decision Sciences,8,19464,0,0,19464,0.0,0.0
1996,18,Decision Sciences,9,19464,0,0,19464,0.0,0.0
1996,18,Decision Sciences,10,19464,0,0,19464,0.0,0.0
1996,18,Decision Sciences,11,19464,0,0,19464,0.0,0.0
1996,18,Decision Sciences,12,19464,0,0,19464,0.0,0.0
1996,18,Decision Sciences,13,19464,0,0,19464,0.0,0.0
1996,18,Decision Sciences,14,19464,0,0,19464,0.0,0.0
1996,18,Decision Sciences,15,19464,0,0,19464,0.0,0.0
1996,19,Earth and Planetary Sciences,0,46844,0,0,46844,0.0,0.0
1996,19,Earth and Planetary Sciences,1,46844,0,0,46844,0.0,0.0
1996,19,Earth and Planetary Sciences,2,46844,0,0,46844,0.0,0.0
1996,19,Earth and Planetary Sciences,3,46844,0,0,46844,0.0,0.0
1996,19,Earth and Planetary Sciences,4,46844,0,0,46844,0.0,0.0
1996,19,Earth and Planetary Sciences,5,46844,0,0,46844,0.0,0.0
1996,19,Earth and Planetary Sciences,6,46844,0,0,46844,0.0,0.0
1996,19,Earth and Planetary Sciences,7,46844,0,0,46844,0.0,0.0
1996,19,Earth and Planetary Sciences,8,46844,0,0,46844,0.0,0.0
1996,19,Earth and Planetary Sciences,9,46844,0,0,46844,0.0,0.0
1996,19,Earth and Planetary Sciences,10,46844,0,0,46844,0.0,0.0
1996,19,Earth and Planetary Sciences,11,46844,0,0,46844,0.0,0.0
1996,19,Earth and Planetary Sciences,12,46844,0,0,46844,0.0,0.0
1996,19,Earth and Planetary Sciences,13,46844,0,0,46844,0.0,0.0
1996,19,Earth and Planetary Sciences,14,46844,0,0,46844,0.0,0.0
1996,19,Earth and Planetary Sciences,15,46844,0,0,46844,0.0,0.0
1996,20,"Economics, Econometrics and Finance",0,83709,0,0,83709,0.0,0.0
1996,20,"Economics, Econometrics and Finance",1,83709,0,0,83709,0.0,0.0
1996,20,"Economics, Econometrics and Finance",2,83709,0,0,83709,0.0,0.0
1996,20,"Economics, Econometrics and Finance",3,83709,0,0,83709,0.0,0.0
1996,20,"Economics, Econometrics and Finance",4,83709,0,0,83709,0.0,0.0
1996,20,"Economics, Econometrics and Finance",5,83709,0,0,83709,0.0,0.0
1996,20,"Economics, Econometrics and Finance",6,83709,0,0,83709,0.0,0.0
1996,20,"Economics, Econometrics and Finance",7,83709,0,0,83709,0.0,0.0
1996,20,"Economics, Econometrics and Finance",8,83709,0,0,83709,0.0,0.0
1996,20,"Economics, Econometrics and Finance",9,83709,0,0,83709,0.0,0.0
1996,20,"Economics, Econometrics and Finance",10,83709,0,0,83709,0.0,0.0
1996,20,"Economics, Econometrics and Finance",11,83709,0,0,83709,0.0,0.0
1996,20,"Economics, Econometrics and Finance",12,83709,0,0,83709,0.0,0.0
1996,20,"Economics, Econometrics and Finance",13,83709,0,0,83709,0.0,0.0
1996,20,"Economics, Econometrics and Finance",14,83709,0,0,83709,0.0,0.0
1996,20,"Economics, Econometrics and Finance",15,83709,0,0,83709,0.0,0.0
1996,21,Energy,0,8950,0,0,8950,0.0,0.0
1996,21,Energy,1,8950,0,0,8950,0.0,0.0
1996,21,Energy,2,8950,0,0,8950,0.0,0.0
1996,21,Energy,3,8950,0,0,8950,0.0,0.0
1996,21,Energy,4,8950,0,0,8950,0.0,0.0
1996,21,Energy,5,8950,0,0,8950,0.0,0.0
1996,21,Energy,6,8950,0,0,8950,0.0,0.0
1996,21,Energy,7,8950,0,0,8950,0.0,0.0
1996,21,Energy,8,8950,0,0,8950,0.0,0.0
1996,21,Energy,9,8950,0,0,8950,0.0,0.0
1996,21,Energy,10,8950,0,0,8950,0.0,0.0
1996,21,Energy,11,8950,0,0,8950,0.0,0.0
1996,21,Energy,12,8950,0,0,8950,0.0,0.0
1996,21,Energy,13,8950,0,0,8950,0.0,0.0
1996,21,Energy,14,8950,0,0,8950,0.0,0.0
1996,21,Energy,15,8950,0,0,8950,0.0,0.0
1996,22,Engineering,0,525411,2,0,525411,3.8065438294972888e-06,3.8065438294972888e-06
1996,22,Engineering,1,525411,0,2,525409,0.0,3.8065438294972888e-06
1996,22,Engineering,2,525411,1,2,525409,1.9032791596641854e-06,5.709815744245933e-06
1996,22,Engineering,3,525411,0,3,525408,0.0,5.709815744245933e-06
1996,22,Engineering,4,525411,0,3,525408,0.0,5.709815744245933e-06
1996,22,Engineering,5,525411,0,3,525408,0.0,5.709815744245933e-06
1996,22,Engineering,6,525411,0,3,525408,0.0,5.709815744245933e-06
1996,22,Engineering,7,525411,0,3,525408,0.0,5.709815744245933e-06
1996,22,Engineering,8,525411,0,3,525408,0.0,5.709815744245933e-06
1996,22,Engineering,9,525411,0,3,525408,0.0,5.709815744245933e-06
1996,22,Engineering,10,525411,0,3,525408,0.0,5.709815744245933e-06
1996,22,Engineering,11,525411,0,3,525408,0.0,5.709815744245933e-06
1996,22,Engineering,12,525411,0,3,525408,0.0,5.709815744245933e-06
1996,22,Engineering,13,525411,0,3,525408,0.0,5.709815744245933e-06
1996,22,Engineering,14,525411,0,3,525408,0.0,5.709815744245933e-06
1996,22,Engineering,15,525411,0,3,525408,0.0,5.709815744245933e-06
1996,23,Environmental Science,0,98263,1,0,98263,1.0176770503648372e-05,1.0176770503648372e-05
1996,23,Environmental Science,1,98263,2,1,98262,2.0353748142720484e-05,3.053031151094512e-05
1996,23,Environmental Science,2,98263,0,3,98260,0.0,3.053031151094512e-05
1996,23,Environmental Science,3,98263,1,3,98260,1.0177081213108081e-05,4.070708201459349e-05
1996,23,Environmental Science,4,98263,0,4,98259,0.0,4.070708201459349e-05
1996,23,Environmental Science,5,98263,0,4,98259,0.0,4.070708201459349e-05
1996,23,Environmental Science,6,98263,0,4,98259,0.0,4.070708201459349e-05
1996,23,Environmental Science,7,98263,0,4,98259,0.0,4.070708201459349e-05
1996,23,Environmental Science,8,98263,0,4,98259,0.0,4.070708201459349e-05
1996,23,Environmental Science,9,98263,0,4,98259,0.0,4.070708201459349e-05
1996,23,Environmental Science,10,98263,0,4,98259,0.0,4.070708201459349e-05
1996,23,Environmental Science,11,98263,0,4,98259,0.0,4.070708201459349e-05
1996,23,Environmental Science,12,98263,0,4,98259,0.0,4.070708201459349e-05
1996,23,Environmental Science,13,98263,0,4,98259,0.0,4.070708201459349e-05
1996,23,Environmental Science,14,98263,0,4,98259,0.0,4.070708201459349e-05
1996,23,Environmental Science,15,98263,0,4,98259,0.0,4.070708201459349e-05
1996,24,Immunology and Microbiology,0,27702,0,0,27702,0.0,0.0
1996,24,Immunology and Microbiology,1,27702,1,0,27702,3.609847664428561e-05,3.609847664428561e-05
1996,24,Immunology and Microbiology,2,27702,2,1,27701,7.219955958268655e-05,0.00010829542993285683
1996,24,Immunology and Microbiology,3,27702,0,3,27699,0.0,0.00010829542993285683
1996,24,Immunology and Microbiology,4,27702,0,3,27699,0.0,0.00010829542993285683
1996,24,Immunology and Microbiology,5,27702,0,3,27699,0.0,0.00010829542993285683
1996,24,Immunology and Microbiology,6,27702,0,3,27699,0.0,0.00010829542993285683
1996,24,Immunology and Microbiology,7,27702,0,3,27699,0.0,0.00010829542993285683
1996,24,Immunology and Microbiology,8,27702,0,3,27699,0.0,0.00010829542993285683
1996,24,Immunology and Microbiology,9,27702,0,3,27699,0.0,0.00010829542993285683
1996,24,Immunology and Microbiology,10,27702,0,3,27699,0.0,0.00010829542993285683
1996,24,Immunology and Microbiology,11,27702,0,3,27699,0.0,0.00010829542993285683
1996,24,Immunology and Microbiology,12,27702,0,3,27699,0.0,0.00010829542993285683
1996,24,Immunology and Microbiology,13,27702,0,3,27699,0.0,0.00010829542993285683
1996,24,Immunology and Microbiology,14,27702,0,3,27699,0.0,0.00010829542993285683
1996,24,Immunology and Microbiology,15,27702,0,3,27699,0.0,0.00010829542993285683
1996,25,Materials Science,0,72088,0,0,72088,0.0,0.0
1996,25,Materials Science,1,72088,0,0,72088,0.0,0.0
1996,25,Materials Science,2,72088,0,0,72088,0.0,0.0
1996,25,Materials Science,3,72088,0,0,72088,0.0,0.0
1996,25,Materials Science,4,72088,0,0,72088,0.0,0.0
1996,25,Materials Science,5,72088,0,0,72088,0.0,0.0
1996,25,Materials Science,6,72088,0,0,72088,0.0,0.0
1996,25,Materials Science,7,72088,0,0,72088,0.0,0.0
1996,25,Materials Science,8,72088,0,0,72088,0.0,0.0
1996,25,Materials Science,9,72088,0,0,72088,0.0,0.0
1996,25,Materials Science,10,72088,0,0,72088,0.0,0.0
1996,25,Materials Science,11,72088,0,0,72088,0.0,0.0
1996,25,Materials Science,12,72088,0,0,72088,0.0,0.0
1996,25,Materials Science,13,72088,0,0,72088,0.0,0.0
1996,25,Materials Science,14,72088,0,0,72088,0.0,0.0
1996,25,Materials Science,15,72088,0,0,72088,0.0,0.0
1996,26,Mathematics,0,35335,0,0,35335,0.0,0.0
1996,26,Mathematics,1,35335,0,0,35335,0.0,0.0
1996,26,Mathematics,2,35335,0,0,35335,0.0,0.0
1996,26,Mathematics,3,35335,0,0,35335,0.0,0.0
1996,26,Mathematics,4,35335,0,0,35335,0.0,0.0
1996,26,Mathematics,5,35335,0,0,35335,0.0,0.0
1996,26,Mathematics,6,35335,0,0,35335,0.0,0.0
1996,26,Mathematics,7,35335,0,0,35335,0.0,0.0
1996,26,Mathematics,8,35335,0,0,35335,0.0,0.0
1996,26,Mathematics,9,35335,0,0,35335,0.0,0.0
1996,26,Mathematics,10,35335,0,0,35335,0.0,0.0
1996,26,Mathematics,11,35335,0,0,35335,0.0,0.0
1996,26,Mathematics,12,35335,0,0,35335,0.0,0.0
1996,26,Mathematics,13,35335,1,0,35335,2.8300551860761285e-05,2.8300551860761285e-05
1996,26,Mathematics,14,35335,0,1,35334,0.0,2.8300551860761285e-05
1996,26,Mathematics,15,35335,0,1,35334,0.0,2.8300551860761285e-05
1996,27,Medicine,0,433971,2,0,433971,4.608602878994218e-06,4.608602878994218e-06
1996,27,Medicine,1,433971,3,2,433969,6.912936177468898e-06,1.1521507197485546e-05
1996,27,Medicine,2,433971,1,5,433966,2.304327988828618e-06,1.3825808636982655e-05
1996,27,Medicine,3,433971,2,6,433965,4.608666597536668e-06,1.8434411515976873e-05
1996,27,Medicine,4,433971,0,8,433963,0.0,1.8434411515976873e-05
1996,27,Medicine,5,433971,0,8,433963,0.0,1.8434411515976873e-05
1996,27,Medicine,6,433971,0,8,433963,0.0,1.8434411515976873e-05
1996,27,Medicine,7,433971,0,8,433963,0.0,1.8434411515976873e-05
1996,27,Medicine,8,433971,0,8,433963,0.0,1.8434411515976873e-05
1996,27,Medicine,9,433971,0,8,433963,0.0,1.8434411515976873e-05
1996,27,Medicine,10,433971,0,8,433963,0.0,1.8434411515976873e-05
1996,27,Medicine,11,433971,0,8,433963,0.0,1.8434411515976873e-05
1996,27,Medicine,12,433971,0,8,433963,0.0,1.8434411515976873e-05
1996,27,Medicine,13,433971,1,8,433963,2.304343918721181e-06,2.0738712955473983e-05
1996,27,Medicine,14,433971,1,9,433962,2.304349228734313e-06,2.3043014394971092e-05
1996,27,Medicine,15,433971,0,10,433961,0.0,2.3043014394971092e-05
1996,28,Neuroscience,0,42954,1,0,42954,2.3280718908599898e-05,2.3280718908599898e-05
1996,28,Neuroscience,1,42954,0,1,42953,0.0,2.3280718908599898e-05
1996,28,Neuroscience,2,42954,0,1,42953,0.0,2.3280718908599898e-05
1996,28,Neuroscience,3,42954,1,1,42953,2.3281260913091052e-05,4.6561437817199795e-05
1996,28,Neuroscience,4,42954,0,2,42952,0.0,4.6561437817199795e-05
1996,28,Neuroscience,5,42954,0,2,42952,0.0,4.6561437817199795e-05
1996,28,Neuroscience,6,42954,0,2,42952,0.0,4.6561437817199795e-05
1996,28,Neuroscience,7,42954,0,2,42952,0.0,4.6561437817199795e-05
1996,28,Neuroscience,8,42954,0,2,42952,0.0,4.6561437817199795e-05
1996,28,Neuroscience,9,42954,0,2,42952,0.0,4.6561437817199795e-05
1996,28,Neuroscience,10,42954,0,2,42952,0.0,4.6561437817199795e-05
1996,28,Neuroscience,11,42954,0,2,42952,0.0,4.6561437817199795e-05
1996,28,Neuroscience,12,42954,0,2,42952,0.0,4.6561437817199795e-05
1996,28,Neuroscience,13,42954,0,2,42952,0.0,4.6561437817199795e-05
1996,28,Neuroscience,14,42954,0,2,42952,0.0,4.6561437817199795e-05
1996,28,Neuroscience,15,42954,0,2,42952,0.0,4.6561437817199795e-05
1996,29,Nursing,0,12079,0,0,12079,0.0,0.0
1996,29,Nursing,1,12079,0,0,12079,0.0,0.0
1996,29,Nursing,2,12079,0,0,12079,0.0,0.0
1996,29,Nursing,3,12079,0,0,12079,0.0,0.0
1996,29,Nursing,4,12079,0,0,12079,0.0,0.0
1996,29,Nursing,5,12079,0,0,12079,0.0,0.0
1996,29,Nursing,6,12079,0,0,12079,0.0,0.0
1996,29,Nursing,7,12079,0,0,12079,0.0,0.0
1996,29,Nursing,8,12079,0,0,12079,0.0,0.0
1996,29,Nursing,9,12079,0,0,12079,0.0,0.0
1996,29,Nursing,10,12079,0,0,12079,0.0,0.0
1996,29,Nursing,11,12079,0,0,12079,0.0,0.0
1996,29,Nursing,12,12079,0,0,12079,0.0,0.0
1996,29,Nursing,13,12079,0,0,12079,0.0,0.0
1996,29,Nursing,14,12079,0,0,12079,0.0,0.0
1996,29,Nursing,15,12079,0,0,12079,0.0,0.0
1996,30,"Pharmacology, Toxicology and Pharmaceutics",0,10922,0,0,10922,0.0,0.0
1996,30,"Pharmacology, Toxicology and Pharmaceutics",1,10922,0,0,10922,0.0,0.0
1996,30,"Pharmacology, Toxicology and Pharmaceutics",2,10922,0,0,10922,0.0,0.0
1996,30,"Pharmacology, Toxicology and Pharmaceutics",3,10922,0,0,10922,0.0,0.0
1996,30,"Pharmacology, Toxicology and Pharmaceutics",4,10922,0,0,10922,0.0,0.0
1996,30,"Pharmacology, Toxicology and Pharmaceutics",5,10922,0,0,10922,0.0,0.0
1996,30,"Pharmacology, Toxicology and Pharmaceutics",6,10922,0,0,10922,0.0,0.0
1996,30,"Pharmacology, Toxicology and Pharmaceutics",7,10922,0,0,10922,0.0,0.0
1996,30,"Pharmacology, Toxicology and Pharmaceutics",8,10922,0,0,10922,0.0,0.0
1996,30,"Pharmacology, Toxicology and Pharmaceutics",9,10922,0,0,10922,0.0,0.0
1996,30,"Pharmacology, Toxicology and Pharmaceutics",10,10922,0,0,10922,0.0,0.0
1996,30,"Pharmacology, Toxicology and Pharmaceutics",11,10922,0,0,10922,0.0,0.0
1996,30,"Pharmacology, Toxicology and Pharmaceutics",12,10922,0,0,10922,0.0,0.0
1996,30,"Pharmacology, Toxicology and Pharmaceutics",13,10922,0,0,10922,0.0,0.0
1996,30,"Pharmacology, Toxicology and Pharmaceutics",14,10922,0,0,10922,0.0,0.0
1996,30,"Pharmacology, Toxicology and Pharmaceutics",15,10922,0,0,10922,0.0,0.0
1996,31,Physics and Astronomy,0,113187,0,0,113187,0.0,0.0
1996,31,Physics and Astronomy,1,113187,0,0,113187,0.0,0.0
1996,31,Physics and Astronomy,2,113187,0,0,113187,0.0,0.0
1996,31,Physics and Astronomy,3,113187,0,0,113187,0.0,0.0
1996,31,Physics and Astronomy,4,113187,0,0,113187,0.0,0.0
1996,31,Physics and Astronomy,5,113187,1,0,113187,8.834936874376032e-06,8.834936874376032e-06
1996,31,Physics and Astronomy,6,113187,0,1,113186,0.0,8.834936874376032e-06
1996,31,Physics and Astronomy,7,113187,0,1,113186,0.0,8.834936874376032e-06
1996,31,Physics and Astronomy,8,113187,0,1,113186,0.0,8.834936874376032e-06
1996,31,Physics and Astronomy,9,113187,0,1,113186,0.0,8.834936874376032e-06
1996,31,Physics and Astronomy,10,113187,0,1,113186,0.0,8.834936874376032e-06
1996,31,Physics and Astronomy,11,113187,0,1,113186,0.0,8.834936874376032e-06
1996,31,Physics and Astronomy,12,113187,0,1,113186,0.0,8.834936874376032e-06
1996,31,Physics and Astronomy,13,113187,0,1,113186,0.0,8.834936874376032e-06
1996,31,Physics and Astronomy,14,113187,0,1,113186,0.0,8.834936874376032e-06
1996,31,Physics and Astronomy,15,113187,0,1,113186,0.0,8.834936874376032e-06
1996,32,Psychology,0,59419,0,0,59419,0.0,0.0
1996,32,Psychology,1,59419,0,0,59419,0.0,0.0
1996,32,Psychology,2,59419,0,0,59419,0.0,0.0
1996,32,Psychology,3,59419,0,0,59419,0.0,0.0
1996,32,Psychology,4,59419,0,0,59419,0.0,0.0
1996,32,Psychology,5,59419,0,0,59419,0.0,0.0
1996,32,Psychology,6,59419,0,0,59419,0.0,0.0
1996,32,Psychology,7,59419,0,0,59419,0.0,0.0
1996,32,Psychology,8,59419,0,0,59419,0.0,0.0
1996,32,Psychology,9,59419,0,0,59419,0.0,0.0
1996,32,Psychology,10,59419,0,0,59419,0.0,0.0
1996,32,Psychology,11,59419,0,0,59419,0.0,0.0
1996,32,Psychology,12,59419,0,0,59419,0.0,0.0
1996,32,Psychology,13,59419,0,0,59419,0.0,0.0
1996,32,Psychology,14,59419,0,0,59419,0.0,0.0
1996,32,Psychology,15,59419,0,0,59419,0.0,0.0
1996,33,Social Sciences,0,323184,3,0,323184,9.282637754344274e-06,9.282637754344274e-06
1996,33,Social Sciences,1,323184,0,3,323181,0.0,9.282637754344274e-06
1996,33,Social Sciences,2,323184,0,3,323181,0.0,9.282637754344274e-06
1996,33,Social Sciences,3,323184,0,3,323181,0.0,9.282637754344274e-06
1996,33,Social Sciences,4,323184,0,3,323181,0.0,9.282637754344274e-06
1996,33,Social Sciences,5,323184,0,3,323181,0.0,9.282637754344274e-06
1996,33,Social Sciences,6,323184,0,3,323181,0.0,9.282637754344274e-06
1996,33,Social Sciences,7,323184,0,3,323181,0.0,9.282637754344274e-06
1996,33,Social Sciences,8,323184,0,3,323181,0.0,9.282637754344274e-06
1996,33,Social Sciences,9,323184,0,3,323181,0.0,9.282637754344274e-06
1996,33,Social Sciences,10,323184,0,3,323181,0.0,9.282637754344274e-06
1996,33,Social Sciences,11,323184,0,3,323181,0.0,9.282637754344274e-06
1996,33,Social Sciences,12,323184,0,3,323181,0.0,9.282637754344274e-06
1996,33,Social Sciences,13,323184,0,3,323181,0.0,9.282637754344274e-06
1996,33,Social Sciences,14,323184,0,3,323181,0.0,9.282637754344274e-06
1996,33,Social Sciences,15,323184,0,3,323181,0.0,9.282637754344274e-06
1996,34,Veterinary,0,4574,0,0,4574,0.0,0.0
1996,34,Veterinary,1,4574,0,0,4574,0.0,0.0
1996,34,Veterinary,2,4574,0,0,4574,0.0,0.0
1996,34,Veterinary,3,4574,0,0,4574,0.0,0.0
1996,34,Veterinary,4,4574,0,0,4574,0.0,0.0
1996,34,Veterinary,5,4574,0,0,4574,0.0,0.0
1996,34,Veterinary,6,4574,0,0,4574,0.0,0.0
1996,34,Veterinary,7,4574,0,0,4574,0.0,0.0
1996,34,Veterinary,8,4574,0,0,4574,0.0,0.0
1996,34,Veterinary,9,4574,0,0,4574,0.0,0.0
1996,34,Veterinary,10,4574,0,0,4574,0.0,0.0
1996,34,Veterinary,11,4574,0,0,4574,0.0,0.0
1996,34,Veterinary,12,4574,0,0,4574,0.0,0.0
1996,34,Veterinary,13,4574,0,0,4574,0.0,0.0
1996,34,Veterinary,14,4574,0,0,4574,0.0,0.0
1996,34,Veterinary,15,4574,0,0,4574,0.0,0.0
1996,35,Dentistry,0,6933,0,0,6933,0.0,0.0
1996,35,Dentistry,1,6933,0,0,6933,0.0,0.0
1996,35,Dentistry,2,6933,0,0,6933,0.0,0.0
1996,35,Dentistry,3,6933,0,0,6933,0.0,0.0
1996,35,Dentistry,4,6933,0,0,6933,0.0,0.0
1996,35,Dentistry,5,6933,0,0,6933,0.0,0.0
1996,35,Dentistry,6,6933,0,0,6933,0.0,0.0
1996,35,Dentistry,7,6933,0,0,6933,0.0,0.0
1996,35,Dentistry,8,6933,0,0,6933,0.0,0.0
1996,35,Dentistry,9,6933,0,0,6933,0.0,0.0
1996,35,Dentistry,10,6933,0,0,6933,0.0,0.0
1996,35,Dentistry,11,6933,0,0,6933,0.0,0.0
1996,35,Dentistry,12,6933,0,0,6933,0.0,0.0
1996,35,Dentistry,13,6933,0,0,6933,0.0,0.0
1996,35,Dentistry,14,6933,0,0,6933,0.0,0.0
1996,35,Dentistry,15,6933,0,0,6933,0.0,0.0
1996,36,Health Professions,0,55674,0,0,55674,0.0,0.0
1996,36,Health Professions,1,55674,0,0,55674,0.0,0.0
1996,36,Health Professions,2,55674,0,0,55674,0.0,0.0
1996,36,Health Professions,3,55674,0,0,55674,0.0,0.0
1996,36,Health Professions,4,55674,0,0,55674,0.0,0.0
1996,36,Health Professions,5,55674,0,0,55674,0.0,0.0
1996,36,Health Professions,6,55674,0,0,55674,0.0,0.0
1996,36,Health Professions,7,55674,0,0,55674,0.0,0.0
1996,36,Health Professions,8,55674,0,0,55674,0.0,0.0
1996,36,Health Professions,9,55674,0,0,55674,0.0,0.0
1996,36,Health Professions,10,55674,0,0,55674,0.0,0.0
1996,36,Health Professions,11,55674,0,0,55674,0.0,0.0
1996,36,Health Professions,12,55674,0,0,55674,0.0,0.0
1996,36,Health Professions,13,55674,0,0,55674,0.0,0.0
1996,36,Health Professions,14,55674,0,0,55674,0.0,0.0
1996,36,Health Professions,15,55674,0,0,55674,0.0,0.0
1997,11,Agricultural and Biological Sciences,0,113831,0,0,113831,0.0,0.0
1997,11,Agricultural and Biological Sciences,1,113831,3,0,113831,2.635485939682512e-05,2.635485939682512e-05
1997,11,Agricultural and Biological Sciences,2,113831,1,3,113828,8.785184664581649e-06,3.513981252910016e-05
1997,11,Agricultural and Biological Sciences,3,113831,0,4,113827,0.0,3.513981252910016e-05
1997,11,Agricultural and Biological Sciences,4,113831,0,4,113827,0.0,3.513981252910016e-05
1997,11,Agricultural and Biological Sciences,5,113831,0,4,113827,0.0,3.513981252910016e-05
1997,11,Agricultural and Biological Sciences,6,113831,0,4,113827,0.0,3.513981252910016e-05
1997,11,Agricultural and Biological Sciences,7,113831,0,4,113827,0.0,3.513981252910016e-05
1997,11,Agricultural and Biological Sciences,8,113831,0,4,113827,0.0,3.513981252910016e-05
1997,11,Agricultural and Biological Sciences,9,113831,0,4,113827,0.0,3.513981252910016e-05
1997,11,Agricultural and Biological Sciences,10,113831,0,4,113827,0.0,3.513981252910016e-05
1997,11,Agricultural and Biological Sciences,11,113831,0,4,113827,0.0,3.513981252910016e-05
1997,11,Agricultural and Biological Sciences,12,113831,0,4,113827,0.0,3.513981252910016e-05
1997,11,Agricultural and Biological Sciences,13,113831,0,4,113827,0.0,3.513981252910016e-05
1997,11,Agricultural and Biological Sciences,14,113831,0,4,113827,0.0,3.513981252910016e-05
1997,11,Agricultural and Biological Sciences,15,113831,0,4,113827,0.0,3.513981252910016e-05
1997,12,Arts and Humanities,0,189077,1,0,189077,5.28885057410473e-06,5.28885057410473e-06
1997,12,Arts and Humanities,1,189077,0,1,189076,0.0,5.28885057410473e-06
1997,12,Arts and Humanities,2,189077,0,1,189076,0.0,5.28885057410473e-06
1997,12,Arts and Humanities,3,189077,0,1,189076,0.0,5.28885057410473e-06
1997,12,Arts and Humanities,4,189077,0,1,189076,0.0,5.28885057410473e-06
1997,12,Arts and Humanities,5,189077,0,1,189076,0.0,5.28885057410473e-06
1997,12,Arts and Humanities,6,189077,0,1,189076,0.0,5.28885057410473e-06
1997,12,Arts and Humanities,7,189077,0,1,189076,0.0,5.28885057410473e-06
1997,12,Arts and Humanities,8,189077,0,1,189076,0.0,5.28885057410473e-06
1997,12,Arts and Humanities,9,189077,0,1,189076,0.0,5.28885057410473e-06
1997,12,Arts and Humanities,10,189077,0,1,189076,0.0,5.28885057410473e-06
1997,12,Arts and Humanities,11,189077,0,1,189076,0.0,5.28885057410473e-06
1997,12,Arts and Humanities,12,189077,0,1,189076,0.0,5.28885057410473e-06
1997,12,Arts and Humanities,13,189077,0,1,189076,0.0,5.28885057410473e-06
1997,12,Arts and Humanities,14,189077,0,1,189076,0.0,5.28885057410473e-06
1997,12,Arts and Humanities,15,189077,0,1,189076,0.0,5.28885057410473e-06
1997,13,"Biochemistry, Genetics and Molecular Biology",0,147133,0,0,147133,0.0,0.0
1997,13,"Biochemistry, Genetics and Molecular Biology",1,147133,2,0,147133,1.35931436183589e-05,1.35931436183589e-05
1997,13,"Biochemistry, Genetics and Molecular Biology",2,147133,2,2,147131,1.3593328394424016e-05,2.71862872367178e-05
1997,13,"Biochemistry, Genetics and Molecular Biology",3,147133,1,4,147129,6.7967565877563225e-06,3.398285904589725e-05
1997,13,"Biochemistry, Genetics and Molecular Biology",4,147133,0,5,147128,0.0,3.398285904589725e-05
1997,13,"Biochemistry, Genetics and Molecular Biology",5,147133,0,5,147128,0.0,3.398285904589725e-05
1997,13,"Biochemistry, Genetics and Molecular Biology",6,147133,0,5,147128,0.0,3.398285904589725e-05
1997,13,"Biochemistry, Genetics and Molecular Biology",7,147133,0,5,147128,0.0,3.398285904589725e-05
1997,13,"Biochemistry, Genetics and Molecular Biology",8,147133,1,5,147128,6.7968027839704206e-06,4.07794308550767e-05
1997,13,"Biochemistry, Genetics and Molecular Biology",9,147133,1,6,147127,6.796848980812495e-06,4.757600266425615e-05
1997,13,"Biochemistry, Genetics and Molecular Biology",10,147133,0,7,147126,0.0,4.757600266425615e-05
1997,13,"Biochemistry, Genetics and Molecular Biology",11,147133,0,7,147126,0.0,4.757600266425615e-05
1997,13,"Biochemistry, Genetics and Molecular Biology",12,147133,0,7,147126,0.0,4.757600266425615e-05
1997,13,"Biochemistry, Genetics and Molecular Biology",13,147133,0,7,147126,0.0,4.757600266425615e-05
1997,13,"Biochemistry, Genetics and Molecular Biology",14,147133,0,7,147126,0.0,4.757600266425615e-05
1997,13,"Biochemistry, Genetics and Molecular Biology",15,147133,1,7,147126,6.79689517828256e-06,5.43725744734356e-05
1997,14,"Business, Management and Accounting",0,58064,0,0,58064,0.0,0.0
1997,14,"Business, Management and Accounting",1,58064,0,0,58064,0.0,0.0
1997,14,"Business, Management and Accounting",2,58064,0,0,58064,0.0,0.0
1997,14,"Business, Management and Accounting",3,58064,0,0,58064,0.0,0.0
1997,14,"Business, Management and Accounting",4,58064,0,0,58064,0.0,0.0
1997,14,"Business, Management and Accounting",5,58064,0,0,58064,0.0,0.0
1997,14,"Business, Management and Accounting",6,58064,0,0,58064,0.0,0.0
1997,14,"Business, Management and Accounting",7,58064,0,0,58064,0.0,0.0
1997,14,"Business, Management and Accounting",8,58064,0,0,58064,0.0,0.0
1997,14,"Business, Management and Accounting",9,58064,0,0,58064,0.0,0.0
1997,14,"Business, Management and Accounting",10,58064,0,0,58064,0.0,0.0
1997,14,"Business, Management and Accounting",11,58064,0,0,58064,0.0,0.0
1997,14,"Business, Management and Accounting",12,58064,0,0,58064,0.0,0.0
1997,14,"Business, Management and Accounting",13,58064,0,0,58064,0.0,0.0
1997,14,"Business, Management and Accounting",14,58064,0,0,58064,0.0,0.0
1997,14,"Business, Management and Accounting",15,58064,0,0,58064,0.0,0.0
1997,15,Chemical Engineering,0,8888,0,0,8888,0.0,0.0
1997,15,Chemical Engineering,1,8888,0,0,8888,0.0,0.0
1997,15,Chemical Engineering,2,8888,0,0,8888,0.0,0.0
1997,15,Chemical Engineering,3,8888,0,0,8888,0.0,0.0
1997,15,Chemical Engineering,4,8888,0,0,8888,0.0,0.0
1997,15,Chemical Engineering,5,8888,0,0,8888,0.0,0.0
1997,15,Chemical Engineering,6,8888,0,0,8888,0.0,0.0
1997,15,Chemical Engineering,7,8888,0,0,8888,0.0,0.0
1997,15,Chemical Engineering,8,8888,0,0,8888,0.0,0.0
1997,15,Chemical Engineering,9,8888,0,0,8888,0.0,0.0
1997,15,Chemical Engineering,10,8888,0,0,8888,0.0,0.0
1997,15,Chemical Engineering,11,8888,0,0,8888,0.0,0.0
1997,15,Chemical Engineering,12,8888,0,0,8888,0.0,0.0
1997,15,Chemical Engineering,13,8888,0,0,8888,0.0,0.0
1997,15,Chemical Engineering,14,8888,0,0,8888,0.0,0.0
1997,15,Chemical Engineering,15,8888,0,0,8888,0.0,0.0
1997,16,Chemistry,0,71838,0,0,71838,0.0,0.0
1997,16,Chemistry,1,71838,0,0,71838,0.0,0.0
1997,16,Chemistry,2,71838,0,0,71838,0.0,0.0
1997,16,Chemistry,3,71838,0,0,71838,0.0,0.0
1997,16,Chemistry,4,71838,0,0,71838,0.0,0.0
1997,16,Chemistry,5,71838,0,0,71838,0.0,0.0
1997,16,Chemistry,6,71838,0,0,71838,0.0,0.0
1997,16,Chemistry,7,71838,0,0,71838,0.0,0.0
1997,16,Chemistry,8,71838,0,0,71838,0.0,0.0
1997,16,Chemistry,9,71838,0,0,71838,0.0,0.0
1997,16,Chemistry,10,71838,0,0,71838,0.0,0.0
1997,16,Chemistry,11,71838,0,0,71838,0.0,0.0
1997,16,Chemistry,12,71838,0,0,71838,0.0,0.0
1997,16,Chemistry,13,71838,0,0,71838,0.0,0.0
1997,16,Chemistry,14,71838,0,0,71838,0.0,0.0
1997,16,Chemistry,15,71838,0,0,71838,0.0,0.0
1997,17,Computer Science,0,106516,0,0,106516,0.0,0.0
1997,17,Computer Science,1,106516,0,0,106516,0.0,0.0
1997,17,Computer Science,2,106516,0,0,106516,0.0,0.0
1997,17,Computer Science,3,106516,0,0,106516,0.0,0.0
1997,17,Computer Science,4,106516,0,0,106516,0.0,0.0
1997,17,Computer Science,5,106516,0,0,106516,0.0,0.0
1997,17,Computer Science,6,106516,0,0,106516,0.0,0.0
1997,17,Computer Science,7,106516,0,0,106516,0.0,0.0
1997,17,Computer Science,8,106516,0,0,106516,0.0,0.0
1997,17,Computer Science,9,106516,0,0,106516,0.0,0.0
1997,17,Computer Science,10,106516,0,0,106516,0.0,0.0
1997,17,Computer Science,11,106516,0,0,106516,0.0,0.0
1997,17,Computer Science,12,106516,0,0,106516,0.0,0.0
1997,17,Computer Science,13,106516,0,0,106516,0.0,0.0
1997,17,Computer Science,14,106516,0,0,106516,0.0,0.0
1997,17,Computer Science,15,106516,0,0,106516,0.0,0.0
1997,18,Decision Sciences,0,20219,0,0,20219,0.0,0.0
1997,18,Decision Sciences,1,20219,0,0,20219,0.0,0.0
1997,18,Decision Sciences,2,20219,0,0,20219,0.0,0.0
1997,18,Decision Sciences,3,20219,0,0,20219,0.0,0.0
1997,18,Decision Sciences,4,20219,0,0,20219,0.0,0.0
1997,18,Decision Sciences,5,20219,0,0,20219,0.0,0.0
1997,18,Decision Sciences,6,20219,0,0,20219,0.0,0.0
1997,18,Decision Sciences,7,20219,0,0,20219,0.0,0.0
1997,18,Decision Sciences,8,20219,0,0,20219,0.0,0.0
1997,18,Decision Sciences,9,20219,0,0,20219,0.0,0.0
1997,18,Decision Sciences,10,20219,0,0,20219,0.0,0.0
1997,18,Decision Sciences,11,20219,0,0,20219,0.0,0.0
1997,18,Decision Sciences,12,20219,0,0,20219,0.0,0.0
1997,18,Decision Sciences,13,20219,0,0,20219,0.0,0.0
1997,18,Decision Sciences,14,20219,0,0,20219,0.0,0.0
1997,18,Decision Sciences,15,20219,0,0,20219,0.0,0.0
1997,19,Earth and Planetary Sciences,0,47431,0,0,47431,0.0,0.0
1997,19,Earth and Planetary Sciences,1,47431,0,0,47431,0.0,0.0
1997,19,Earth and Planetary Sciences,2,47431,0,0,47431,0.0,0.0
1997,19,Earth and Planetary Sciences,3,47431,0,0,47431,0.0,0.0
1997,19,Earth and Planetary Sciences,4,47431,0,0,47431,0.0,0.0
1997,19,Earth and Planetary Sciences,5,47431,0,0,47431,0.0,0.0
1997,19,Earth and Planetary Sciences,6,47431,0,0,47431,0.0,0.0
1997,19,Earth and Planetary Sciences,7,47431,0,0,47431,0.0,0.0
1997,19,Earth and Planetary Sciences,8,47431,0,0,47431,0.0,0.0
1997,19,Earth and Planetary Sciences,9,47431,0,0,47431,0.0,0.0
1997,19,Earth and Planetary Sciences,10,47431,0,0,47431,0.0,0.0
1997,19,Earth and Planetary Sciences,11,47431,0,0,47431,0.0,0.0
1997,19,Earth and Planetary Sciences,12,47431,0,0,47431,0.0,0.0
1997,19,Earth and Planetary Sciences,13,47431,0,0,47431,0.0,0.0
1997,19,Earth and Planetary Sciences,14,47431,0,0,47431,0.0,0.0
1997,19,Earth and Planetary Sciences,15,47431,0,0,47431,0.0,0.0
1997,20,"Economics, Econometrics and Finance",0,86913,0,0,86913,0.0,0.0
1997,20,"Economics, Econometrics and Finance",1,86913,0,0,86913,0.0,0.0
1997,20,"Economics, Econometrics and Finance",2,86913,0,0,86913,0.0,0.0
1997,20,"Economics, Econometrics and Finance",3,86913,0,0,86913,0.0,0.0
1997,20,"Economics, Econometrics and Finance",4,86913,0,0,86913,0.0,0.0
1997,20,"Economics, Econometrics and Finance",5,86913,0,0,86913,0.0,0.0
1997,20,"Economics, Econometrics and Finance",6,86913,0,0,86913,0.0,0.0
1997,20,"Economics, Econometrics and Finance",7,86913,0,0,86913,0.0,0.0
1997,20,"Economics, Econometrics and Finance",8,86913,0,0,86913,0.0,0.0
1997,20,"Economics, Econometrics and Finance",9,86913,0,0,86913,0.0,0.0
1997,20,"Economics, Econometrics and Finance",10,86913,0,0,86913,0.0,0.0
1997,20,"Economics, Econometrics and Finance",11,86913,0,0,86913,0.0,0.0
1997,20,"Economics, Econometrics and Finance",12,86913,0,0,86913,0.0,0.0
1997,20,"Economics, Econometrics and Finance",13,86913,0,0,86913,0.0,0.0
1997,20,"Economics, Econometrics and Finance",14,86913,0,0,86913,0.0,0.0
1997,20,"Economics, Econometrics and Finance",15,86913,0,0,86913,0.0,0.0
1997,21,Energy,0,8922,0,0,8922,0.0,0.0
1997,21,Energy,1,8922,0,0,8922,0.0,0.0
1997,21,Energy,2,8922,0,0,8922,0.0,0.0
1997,21,Energy,3,8922,0,0,8922,0.0,0.0
1997,21,Energy,4,8922,0,0,8922,0.0,0.0
1997,21,Energy,5,8922,0,0,8922,0.0,0.0
1997,21,Energy,6,8922,0,0,8922,0.0,0.0
1997,21,Energy,7,8922,0,0,8922,0.0,0.0
1997,21,Energy,8,8922,0,0,8922,0.0,0.0
1997,21,Energy,9,8922,0,0,8922,0.0,0.0
1997,21,Energy,10,8922,0,0,8922,0.0,0.0
1997,21,Energy,11,8922,0,0,8922,0.0,0.0
1997,21,Energy,12,8922,0,0,8922,0.0,0.0
1997,21,Energy,13,8922,0,0,8922,0.0,0.0
1997,21,Energy,14,8922,0,0,8922,0.0,0.0
1997,21,Energy,15,8922,0,0,8922,0.0,0.0
1997,22,Engineering,0,561641,2,0,561641,3.560993588431044e-06,3.560993588431044e-06
1997,22,Engineering,1,561641,0,2,561639,0.0,3.560993588431044e-06
1997,22,Engineering,2,561641,0,2,561639,0.0,3.560993588431044e-06
1997,22,Engineering,3,561641,0,2,561639,0.0,3.560993588431044e-06
1997,22,Engineering,4,561641,0,2,561639,0.0,3.560993588431044e-06
1997,22,Engineering,5,561641,1,2,561639,1.7805031345757684e-06,5.341490382646566e-06
1997,22,Engineering,6,561641,0,3,561638,0.0,5.341490382646566e-06
1997,22,Engineering,7,561641,0,3,561638,0.0,5.341490382646566e-06
1997,22,Engineering,8,561641,0,3,561638,0.0,5.341490382646566e-06
1997,22,Engineering,9,561641,0,3,561638,0.0,5.341490382646566e-06
1997,22,Engineering,10,561641,0,3,561638,0.0,5.341490382646566e-06
1997,22,Engineering,11,561641,0,3,561638,0.0,5.341490382646566e-06
1997,22,Engineering,12,561641,0,3,561638,0.0,5.341490382646566e-06
1997,22,Engineering,13,561641,0,3,561638,0.0,5.341490382646566e-06
1997,22,Engineering,14,561641,0,3,561638,0.0,5.341490382646566e-06
1997,22,Engineering,15,561641,0,3,561638,0.0,5.341490382646566e-06
1997,23,Environmental Science,0,100424,0,0,100424,0.0,0.0
1997,23,Environmental Science,1,100424,0,0,100424,0.0,0.0
1997,23,Environmental Science,2,100424,0,0,100424,0.0,0.0
1997,23,Environmental Science,3,100424,0,0,100424,0.0,0.0
1997,23,Environmental Science,4,100424,0,0,100424,0.0,0.0
1997,23,Environmental Science,5,100424,0,0,100424,0.0,0.0
1997,23,Environmental Science,6,100424,0,0,100424,0.0,0.0
1997,23,Environmental Science,7,100424,0,0,100424,0.0,0.0
1997,23,Environmental Science,8,100424,0,0,100424,0.0,0.0
1997,23,Environmental Science,9,100424,1,0,100424,9.957779016968056e-06,9.957779016968056e-06
1997,23,Environmental Science,10,100424,0,1,100423,0.0,9.957779016968056e-06
1997,23,Environmental Science,11,100424,0,1,100423,0.0,9.957779016968056e-06
1997,23,Environmental Science,12,100424,0,1,100423,0.0,9.957779016968056e-06
1997,23,Environmental Science,13,100424,0,1,100423,0.0,9.957779016968056e-06
1997,23,Environmental Science,14,100424,0,1,100423,0.0,9.957779016968056e-06
1997,23,Environmental Science,15,100424,0,1,100423,0.0,9.957779016968056e-06
1997,24,Immunology and Microbiology,0,28871,0,0,28871,0.0,0.0
1997,24,Immunology and Microbiology,1,28871,0,0,28871,0.0,0.0
1997,24,Immunology and Microbiology,2,28871,2,0,28871,6.927366561601607e-05,6.927366561601607e-05
1997,24,Immunology and Microbiology,3,28871,0,2,28869,0.0,6.927366561601607e-05
1997,24,Immunology and Microbiology,4,28871,0,2,28869,0.0,6.927366561601607e-05
1997,24,Immunology and Microbiology,5,28871,0,2,28869,0.0,6.927366561601607e-05
1997,24,Immunology and Microbiology,6,28871,0,2,28869,0.0,6.927366561601607e-05
1997,24,Immunology and Microbiology,7,28871,0,2,28869,0.0,6.927366561601607e-05
1997,24,Immunology and Microbiology,8,28871,0,2,28869,0.0,6.927366561601607e-05
1997,24,Immunology and Microbiology,9,28871,0,2,28869,0.0,6.927366561601607e-05
1997,24,Immunology and Microbiology,10,28871,0,2,28869,0.0,6.927366561601607e-05
1997,24,Immunology and Microbiology,11,28871,0,2,28869,0.0,6.927366561601607e-05
1997,24,Immunology and Microbiology,12,28871,1,2,28869,3.463923239461013e-05,0.00010391049842402411
1997,24,Immunology and Microbiology,13,28871,0,3,28868,0.0,0.00010391049842402411
1997,24,Immunology and Microbiology,14,28871,0,3,28868,0.0,0.00010391049842402411
1997,24,Immunology and Microbiology,15,28871,0,3,28868,0.0,0.00010391049842402411
1997,25,Materials Science,0,73809,0,0,73809,0.0,0.0
1997,25,Materials Science,1,73809,0,0,73809,0.0,0.0
1997,25,Materials Science,2,73809,0,0,73809,0.0,0.0
1997,25,Materials Science,3,73809,0,0,73809,0.0,0.0
1997,25,Materials Science,4,73809,0,0,73809,0.0,0.0
1997,25,Materials Science,5,73809,0,0,73809,0.0,0.0
1997,25,Materials Science,6,73809,0,0,73809,0.0,0.0
1997,25,Materials Science,7,73809,1,0,73809,1.3548483247300465e-05,1.3548483247300465e-05
1997,25,Materials Science,8,73809,0,1,73808,0.0,1.3548483247300465e-05
1997,25,Materials Science,9,73809,0,1,73808,0.0,1.3548483247300465e-05
1997,25,Materials Science,10,73809,0,1,73808,0.0,1.3548483247300465e-05
1997,25,Materials Science,11,73809,0,1,73808,0.0,1.3548483247300465e-05
1997,25,Materials Science,12,73809,0,1,73808,0.0,1.3548483247300465e-05
1997,25,Materials Science,13,73809,0,1,73808,0.0,1.3548483247300465e-05
1997,25,Materials Science,14,73809,0,1,73808,0.0,1.3548483247300465e-05
1997,25,Materials Science,15,73809,0,1,73808,0.0,1.3548483247300465e-05
1997,26,Mathematics,0,37152,0,0,37152,0.0,0.0
1997,26,Mathematics,1,37152,0,0,37152,0.0,0.0
1997,26,Mathematics,2,37152,0,0,37152,0.0,0.0
1997,26,Mathematics,3,37152,0,0,37152,0.0,0.0
1997,26,Mathematics,4,37152,0,0,37152,0.0,0.0
1997,26,Mathematics,5,37152,0,0,37152,0.0,0.0
1997,26,Mathematics,6,37152,0,0,37152,0.0,0.0
1997,26,Mathematics,7,37152,0,0,37152,0.0,0.0
1997,26,Mathematics,8,37152,0,0,37152,0.0,0.0
1997,26,Mathematics,9,37152,0,0,37152,0.0,0.0
1997,26,Mathematics,10,37152,0,0,37152,0.0,0.0
1997,26,Mathematics,11,37152,0,0,37152,0.0,0.0
1997,26,Mathematics,12,37152,0,0,37152,0.0,0.0
1997,26,Mathematics,13,37152,0,0,37152,0.0,0.0
1997,26,Mathematics,14,37152,0,0,37152,0.0,0.0
1997,26,Mathematics,15,37152,0,0,37152,0.0,0.0
1997,27,Medicine,0,426929,3,0,426929,7.02692953629292e-06,7.02692953629292e-06
1997,27,Medicine,1,426929,7,3,426926,1.6396284133550076e-05,2.3423098454309734e-05
1997,27,Medicine,2,426929,3,10,426919,7.027094132610636e-06,3.0450027990602652e-05
1997,27,Medicine,3,426929,1,13,426916,2.342381171003195e-06,3.2792337836033624e-05
1997,27,Medicine,4,426929,0,14,426915,0.0,3.2792337836033624e-05
1997,27,Medicine,5,426929,0,14,426915,0.0,3.2792337836033624e-05
1997,27,Medicine,6,426929,1,14,426915,2.3423866577655975e-06,3.51346476814646e-05
1997,27,Medicine,7,426929,0,15,426914,0.0,3.51346476814646e-05
1997,27,Medicine,8,426929,1,15,426914,2.342392144553704e-06,3.7476957526895574e-05
1997,27,Medicine,9,426929,0,16,426913,0.0,3.7476957526895574e-05
1997,27,Medicine,10,426929,0,16,426913,0.0,3.7476957526895574e-05
1997,27,Medicine,11,426929,0,16,426913,0.0,3.7476957526895574e-05
1997,27,Medicine,12,426929,0,16,426913,0.0,3.7476957526895574e-05
1997,27,Medicine,13,426929,0,16,426913,0.0,3.7476957526895574e-05
1997,27,Medicine,14,426929,0,16,426913,0.0,3.7476957526895574e-05
1997,27,Medicine,15,426929,5,16,426913,1.1711988156837575e-05,4.918850675405044e-05
1997,28,Neuroscience,0,44446,0,0,44446,0.0,0.0
1997,28,Neuroscience,1,44446,1,0,44446,2.2499212527561534e-05,2.2499212527561534e-05
1997,28,Neuroscience,2,44446,0,1,44445,0.0,2.2499212527561534e-05
1997,28,Neuroscience,3,44446,0,1,44445,0.0,2.2499212527561534e-05
1997,28,Neuroscience,4,44446,0,1,44445,0.0,2.2499212527561534e-05
1997,28,Neuroscience,5,44446,0,1,44445,0.0,2.2499212527561534e-05
1997,28,Neuroscience,6,44446,0,1,44445,0.0,2.2499212527561534e-05
1997,28,Neuroscience,7,44446,0,1,44445,0.0,2.2499212527561534e-05
1997,28,Neuroscience,8,44446,0,1,44445,0.0,2.2499212527561534e-05
1997,28,Neuroscience,9,44446,0,1,44445,0.0,2.2499212527561534e-05
1997,28,Neuroscience,10,44446,0,1,44445,0.0,2.2499212527561534e-05
1997,28,Neuroscience,11,44446,0,1,44445,0.0,2.2499212527561534e-05
1997,28,Neuroscience,12,44446,1,1,44445,2.249971875351558e-05,4.499842505512307e-05
1997,28,Neuroscience,13,44446,0,2,44444,0.0,4.499842505512307e-05
1997,28,Neuroscience,14,44446,0,2,44444,0.0,4.499842505512307e-05
1997,28,Neuroscience,15,44446,0,2,44444,0.0,4.499842505512307e-05
1997,29,Nursing,0,12587,0,0,12587,0.0,0.0
1997,29,Nursing,1,12587,0,0,12587,0.0,0.0
1997,29,Nursing,2,12587,0,0,12587,0.0,0.0
1997,29,Nursing,3,12587,0,0,12587,0.0,0.0
1997,29,Nursing,4,12587,0,0,12587,0.0,0.0
1997,29,Nursing,5,12587,0,0,12587,0.0,0.0
1997,29,Nursing,6,12587,0,0,12587,0.0,0.0
1997,29,Nursing,7,12587,0,0,12587,0.0,0.0
1997,29,Nursing,8,12587,0,0,12587,0.0,0.0
1997,29,Nursing,9,12587,0,0,12587,0.0,0.0
1997,29,Nursing,10,12587,0,0,12587,0.0,0.0
1997,29,Nursing,11,12587,0,0,12587,0.0,0.0
1997,29,Nursing,12,12587,0,0,12587,0.0,0.0
1997,29,Nursing,13,12587,0,0,12587,0.0,0.0
1997,29,Nursing,14,12587,0,0,12587,0.0,0.0
1997,29,Nursing,15,12587,0,0,12587,0.0,0.0
1997,30,"Pharmacology, Toxicology and Pharmaceutics",0,9992,0,0,9992,0.0,0.0
1997,30,"Pharmacology, Toxicology and Pharmaceutics",1,9992,0,0,9992,0.0,0.0
1997,30,"Pharmacology, Toxicology and Pharmaceutics",2,9992,0,0,9992,0.0,0.0
1997,30,"Pharmacology, Toxicology and Pharmaceutics",3,9992,0,0,9992,0.0,0.0
1997,30,"Pharmacology, Toxicology and Pharmaceutics",4,9992,0,0,9992,0.0,0.0
1997,30,"Pharmacology, Toxicology and Pharmaceutics",5,9992,0,0,9992,0.0,0.0
1997,30,"Pharmacology, Toxicology and Pharmaceutics",6,9992,0,0,9992,0.0,0.0
1997,30,"Pharmacology, Toxicology and Pharmaceutics",7,9992,0,0,9992,0.0,0.0
1997,30,"Pharmacology, Toxicology and Pharmaceutics",8,9992,0,0,9992,0.0,0.0
1997,30,"Pharmacology, Toxicology and Pharmaceutics",9,9992,0,0,9992,0.0,0.0
1997,30,"Pharmacology, Toxicology and Pharmaceutics",10,9992,0,0,9992,0.0,0.0
1997,30,"Pharmacology, Toxicology and Pharmaceutics",11,9992,0,0,9992,0.0,0.0
1997,30,"Pharmacology, Toxicology and Pharmaceutics",12,9992,0,0,9992,0.0,0.0
1997,30,"Pharmacology, Toxicology and Pharmaceutics",13,9992,0,0,9992,0.0,0.0
1997,30,"Pharmacology, Toxicology and Pharmaceutics",14,9992,0,0,9992,0.0,0.0
1997,30,"Pharmacology, Toxicology and Pharmaceutics",15,9992,0,0,9992,0.0,0.0
1997,31,Physics and Astronomy,0,116492,0,0,116492,0.0,0.0
1997,31,Physics and Astronomy,1,116492,0,0,116492,0.0,0.0
1997,31,Physics and Astronomy,2,116492,0,0,116492,0.0,0.0
1997,31,Physics and Astronomy,3,116492,0,0,116492,0.0,0.0
1997,31,Physics and Astronomy,4,116492,0,0,116492,0.0,0.0
1997,31,Physics and Astronomy,5,116492,0,0,116492,0.0,0.0
1997,31,Physics and Astronomy,6,116492,0,0,116492,0.0,0.0
1997,31,Physics and Astronomy,7,116492,0,0,116492,0.0,0.0
1997,31,Physics and Astronomy,8,116492,0,0,116492,0.0,0.0
1997,31,Physics and Astronomy,9,116492,0,0,116492,0.0,0.0
1997,31,Physics and Astronomy,10,116492,0,0,116492,0.0,0.0
1997,31,Physics and Astronomy,11,116492,0,0,116492,0.0,0.0
1997,31,Physics and Astronomy,12,116492,0,0,116492,0.0,0.0
1997,31,Physics and Astronomy,13,116492,0,0,116492,0.0,0.0
1997,31,Physics and Astronomy,14,116492,0,0,116492,0.0,0.0
1997,31,Physics and Astronomy,15,116492,0,0,116492,0.0,0.0
1997,32,Psychology,0,61665,0,0,61665,0.0,0.0
1997,32,Psychology,1,61665,0,0,61665,0.0,0.0
1997,32,Psychology,2,61665,0,0,61665,0.0,0.0
1997,32,Psychology,3,61665,0,0,61665,0.0,0.0
1997,32,Psychology,4,61665,1,0,61665,1.621665450417579e-05,1.621665450417579e-05
1997,32,Psychology,5,61665,0,1,61664,0.0,1.621665450417579e-05
1997,32,Psychology,6,61665,0,1,61664,0.0,1.621665450417579e-05
1997,32,Psychology,7,61665,0,1,61664,0.0,1.621665450417579e-05
1997,32,Psychology,8,61665,0,1,61664,0.0,1.621665450417579e-05
1997,32,Psychology,9,61665,0,1,61664,0.0,1.621665450417579e-05
1997,32,Psychology,10,61665,0,1,61664,0.0,1.621665450417579e-05
1997,32,Psychology,11,61665,0,1,61664,0.0,1.621665450417579e-05
1997,32,Psychology,12,61665,0,1,61664,0.0,1.621665450417579e-05
1997,32,Psychology,13,61665,0,1,61664,0.0,1.621665450417579e-05
1997,32,Psychology,14,61665,0,1,61664,0.0,1.621665450417579e-05
1997,32,Psychology,15,61665,0,1,61664,0.0,1.621665450417579e-05
1997,33,Social Sciences,0,345218,2,0,345218,5.793440666477414e-06,5.793440666477414e-06
1997,33,Social Sciences,1,345218,1,2,345216,2.896737115313311e-06,8.690160999716122e-06
1997,33,Social Sciences,2,345218,0,3,345215,0.0,8.690160999716122e-06
1997,33,Social Sciences,3,345218,0,3,345215,0.0,8.690160999716122e-06
1997,33,Social Sciences,4,345218,0,3,345215,0.0,8.690160999716122e-06
1997,33,Social Sciences,5,345218,0,3,345215,0.0,8.690160999716122e-06
1997,33,Social Sciences,6,345218,0,3,345215,0.0,8.690160999716122e-06
1997,33,Social Sciences,7,345218,0,3,345215,0.0,8.690160999716122e-06
1997,33,Social Sciences,8,345218,0,3,345215,0.0,8.690160999716122e-06
1997,33,Social Sciences,9,345218,0,3,345215,0.0,8.690160999716122e-06
1997,33,Social Sciences,10,345218,0,3,345215,0.0,8.690160999716122e-06
1997,33,Social Sciences,11,345218,0,3,345215,0.0,8.690160999716122e-06
1997,33,Social Sciences,12,345218,0,3,345215,0.0,8.690160999716122e-06
1997,33,Social Sciences,13,345218,0,3,345215,0.0,8.690160999716122e-06
1997,33,Social Sciences,14,345218,0,3,345215,0.0,8.690160999716122e-06
1997,33,Social Sciences,15,345218,0,3,345215,0.0,8.690160999716122e-06
1997,34,Veterinary,0,4619,0,0,4619,0.0,0.0
1997,34,Veterinary,1,4619,0,0,4619,0.0,0.0
1997,34,Veterinary,2,4619,0,0,4619,0.0,0.0
1997,34,Veterinary,3,4619,0,0,4619,0.0,0.0
1997,34,Veterinary,4,4619,0,0,4619,0.0,0.0
1997,34,Veterinary,5,4619,0,0,4619,0.0,0.0
1997,34,Veterinary,6,4619,0,0,4619,0.0,0.0
1997,34,Veterinary,7,4619,0,0,4619,0.0,0.0
1997,34,Veterinary,8,4619,0,0,4619,0.0,0.0
1997,34,Veterinary,9,4619,0,0,4619,0.0,0.0
1997,34,Veterinary,10,4619,0,0,4619,0.0,0.0
1997,34,Veterinary,11,4619,0,0,4619,0.0,0.0
1997,34,Veterinary,12,4619,0,0,4619,0.0,0.0
1997,34,Veterinary,13,4619,0,0,4619,0.0,0.0
1997,34,Veterinary,14,4619,0,0,4619,0.0,0.0
1997,34,Veterinary,15,4619,0,0,4619,0.0,0.0
1997,35,Dentistry,0,6821,0,0,6821,0.0,0.0
1997,35,Dentistry,1,6821,0,0,6821,0.0,0.0
1997,35,Dentistry,2,6821,0,0,6821,0.0,0.0
1997,35,Dentistry,3,6821,0,0,6821,0.0,0.0
1997,35,Dentistry,4,6821,0,0,6821,0.0,0.0
1997,35,Dentistry,5,6821,0,0,6821,0.0,0.0
1997,35,Dentistry,6,6821,0,0,6821,0.0,0.0
1997,35,Dentistry,7,6821,0,0,6821,0.0,0.0
1997,35,Dentistry,8,6821,0,0,6821,0.0,0.0
1997,35,Dentistry,9,6821,0,0,6821,0.0,0.0
1997,35,Dentistry,10,6821,0,0,6821,0.0,0.0
1997,35,Dentistry,11,6821,0,0,6821,0.0,0.0
1997,35,Dentistry,12,6821,0,0,6821,0.0,0.0
1997,35,Dentistry,13,6821,0,0,6821,0.0,0.0
1997,35,Dentistry,14,6821,0,0,6821,0.0,0.0
1997,35,Dentistry,15,6821,0,0,6821,0.0,0.0
1997,36,Health Professions,0,59759,0,0,59759,0.0,0.0
1997,36,Health Professions,1,59759,0,0,59759,0.0,0.0
1997,36,Health Professions,2,59759,0,0,59759,0.0,0.0
1997,36,Health Professions,3,59759,0,0,59759,0.0,0.0
1997,36,Health Professions,4,59759,0,0,59759,0.0,0.0
1997,36,Health Professions,5,59759,0,0,59759,0.0,0.0
1997,36,Health Professions,6,59759,0,0,59759,0.0,0.0
1997,36,Health Professions,7,59759,0,0,59759,0.0,0.0
1997,36,Health Professions,8,59759,0,0,59759,0.0,0.0
1997,36,Health Professions,9,59759,0,0,59759,0.0,0.0
1997,36,Health Professions,10,59759,0,0,59759,0.0,0.0
1997,36,Health Professions,11,59759,0,0,59759,0.0,0.0
1997,36,Health Professions,12,59759,0,0,59759,0.0,0.0
1997,36,Health Professions,13,59759,0,0,59759,0.0,0.0
1997,36,Health Professions,14,59759,0,0,59759,0.0,0.0
1997,36,Health Professions,15,59759,0,0,59759,0.0,0.0
1998,11,Agricultural and Biological Sciences,0,127225,0,0,127225,0.0,0.0
1998,11,Agricultural and Biological Sciences,1,127225,0,0,127225,0.0,0.0
1998,11,Agricultural and Biological Sciences,2,127225,1,0,127225,7.860090391039496e-06,7.860090391039496e-06
1998,11,Agricultural and Biological Sciences,3,127225,0,1,127224,0.0,7.860090391039496e-06
1998,11,Agricultural and Biological Sciences,4,127225,0,1,127224,0.0,7.860090391039496e-06
1998,11,Agricultural and Biological Sciences,5,127225,0,1,127224,0.0,7.860090391039496e-06
1998,11,Agricultural and Biological Sciences,6,127225,0,1,127224,0.0,7.860090391039496e-06
1998,11,Agricultural and Biological Sciences,7,127225,0,1,127224,0.0,7.860090391039496e-06
1998,11,Agricultural and Biological Sciences,8,127225,0,1,127224,0.0,7.860090391039496e-06
1998,11,Agricultural and Biological Sciences,9,127225,0,1,127224,0.0,7.860090391039496e-06
1998,11,Agricultural and Biological Sciences,10,127225,0,1,127224,0.0,7.860090391039496e-06
1998,11,Agricultural and Biological Sciences,11,127225,0,1,127224,0.0,7.860090391039496e-06
1998,11,Agricultural and Biological Sciences,12,127225,0,1,127224,0.0,7.860090391039496e-06
1998,11,Agricultural and Biological Sciences,13,127225,0,1,127224,0.0,7.860090391039496e-06
1998,11,Agricultural and Biological Sciences,14,127225,0,1,127224,0.0,7.860090391039496e-06
1998,11,Agricultural and Biological Sciences,15,127225,0,1,127224,0.0,7.860090391039496e-06
1998,12,Arts and Humanities,0,198072,0,0,198072,0.0,0.0
1998,12,Arts and Humanities,1,198072,0,0,198072,0.0,0.0
1998,12,Arts and Humanities,2,198072,0,0,198072,0.0,0.0
1998,12,Arts and Humanities,3,198072,0,0,198072,0.0,0.0
1998,12,Arts and Humanities,4,198072,0,0,198072,0.0,0.0
1998,12,Arts and Humanities,5,198072,0,0,198072,0.0,0.0
1998,12,Arts and Humanities,6,198072,0,0,198072,0.0,0.0
1998,12,Arts and Humanities,7,198072,0,0,198072,0.0,0.0
1998,12,Arts and Humanities,8,198072,0,0,198072,0.0,0.0
1998,12,Arts and Humanities,9,198072,0,0,198072,0.0,0.0
1998,12,Arts and Humanities,10,198072,0,0,198072,0.0,0.0
1998,12,Arts and Humanities,11,198072,0,0,198072,0.0,0.0
1998,12,Arts and Humanities,12,198072,0,0,198072,0.0,0.0
1998,12,Arts and Humanities,13,198072,0,0,198072,0.0,0.0
1998,12,Arts and Humanities,14,198072,0,0,198072,0.0,0.0
1998,12,Arts and Humanities,15,198072,0,0,198072,0.0,0.0
1998,13,"Biochemistry, Genetics and Molecular Biology",0,159948,0,0,159948,0.0,0.0
1998,13,"Biochemistry, Genetics and Molecular Biology",1,159948,3,0,159948,1.875609573111261e-05,1.875609573111261e-05
1998,13,"Biochemistry, Genetics and Molecular Biology",2,159948,0,3,159945,0.0,1.875609573111261e-05
1998,13,"Biochemistry, Genetics and Molecular Biology",3,159948,0,3,159945,0.0,1.875609573111261e-05
1998,13,"Biochemistry, Genetics and Molecular Biology",4,159948,0,3,159945,0.0,1.875609573111261e-05
1998,13,"Biochemistry, Genetics and Molecular Biology",5,159948,1,3,159945,6.252149176279346e-06,2.500812764148348e-05
1998,13,"Biochemistry, Genetics and Molecular Biology",6,159948,0,4,159944,0.0,2.500812764148348e-05
1998,13,"Biochemistry, Genetics and Molecular Biology",7,159948,1,4,159944,6.2521882658930626e-06,3.1260159551854356e-05
1998,13,"Biochemistry, Genetics and Molecular Biology",8,159948,0,5,159943,0.0,3.1260159551854356e-05
1998,13,"Biochemistry, Genetics and Molecular Biology",9,159948,0,5,159943,0.0,3.1260159551854356e-05
1998,13,"Biochemistry, Genetics and Molecular Biology",10,159948,0,5,159943,0.0,3.1260159551854356e-05
1998,13,"Biochemistry, Genetics and Molecular Biology",11,159948,0,5,159943,0.0,3.1260159551854356e-05
1998,13,"Biochemistry, Genetics and Molecular Biology",12,159948,0,5,159943,0.0,3.1260159551854356e-05
1998,13,"Biochemistry, Genetics and Molecular Biology",13,159948,0,5,159943,0.0,3.1260159551854356e-05
1998,13,"Biochemistry, Genetics and Molecular Biology",14,159948,0,5,159943,0.0,3.1260159551854356e-05
1998,13,"Biochemistry, Genetics and Molecular Biology",15,159948,2,5,159943,1.2504454711991146e-05,4.376422337259609e-05
1998,14,"Business, Management and Accounting",0,63073,1,0,63073,1.5854644618140883e-05,1.5854644618140883e-05
1998,14,"Business, Management and Accounting",1,63073,0,1,63072,0.0,1.5854644618140883e-05
1998,14,"Business, Management and Accounting",2,63073,0,1,63072,0.0,1.5854644618140883e-05
1998,14,"Business, Management and Accounting",3,63073,0,1,63072,0.0,1.5854644618140883e-05
1998,14,"Business, Management and Accounting",4,63073,0,1,63072,0.0,1.5854644618140883e-05
1998,14,"Business, Management and Accounting",5,63073,0,1,63072,0.0,1.5854644618140883e-05
1998,14,"Business, Management and Accounting",6,63073,0,1,63072,0.0,1.5854644618140883e-05
1998,14,"Business, Management and Accounting",7,63073,0,1,63072,0.0,1.5854644618140883e-05
1998,14,"Business, Management and Accounting",8,63073,0,1,63072,0.0,1.5854644618140883e-05
1998,14,"Business, Management and Accounting",9,63073,0,1,63072,0.0,1.5854644618140883e-05
1998,14,"Business, Management and Accounting",10,63073,0,1,63072,0.0,1.5854644618140883e-05
1998,14,"Business, Management and Accounting",11,63073,0,1,63072,0.0,1.5854644618140883e-05
1998,14,"Business, Management and Accounting",12,63073,0,1,63072,0.0,1.5854644618140883e-05
1998,14,"Business, Management and Accounting",13,63073,0,1,63072,0.0,1.5854644618140883e-05
1998,14,"Business, Management and Accounting",14,63073,0,1,63072,0.0,1.5854644618140883e-05
1998,14,"Business, Management and Accounting",15,63073,0,1,63072,0.0,1.5854644618140883e-05
1998,15,Chemical Engineering,0,9092,0,0,9092,0.0,0.0
1998,15,Chemical Engineering,1,9092,0,0,9092,0.0,0.0
1998,15,Chemical Engineering,2,9092,0,0,9092,0.0,0.0
1998,15,Chemical Engineering,3,9092,0,0,9092,0.0,0.0
1998,15,Chemical Engineering,4,9092,0,0,9092,0.0,0.0
1998,15,Chemical Engineering,5,9092,0,0,9092,0.0,0.0
1998,15,Chemical Engineering,6,9092,0,0,9092,0.0,0.0
1998,15,Chemical Engineering,7,9092,0,0,9092,0.0,0.0
1998,15,Chemical Engineering,8,9092,0,0,9092,0.0,0.0
1998,15,Chemical Engineering,9,9092,0,0,9092,0.0,0.0
1998,15,Chemical Engineering,10,9092,0,0,9092,0.0,0.0
1998,15,Chemical Engineering,11,9092,0,0,9092,0.0,0.0
1998,15,Chemical Engineering,12,9092,0,0,9092,0.0,0.0
1998,15,Chemical Engineering,13,9092,0,0,9092,0.0,0.0
1998,15,Chemical Engineering,14,9092,0,0,9092,0.0,0.0
1998,15,Chemical Engineering,15,9092,0,0,9092,0.0,0.0
1998,16,Chemistry,0,74076,0,0,74076,0.0,0.0
1998,16,Chemistry,1,74076,0,0,74076,0.0,0.0
1998,16,Chemistry,2,74076,0,0,74076,0.0,0.0
1998,16,Chemistry,3,74076,0,0,74076,0.0,0.0
1998,16,Chemistry,4,74076,0,0,74076,0.0,0.0
1998,16,Chemistry,5,74076,0,0,74076,0.0,0.0
1998,16,Chemistry,6,74076,0,0,74076,0.0,0.0
1998,16,Chemistry,7,74076,0,0,74076,0.0,0.0
1998,16,Chemistry,8,74076,0,0,74076,0.0,0.0
1998,16,Chemistry,9,74076,0,0,74076,0.0,0.0
1998,16,Chemistry,10,74076,0,0,74076,0.0,0.0
1998,16,Chemistry,11,74076,0,0,74076,0.0,0.0
1998,16,Chemistry,12,74076,0,0,74076,0.0,0.0
1998,16,Chemistry,13,74076,0,0,74076,0.0,0.0
1998,16,Chemistry,14,74076,0,0,74076,0.0,0.0
1998,16,Chemistry,15,74076,0,0,74076,0.0,0.0
1998,17,Computer Science,0,113707,2,0,113707,1.758906663617895e-05,1.758906663617895e-05
1998,17,Computer Science,1,113707,0,2,113705,0.0,1.758906663617895e-05
1998,17,Computer Science,2,113707,0,2,113705,0.0,1.758906663617895e-05
1998,17,Computer Science,3,113707,0,2,113705,0.0,1.758906663617895e-05
1998,17,Computer Science,4,113707,2,2,113705,1.75893760168858e-05,3.51781332723579e-05
1998,17,Computer Science,5,113707,0,4,113703,0.0,3.51781332723579e-05
1998,17,Computer Science,6,113707,0,4,113703,0.0,3.51781332723579e-05
1998,17,Computer Science,7,113707,0,4,113703,0.0,3.51781332723579e-05
1998,17,Computer Science,8,113707,0,4,113703,0.0,3.51781332723579e-05
1998,17,Computer Science,9,113707,0,4,113703,0.0,3.51781332723579e-05
1998,17,Computer Science,10,113707,0,4,113703,0.0,3.51781332723579e-05
1998,17,Computer Science,11,113707,0,4,113703,0.0,3.51781332723579e-05
1998,17,Computer Science,12,113707,0,4,113703,0.0,3.51781332723579e-05
1998,17,Computer Science,13,113707,0,4,113703,0.0,3.51781332723579e-05
1998,17,Computer Science,14,113707,0,4,113703,0.0,3.51781332723579e-05
1998,17,Computer Science,15,113707,0,4,113703,0.0,3.51781332723579e-05
1998,18,Decision Sciences,0,21441,0,0,21441,0.0,0.0
1998,18,Decision Sciences,1,21441,0,0,21441,0.0,0.0
1998,18,Decision Sciences,2,21441,0,0,21441,0.0,0.0
1998,18,Decision Sciences,3,21441,0,0,21441,0.0,0.0
1998,18,Decision Sciences,4,21441,0,0,21441,0.0,0.0
1998,18,Decision Sciences,5,21441,0,0,21441,0.0,0.0
1998,18,Decision Sciences,6,21441,0,0,21441,0.0,0.0
1998,18,Decision Sciences,7,21441,0,0,21441,0.0,0.0
1998,18,Decision Sciences,8,21441,0,0,21441,0.0,0.0
1998,18,Decision Sciences,9,21441,0,0,21441,0.0,0.0
1998,18,Decision Sciences,10,21441,0,0,21441,0.0,0.0
1998,18,Decision Sciences,11,21441,0,0,21441,0.0,0.0
1998,18,Decision Sciences,12,21441,0,0,21441,0.0,0.0
1998,18,Decision Sciences,13,21441,0,0,21441,0.0,0.0
1998,18,Decision Sciences,14,21441,0,0,21441,0.0,0.0
1998,18,Decision Sciences,15,21441,0,0,21441,0.0,0.0
1998,19,Earth and Planetary Sciences,0,48495,0,0,48495,0.0,0.0
1998,19,Earth and Planetary Sciences,1,48495,0,0,48495,0.0,0.0
1998,19,Earth and Planetary Sciences,2,48495,0,0,48495,0.0,0.0
1998,19,Earth and Planetary Sciences,3,48495,0,0,48495,0.0,0.0
1998,19,Earth and Planetary Sciences,4,48495,0,0,48495,0.0,0.0
1998,19,Earth and Planetary Sciences,5,48495,0,0,48495,0.0,0.0
1998,19,Earth and Planetary Sciences,6,48495,0,0,48495,0.0,0.0
1998,19,Earth and Planetary Sciences,7,48495,0,0,48495,0.0,0.0
1998,19,Earth and Planetary Sciences,8,48495,0,0,48495,0.0,0.0
1998,19,Earth and Planetary Sciences,9,48495,0,0,48495,0.0,0.0
1998,19,Earth and Planetary Sciences,10,48495,0,0,48495,0.0,0.0
1998,19,Earth and Planetary Sciences,11,48495,0,0,48495,0.0,0.0
1998,19,Earth and Planetary Sciences,12,48495,0,0,48495,0.0,0.0
1998,19,Earth and Planetary Sciences,13,48495,0,0,48495,0.0,0.0
1998,19,Earth and Planetary Sciences,14,48495,0,0,48495,0.0,0.0
1998,19,Earth and Planetary Sciences,15,48495,0,0,48495,0.0,0.0
1998,20,"Economics, Econometrics and Finance",0,89927,0,0,89927,0.0,0.0
1998,20,"Economics, Econometrics and Finance",1,89927,0,0,89927,0.0,0.0
1998,20,"Economics, Econometrics and Finance",2,89927,0,0,89927,0.0,0.0
1998,20,"Economics, Econometrics and Finance",3,89927,0,0,89927,0.0,0.0
1998,20,"Economics, Econometrics and Finance",4,89927,0,0,89927,0.0,0.0
1998,20,"Economics, Econometrics and Finance",5,89927,0,0,89927,0.0,0.0
1998,20,"Economics, Econometrics and Finance",6,89927,0,0,89927,0.0,0.0
1998,20,"Economics, Econometrics and Finance",7,89927,0,0,89927,0.0,0.0
1998,20,"Economics, Econometrics and Finance",8,89927,0,0,89927,0.0,0.0
1998,20,"Economics, Econometrics and Finance",9,89927,0,0,89927,0.0,0.0
1998,20,"Economics, Econometrics and Finance",10,89927,0,0,89927,0.0,0.0
1998,20,"Economics, Econometrics and Finance",11,89927,0,0,89927,0.0,0.0
1998,20,"Economics, Econometrics and Finance",12,89927,0,0,89927,0.0,0.0
1998,20,"Economics, Econometrics and Finance",13,89927,0,0,89927,0.0,0.0
1998,20,"Economics, Econometrics and Finance",14,89927,0,0,89927,0.0,0.0
1998,20,"Economics, Econometrics and Finance",15,89927,0,0,89927,0.0,0.0
1998,21,Energy,0,9917,0,0,9917,0.0,0.0
1998,21,Energy,1,9917,0,0,9917,0.0,0.0
1998,21,Energy,2,9917,0,0,9917,0.0,0.0
1998,21,Energy,3,9917,0,0,9917,0.0,0.0
1998,21,Energy,4,9917,0,0,9917,0.0,0.0
1998,21,Energy,5,9917,0,0,9917,0.0,0.0
1998,21,Energy,6,9917,0,0,9917,0.0,0.0
1998,21,Energy,7,9917,0,0,9917,0.0,0.0
1998,21,Energy,8,9917,0,0,9917,0.0,0.0
1998,21,Energy,9,9917,0,0,9917,0.0,0.0
1998,21,Energy,10,9917,0,0,9917,0.0,0.0
1998,21,Energy,11,9917,0,0,9917,0.0,0.0
1998,21,Energy,12,9917,0,0,9917,0.0,0.0
1998,21,Energy,13,9917,0,0,9917,0.0,0.0
1998,21,Energy,14,9917,0,0,9917,0.0,0.0
1998,21,Energy,15,9917,0,0,9917,0.0,0.0
1998,22,Engineering,0,591919,2,0,591919,3.378840685972236e-06,3.378840685972236e-06
1998,22,Engineering,1,591919,0,2,591917,0.0,3.378840685972236e-06
1998,22,Engineering,2,591919,0,2,591917,0.0,3.378840685972236e-06
1998,22,Engineering,3,591919,0,2,591917,0.0,3.378840685972236e-06
1998,22,Engineering,4,591919,0,2,591917,0.0,3.378840685972236e-06
1998,22,Engineering,5,591919,0,2,591917,0.0,3.378840685972236e-06
1998,22,Engineering,6,591919,0,2,591917,0.0,3.378840685972236e-06
1998,22,Engineering,7,591919,0,2,591917,0.0,3.378840685972236e-06
1998,22,Engineering,8,591919,0,2,591917,0.0,3.378840685972236e-06
1998,22,Engineering,9,591919,0,2,591917,0.0,3.378840685972236e-06
1998,22,Engineering,10,591919,0,2,591917,0.0,3.378840685972236e-06
1998,22,Engineering,11,591919,0,2,591917,0.0,3.378840685972236e-06
1998,22,Engineering,12,591919,0,2,591917,0.0,3.378840685972236e-06
1998,22,Engineering,13,591919,0,2,591917,0.0,3.378840685972236e-06
1998,22,Engineering,14,591919,1,2,591917,1.689426051287596e-06,5.068261028958354e-06
1998,22,Engineering,15,591919,1,3,591916,1.6894289054528007e-06,6.757681371944472e-06
1998,23,Environmental Science,0,107332,1,0,107332,9.316885924048747e-06,9.316885924048747e-06
1998,23,Environmental Science,1,107332,0,1,107331,0.0,9.316885924048747e-06
1998,23,Environmental Science,2,107332,1,1,107331,9.316972729220821e-06,1.8633771848097493e-05
1998,23,Environmental Science,3,107332,0,2,107330,0.0,1.8633771848097493e-05
1998,23,Environmental Science,4,107332,0,2,107330,0.0,1.8633771848097493e-05
1998,23,Environmental Science,5,107332,0,2,107330,0.0,1.8633771848097493e-05
1998,23,Environmental Science,6,107332,0,2,107330,0.0,1.8633771848097493e-05
1998,23,Environmental Science,7,107332,0,2,107330,0.0,1.8633771848097493e-05
1998,23,Environmental Science,8,107332,0,2,107330,0.0,1.8633771848097493e-05
1998,23,Environmental Science,9,107332,0,2,107330,0.0,1.8633771848097493e-05
1998,23,Environmental Science,10,107332,0,2,107330,0.0,1.8633771848097493e-05
1998,23,Environmental Science,11,107332,0,2,107330,0.0,1.8633771848097493e-05
1998,23,Environmental Science,12,107332,0,2,107330,0.0,1.8633771848097493e-05
1998,23,Environmental Science,13,107332,0,2,107330,0.0,1.8633771848097493e-05
1998,23,Environmental Science,14,107332,0,2,107330,0.0,1.8633771848097493e-05
1998,23,Environmental Science,15,107332,0,2,107330,0.0,1.8633771848097493e-05
1998,24,Immunology and Microbiology,0,30225,0,0,30225,0.0,0.0
1998,24,Immunology and Microbiology,1,30225,0,0,30225,0.0,0.0
1998,24,Immunology and Microbiology,2,30225,1,0,30225,3.3085194375516956e-05,3.3085194375516956e-05
1998,24,Immunology and Microbiology,3,30225,0,1,30224,0.0,3.3085194375516956e-05
1998,24,Immunology and Microbiology,4,30225,0,1,30224,0.0,3.3085194375516956e-05
1998,24,Immunology and Microbiology,5,30225,0,1,30224,0.0,3.3085194375516956e-05
1998,24,Immunology and Microbiology,6,30225,0,1,30224,0.0,3.3085194375516956e-05
1998,24,Immunology and Microbiology,7,30225,0,1,30224,0.0,3.3085194375516956e-05
1998,24,Immunology and Microbiology,8,30225,0,1,30224,0.0,3.3085194375516956e-05
1998,24,Immunology and Microbiology,9,30225,0,1,30224,0.0,3.3085194375516956e-05
1998,24,Immunology and Microbiology,10,30225,2,1,30224,6.617257808364214e-05,9.925558312655087e-05
1998,24,Immunology and Microbiology,11,30225,1,3,30222,3.3088478591754354e-05,0.00013234077750206782
1998,24,Immunology and Microbiology,12,30225,0,4,30221,0.0,0.00013234077750206782
1998,24,Immunology and Microbiology,13,30225,0,4,30221,0.0,0.00013234077750206782
1998,24,Immunology and Microbiology,14,30225,0,4,30221,0.0,0.00013234077750206782
1998,24,Immunology and Microbiology,15,30225,0,4,30221,0.0,0.00013234077750206782
1998,25,Materials Science,0,78564,0,0,78564,0.0,0.0
1998,25,Materials Science,1,78564,0,0,78564,0.0,0.0
1998,25,Materials Science,2,78564,0,0,78564,0.0,0.0
1998,25,Materials Science,3,78564,0,0,78564,0.0,0.0
1998,25,Materials Science,4,78564,0,0,78564,0.0,0.0
1998,25,Materials Science,5,78564,0,0,78564,0.0,0.0
1998,25,Materials Science,6,78564,0,0,78564,0.0,0.0
1998,25,Materials Science,7,78564,0,0,78564,0.0,0.0
1998,25,Materials Science,8,78564,0,0,78564,0.0,0.0
1998,25,Materials Science,9,78564,0,0,78564,0.0,0.0
1998,25,Materials Science,10,78564,0,0,78564,0.0,0.0
1998,25,Materials Science,11,78564,0,0,78564,0.0,0.0
1998,25,Materials Science,12,78564,0,0,78564,0.0,0.0
1998,25,Materials Science,13,78564,0,0,78564,0.0,0.0
1998,25,Materials Science,14,78564,0,0,78564,0.0,0.0
1998,25,Materials Science,15,78564,0,0,78564,0.0,0.0
1998,26,Mathematics,0,38364,0,0,38364,0.0,0.0
1998,26,Mathematics,1,38364,0,0,38364,0.0,0.0
1998,26,Mathematics,2,38364,0,0,38364,0.0,0.0
1998,26,Mathematics,3,38364,1,0,38364,2.6066103638828067e-05,2.6066103638828067e-05
1998,26,Mathematics,4,38364,0,1,38363,0.0,2.6066103638828067e-05
1998,26,Mathematics,5,38364,0,1,38363,0.0,2.6066103638828067e-05
1998,26,Mathematics,6,38364,0,1,38363,0.0,2.6066103638828067e-05
1998,26,Mathematics,7,38364,0,1,38363,0.0,2.6066103638828067e-05
1998,26,Mathematics,8,38364,0,1,38363,0.0,2.6066103638828067e-05
1998,26,Mathematics,9,38364,0,1,38363,0.0,2.6066103638828067e-05
1998,26,Mathematics,10,38364,0,1,38363,0.0,2.6066103638828067e-05
1998,26,Mathematics,11,38364,0,1,38363,0.0,2.6066103638828067e-05
1998,26,Mathematics,12,38364,0,1,38363,0.0,2.6066103638828067e-05
1998,26,Mathematics,13,38364,0,1,38363,0.0,2.6066103638828067e-05
1998,26,Mathematics,14,38364,0,1,38363,0.0,2.6066103638828067e-05
1998,26,Mathematics,15,38364,0,1,38363,0.0,2.6066103638828067e-05
1998,27,Medicine,0,468802,2,0,468802,4.266193403611759e-06,4.266193403611759e-06
1998,27,Medicine,1,468802,1,2,468800,2.1331058020477816e-06,6.399290105417639e-06
1998,27,Medicine,2,468802,0,3,468799,0.0,6.399290105417639e-06
1998,27,Medicine,3,468802,0,3,468799,0.0,6.399290105417639e-06
1998,27,Medicine,4,468802,1,3,468799,2.13311035219785e-06,8.532386807223518e-06
1998,27,Medicine,5,468802,1,4,468798,2.133114902367331e-06,1.0665483509029398e-05
1998,27,Medicine,6,468802,6,5,468797,1.2798716715337342e-05,2.3464063719864676e-05
1998,27,Medicine,7,468802,0,11,468791,0.0,2.3464063719864676e-05
1998,27,Medicine,8,468802,2,11,468791,4.266293508194483e-06,2.7730257123476435e-05
1998,27,Medicine,9,468802,1,13,468789,2.1331558547662166e-06,2.9863353825282314e-05
1998,27,Medicine,10,468802,1,14,468788,2.1331604051298243e-06,3.1996450527088194e-05
1998,27,Medicine,11,468802,2,15,468787,4.2663299110256896e-06,3.626264393069995e-05
1998,27,Medicine,12,468802,2,17,468785,4.266348112674254e-06,4.052883733431171e-05
1998,27,Medicine,13,468802,0,19,468783,0.0,4.052883733431171e-05
1998,27,Medicine,14,468802,1,19,468783,2.1331831572390636e-06,4.266193403611759e-05
1998,27,Medicine,15,468802,27,20,468782,5.759606810841713e-05,0.00010025554498487634
1998,28,Neuroscience,0,46576,1,0,46576,2.1470285125386466e-05,2.1470285125386466e-05
1998,28,Neuroscience,1,46576,0,1,46575,0.0,2.1470285125386466e-05
1998,28,Neuroscience,2,46576,0,1,46575,0.0,2.1470285125386466e-05
1998,28,Neuroscience,3,46576,0,1,46575,0.0,2.1470285125386466e-05
1998,28,Neuroscience,4,46576,0,1,46575,0.0,2.1470285125386466e-05
1998,28,Neuroscience,5,46576,0,1,46575,0.0,2.1470285125386466e-05
1998,28,Neuroscience,6,46576,0,1,46575,0.0,2.1470285125386466e-05
1998,28,Neuroscience,7,46576,0,1,46575,0.0,2.1470285125386466e-05
1998,28,Neuroscience,8,46576,0,1,46575,0.0,2.1470285125386466e-05
1998,28,Neuroscience,9,46576,0,1,46575,0.0,2.1470285125386466e-05
1998,28,Neuroscience,10,46576,0,1,46575,0.0,2.1470285125386466e-05
1998,28,Neuroscience,11,46576,0,1,46575,0.0,2.1470285125386466e-05
1998,28,Neuroscience,12,46576,0,1,46575,0.0,2.1470285125386466e-05
1998,28,Neuroscience,13,46576,0,1,46575,0.0,2.1470285125386466e-05
1998,28,Neuroscience,14,46576,0,1,46575,0.0,2.1470285125386466e-05
1998,28,Neuroscience,15,46576,0,1,46575,0.0,2.1470285125386466e-05
1998,29,Nursing,0,13152,0,0,13152,0.0,0.0
1998,29,Nursing,1,13152,0,0,13152,0.0,0.0
1998,29,Nursing,2,13152,0,0,13152,0.0,0.0
1998,29,Nursing,3,13152,0,0,13152,0.0,0.0
1998,29,Nursing,4,13152,0,0,13152,0.0,0.0
1998,29,Nursing,5,13152,0,0,13152,0.0,0.0
1998,29,Nursing,6,13152,0,0,13152,0.0,0.0
1998,29,Nursing,7,13152,0,0,13152,0.0,0.0
1998,29,Nursing,8,13152,0,0,13152,0.0,0.0
1998,29,Nursing,9,13152,0,0,13152,0.0,0.0
1998,29,Nursing,10,13152,0,0,13152,0.0,0.0
1998,29,Nursing,11,13152,0,0,13152,0.0,0.0
1998,29,Nursing,12,13152,0,0,13152,0.0,0.0
1998,29,Nursing,13,13152,0,0,13152,0.0,0.0
1998,29,Nursing,14,13152,0,0,13152,0.0,0.0
1998,29,Nursing,15,13152,0,0,13152,0.0,0.0
1998,30,"Pharmacology, Toxicology and Pharmaceutics",0,11008,0,0,11008,0.0,0.0
1998,30,"Pharmacology, Toxicology and Pharmaceutics",1,11008,0,0,11008,0.0,0.0
1998,30,"Pharmacology, Toxicology and Pharmaceutics",2,11008,0,0,11008,0.0,0.0
1998,30,"Pharmacology, Toxicology and Pharmaceutics",3,11008,0,0,11008,0.0,0.0
1998,30,"Pharmacology, Toxicology and Pharmaceutics",4,11008,0,0,11008,0.0,0.0
1998,30,"Pharmacology, Toxicology and Pharmaceutics",5,11008,0,0,11008,0.0,0.0
1998,30,"Pharmacology, Toxicology and Pharmaceutics",6,11008,0,0,11008,0.0,0.0
1998,30,"Pharmacology, Toxicology and Pharmaceutics",7,11008,0,0,11008,0.0,0.0
1998,30,"Pharmacology, Toxicology and Pharmaceutics",8,11008,0,0,11008,0.0,0.0
1998,30,"Pharmacology, Toxicology and Pharmaceutics",9,11008,0,0,11008,0.0,0.0
1998,30,"Pharmacology, Toxicology and Pharmaceutics",10,11008,0,0,11008,0.0,0.0
1998,30,"Pharmacology, Toxicology and Pharmaceutics",11,11008,0,0,11008,0.0,0.0
1998,30,"Pharmacology, Toxicology and Pharmaceutics",12,11008,0,0,11008,0.0,0.0
1998,30,"Pharmacology, Toxicology and Pharmaceutics",13,11008,0,0,11008,0.0,0.0
1998,30,"Pharmacology, Toxicology and Pharmaceutics",14,11008,0,0,11008,0.0,0.0
1998,30,"Pharmacology, Toxicology and Pharmaceutics",15,11008,0,0,11008,0.0,0.0
1998,31,Physics and Astronomy,0,121692,0,0,121692,0.0,0.0
1998,31,Physics and Astronomy,1,121692,0,0,121692,0.0,0.0
1998,31,Physics and Astronomy,2,121692,0,0,121692,0.0,0.0
1998,31,Physics and Astronomy,3,121692,0,0,121692,0.0,0.0
1998,31,Physics and Astronomy,4,121692,0,0,121692,0.0,0.0
1998,31,Physics and Astronomy,5,121692,0,0,121692,0.0,0.0
1998,31,Physics and Astronomy,6,121692,1,0,121692,8.217467047957137e-06,8.217467047957137e-06
1998,31,Physics and Astronomy,7,121692,0,1,121691,0.0,8.217467047957137e-06
1998,31,Physics and Astronomy,8,121692,0,1,121691,0.0,8.217467047957137e-06
1998,31,Physics and Astronomy,9,121692,0,1,121691,0.0,8.217467047957137e-06
1998,31,Physics and Astronomy,10,121692,0,1,121691,0.0,8.217467047957137e-06
1998,31,Physics and Astronomy,11,121692,0,1,121691,0.0,8.217467047957137e-06
1998,31,Physics and Astronomy,12,121692,0,1,121691,0.0,8.217467047957137e-06
1998,31,Physics and Astronomy,13,121692,0,1,121691,0.0,8.217467047957137e-06
1998,31,Physics and Astronomy,14,121692,0,1,121691,0.0,8.217467047957137e-06
1998,31,Physics and Astronomy,15,121692,0,1,121691,0.0,8.217467047957137e-06
1998,32,Psychology,0,65989,0,0,65989,0.0,0.0
1998,32,Psychology,1,65989,1,0,65989,1.5154040824985983e-05,1.5154040824985983e-05
1998,32,Psychology,2,65989,0,1,65988,0.0,1.5154040824985983e-05
1998,32,Psychology,3,65989,0,1,65988,0.0,1.5154040824985983e-05
1998,32,Psychology,4,65989,0,1,65988,0.0,1.5154040824985983e-05
1998,32,Psychology,5,65989,0,1,65988,0.0,1.5154040824985983e-05
1998,32,Psychology,6,65989,0,1,65988,0.0,1.5154040824985983e-05
1998,32,Psychology,7,65989,0,1,65988,0.0,1.5154040824985983e-05
1998,32,Psychology,8,65989,0,1,65988,0.0,1.5154040824985983e-05
1998,32,Psychology,9,65989,0,1,65988,0.0,1.5154040824985983e-05
1998,32,Psychology,10,65989,0,1,65988,0.0,1.5154040824985983e-05
1998,32,Psychology,11,65989,0,1,65988,0.0,1.5154040824985983e-05
1998,32,Psychology,12,65989,0,1,65988,0.0,1.5154040824985983e-05
1998,32,Psychology,13,65989,0,1,65988,0.0,1.5154040824985983e-05
1998,32,Psychology,14,65989,0,1,65988,0.0,1.5154040824985983e-05
1998,32,Psychology,15,65989,0,1,65988,0.0,1.5154040824985983e-05
1998,33,Social Sciences,0,366717,3,0,366717,8.180695195477712e-06,8.180695195477712e-06
1998,33,Social Sciences,1,366717,0,3,366714,0.0,8.180695195477712e-06
1998,33,Social Sciences,2,366717,0,3,366714,0.0,8.180695195477712e-06
1998,33,Social Sciences,3,366717,0,3,366714,0.0,8.180695195477712e-06
1998,33,Social Sciences,4,366717,0,3,366714,0.0,8.180695195477712e-06
1998,33,Social Sciences,5,366717,0,3,366714,0.0,8.180695195477712e-06
1998,33,Social Sciences,6,366717,0,3,366714,0.0,8.180695195477712e-06
1998,33,Social Sciences,7,366717,0,3,366714,0.0,8.180695195477712e-06
1998,33,Social Sciences,8,366717,0,3,366714,0.0,8.180695195477712e-06
1998,33,Social Sciences,9,366717,0,3,366714,0.0,8.180695195477712e-06
1998,33,Social Sciences,10,366717,0,3,366714,0.0,8.180695195477712e-06
1998,33,Social Sciences,11,366717,0,3,366714,0.0,8.180695195477712e-06
1998,33,Social Sciences,12,366717,0,3,366714,0.0,8.180695195477712e-06
1998,33,Social Sciences,13,366717,0,3,366714,0.0,8.180695195477712e-06
1998,33,Social Sciences,14,366717,0,3,366714,0.0,8.180695195477712e-06
1998,33,Social Sciences,15,366717,1,3,366714,2.7269207065996934e-06,1.0907593593970282e-05
1998,34,Veterinary,0,4967,0,0,4967,0.0,0.0
1998,34,Veterinary,1,4967,0,0,4967,0.0,0.0
1998,34,Veterinary,2,4967,0,0,4967,0.0,0.0
1998,34,Veterinary,3,4967,0,0,4967,0.0,0.0
1998,34,Veterinary,4,4967,0,0,4967,0.0,0.0
1998,34,Veterinary,5,4967,0,0,4967,0.0,0.0
1998,34,Veterinary,6,4967,0,0,4967,0.0,0.0
1998,34,Veterinary,7,4967,0,0,4967,0.0,0.0
1998,34,Veterinary,8,4967,0,0,4967,0.0,0.0
1998,34,Veterinary,9,4967,0,0,4967,0.0,0.0
1998,34,Veterinary,10,4967,0,0,4967,0.0,0.0
1998,34,Veterinary,11,4967,0,0,4967,0.0,0.0
1998,34,Veterinary,12,4967,0,0,4967,0.0,0.0
1998,34,Veterinary,13,4967,0,0,4967,0.0,0.0
1998,34,Veterinary,14,4967,0,0,4967,0.0,0.0
1998,34,Veterinary,15,4967,0,0,4967,0.0,0.0
1998,35,Dentistry,0,7359,0,0,7359,0.0,0.0
1998,35,Dentistry,1,7359,0,0,7359,0.0,0.0
1998,35,Dentistry,2,7359,0,0,7359,0.0,0.0
1998,35,Dentistry,3,7359,0,0,7359,0.0,0.0
1998,35,Dentistry,4,7359,0,0,7359,0.0,0.0
1998,35,Dentistry,5,7359,0,0,7359,0.0,0.0
1998,35,Dentistry,6,7359,0,0,7359,0.0,0.0
1998,35,Dentistry,7,7359,0,0,7359,0.0,0.0
1998,35,Dentistry,8,7359,0,0,7359,0.0,0.0
1998,35,Dentistry,9,7359,0,0,7359,0.0,0.0
1998,35,Dentistry,10,7359,0,0,7359,0.0,0.0
1998,35,Dentistry,11,7359,0,0,7359,0.0,0.0
1998,35,Dentistry,12,7359,0,0,7359,0.0,0.0
1998,35,Dentistry,13,7359,0,0,7359,0.0,0.0
1998,35,Dentistry,14,7359,0,0,7359,0.0,0.0
1998,35,Dentistry,15,7359,0,0,7359,0.0,0.0
1998,36,Health Professions,0,62675,0,0,62675,0.0,0.0
1998,36,Health Professions,1,62675,0,0,62675,0.0,0.0
1998,36,Health Professions,2,62675,0,0,62675,0.0,0.0
1998,36,Health Professions,3,62675,0,0,62675,0.0,0.0
1998,36,Health Professions,4,62675,0,0,62675,0.0,0.0
1998,36,Health Professions,5,62675,0,0,62675,0.0,0.0
1998,36,Health Professions,6,62675,0,0,62675,0.0,0.0
1998,36,Health Professions,7,62675,0,0,62675,0.0,0.0
1998,36,Health Professions,8,62675,0,0,62675,0.0,0.0
1998,36,Health Professions,9,62675,0,0,62675,0.0,0.0
1998,36,Health Professions,10,62675,0,0,62675,0.0,0.0
1998,36,Health Professions,11,62675,0,0,62675,0.0,0.0
1998,36,Health Professions,12,62675,0,0,62675,0.0,0.0
1998,36,Health Professions,13,62675,0,0,62675,0.0,0.0
1998,36,Health Professions,14,62675,0,0,62675,0.0,0.0
1998,36,Health Professions,15,62675,0,0,62675,0.0,0.0
1999,11,Agricultural and Biological Sciences,0,123587,0,0,123587,0.0,0.0
1999,11,Agricultural and Biological Sciences,1,123587,1,0,123587,8.091465930882698e-06,8.091465930882698e-06
1999,11,Agricultural and Biological Sciences,2,123587,1,1,123586,8.091531403233375e-06,1.6182931861765397e-05
1999,11,Agricultural and Biological Sciences,3,123587,0,2,123585,0.0,1.6182931861765397e-05
1999,11,Agricultural and Biological Sciences,4,123587,0,2,123585,0.0,1.6182931861765397e-05
1999,11,Agricultural and Biological Sciences,5,123587,0,2,123585,0.0,1.6182931861765397e-05
1999,11,Agricultural and Biological Sciences,6,123587,0,2,123585,0.0,1.6182931861765397e-05
1999,11,Agricultural and Biological Sciences,7,123587,0,2,123585,0.0,1.6182931861765397e-05
1999,11,Agricultural and Biological Sciences,8,123587,0,2,123585,0.0,1.6182931861765397e-05
1999,11,Agricultural and Biological Sciences,9,123587,0,2,123585,0.0,1.6182931861765397e-05
1999,11,Agricultural and Biological Sciences,10,123587,0,2,123585,0.0,1.6182931861765397e-05
1999,11,Agricultural and Biological Sciences,11,123587,0,2,123585,0.0,1.6182931861765397e-05
1999,11,Agricultural and Biological Sciences,12,123587,0,2,123585,0.0,1.6182931861765397e-05
1999,11,Agricultural and Biological Sciences,13,123587,0,2,123585,0.0,1.6182931861765397e-05
1999,11,Agricultural and Biological Sciences,14,123587,0,2,123585,0.0,1.6182931861765397e-05
1999,11,Agricultural and Biological Sciences,15,123587,0,2,123585,0.0,1.6182931861765397e-05
1999,12,Arts and Humanities,0,210133,0,0,210133,0.0,0.0
1999,12,Arts and Humanities,1,210133,0,0,210133,0.0,0.0
1999,12,Arts and Humanities,2,210133,0,0,210133,0.0,0.0
1999,12,Arts and Humanities,3,210133,0,0,210133,0.0,0.0
1999,12,Arts and Humanities,4,210133,0,0,210133,0.0,0.0
1999,12,Arts and Humanities,5,210133,0,0,210133,0.0,0.0
1999,12,Arts and Humanities,6,210133,0,0,210133,0.0,0.0
1999,12,Arts and Humanities,7,210133,0,0,210133,0.0,0.0
1999,12,Arts and Humanities,8,210133,0,0,210133,0.0,0.0
1999,12,Arts and Humanities,9,210133,0,0,210133,0.0,0.0
1999,12,Arts and Humanities,10,210133,0,0,210133,0.0,0.0
1999,12,Arts and Humanities,11,210133,0,0,210133,0.0,0.0
1999,12,Arts and Humanities,12,210133,0,0,210133,0.0,0.0
1999,12,Arts and Humanities,13,210133,0,0,210133,0.0,0.0
1999,12,Arts and Humanities,14,210133,0,0,210133,0.0,0.0
1999,12,Arts and Humanities,15,210133,0,0,210133,0.0,0.0
1999,13,"Biochemistry, Genetics and Molecular Biology",0,157884,2,0,157884,1.266752805857465e-05,1.266752805857465e-05
1999,13,"Biochemistry, Genetics and Molecular Biology",1,157884,2,2,157882,1.2667688526874501e-05,2.53350561171493e-05
1999,13,"Biochemistry, Genetics and Molecular Biology",2,157884,1,4,157880,6.333924499619964e-06,3.166882014643663e-05
1999,13,"Biochemistry, Genetics and Molecular Biology",3,157884,0,5,157879,0.0,3.166882014643663e-05
1999,13,"Biochemistry, Genetics and Molecular Biology",4,157884,1,5,157879,6.333964618473641e-06,3.800258417572395e-05
1999,13,"Biochemistry, Genetics and Molecular Biology",5,157884,0,6,157878,0.0,3.800258417572395e-05
1999,13,"Biochemistry, Genetics and Molecular Biology",6,157884,3,6,157878,1.9002014213506632e-05,5.7003876263585926e-05
1999,13,"Biochemistry, Genetics and Molecular Biology",7,157884,0,9,157875,0.0,5.7003876263585926e-05
1999,13,"Biochemistry, Genetics and Molecular Biology",8,157884,0,9,157875,0.0,5.7003876263585926e-05
1999,13,"Biochemistry, Genetics and Molecular Biology",9,157884,0,9,157875,0.0,5.7003876263585926e-05
1999,13,"Biochemistry, Genetics and Molecular Biology",10,157884,1,9,157875,6.334125098970705e-06,6.333764029287325e-05
1999,13,"Biochemistry, Genetics and Molecular Biology",11,157884,1,10,157874,6.334165220365608e-06,6.967140432216057e-05
1999,13,"Biochemistry, Genetics and Molecular Biology",12,157884,1,11,157873,6.334205342268786e-06,7.60051683514479e-05
1999,13,"Biochemistry, Genetics and Molecular Biology",13,157884,0,12,157872,0.0,7.60051683514479e-05
1999,13,"Biochemistry, Genetics and Molecular Biology",14,157884,2,12,157872,1.2668490929360494e-05,8.867269641002255e-05
1999,13,"Biochemistry, Genetics and Molecular Biology",15,157884,1,14,157870,6.334325711028061e-06,9.500646043930987e-05
1999,14,"Business, Management and Accounting",0,69777,0,0,69777,0.0,0.0
1999,14,"Business, Management and Accounting",1,69777,0,0,69777,0.0,0.0
1999,14,"Business, Management and Accounting",2,69777,0,0,69777,0.0,0.0
1999,14,"Business, Management and Accounting",3,69777,0,0,69777,0.0,0.0
1999,14,"Business, Management and Accounting",4,69777,0,0,69777,0.0,0.0
1999,14,"Business, Management and Accounting",5,69777,0,0,69777,0.0,0.0
1999,14,"Business, Management and Accounting",6,69777,0,0,69777,0.0,0.0
1999,14,"Business, Management and Accounting",7,69777,0,0,69777,0.0,0.0
1999,14,"Business, Management and Accounting",8,69777,0,0,69777,0.0,0.0
1999,14,"Business, Management and Accounting",9,69777,0,0,69777,0.0,0.0
1999,14,"Business, Management and Accounting",10,69777,0,0,69777,0.0,0.0
1999,14,"Business, Management and Accounting",11,69777,0,0,69777,0.0,0.0
1999,14,"Business, Management and Accounting",12,69777,0,0,69777,0.0,0.0
1999,14,"Business, Management and Accounting",13,69777,0,0,69777,0.0,0.0
1999,14,"Business, Management and Accounting",14,69777,0,0,69777,0.0,0.0
1999,14,"Business, Management and Accounting",15,69777,0,0,69777,0.0,0.0
1999,15,Chemical Engineering,0,9448,0,0,9448,0.0,0.0
1999,15,Chemical Engineering,1,9448,0,0,9448,0.0,0.0
1999,15,Chemical Engineering,2,9448,0,0,9448,0.0,0.0
1999,15,Chemical Engineering,3,9448,0,0,9448,0.0,0.0
1999,15,Chemical Engineering,4,9448,0,0,9448,0.0,0.0
1999,15,Chemical Engineering,5,9448,0,0,9448,0.0,0.0
1999,15,Chemical Engineering,6,9448,0,0,9448,0.0,0.0
1999,15,Chemical Engineering,7,9448,0,0,9448,0.0,0.0
1999,15,Chemical Engineering,8,9448,0,0,9448,0.0,0.0
1999,15,Chemical Engineering,9,9448,0,0,9448,0.0,0.0
1999,15,Chemical Engineering,10,9448,0,0,9448,0.0,0.0
1999,15,Chemical Engineering,11,9448,0,0,9448,0.0,0.0
1999,15,Chemical Engineering,12,9448,0,0,9448,0.0,0.0
1999,15,Chemical Engineering,13,9448,0,0,9448,0.0,0.0
1999,15,Chemical Engineering,14,9448,0,0,9448,0.0,0.0
1999,15,Chemical Engineering,15,9448,0,0,9448,0.0,0.0
1999,16,Chemistry,0,74280,0,0,74280,0.0,0.0
1999,16,Chemistry,1,74280,0,0,74280,0.0,0.0
1999,16,Chemistry,2,74280,0,0,74280,0.0,0.0
1999,16,Chemistry,3,74280,0,0,74280,0.0,0.0
1999,16,Chemistry,4,74280,0,0,74280,0.0,0.0
1999,16,Chemistry,5,74280,0,0,74280,0.0,0.0
1999,16,Chemistry,6,74280,0,0,74280,0.0,0.0
1999,16,Chemistry,7,74280,0,0,74280,0.0,0.0
1999,16,Chemistry,8,74280,0,0,74280,0.0,0.0
1999,16,Chemistry,9,74280,0,0,74280,0.0,0.0
1999,16,Chemistry,10,74280,0,0,74280,0.0,0.0
1999,16,Chemistry,11,74280,0,0,74280,0.0,0.0
1999,16,Chemistry,12,74280,0,0,74280,0.0,0.0
1999,16,Chemistry,13,74280,0,0,74280,0.0,0.0
1999,16,Chemistry,14,74280,1,0,74280,1.3462574044157243e-05,1.3462574044157243e-05
1999,16,Chemistry,15,74280,0,1,74279,0.0,1.3462574044157243e-05
1999,17,Computer Science,0,122584,0,0,122584,0.0,0.0
1999,17,Computer Science,1,122584,0,0,122584,0.0,0.0
1999,17,Computer Science,2,122584,0,0,122584,0.0,0.0
1999,17,Computer Science,3,122584,0,0,122584,0.0,0.0
1999,17,Computer Science,4,122584,0,0,122584,0.0,0.0
1999,17,Computer Science,5,122584,0,0,122584,0.0,0.0
1999,17,Computer Science,6,122584,0,0,122584,0.0,0.0
1999,17,Computer Science,7,122584,0,0,122584,0.0,0.0
1999,17,Computer Science,8,122584,0,0,122584,0.0,0.0
1999,17,Computer Science,9,122584,0,0,122584,0.0,0.0
1999,17,Computer Science,10,122584,0,0,122584,0.0,0.0
1999,17,Computer Science,11,122584,0,0,122584,0.0,0.0
1999,17,Computer Science,12,122584,0,0,122584,0.0,0.0
1999,17,Computer Science,13,122584,0,0,122584,0.0,0.0
1999,17,Computer Science,14,122584,0,0,122584,0.0,0.0
1999,17,Computer Science,15,122584,0,0,122584,0.0,0.0
1999,18,Decision Sciences,0,22635,0,0,22635,0.0,0.0
1999,18,Decision Sciences,1,22635,0,0,22635,0.0,0.0
1999,18,Decision Sciences,2,22635,0,0,22635,0.0,0.0
1999,18,Decision Sciences,3,22635,0,0,22635,0.0,0.0
1999,18,Decision Sciences,4,22635,0,0,22635,0.0,0.0
1999,18,Decision Sciences,5,22635,0,0,22635,0.0,0.0
1999,18,Decision Sciences,6,22635,0,0,22635,0.0,0.0
1999,18,Decision Sciences,7,22635,0,0,22635,0.0,0.0
1999,18,Decision Sciences,8,22635,0,0,22635,0.0,0.0
1999,18,Decision Sciences,9,22635,0,0,22635,0.0,0.0
1999,18,Decision Sciences,10,22635,0,0,22635,0.0,0.0
1999,18,Decision Sciences,11,22635,0,0,22635,0.0,0.0
1999,18,Decision Sciences,12,22635,0,0,22635,0.0,0.0
1999,18,Decision Sciences,13,22635,0,0,22635,0.0,0.0
1999,18,Decision Sciences,14,22635,0,0,22635,0.0,0.0
1999,18,Decision Sciences,15,22635,0,0,22635,0.0,0.0
1999,19,Earth and Planetary Sciences,0,50606,0,0,50606,0.0,0.0
1999,19,Earth and Planetary Sciences,1,50606,0,0,50606,0.0,0.0
1999,19,Earth and Planetary Sciences,2,50606,0,0,50606,0.0,0.0
1999,19,Earth and Planetary Sciences,3,50606,0,0,50606,0.0,0.0
1999,19,Earth and Planetary Sciences,4,50606,0,0,50606,0.0,0.0
1999,19,Earth and Planetary Sciences,5,50606,0,0,50606,0.0,0.0
1999,19,Earth and Planetary Sciences,6,50606,0,0,50606,0.0,0.0
1999,19,Earth and Planetary Sciences,7,50606,0,0,50606,0.0,0.0
1999,19,Earth and Planetary Sciences,8,50606,0,0,50606,0.0,0.0
1999,19,Earth and Planetary Sciences,9,50606,0,0,50606,0.0,0.0
1999,19,Earth and Planetary Sciences,10,50606,0,0,50606,0.0,0.0
1999,19,Earth and Planetary Sciences,11,50606,0,0,50606,0.0,0.0
1999,19,Earth and Planetary Sciences,12,50606,0,0,50606,0.0,0.0
1999,19,Earth and Planetary Sciences,13,50606,0,0,50606,0.0,0.0
1999,19,Earth and Planetary Sciences,14,50606,0,0,50606,0.0,0.0
1999,19,Earth and Planetary Sciences,15,50606,0,0,50606,0.0,0.0
1999,20,"Economics, Econometrics and Finance",0,93902,0,0,93902,0.0,0.0
1999,20,"Economics, Econometrics and Finance",1,93902,0,0,93902,0.0,0.0
1999,20,"Economics, Econometrics and Finance",2,93902,0,0,93902,0.0,0.0
1999,20,"Economics, Econometrics and Finance",3,93902,0,0,93902,0.0,0.0
1999,20,"Economics, Econometrics and Finance",4,93902,0,0,93902,0.0,0.0
1999,20,"Economics, Econometrics and Finance",5,93902,0,0,93902,0.0,0.0
1999,20,"Economics, Econometrics and Finance",6,93902,0,0,93902,0.0,0.0
1999,20,"Economics, Econometrics and Finance",7,93902,0,0,93902,0.0,0.0
1999,20,"Economics, Econometrics and Finance",8,93902,0,0,93902,0.0,0.0
1999,20,"Economics, Econometrics and Finance",9,93902,0,0,93902,0.0,0.0
1999,20,"Economics, Econometrics and Finance",10,93902,0,0,93902,0.0,0.0
1999,20,"Economics, Econometrics and Finance",11,93902,0,0,93902,0.0,0.0
1999,20,"Economics, Econometrics and Finance",12,93902,0,0,93902,0.0,0.0
1999,20,"Economics, Econometrics and Finance",13,93902,0,0,93902,0.0,0.0
1999,20,"Economics, Econometrics and Finance",14,93902,0,0,93902,0.0,0.0
1999,20,"Economics, Econometrics and Finance",15,93902,0,0,93902,0.0,0.0
1999,21,Energy,0,10055,0,0,10055,0.0,0.0
1999,21,Energy,1,10055,0,0,10055,0.0,0.0
1999,21,Energy,2,10055,0,0,10055,0.0,0.0
1999,21,Energy,3,10055,0,0,10055,0.0,0.0
1999,21,Energy,4,10055,0,0,10055,0.0,0.0
1999,21,Energy,5,10055,0,0,10055,0.0,0.0
1999,21,Energy,6,10055,0,0,10055,0.0,0.0
1999,21,Energy,7,10055,0,0,10055,0.0,0.0
1999,21,Energy,8,10055,0,0,10055,0.0,0.0
1999,21,Energy,9,10055,0,0,10055,0.0,0.0
1999,21,Energy,10,10055,0,0,10055,0.0,0.0
1999,21,Energy,11,10055,0,0,10055,0.0,0.0
1999,21,Energy,12,10055,0,0,10055,0.0,0.0
1999,21,Energy,13,10055,0,0,10055,0.0,0.0
1999,21,Energy,14,10055,0,0,10055,0.0,0.0
1999,21,Energy,15,10055,0,0,10055,0.0,0.0
1999,22,Engineering,0,641899,1,0,641899,1.5578774853987932e-06,1.5578774853987932e-06
1999,22,Engineering,1,641899,1,1,641898,1.5578799123848337e-06,3.1157549707975864e-06
1999,22,Engineering,2,641899,0,2,641897,0.0,3.1157549707975864e-06
1999,22,Engineering,3,641899,0,2,641897,0.0,3.1157549707975864e-06
1999,22,Engineering,4,641899,0,2,641897,0.0,3.1157549707975864e-06
1999,22,Engineering,5,641899,0,2,641897,0.0,3.1157549707975864e-06
1999,22,Engineering,6,641899,0,2,641897,0.0,3.1157549707975864e-06
1999,22,Engineering,7,641899,0,2,641897,0.0,3.1157549707975864e-06
1999,22,Engineering,8,641899,0,2,641897,0.0,3.1157549707975864e-06
1999,22,Engineering,9,641899,0,2,641897,0.0,3.1157549707975864e-06
1999,22,Engineering,10,641899,0,2,641897,0.0,3.1157549707975864e-06
1999,22,Engineering,11,641899,1,2,641897,1.557882339378436e-06,4.67363245619638e-06
1999,22,Engineering,12,641899,1,3,641896,1.5578847663796005e-06,6.231509941595173e-06
1999,22,Engineering,13,641899,0,4,641895,0.0,6.231509941595173e-06
1999,22,Engineering,14,641899,1,4,641895,1.5578871933883267e-06,7.789387426993967e-06
1999,22,Engineering,15,641899,0,5,641894,0.0,7.789387426993967e-06
1999,23,Environmental Science,0,112244,0,0,112244,0.0,0.0
1999,23,Environmental Science,1,112244,3,0,112244,2.6727486547165106e-05,2.6727486547165106e-05
1999,23,Environmental Science,2,112244,0,3,112241,0.0,2.6727486547165106e-05
1999,23,Environmental Science,3,112244,0,3,112241,0.0,2.6727486547165106e-05
1999,23,Environmental Science,4,112244,0,3,112241,0.0,2.6727486547165106e-05
1999,23,Environmental Science,5,112244,0,3,112241,0.0,2.6727486547165106e-05
1999,23,Environmental Science,6,112244,0,3,112241,0.0,2.6727486547165106e-05
1999,23,Environmental Science,7,112244,0,3,112241,0.0,2.6727486547165106e-05
1999,23,Environmental Science,8,112244,0,3,112241,0.0,2.6727486547165106e-05
1999,23,Environmental Science,9,112244,0,3,112241,0.0,2.6727486547165106e-05
1999,23,Environmental Science,10,112244,0,3,112241,0.0,2.6727486547165106e-05
1999,23,Environmental Science,11,112244,0,3,112241,0.0,2.6727486547165106e-05
1999,23,Environmental Science,12,112244,0,3,112241,0.0,2.6727486547165106e-05
1999,23,Environmental Science,13,112244,0,3,112241,0.0,2.6727486547165106e-05
1999,23,Environmental Science,14,112244,0,3,112241,0.0,2.6727486547165106e-05
1999,23,Environmental Science,15,112244,0,3,112241,0.0,2.6727486547165106e-05
1999,24,Immunology and Microbiology,0,28842,0,0,28842,0.0,0.0
1999,24,Immunology and Microbiology,1,28842,0,0,28842,0.0,0.0
1999,24,Immunology and Microbiology,2,28842,0,0,28842,0.0,0.0
1999,24,Immunology and Microbiology,3,28842,1,0,28842,3.46716593856182e-05,3.46716593856182e-05
1999,24,Immunology and Microbiology,4,28842,0,1,28841,0.0,3.46716593856182e-05
1999,24,Immunology and Microbiology,5,28842,0,1,28841,0.0,3.46716593856182e-05
1999,24,Immunology and Microbiology,6,28842,1,1,28841,3.4672861551263826e-05,6.93433187712364e-05
1999,24,Immunology and Microbiology,7,28842,0,2,28840,0.0,6.93433187712364e-05
1999,24,Immunology and Microbiology,8,28842,0,2,28840,0.0,6.93433187712364e-05
1999,24,Immunology and Microbiology,9,28842,3,2,28840,0.00010402219140083218,0.00017335829692809098
1999,24,Immunology and Microbiology,10,28842,1,5,28837,3.467767104761244e-05,0.00020802995631370917
1999,24,Immunology and Microbiology,11,28842,0,6,28836,0.0,0.00020802995631370917
1999,24,Immunology and Microbiology,12,28842,3,6,28836,0.00010403662089055348,0.00031204493447056374
1999,24,Immunology and Microbiology,13,28842,0,9,28833,0.0,0.00031204493447056374
1999,24,Immunology and Microbiology,14,28842,0,9,28833,0.0,0.00031204493447056374
1999,24,Immunology and Microbiology,15,28842,0,9,28833,0.0,0.00031204493447056374
1999,25,Materials Science,0,87614,1,0,87614,1.141370100668843e-05,1.141370100668843e-05
1999,25,Materials Science,1,87614,1,1,87613,1.1413831280746008e-05,2.282740201337686e-05
1999,25,Materials Science,2,87614,0,2,87612,0.0,2.282740201337686e-05
1999,25,Materials Science,3,87614,0,2,87612,0.0,2.282740201337686e-05
1999,25,Materials Science,4,87614,0,2,87612,0.0,2.282740201337686e-05
1999,25,Materials Science,5,87614,0,2,87612,0.0,2.282740201337686e-05
1999,25,Materials Science,6,87614,0,2,87612,0.0,2.282740201337686e-05
1999,25,Materials Science,7,87614,0,2,87612,0.0,2.282740201337686e-05
1999,25,Materials Science,8,87614,0,2,87612,0.0,2.282740201337686e-05
1999,25,Materials Science,9,87614,0,2,87612,0.0,2.282740201337686e-05
1999,25,Materials Science,10,87614,0,2,87612,0.0,2.282740201337686e-05
1999,25,Materials Science,11,87614,0,2,87612,0.0,2.282740201337686e-05
1999,25,Materials Science,12,87614,0,2,87612,0.0,2.282740201337686e-05
1999,25,Materials Science,13,87614,0,2,87612,0.0,2.282740201337686e-05
1999,25,Materials Science,14,87614,0,2,87612,0.0,2.282740201337686e-05
1999,25,Materials Science,15,87614,0,2,87612,0.0,2.282740201337686e-05
1999,26,Mathematics,0,40220,0,0,40220,0.0,0.0
1999,26,Mathematics,1,40220,0,0,40220,0.0,0.0
1999,26,Mathematics,2,40220,0,0,40220,0.0,0.0
1999,26,Mathematics,3,40220,0,0,40220,0.0,0.0
1999,26,Mathematics,4,40220,0,0,40220,0.0,0.0
1999,26,Mathematics,5,40220,0,0,40220,0.0,0.0
1999,26,Mathematics,6,40220,0,0,40220,0.0,0.0
1999,26,Mathematics,7,40220,0,0,40220,0.0,0.0
1999,26,Mathematics,8,40220,0,0,40220,0.0,0.0
1999,26,Mathematics,9,40220,0,0,40220,0.0,0.0
1999,26,Mathematics,10,40220,1,0,40220,2.486325211337643e-05,2.486325211337643e-05
1999,26,Mathematics,11,40220,0,1,40219,0.0,2.486325211337643e-05
1999,26,Mathematics,12,40220,0,1,40219,0.0,2.486325211337643e-05
1999,26,Mathematics,13,40220,0,1,40219,0.0,2.486325211337643e-05
1999,26,Mathematics,14,40220,0,1,40219,0.0,2.486325211337643e-05
1999,26,Mathematics,15,40220,0,1,40219,0.0,2.486325211337643e-05
1999,27,Medicine,0,450744,2,0,450744,4.4371084251814775e-06,4.4371084251814775e-06
1999,27,Medicine,1,450744,1,2,450742,2.2185640566000062e-06,6.655662637772217e-06
1999,27,Medicine,2,450744,1,3,450741,2.2185689786373992e-06,8.874216850362955e-06
1999,27,Medicine,3,450744,0,4,450740,0.0,8.874216850362955e-06
1999,27,Medicine,4,450744,0,4,450740,0.0,8.874216850362955e-06
1999,27,Medicine,5,450744,3,4,450740,6.655721702089896e-06,1.552987948813517e-05
1999,27,Medicine,6,450744,0,7,450737,0.0,1.552987948813517e-05
1999,27,Medicine,7,450744,0,7,450737,0.0,1.552987948813517e-05
1999,27,Medicine,8,450744,0,7,450737,0.0,1.552987948813517e-05
1999,27,Medicine,9,450744,2,7,450737,4.437177334010743e-06,1.9966987913316648e-05
1999,27,Medicine,10,450744,3,9,450735,6.6557955339611965e-06,2.6622650551088866e-05
1999,27,Medicine,11,450744,1,12,450732,2.2186132779567458e-06,2.8841204763679605e-05
1999,27,Medicine,12,450744,3,13,450731,6.655854600637631e-06,3.549686740145182e-05
1999,27,Medicine,13,450744,2,16,450728,4.437265934221969e-06,3.9933975826633296e-05
1999,27,Medicine,14,450744,17,18,450726,3.7716927800925615e-05,7.764939744067586e-05
1999,27,Medicine,15,450744,4,35,450709,8.87490598146476e-06,8.652361429103881e-05
1999,28,Neuroscience,0,45469,1,0,45469,2.199300622402076e-05,2.199300622402076e-05
1999,28,Neuroscience,1,45469,0,1,45468,0.0,2.199300622402076e-05
1999,28,Neuroscience,2,45469,0,1,45468,0.0,2.199300622402076e-05
1999,28,Neuroscience,3,45469,0,1,45468,0.0,2.199300622402076e-05
1999,28,Neuroscience,4,45469,1,1,45468,2.1993489926981614e-05,4.398601244804152e-05
1999,28,Neuroscience,5,45469,0,2,45467,0.0,4.398601244804152e-05
1999,28,Neuroscience,6,45469,0,2,45467,0.0,4.398601244804152e-05
1999,28,Neuroscience,7,45469,0,2,45467,0.0,4.398601244804152e-05
1999,28,Neuroscience,8,45469,0,2,45467,0.0,4.398601244804152e-05
1999,28,Neuroscience,9,45469,0,2,45467,0.0,4.398601244804152e-05
1999,28,Neuroscience,10,45469,1,2,45467,2.1993973651219566e-05,6.597901867206228e-05
1999,28,Neuroscience,11,45469,0,3,45466,0.0,6.597901867206228e-05
1999,28,Neuroscience,12,45469,0,3,45466,0.0,6.597901867206228e-05
1999,28,Neuroscience,13,45469,1,3,45466,2.1994457396736023e-05,8.797202489608304e-05
1999,28,Neuroscience,14,45469,1,4,45465,2.1994941163532386e-05,0.0001099650311201038
1999,28,Neuroscience,15,45469,0,5,45464,0.0,0.0001099650311201038
1999,29,Nursing,0,12792,0,0,12792,0.0,0.0
1999,29,Nursing,1,12792,0,0,12792,0.0,0.0
1999,29,Nursing,2,12792,0,0,12792,0.0,0.0
1999,29,Nursing,3,12792,0,0,12792,0.0,0.0
1999,29,Nursing,4,12792,0,0,12792,0.0,0.0
1999,29,Nursing,5,12792,0,0,12792,0.0,0.0
1999,29,Nursing,6,12792,0,0,12792,0.0,0.0
1999,29,Nursing,7,12792,0,0,12792,0.0,0.0
1999,29,Nursing,8,12792,0,0,12792,0.0,0.0
1999,29,Nursing,9,12792,0,0,12792,0.0,0.0
1999,29,Nursing,10,12792,0,0,12792,0.0,0.0
1999,29,Nursing,11,12792,0,0,12792,0.0,0.0
1999,29,Nursing,12,12792,0,0,12792,0.0,0.0
1999,29,Nursing,13,12792,0,0,12792,0.0,0.0
1999,29,Nursing,14,12792,0,0,12792,0.0,0.0
1999,29,Nursing,15,12792,1,0,12792,7.817385866166354e-05,7.817385866166354e-05
1999,30,"Pharmacology, Toxicology and Pharmaceutics",0,10307,0,0,10307,0.0,0.0
1999,30,"Pharmacology, Toxicology and Pharmaceutics",1,10307,0,0,10307,0.0,0.0
1999,30,"Pharmacology, Toxicology and Pharmaceutics",2,10307,0,0,10307,0.0,0.0
1999,30,"Pharmacology, Toxicology and Pharmaceutics",3,10307,0,0,10307,0.0,0.0
1999,30,"Pharmacology, Toxicology and Pharmaceutics",4,10307,0,0,10307,0.0,0.0
1999,30,"Pharmacology, Toxicology and Pharmaceutics",5,10307,0,0,10307,0.0,0.0
1999,30,"Pharmacology, Toxicology and Pharmaceutics",6,10307,0,0,10307,0.0,0.0
1999,30,"Pharmacology, Toxicology and Pharmaceutics",7,10307,0,0,10307,0.0,0.0
1999,30,"Pharmacology, Toxicology and Pharmaceutics",8,10307,0,0,10307,0.0,0.0
1999,30,"Pharmacology, Toxicology and Pharmaceutics",9,10307,0,0,10307,0.0,0.0
1999,30,"Pharmacology, Toxicology and Pharmaceutics",10,10307,0,0,10307,0.0,0.0
1999,30,"Pharmacology, Toxicology and Pharmaceutics",11,10307,0,0,10307,0.0,0.0
1999,30,"Pharmacology, Toxicology and Pharmaceutics",12,10307,0,0,10307,0.0,0.0
1999,30,"Pharmacology, Toxicology and Pharmaceutics",13,10307,0,0,10307,0.0,0.0
1999,30,"Pharmacology, Toxicology and Pharmaceutics",14,10307,0,0,10307,0.0,0.0
1999,30,"Pharmacology, Toxicology and Pharmaceutics",15,10307,0,0,10307,0.0,0.0
1999,31,Physics and Astronomy,0,123986,0,0,123986,0.0,0.0
1999,31,Physics and Astronomy,1,123986,0,0,123986,0.0,0.0
1999,31,Physics and Astronomy,2,123986,0,0,123986,0.0,0.0
1999,31,Physics and Astronomy,3,123986,0,0,123986,0.0,0.0
1999,31,Physics and Astronomy,4,123986,1,0,123986,8.065426741728905e-06,8.065426741728905e-06
1999,31,Physics and Astronomy,5,123986,0,1,123985,0.0,8.065426741728905e-06
1999,31,Physics and Astronomy,6,123986,0,1,123985,0.0,8.065426741728905e-06
1999,31,Physics and Astronomy,7,123986,0,1,123985,0.0,8.065426741728905e-06
1999,31,Physics and Astronomy,8,123986,0,1,123985,0.0,8.065426741728905e-06
1999,31,Physics and Astronomy,9,123986,0,1,123985,0.0,8.065426741728905e-06
1999,31,Physics and Astronomy,10,123986,0,1,123985,0.0,8.065426741728905e-06
1999,31,Physics and Astronomy,11,123986,0,1,123985,0.0,8.065426741728905e-06
1999,31,Physics and Astronomy,12,123986,0,1,123985,0.0,8.065426741728905e-06
1999,31,Physics and Astronomy,13,123986,0,1,123985,0.0,8.065426741728905e-06
1999,31,Physics and Astronomy,14,123986,0,1,123985,0.0,8.065426741728905e-06
1999,31,Physics and Astronomy,15,123986,0,1,123985,0.0,8.065426741728905e-06
1999,32,Psychology,0,68531,0,0,68531,0.0,0.0
1999,32,Psychology,1,68531,0,0,68531,0.0,0.0
1999,32,Psychology,2,68531,1,0,68531,1.459193649589237e-05,1.459193649589237e-05
1999,32,Psychology,3,68531,0,1,68530,0.0,1.459193649589237e-05
1999,32,Psychology,4,68531,0,1,68530,0.0,1.459193649589237e-05
1999,32,Psychology,5,68531,0,1,68530,0.0,1.459193649589237e-05
1999,32,Psychology,6,68531,0,1,68530,0.0,1.459193649589237e-05
1999,32,Psychology,7,68531,0,1,68530,0.0,1.459193649589237e-05
1999,32,Psychology,8,68531,0,1,68530,0.0,1.459193649589237e-05
1999,32,Psychology,9,68531,0,1,68530,0.0,1.459193649589237e-05
1999,32,Psychology,10,68531,0,1,68530,0.0,1.459193649589237e-05
1999,32,Psychology,11,68531,0,1,68530,0.0,1.459193649589237e-05
1999,32,Psychology,12,68531,0,1,68530,0.0,1.459193649589237e-05
1999,32,Psychology,13,68531,0,1,68530,0.0,1.459193649589237e-05
1999,32,Psychology,14,68531,0,1,68530,0.0,1.459193649589237e-05
1999,32,Psychology,15,68531,0,1,68530,0.0,1.459193649589237e-05
1999,33,Social Sciences,0,393363,0,0,393363,0.0,0.0
1999,33,Social Sciences,1,393363,0,0,393363,0.0,0.0
1999,33,Social Sciences,2,393363,1,0,393363,2.5421811405749907e-06,2.5421811405749907e-06
1999,33,Social Sciences,3,393363,0,1,393362,0.0,2.5421811405749907e-06
1999,33,Social Sciences,4,393363,0,1,393362,0.0,2.5421811405749907e-06
1999,33,Social Sciences,5,393363,1,1,393362,2.542187603276371e-06,5.084362281149981e-06
1999,33,Social Sciences,6,393363,0,2,393361,0.0,5.084362281149981e-06
1999,33,Social Sciences,7,393363,0,2,393361,0.0,5.084362281149981e-06
1999,33,Social Sciences,8,393363,0,2,393361,0.0,5.084362281149981e-06
1999,33,Social Sciences,9,393363,0,2,393361,0.0,5.084362281149981e-06
1999,33,Social Sciences,10,393363,1,2,393361,2.542194066010611e-06,7.626543421724972e-06
1999,33,Social Sciences,11,393363,0,3,393360,0.0,7.626543421724972e-06
1999,33,Social Sciences,12,393363,0,3,393360,0.0,7.626543421724972e-06
1999,33,Social Sciences,13,393363,0,3,393360,0.0,7.626543421724972e-06
1999,33,Social Sciences,14,393363,0,3,393360,0.0,7.626543421724972e-06
1999,33,Social Sciences,15,393363,0,3,393360,0.0,7.626543421724972e-06
1999,34,Veterinary,0,4670,0,0,4670,0.0,0.0
1999,34,Veterinary,1,4670,0,0,4670,0.0,0.0
1999,34,Veterinary,2,4670,0,0,4670,0.0,0.0
1999,34,Veterinary,3,4670,0,0,4670,0.0,0.0
1999,34,Veterinary,4,4670,0,0,4670,0.0,0.0
1999,34,Veterinary,5,4670,0,0,4670,0.0,0.0
1999,34,Veterinary,6,4670,0,0,4670,0.0,0.0
1999,34,Veterinary,7,4670,0,0,4670,0.0,0.0
1999,34,Veterinary,8,4670,0,0,4670,0.0,0.0
1999,34,Veterinary,9,4670,0,0,4670,0.0,0.0
1999,34,Veterinary,10,4670,0,0,4670,0.0,0.0
1999,34,Veterinary,11,4670,0,0,4670,0.0,0.0
1999,34,Veterinary,12,4670,0,0,4670,0.0,0.0
1999,34,Veterinary,13,4670,0,0,4670,0.0,0.0
1999,34,Veterinary,14,4670,0,0,4670,0.0,0.0
1999,34,Veterinary,15,4670,0,0,4670,0.0,0.0
1999,35,Dentistry,0,7224,0,0,7224,0.0,0.0
1999,35,Dentistry,1,7224,0,0,7224,0.0,0.0
1999,35,Dentistry,2,7224,0,0,7224,0.0,0.0
1999,35,Dentistry,3,7224,0,0,7224,0.0,0.0
1999,35,Dentistry,4,7224,0,0,7224,0.0,0.0
1999,35,Dentistry,5,7224,0,0,7224,0.0,0.0
1999,35,Dentistry,6,7224,0,0,7224,0.0,0.0
1999,35,Dentistry,7,7224,0,0,7224,0.0,0.0
1999,35,Dentistry,8,7224,0,0,7224,0.0,0.0
1999,35,Dentistry,9,7224,0,0,7224,0.0,0.0
1999,35,Dentistry,10,7224,0,0,7224,0.0,0.0
1999,35,Dentistry,11,7224,0,0,7224,0.0,0.0
1999,35,Dentistry,12,7224,0,0,7224,0.0,0.0
1999,35,Dentistry,13,7224,0,0,7224,0.0,0.0
1999,35,Dentistry,14,7224,0,0,7224,0.0,0.0
1999,35,Dentistry,15,7224,0,0,7224,0.0,0.0
1999,36,Health Professions,0,64331,0,0,64331,0.0,0.0
1999,36,Health Professions,1,64331,0,0,64331,0.0,0.0
1999,36,Health Professions,2,64331,0,0,64331,0.0,0.0
1999,36,Health Professions,3,64331,0,0,64331,0.0,0.0
1999,36,Health Professions,4,64331,0,0,64331,0.0,0.0
1999,36,Health Professions,5,64331,0,0,64331,0.0,0.0
1999,36,Health Professions,6,64331,0,0,64331,0.0,0.0
1999,36,Health Professions,7,64331,0,0,64331,0.0,0.0
1999,36,Health Professions,8,64331,0,0,64331,0.0,0.0
1999,36,Health Professions,9,64331,0,0,64331,0.0,0.0
1999,36,Health Professions,10,64331,0,0,64331,0.0,0.0
1999,36,Health Professions,11,64331,0,0,64331,0.0,0.0
1999,36,Health Professions,12,64331,0,0,64331,0.0,0.0
1999,36,Health Professions,13,64331,0,0,64331,0.0,0.0
1999,36,Health Professions,14,64331,0,0,64331,0.0,0.0
1999,36,Health Professions,15,64331,0,0,64331,0.0,0.0
2000,11,Agricultural and Biological Sciences,0,169583,2,0,169583,1.1793634975203882e-05,1.1793634975203882e-05
2000,11,Agricultural and Biological Sciences,1,169583,1,2,169581,5.8968870333351024e-06,1.7690452462805824e-05
2000,11,Agricultural and Biological Sciences,2,169583,0,3,169580,0.0,1.7690452462805824e-05
2000,11,Agricultural and Biological Sciences,3,169583,0,3,169580,0.0,1.7690452462805824e-05
2000,11,Agricultural and Biological Sciences,4,169583,0,3,169580,0.0,1.7690452462805824e-05
2000,11,Agricultural and Biological Sciences,5,169583,0,3,169580,0.0,1.7690452462805824e-05
2000,11,Agricultural and Biological Sciences,6,169583,0,3,169580,0.0,1.7690452462805824e-05
2000,11,Agricultural and Biological Sciences,7,169583,0,3,169580,0.0,1.7690452462805824e-05
2000,11,Agricultural and Biological Sciences,8,169583,0,3,169580,0.0,1.7690452462805824e-05
2000,11,Agricultural and Biological Sciences,9,169583,0,3,169580,0.0,1.7690452462805824e-05
2000,11,Agricultural and Biological Sciences,10,169583,0,3,169580,0.0,1.7690452462805824e-05
2000,11,Agricultural and Biological Sciences,11,169583,0,3,169580,0.0,1.7690452462805824e-05
2000,11,Agricultural and Biological Sciences,12,169583,0,3,169580,0.0,1.7690452462805824e-05
2000,11,Agricultural and Biological Sciences,13,169583,0,3,169580,0.0,1.7690452462805824e-05
2000,11,Agricultural and Biological Sciences,14,169583,0,3,169580,0.0,1.7690452462805824e-05
2000,11,Agricultural and Biological Sciences,15,169583,0,3,169580,0.0,1.7690452462805824e-05
2000,12,Arts and Humanities,0,285938,0,0,285938,0.0,0.0
2000,12,Arts and Humanities,1,285938,0,0,285938,0.0,0.0
2000,12,Arts and Humanities,2,285938,0,0,285938,0.0,0.0
2000,12,Arts and Humanities,3,285938,0,0,285938,0.0,0.0
2000,12,Arts and Humanities,4,285938,0,0,285938,0.0,0.0
2000,12,Arts and Humanities,5,285938,0,0,285938,0.0,0.0
2000,12,Arts and Humanities,6,285938,0,0,285938,0.0,0.0
2000,12,Arts and Humanities,7,285938,0,0,285938,0.0,0.0
2000,12,Arts and Humanities,8,285938,0,0,285938,0.0,0.0
2000,12,Arts and Humanities,9,285938,1,0,285938,3.4972616441326442e-06,3.4972616441326442e-06
2000,12,Arts and Humanities,10,285938,0,1,285937,0.0,3.4972616441326442e-06
2000,12,Arts and Humanities,11,285938,0,1,285937,0.0,3.4972616441326442e-06
2000,12,Arts and Humanities,12,285938,0,1,285937,0.0,3.4972616441326442e-06
2000,12,Arts and Humanities,13,285938,0,1,285937,0.0,3.4972616441326442e-06
2000,12,Arts and Humanities,14,285938,0,1,285937,0.0,3.4972616441326442e-06
2000,12,Arts and Humanities,15,285938,0,1,285937,0.0,3.4972616441326442e-06
2000,13,"Biochemistry, Genetics and Molecular Biology",0,183675,2,0,183675,1.0888798148904314e-05,1.0888798148904314e-05
2000,13,"Biochemistry, Genetics and Molecular Biology",1,183675,1,2,183673,5.444458358060249e-06,1.6333197223356472e-05
2000,13,"Biochemistry, Genetics and Molecular Biology",2,183675,3,3,183672,1.633346400104534e-05,3.2666394446712945e-05
2000,13,"Biochemistry, Genetics and Molecular Biology",3,183675,4,6,183669,2.1778307716598883e-05,5.444399074452157e-05
2000,13,"Biochemistry, Genetics and Molecular Biology",4,183675,0,10,183665,0.0,5.444399074452157e-05
2000,13,"Biochemistry, Genetics and Molecular Biology",5,183675,1,10,183665,5.44469550540386e-06,5.988838981897373e-05
2000,13,"Biochemistry, Genetics and Molecular Biology",6,183675,3,11,183664,1.6334175450823242e-05,7.622158704233021e-05
2000,13,"Biochemistry, Genetics and Molecular Biology",7,183675,0,14,183661,0.0,7.622158704233021e-05
2000,13,"Biochemistry, Genetics and Molecular Biology",8,183675,0,14,183661,0.0,7.622158704233021e-05
2000,13,"Biochemistry, Genetics and Molecular Biology",9,183675,1,14,183661,5.444814086823006e-06,8.166598611678236e-05
2000,13,"Biochemistry, Genetics and Molecular Biology",10,183675,1,15,183660,5.444843732984864e-06,8.711038519123451e-05
2000,13,"Biochemistry, Genetics and Molecular Biology",11,183675,2,16,183659,1.0889746758939121e-05,9.799918334013883e-05
2000,13,"Biochemistry, Genetics and Molecular Biology",12,183675,1,18,183657,5.4449326734074936e-06,0.000103443582414591
2000,13,"Biochemistry, Genetics and Molecular Biology",13,183675,2,19,183656,1.088992464172148e-05,0.00011433238056349531
2000,13,"Biochemistry, Genetics and Molecular Biology",14,183675,1,21,183654,5.445021616735818e-06,0.00011977677963794746
2000,13,"Biochemistry, Genetics and Molecular Biology",15,183675,2,22,183653,1.0890102530315322e-05,0.00013066557778685178
2000,14,"Business, Management and Accounting",0,82681,0,0,82681,0.0,0.0
2000,14,"Business, Management and Accounting",1,82681,0,0,82681,0.0,0.0
2000,14,"Business, Management and Accounting",2,82681,0,0,82681,0.0,0.0
2000,14,"Business, Management and Accounting",3,82681,0,0,82681,0.0,0.0
2000,14,"Business, Management and Accounting",4,82681,0,0,82681,0.0,0.0
2000,14,"Business, Management and Accounting",5,82681,0,0,82681,0.0,0.0
2000,14,"Business, Management and Accounting",6,82681,0,0,82681,0.0,0.0
2000,14,"Business, Management and Accounting",7,82681,0,0,82681,0.0,0.0
2000,14,"Business, Management and Accounting",8,82681,0,0,82681,0.0,0.0
2000,14,"Business, Management and Accounting",9,82681,0,0,82681,0.0,0.0
2000,14,"Business, Management and Accounting",10,82681,0,0,82681,0.0,0.0
2000,14,"Business, Management and Accounting",11,82681,0,0,82681,0.0,0.0
2000,14,"Business, Management and Accounting",12,82681,0,0,82681,0.0,0.0
2000,14,"Business, Management and Accounting",13,82681,0,0,82681,0.0,0.0
2000,14,"Business, Management and Accounting",14,82681,0,0,82681,0.0,0.0
2000,14,"Business, Management and Accounting",15,82681,1,0,82681,1.2094677132593945e-05,1.2094677132593945e-05
2000,15,Chemical Engineering,0,10882,0,0,10882,0.0,0.0
2000,15,Chemical Engineering,1,10882,0,0,10882,0.0,0.0
2000,15,Chemical Engineering,2,10882,0,0,10882,0.0,0.0
2000,15,Chemical Engineering,3,10882,0,0,10882,0.0,0.0
2000,15,Chemical Engineering,4,10882,0,0,10882,0.0,0.0
2000,15,Chemical Engineering,5,10882,0,0,10882,0.0,0.0
2000,15,Chemical Engineering,6,10882,0,0,10882,0.0,0.0
2000,15,Chemical Engineering,7,10882,0,0,10882,0.0,0.0
2000,15,Chemical Engineering,8,10882,0,0,10882,0.0,0.0
2000,15,Chemical Engineering,9,10882,0,0,10882,0.0,0.0
2000,15,Chemical Engineering,10,10882,0,0,10882,0.0,0.0
2000,15,Chemical Engineering,11,10882,0,0,10882,0.0,0.0
2000,15,Chemical Engineering,12,10882,0,0,10882,0.0,0.0
2000,15,Chemical Engineering,13,10882,0,0,10882,0.0,0.0
2000,15,Chemical Engineering,14,10882,0,0,10882,0.0,0.0
2000,15,Chemical Engineering,15,10882,0,0,10882,0.0,0.0
2000,16,Chemistry,0,89168,1,0,89168,1.121478557329984e-05,1.121478557329984e-05
2000,16,Chemistry,1,89168,0,1,89167,0.0,1.121478557329984e-05
2000,16,Chemistry,2,89168,1,1,89167,1.121491134612581e-05,2.242957114659968e-05
2000,16,Chemistry,3,89168,1,2,89166,1.1215037121772873e-05,3.3644356719899515e-05
2000,16,Chemistry,4,89168,0,3,89165,0.0,3.3644356719899515e-05
2000,16,Chemistry,5,89168,0,3,89165,0.0,3.3644356719899515e-05
2000,16,Chemistry,6,89168,0,3,89165,0.0,3.3644356719899515e-05
2000,16,Chemistry,7,89168,0,3,89165,0.0,3.3644356719899515e-05
2000,16,Chemistry,8,89168,0,3,89165,0.0,3.3644356719899515e-05
2000,16,Chemistry,9,89168,0,3,89165,0.0,3.3644356719899515e-05
2000,16,Chemistry,10,89168,0,3,89165,0.0,3.3644356719899515e-05
2000,16,Chemistry,11,89168,0,3,89165,0.0,3.3644356719899515e-05
2000,16,Chemistry,12,89168,0,3,89165,0.0,3.3644356719899515e-05
2000,16,Chemistry,13,89168,0,3,89165,0.0,3.3644356719899515e-05
2000,16,Chemistry,14,89168,0,3,89165,0.0,3.3644356719899515e-05
2000,16,Chemistry,15,89168,0,3,89165,0.0,3.3644356719899515e-05
2000,17,Computer Science,0,145721,0,0,145721,0.0,0.0
2000,17,Computer Science,1,145721,0,0,145721,0.0,0.0
2000,17,Computer Science,2,145721,0,0,145721,0.0,0.0
2000,17,Computer Science,3,145721,0,0,145721,0.0,0.0
2000,17,Computer Science,4,145721,1,0,145721,6.862428888080647e-06,6.862428888080647e-06
2000,17,Computer Science,5,145721,0,1,145720,0.0,6.862428888080647e-06
2000,17,Computer Science,6,145721,0,1,145720,0.0,6.862428888080647e-06
2000,17,Computer Science,7,145721,0,1,145720,0.0,6.862428888080647e-06
2000,17,Computer Science,8,145721,0,1,145720,0.0,6.862428888080647e-06
2000,17,Computer Science,9,145721,0,1,145720,0.0,6.862428888080647e-06
2000,17,Computer Science,10,145721,0,1,145720,0.0,6.862428888080647e-06
2000,17,Computer Science,11,145721,0,1,145720,0.0,6.862428888080647e-06
2000,17,Computer Science,12,145721,0,1,145720,0.0,6.862428888080647e-06
2000,17,Computer Science,13,145721,0,1,145720,0.0,6.862428888080647e-06
2000,17,Computer Science,14,145721,0,1,145720,0.0,6.862428888080647e-06
2000,17,Computer Science,15,145721,0,1,145720,0.0,6.862428888080647e-06
2000,18,Decision Sciences,0,26731,0,0,26731,0.0,0.0
2000,18,Decision Sciences,1,26731,0,0,26731,0.0,0.0
2000,18,Decision Sciences,2,26731,1,0,26731,3.740974898058434e-05,3.740974898058434e-05
2000,18,Decision Sciences,3,26731,0,1,26730,0.0,3.740974898058434e-05
2000,18,Decision Sciences,4,26731,0,1,26730,0.0,3.740974898058434e-05
2000,18,Decision Sciences,5,26731,0,1,26730,0.0,3.740974898058434e-05
2000,18,Decision Sciences,6,26731,0,1,26730,0.0,3.740974898058434e-05
2000,18,Decision Sciences,7,26731,0,1,26730,0.0,3.740974898058434e-05
2000,18,Decision Sciences,8,26731,0,1,26730,0.0,3.740974898058434e-05
2000,18,Decision Sciences,9,26731,0,1,26730,0.0,3.740974898058434e-05
2000,18,Decision Sciences,10,26731,0,1,26730,0.0,3.740974898058434e-05
2000,18,Decision Sciences,11,26731,0,1,26730,0.0,3.740974898058434e-05
2000,18,Decision Sciences,12,26731,0,1,26730,0.0,3.740974898058434e-05
2000,18,Decision Sciences,13,26731,0,1,26730,0.0,3.740974898058434e-05
2000,18,Decision Sciences,14,26731,0,1,26730,0.0,3.740974898058434e-05
2000,18,Decision Sciences,15,26731,0,1,26730,0.0,3.740974898058434e-05
2000,19,Earth and Planetary Sciences,0,70985,0,0,70985,0.0,0.0
2000,19,Earth and Planetary Sciences,1,70985,0,0,70985,0.0,0.0
2000,19,Earth and Planetary Sciences,2,70985,0,0,70985,0.0,0.0
2000,19,Earth and Planetary Sciences,3,70985,0,0,70985,0.0,0.0
2000,19,Earth and Planetary Sciences,4,70985,0,0,70985,0.0,0.0
2000,19,Earth and Planetary Sciences,5,70985,0,0,70985,0.0,0.0
2000,19,Earth and Planetary Sciences,6,70985,0,0,70985,0.0,0.0
2000,19,Earth and Planetary Sciences,7,70985,0,0,70985,0.0,0.0
2000,19,Earth and Planetary Sciences,8,70985,0,0,70985,0.0,0.0
2000,19,Earth and Planetary Sciences,9,70985,0,0,70985,0.0,0.0
2000,19,Earth and Planetary Sciences,10,70985,0,0,70985,0.0,0.0
2000,19,Earth and Planetary Sciences,11,70985,1,0,70985,1.4087483271113615e-05,1.4087483271113615e-05
2000,19,Earth and Planetary Sciences,12,70985,0,1,70984,0.0,1.4087483271113615e-05
2000,19,Earth and Planetary Sciences,13,70985,0,1,70984,0.0,1.4087483271113615e-05
2000,19,Earth and Planetary Sciences,14,70985,0,1,70984,0.0,1.4087483271113615e-05
2000,19,Earth and Planetary Sciences,15,70985,0,1,70984,0.0,1.4087483271113615e-05
2000,20,"Economics, Econometrics and Finance",0,114278,0,0,114278,0.0,0.0
2000,20,"Economics, Econometrics and Finance",1,114278,0,0,114278,0.0,0.0
2000,20,"Economics, Econometrics and Finance",2,114278,0,0,114278,0.0,0.0
2000,20,"Economics, Econometrics and Finance",3,114278,0,0,114278,0.0,0.0
2000,20,"Economics, Econometrics and Finance",4,114278,0,0,114278,0.0,0.0
2000,20,"Economics, Econometrics and Finance",5,114278,0,0,114278,0.0,0.0
2000,20,"Economics, Econometrics and Finance",6,114278,0,0,114278,0.0,0.0
2000,20,"Economics, Econometrics and Finance",7,114278,0,0,114278,0.0,0.0
2000,20,"Economics, Econometrics and Finance",8,114278,0,0,114278,0.0,0.0
2000,20,"Economics, Econometrics and Finance",9,114278,0,0,114278,0.0,0.0
2000,20,"Economics, Econometrics and Finance",10,114278,0,0,114278,0.0,0.0
2000,20,"Economics, Econometrics and Finance",11,114278,0,0,114278,0.0,0.0
2000,20,"Economics, Econometrics and Finance",12,114278,0,0,114278,0.0,0.0
2000,20,"Economics, Econometrics and Finance",13,114278,0,0,114278,0.0,0.0
2000,20,"Economics, Econometrics and Finance",14,114278,0,0,114278,0.0,0.0
2000,20,"Economics, Econometrics and Finance",15,114278,0,0,114278,0.0,0.0
2000,21,Energy,0,11925,1,0,11925,8.385744234800838e-05,8.385744234800838e-05
2000,21,Energy,1,11925,0,1,11924,0.0,8.385744234800838e-05
2000,21,Energy,2,11925,0,1,11924,0.0,8.385744234800838e-05
2000,21,Energy,3,11925,0,1,11924,0.0,8.385744234800838e-05
2000,21,Energy,4,11925,0,1,11924,0.0,8.385744234800838e-05
2000,21,Energy,5,11925,0,1,11924,0.0,8.385744234800838e-05
2000,21,Energy,6,11925,0,1,11924,0.0,8.385744234800838e-05
2000,21,Energy,7,11925,0,1,11924,0.0,8.385744234800838e-05
2000,21,Energy,8,11925,0,1,11924,0.0,8.385744234800838e-05
2000,21,Energy,9,11925,0,1,11924,0.0,8.385744234800838e-05
2000,21,Energy,10,11925,0,1,11924,0.0,8.385744234800838e-05
2000,21,Energy,11,11925,0,1,11924,0.0,8.385744234800838e-05
2000,21,Energy,12,11925,0,1,11924,0.0,8.385744234800838e-05
2000,21,Energy,13,11925,0,1,11924,0.0,8.385744234800838e-05
2000,21,Energy,14,11925,0,1,11924,0.0,8.385744234800838e-05
2000,21,Energy,15,11925,0,1,11924,0.0,8.385744234800838e-05
2000,22,Engineering,0,741196,1,0,741196,1.3491707996265496e-06,1.3491707996265496e-06
2000,22,Engineering,1,741196,0,1,741195,0.0,1.3491707996265496e-06
2000,22,Engineering,2,741196,4,1,741195,5.396690479563408e-06,6.745853998132747e-06
2000,22,Engineering,3,741196,3,5,741191,4.047539702991537e-06,1.0793366397012397e-05
2000,22,Engineering,4,741196,0,8,741188,0.0,1.0793366397012397e-05
2000,22,Engineering,5,741196,0,8,741188,0.0,1.0793366397012397e-05
2000,22,Engineering,6,741196,1,8,741188,1.3491853618784978e-06,1.2142537196638945e-05
2000,22,Engineering,7,741196,0,9,741187,0.0,1.2142537196638945e-05
2000,22,Engineering,8,741196,0,9,741187,0.0,1.2142537196638945e-05
2000,22,Engineering,9,741196,0,9,741187,0.0,1.2142537196638945e-05
2000,22,Engineering,10,741196,0,9,741187,0.0,1.2142537196638945e-05
2000,22,Engineering,11,741196,0,9,741187,0.0,1.2142537196638945e-05
2000,22,Engineering,12,741196,0,9,741187,0.0,1.2142537196638945e-05
2000,22,Engineering,13,741196,1,9,741187,1.3491871821820943e-06,1.3491707996265495e-05
2000,22,Engineering,14,741196,0,10,741186,0.0,1.3491707996265495e-05
2000,22,Engineering,15,741196,0,10,741186,0.0,1.3491707996265495e-05
2000,23,Environmental Science,0,146525,0,0,146525,0.0,0.0
2000,23,Environmental Science,1,146525,0,0,146525,0.0,0.0
2000,23,Environmental Science,2,146525,0,0,146525,0.0,0.0
2000,23,Environmental Science,3,146525,0,0,146525,0.0,0.0
2000,23,Environmental Science,4,146525,0,0,146525,0.0,0.0
2000,23,Environmental Science,5,146525,0,0,146525,0.0,0.0
2000,23,Environmental Science,6,146525,0,0,146525,0.0,0.0
2000,23,Environmental Science,7,146525,0,0,146525,0.0,0.0
2000,23,Environmental Science,8,146525,0,0,146525,0.0,0.0
2000,23,Environmental Science,9,146525,0,0,146525,0.0,0.0
2000,23,Environmental Science,10,146525,0,0,146525,0.0,0.0
2000,23,Environmental Science,11,146525,0,0,146525,0.0,0.0
2000,23,Environmental Science,12,146525,0,0,146525,0.0,0.0
2000,23,Environmental Science,13,146525,0,0,146525,0.0,0.0
2000,23,Environmental Science,14,146525,0,0,146525,0.0,0.0
2000,23,Environmental Science,15,146525,0,0,146525,0.0,0.0
2000,24,Immunology and Microbiology,0,33736,0,0,33736,0.0,0.0
2000,24,Immunology and Microbiology,1,33736,1,0,33736,2.9641925539483046e-05,2.9641925539483046e-05
2000,24,Immunology and Microbiology,2,33736,0,1,33735,0.0,2.9641925539483046e-05
2000,24,Immunology and Microbiology,3,33736,1,1,33735,2.9642804209278197e-05,5.928385107896609e-05
2000,24,Immunology and Microbiology,4,33736,0,2,33734,0.0,5.928385107896609e-05
2000,24,Immunology and Microbiology,5,33736,0,2,33734,0.0,5.928385107896609e-05
2000,24,Immunology and Microbiology,6,33736,1,2,33734,2.9643682931167367e-05,8.892577661844914e-05
2000,24,Immunology and Microbiology,7,33736,0,3,33733,0.0,8.892577661844914e-05
2000,24,Immunology and Microbiology,8,33736,0,3,33733,0.0,8.892577661844914e-05
2000,24,Immunology and Microbiology,9,33736,1,3,33733,2.964456170515519e-05,0.00011856770215793219
2000,24,Immunology and Microbiology,10,33736,1,4,33732,2.9645440531246293e-05,0.00014820962769741523
2000,24,Immunology and Microbiology,11,33736,0,5,33731,0.0,0.00014820962769741523
2000,24,Immunology and Microbiology,12,33736,0,5,33731,0.0,0.00014820962769741523
2000,24,Immunology and Microbiology,13,33736,0,5,33731,0.0,0.00014820962769741523
2000,24,Immunology and Microbiology,14,33736,0,5,33731,0.0,0.00014820962769741523
2000,24,Immunology and Microbiology,15,33736,0,5,33731,0.0,0.00014820962769741523
2000,25,Materials Science,0,106453,0,0,106453,0.0,0.0
2000,25,Materials Science,1,106453,0,0,106453,0.0,0.0
2000,25,Materials Science,2,106453,0,0,106453,0.0,0.0
2000,25,Materials Science,3,106453,1,0,106453,9.393816989657407e-06,9.393816989657407e-06
2000,25,Materials Science,4,106453,0,1,106452,0.0,9.393816989657407e-06
2000,25,Materials Science,5,106453,0,1,106452,0.0,9.393816989657407e-06
2000,25,Materials Science,6,106453,0,1,106452,0.0,9.393816989657407e-06
2000,25,Materials Science,7,106453,0,1,106452,0.0,9.393816989657407e-06
2000,25,Materials Science,8,106453,0,1,106452,0.0,9.393816989657407e-06
2000,25,Materials Science,9,106453,0,1,106452,0.0,9.393816989657407e-06
2000,25,Materials Science,10,106453,0,1,106452,0.0,9.393816989657407e-06
2000,25,Materials Science,11,106453,1,1,106452,9.393905234283996e-06,1.8787633979314814e-05
2000,25,Materials Science,12,106453,0,2,106451,0.0,1.8787633979314814e-05
2000,25,Materials Science,13,106453,0,2,106451,0.0,1.8787633979314814e-05
2000,25,Materials Science,14,106453,1,2,106451,9.393993480568525e-06,2.818145096897222e-05
2000,25,Materials Science,15,106453,0,3,106450,0.0,2.818145096897222e-05
2000,26,Mathematics,0,45923,0,0,45923,0.0,0.0
2000,26,Mathematics,1,45923,0,0,45923,0.0,0.0
2000,26,Mathematics,2,45923,0,0,45923,0.0,0.0
2000,26,Mathematics,3,45923,0,0,45923,0.0,0.0
2000,26,Mathematics,4,45923,0,0,45923,0.0,0.0
2000,26,Mathematics,5,45923,0,0,45923,0.0,0.0
2000,26,Mathematics,6,45923,0,0,45923,0.0,0.0
2000,26,Mathematics,7,45923,0,0,45923,0.0,0.0
2000,26,Mathematics,8,45923,0,0,45923,0.0,0.0
2000,26,Mathematics,9,45923,0,0,45923,0.0,0.0
2000,26,Mathematics,10,45923,0,0,45923,0.0,0.0
2000,26,Mathematics,11,45923,0,0,45923,0.0,0.0
2000,26,Mathematics,12,45923,1,0,45923,2.1775580863619537e-05,2.1775580863619537e-05
2000,26,Mathematics,13,45923,0,1,45922,0.0,2.1775580863619537e-05
2000,26,Mathematics,14,45923,0,1,45922,0.0,2.1775580863619537e-05
2000,26,Mathematics,15,45923,0,1,45922,0.0,2.1775580863619537e-05
2000,27,Medicine,0,562638,7,0,562638,1.2441392156235448e-05,1.2441392156235448e-05
2000,27,Medicine,1,562638,1,7,562631,1.7773638494857198e-06,1.4218733892840511e-05
2000,27,Medicine,2,562638,4,8,562630,7.109468034054352e-06,2.132810083926077e-05
2000,27,Medicine,3,562638,1,12,562626,1.7773796447373566e-06,2.310544257586583e-05
2000,27,Medicine,4,562638,2,13,562625,3.554765607642746e-06,2.666012604907596e-05
2000,27,Medicine,5,562638,0,15,562623,0.0,2.666012604907596e-05
2000,27,Medicine,6,562638,1,15,562623,1.7773891220230955e-06,2.8437467785681023e-05
2000,27,Medicine,7,562638,1,16,562622,1.7773922811408014e-06,3.0214809522286087e-05
2000,27,Medicine,8,562638,0,17,562621,0.0,3.0214809522286087e-05
2000,27,Medicine,9,562638,6,17,562621,1.0664372641618426e-05,4.0878859941916474e-05
2000,27,Medicine,10,562638,1,23,562615,1.7774143952791873e-06,4.265620167852154e-05
2000,27,Medicine,11,562638,9,24,562614,1.5996757990380617e-05,5.865227730796711e-05
2000,27,Medicine,12,562638,2,33,562605,3.554891975720088e-06,6.220696078117724e-05
2000,27,Medicine,13,562638,6,35,562603,1.0664713839065913e-05,7.287101120080763e-05
2000,27,Medicine,14,562638,1,41,562597,1.7774712627333597e-06,7.464835293741269e-05
2000,27,Medicine,15,562638,1,42,562596,1.7774744221430654e-06,7.642569467401775e-05
2000,28,Neuroscience,0,52155,2,0,52155,3.834723420573291e-05,3.834723420573291e-05
2000,28,Neuroscience,1,52155,0,2,52153,0.0,3.834723420573291e-05
2000,28,Neuroscience,2,52155,1,2,52153,1.9174352386248155e-05,5.7520851308599364e-05
2000,28,Neuroscience,3,52155,0,3,52152,0.0,5.7520851308599364e-05
2000,28,Neuroscience,4,52155,0,3,52152,0.0,5.7520851308599364e-05
2000,28,Neuroscience,5,52155,0,3,52152,0.0,5.7520851308599364e-05
2000,28,Neuroscience,6,52155,0,3,52152,0.0,5.7520851308599364e-05
2000,28,Neuroscience,7,52155,1,3,52152,1.9174720049087283e-05,7.669446841146582e-05
2000,28,Neuroscience,8,52155,0,4,52151,0.0,7.669446841146582e-05
2000,28,Neuroscience,9,52155,0,4,52151,0.0,7.669446841146582e-05
2000,28,Neuroscience,10,52155,0,4,52151,0.0,7.669446841146582e-05
2000,28,Neuroscience,11,52155,0,4,52151,0.0,7.669446841146582e-05
2000,28,Neuroscience,12,52155,0,4,52151,0.0,7.669446841146582e-05
2000,28,Neuroscience,13,52155,1,4,52151,1.9175087726026345e-05,9.586808551433228e-05
2000,28,Neuroscience,14,52155,0,5,52150,0.0,9.586808551433228e-05
2000,28,Neuroscience,15,52155,0,5,52150,0.0,9.586808551433228e-05
2000,29,Nursing,0,15587,1,0,15587,6.415602745877976e-05,6.415602745877976e-05
2000,29,Nursing,1,15587,0,1,15586,0.0,6.415602745877976e-05
2000,29,Nursing,2,15587,0,1,15586,0.0,6.415602745877976e-05
2000,29,Nursing,3,15587,0,1,15586,0.0,6.415602745877976e-05
2000,29,Nursing,4,15587,0,1,15586,0.0,6.415602745877976e-05
2000,29,Nursing,5,15587,0,1,15586,0.0,6.415602745877976e-05
2000,29,Nursing,6,15587,0,1,15586,0.0,6.415602745877976e-05
2000,29,Nursing,7,15587,0,1,15586,0.0,6.415602745877976e-05
2000,29,Nursing,8,15587,0,1,15586,0.0,6.415602745877976e-05
2000,29,Nursing,9,15587,1,1,15586,6.416014371872192e-05,0.00012831205491755951
2000,29,Nursing,10,15587,0,2,15585,0.0,0.00012831205491755951
2000,29,Nursing,11,15587,0,2,15585,0.0,0.00012831205491755951
2000,29,Nursing,12,15587,0,2,15585,0.0,0.00012831205491755951
2000,29,Nursing,13,15587,0,2,15585,0.0,0.00012831205491755951
2000,29,Nursing,14,15587,0,2,15585,0.0,0.00012831205491755951
2000,29,Nursing,15,15587,0,2,15585,0.0,0.00012831205491755951
2000,30,"Pharmacology, Toxicology and Pharmaceutics",0,12556,0,0,12556,0.0,0.0
2000,30,"Pharmacology, Toxicology and Pharmaceutics",1,12556,0,0,12556,0.0,0.0
2000,30,"Pharmacology, Toxicology and Pharmaceutics",2,12556,0,0,12556,0.0,0.0
2000,30,"Pharmacology, Toxicology and Pharmaceutics",3,12556,0,0,12556,0.0,0.0
2000,30,"Pharmacology, Toxicology and Pharmaceutics",4,12556,1,0,12556,7.964319847085059e-05,7.964319847085059e-05
2000,30,"Pharmacology, Toxicology and Pharmaceutics",5,12556,0,1,12555,0.0,7.964319847085059e-05
2000,30,"Pharmacology, Toxicology and Pharmaceutics",6,12556,0,1,12555,0.0,7.964319847085059e-05
2000,30,"Pharmacology, Toxicology and Pharmaceutics",7,12556,0,1,12555,0.0,7.964319847085059e-05
2000,30,"Pharmacology, Toxicology and Pharmaceutics",8,12556,0,1,12555,0.0,7.964319847085059e-05
2000,30,"Pharmacology, Toxicology and Pharmaceutics",9,12556,0,1,12555,0.0,7.964319847085059e-05
2000,30,"Pharmacology, Toxicology and Pharmaceutics",10,12556,0,1,12555,0.0,7.964319847085059e-05
2000,30,"Pharmacology, Toxicology and Pharmaceutics",11,12556,0,1,12555,0.0,7.964319847085059e-05
2000,30,"Pharmacology, Toxicology and Pharmaceutics",12,12556,0,1,12555,0.0,7.964319847085059e-05
2000,30,"Pharmacology, Toxicology and Pharmaceutics",13,12556,0,1,12555,0.0,7.964319847085059e-05
2000,30,"Pharmacology, Toxicology and Pharmaceutics",14,12556,0,1,12555,0.0,7.964319847085059e-05
2000,30,"Pharmacology, Toxicology and Pharmaceutics",15,12556,0,1,12555,0.0,7.964319847085059e-05
2000,31,Physics and Astronomy,0,132060,0,0,132060,0.0,0.0
2000,31,Physics and Astronomy,1,132060,0,0,132060,0.0,0.0
2000,31,Physics and Astronomy,2,132060,1,0,132060,7.572315614114796e-06,7.572315614114796e-06
2000,31,Physics and Astronomy,3,132060,1,1,132059,7.572372954512755e-06,1.5144631228229593e-05
2000,31,Physics and Astronomy,4,132060,0,2,132058,0.0,1.5144631228229593e-05
2000,31,Physics and Astronomy,5,132060,0,2,132058,0.0,1.5144631228229593e-05
2000,31,Physics and Astronomy,6,132060,0,2,132058,0.0,1.5144631228229593e-05
2000,31,Physics and Astronomy,7,132060,0,2,132058,0.0,1.5144631228229593e-05
2000,31,Physics and Astronomy,8,132060,0,2,132058,0.0,1.5144631228229593e-05
2000,31,Physics and Astronomy,9,132060,1,2,132058,7.572430295779127e-06,2.2716946842344388e-05
2000,31,Physics and Astronomy,10,132060,0,3,132057,0.0,2.2716946842344388e-05
2000,31,Physics and Astronomy,11,132060,0,3,132057,0.0,2.2716946842344388e-05
2000,31,Physics and Astronomy,12,132060,0,3,132057,0.0,2.2716946842344388e-05
2000,31,Physics and Astronomy,13,132060,0,3,132057,0.0,2.2716946842344388e-05
2000,31,Physics and Astronomy,14,132060,0,3,132057,0.0,2.2716946842344388e-05
2000,31,Physics and Astronomy,15,132060,0,3,132057,0.0,2.2716946842344388e-05
2000,32,Psychology,0,81687,0,0,81687,0.0,0.0
2000,32,Psychology,1,81687,1,0,81687,1.2241849988370243e-05,1.2241849988370243e-05
2000,32,Psychology,2,81687,0,1,81686,0.0,1.2241849988370243e-05
2000,32,Psychology,3,81687,0,1,81686,0.0,1.2241849988370243e-05
2000,32,Psychology,4,81687,0,1,81686,0.0,1.2241849988370243e-05
2000,32,Psychology,5,81687,0,1,81686,0.0,1.2241849988370243e-05
2000,32,Psychology,6,81687,0,1,81686,0.0,1.2241849988370243e-05
2000,32,Psychology,7,81687,0,1,81686,0.0,1.2241849988370243e-05
2000,32,Psychology,8,81687,0,1,81686,0.0,1.2241849988370243e-05
2000,32,Psychology,9,81687,0,1,81686,0.0,1.2241849988370243e-05
2000,32,Psychology,10,81687,0,1,81686,0.0,1.2241849988370243e-05
2000,32,Psychology,11,81687,0,1,81686,0.0,1.2241849988370243e-05
2000,32,Psychology,12,81687,0,1,81686,0.0,1.2241849988370243e-05
2000,32,Psychology,13,81687,0,1,81686,0.0,1.2241849988370243e-05
2000,32,Psychology,14,81687,0,1,81686,0.0,1.2241849988370243e-05
2000,32,Psychology,15,81687,0,1,81686,0.0,1.2241849988370243e-05
2000,33,Social Sciences,0,459675,0,0,459675,0.0,0.0
2000,33,Social Sciences,1,459675,1,0,459675,2.1754500462283135e-06,2.1754500462283135e-06
2000,33,Social Sciences,2,459675,2,1,459674,4.350909557643025e-06,6.5263501386849406e-06
2000,33,Social Sciences,3,459675,0,3,459672,0.0,6.5263501386849406e-06
2000,33,Social Sciences,4,459675,0,3,459672,0.0,6.5263501386849406e-06
2000,33,Social Sciences,5,459675,0,3,459672,0.0,6.5263501386849406e-06
2000,33,Social Sciences,6,459675,0,3,459672,0.0,6.5263501386849406e-06
2000,33,Social Sciences,7,459675,0,3,459672,0.0,6.5263501386849406e-06
2000,33,Social Sciences,8,459675,0,3,459672,0.0,6.5263501386849406e-06
2000,33,Social Sciences,9,459675,0,3,459672,0.0,6.5263501386849406e-06
2000,33,Social Sciences,10,459675,0,3,459672,0.0,6.5263501386849406e-06
2000,33,Social Sciences,11,459675,0,3,459672,0.0,6.5263501386849406e-06
2000,33,Social Sciences,12,459675,1,3,459672,2.1754642440696846e-06,8.701800184913254e-06
2000,33,Social Sciences,13,459675,0,4,459671,0.0,8.701800184913254e-06
2000,33,Social Sciences,14,459675,2,4,459671,4.350937953449315e-06,1.3052700277369881e-05
2000,33,Social Sciences,15,459675,0,6,459669,0.0,1.3052700277369881e-05
2000,34,Veterinary,0,5680,0,0,5680,0.0,0.0
2000,34,Veterinary,1,5680,0,0,5680,0.0,0.0
2000,34,Veterinary,2,5680,0,0,5680,0.0,0.0
2000,34,Veterinary,3,5680,0,0,5680,0.0,0.0
2000,34,Veterinary,4,5680,0,0,5680,0.0,0.0
2000,34,Veterinary,5,5680,0,0,5680,0.0,0.0
2000,34,Veterinary,6,5680,0,0,5680,0.0,0.0
2000,34,Veterinary,7,5680,0,0,5680,0.0,0.0
2000,34,Veterinary,8,5680,0,0,5680,0.0,0.0
2000,34,Veterinary,9,5680,0,0,5680,0.0,0.0
2000,34,Veterinary,10,5680,0,0,5680,0.0,0.0
2000,34,Veterinary,11,5680,0,0,5680,0.0,0.0
2000,34,Veterinary,12,5680,0,0,5680,0.0,0.0
2000,34,Veterinary,13,5680,1,0,5680,0.00017605633802816902,0.00017605633802816902
2000,34,Veterinary,14,5680,0,1,5679,0.0,0.00017605633802816902
2000,34,Veterinary,15,5680,0,1,5679,0.0,0.00017605633802816902
2000,35,Dentistry,0,8830,0,0,8830,0.0,0.0
2000,35,Dentistry,1,8830,0,0,8830,0.0,0.0
2000,35,Dentistry,2,8830,0,0,8830,0.0,0.0
2000,35,Dentistry,3,8830,0,0,8830,0.0,0.0
2000,35,Dentistry,4,8830,0,0,8830,0.0,0.0
2000,35,Dentistry,5,8830,0,0,8830,0.0,0.0
2000,35,Dentistry,6,8830,0,0,8830,0.0,0.0
2000,35,Dentistry,7,8830,0,0,8830,0.0,0.0
2000,35,Dentistry,8,8830,0,0,8830,0.0,0.0
2000,35,Dentistry,9,8830,0,0,8830,0.0,0.0
2000,35,Dentistry,10,8830,0,0,8830,0.0,0.0
2000,35,Dentistry,11,8830,0,0,8830,0.0,0.0
2000,35,Dentistry,12,8830,0,0,8830,0.0,0.0
2000,35,Dentistry,13,8830,0,0,8830,0.0,0.0
2000,35,Dentistry,14,8830,0,0,8830,0.0,0.0
2000,35,Dentistry,15,8830,0,0,8830,0.0,0.0
2000,36,Health Professions,0,76108,0,0,76108,0.0,0.0
2000,36,Health Professions,1,76108,0,0,76108,0.0,0.0
2000,36,Health Professions,2,76108,0,0,76108,0.0,0.0
2000,36,Health Professions,3,76108,1,0,76108,1.3139223209123877e-05,1.3139223209123877e-05
2000,36,Health Professions,4,76108,0,1,76107,0.0,1.3139223209123877e-05
2000,36,Health Professions,5,76108,0,1,76107,0.0,1.3139223209123877e-05
2000,36,Health Professions,6,76108,0,1,76107,0.0,1.3139223209123877e-05
2000,36,Health Professions,7,76108,0,1,76107,0.0,1.3139223209123877e-05
2000,36,Health Professions,8,76108,0,1,76107,0.0,1.3139223209123877e-05
2000,36,Health Professions,9,76108,0,1,76107,0.0,1.3139223209123877e-05
2000,36,Health Professions,10,76108,0,1,76107,0.0,1.3139223209123877e-05
2000,36,Health Professions,11,76108,0,1,76107,0.0,1.3139223209123877e-05
2000,36,Health Professions,12,76108,0,1,76107,0.0,1.3139223209123877e-05
2000,36,Health Professions,13,76108,0,1,76107,0.0,1.3139223209123877e-05
2000,36,Health Professions,14,76108,0,1,76107,0.0,1.3139223209123877e-05
2000,36,Health Professions,15,76108,0,1,76107,0.0,1.3139223209123877e-05
2001,11,Agricultural and Biological Sciences,0,148125,0,0,148125,0.0,0.0
2001,11,Agricultural and Biological Sciences,1,148125,0,0,148125,0.0,0.0
2001,11,Agricultural and Biological Sciences,2,148125,0,0,148125,0.0,0.0
2001,11,Agricultural and Biological Sciences,3,148125,0,0,148125,0.0,0.0
2001,11,Agricultural and Biological Sciences,4,148125,0,0,148125,0.0,0.0
2001,11,Agricultural and Biological Sciences,5,148125,0,0,148125,0.0,0.0
2001,11,Agricultural and Biological Sciences,6,148125,0,0,148125,0.0,0.0
2001,11,Agricultural and Biological Sciences,7,148125,0,0,148125,0.0,0.0
2001,11,Agricultural and Biological Sciences,8,148125,0,0,148125,0.0,0.0
2001,11,Agricultural and Biological Sciences,9,148125,0,0,148125,0.0,0.0
2001,11,Agricultural and Biological Sciences,10,148125,0,0,148125,0.0,0.0
2001,11,Agricultural and Biological Sciences,11,148125,0,0,148125,0.0,0.0
2001,11,Agricultural and Biological Sciences,12,148125,0,0,148125,0.0,0.0
2001,11,Agricultural and Biological Sciences,13,148125,0,0,148125,0.0,0.0
2001,11,Agricultural and Biological Sciences,14,148125,1,0,148125,6.751054852320675e-06,6.751054852320675e-06
2001,11,Agricultural and Biological Sciences,15,148125,0,1,148124,0.0,6.751054852320675e-06
2001,12,Arts and Humanities,0,249765,0,0,249765,0.0,0.0
2001,12,Arts and Humanities,1,249765,0,0,249765,0.0,0.0
2001,12,Arts and Humanities,2,249765,0,0,249765,0.0,0.0
2001,12,Arts and Humanities,3,249765,0,0,249765,0.0,0.0
2001,12,Arts and Humanities,4,249765,0,0,249765,0.0,0.0
2001,12,Arts and Humanities,5,249765,1,0,249765,4.0037635377254616e-06,4.0037635377254616e-06
2001,12,Arts and Humanities,6,249765,0,1,249764,0.0,4.0037635377254616e-06
2001,12,Arts and Humanities,7,249765,0,1,249764,0.0,4.0037635377254616e-06
2001,12,Arts and Humanities,8,249765,0,1,249764,0.0,4.0037635377254616e-06
2001,12,Arts and Humanities,9,249765,0,1,249764,0.0,4.0037635377254616e-06
2001,12,Arts and Humanities,10,249765,1,1,249764,4.003779567912109e-06,8.007527075450923e-06
2001,12,Arts and Humanities,11,249765,0,2,249763,0.0,8.007527075450923e-06
2001,12,Arts and Humanities,12,249765,0,2,249763,0.0,8.007527075450923e-06
2001,12,Arts and Humanities,13,249765,0,2,249763,0.0,8.007527075450923e-06
2001,12,Arts and Humanities,14,249765,0,2,249763,0.0,8.007527075450923e-06
2001,12,Arts and Humanities,15,249765,0,2,249763,0.0,8.007527075450923e-06
2001,13,"Biochemistry, Genetics and Molecular Biology",0,183451,3,0,183451,1.6353140620656196e-05,1.6353140620656196e-05
2001,13,"Biochemistry, Genetics and Molecular Biology",1,183451,1,3,183448,5.45113601674589e-06,2.1804187494208263e-05
2001,13,"Biochemistry, Genetics and Molecular Biology",2,183451,2,4,183447,1.0902331463583487e-05,3.270628124131239e-05
2001,13,"Biochemistry, Genetics and Molecular Biology",3,183451,3,6,183445,1.6353675488566057e-05,4.905942186196859e-05
2001,13,"Biochemistry, Genetics and Molecular Biology",4,183451,3,9,183442,1.6353942935641783e-05,6.541256248262478e-05
2001,13,"Biochemistry, Genetics and Molecular Biology",5,183451,0,12,183439,0.0,6.541256248262478e-05
2001,13,"Biochemistry, Genetics and Molecular Biology",6,183451,0,12,183439,0.0,6.541256248262478e-05
2001,13,"Biochemistry, Genetics and Molecular Biology",7,183451,0,12,183439,0.0,6.541256248262478e-05
2001,13,"Biochemistry, Genetics and Molecular Biology",8,183451,0,12,183439,0.0,6.541256248262478e-05
2001,13,"Biochemistry, Genetics and Molecular Biology",9,183451,0,12,183439,0.0,6.541256248262478e-05
2001,13,"Biochemistry, Genetics and Molecular Biology",10,183451,0,12,183439,0.0,6.541256248262478e-05
2001,13,"Biochemistry, Genetics and Molecular Biology",11,183451,0,12,183439,0.0,6.541256248262478e-05
2001,13,"Biochemistry, Genetics and Molecular Biology",12,183451,6,12,183439,3.2708420782930566e-05,9.811884372393718e-05
2001,13,"Biochemistry, Genetics and Molecular Biology",13,183451,2,18,183433,1.0903163552904876e-05,0.00010902093747104132
2001,13,"Biochemistry, Genetics and Molecular Biology",14,183451,1,20,183431,5.451641216588254e-06,0.00011447198434459338
2001,13,"Biochemistry, Genetics and Molecular Biology",15,183451,1,21,183430,5.451670937142234e-06,0.00011992303121814544
2001,14,"Business, Management and Accounting",0,89159,0,0,89159,0.0,0.0
2001,14,"Business, Management and Accounting",1,89159,0,0,89159,0.0,0.0
2001,14,"Business, Management and Accounting",2,89159,0,0,89159,0.0,0.0
2001,14,"Business, Management and Accounting",3,89159,0,0,89159,0.0,0.0
2001,14,"Business, Management and Accounting",4,89159,0,0,89159,0.0,0.0
2001,14,"Business, Management and Accounting",5,89159,0,0,89159,0.0,0.0
2001,14,"Business, Management and Accounting",6,89159,0,0,89159,0.0,0.0
2001,14,"Business, Management and Accounting",7,89159,0,0,89159,0.0,0.0
2001,14,"Business, Management and Accounting",8,89159,0,0,89159,0.0,0.0
2001,14,"Business, Management and Accounting",9,89159,0,0,89159,0.0,0.0
2001,14,"Business, Management and Accounting",10,89159,0,0,89159,0.0,0.0
2001,14,"Business, Management and Accounting",11,89159,0,0,89159,0.0,0.0
2001,14,"Business, Management and Accounting",12,89159,0,0,89159,0.0,0.0
2001,14,"Business, Management and Accounting",13,89159,0,0,89159,0.0,0.0
2001,14,"Business, Management and Accounting",14,89159,1,0,89159,1.1215917630300923e-05,1.1215917630300923e-05
2001,14,"Business, Management and Accounting",15,89159,0,1,89158,0.0,1.1215917630300923e-05
2001,15,Chemical Engineering,0,10949,0,0,10949,0.0,0.0
2001,15,Chemical Engineering,1,10949,0,0,10949,0.0,0.0
2001,15,Chemical Engineering,2,10949,0,0,10949,0.0,0.0
2001,15,Chemical Engineering,3,10949,0,0,10949,0.0,0.0
2001,15,Chemical Engineering,4,10949,0,0,10949,0.0,0.0
2001,15,Chemical Engineering,5,10949,0,0,10949,0.0,0.0
2001,15,Chemical Engineering,6,10949,0,0,10949,0.0,0.0
2001,15,Chemical Engineering,7,10949,0,0,10949,0.0,0.0
2001,15,Chemical Engineering,8,10949,0,0,10949,0.0,0.0
2001,15,Chemical Engineering,9,10949,0,0,10949,0.0,0.0
2001,15,Chemical Engineering,10,10949,0,0,10949,0.0,0.0
2001,15,Chemical Engineering,11,10949,0,0,10949,0.0,0.0
2001,15,Chemical Engineering,12,10949,0,0,10949,0.0,0.0
2001,15,Chemical Engineering,13,10949,0,0,10949,0.0,0.0
2001,15,Chemical Engineering,14,10949,0,0,10949,0.0,0.0
2001,15,Chemical Engineering,15,10949,0,0,10949,0.0,0.0
2001,16,Chemistry,0,83461,0,0,83461,0.0,0.0
2001,16,Chemistry,1,83461,2,0,83461,2.3963288242412625e-05,2.3963288242412625e-05
2001,16,Chemistry,2,83461,2,2,83459,2.3963862495357003e-05,4.792657648482525e-05
2001,16,Chemistry,3,83461,0,4,83457,0.0,4.792657648482525e-05
2001,16,Chemistry,4,83461,0,4,83457,0.0,4.792657648482525e-05
2001,16,Chemistry,5,83461,1,4,83457,1.1982218387912338e-05,5.990822060603156e-05
2001,16,Chemistry,6,83461,0,5,83456,0.0,5.990822060603156e-05
2001,16,Chemistry,7,83461,0,5,83456,0.0,5.990822060603156e-05
2001,16,Chemistry,8,83461,0,5,83456,0.0,5.990822060603156e-05
2001,16,Chemistry,9,83461,0,5,83456,0.0,5.990822060603156e-05
2001,16,Chemistry,10,83461,0,5,83456,0.0,5.990822060603156e-05
2001,16,Chemistry,11,83461,0,5,83456,0.0,5.990822060603156e-05
2001,16,Chemistry,12,83461,0,5,83456,0.0,5.990822060603156e-05
2001,16,Chemistry,13,83461,0,5,83456,0.0,5.990822060603156e-05
2001,16,Chemistry,14,83461,0,5,83456,0.0,5.990822060603156e-05
2001,16,Chemistry,15,83461,0,5,83456,0.0,5.990822060603156e-05
2001,17,Computer Science,0,156606,0,0,156606,0.0,0.0
2001,17,Computer Science,1,156606,1,0,156606,6.385451387558587e-06,6.385451387558587e-06
2001,17,Computer Science,2,156606,0,1,156605,0.0,6.385451387558587e-06
2001,17,Computer Science,3,156606,1,1,156605,6.385492161808372e-06,1.2770902775117174e-05
2001,17,Computer Science,4,156606,0,2,156604,0.0,1.2770902775117174e-05
2001,17,Computer Science,5,156606,0,2,156604,0.0,1.2770902775117174e-05
2001,17,Computer Science,6,156606,0,2,156604,0.0,1.2770902775117174e-05
2001,17,Computer Science,7,156606,0,2,156604,0.0,1.2770902775117174e-05
2001,17,Computer Science,8,156606,0,2,156604,0.0,1.2770902775117174e-05
2001,17,Computer Science,9,156606,0,2,156604,0.0,1.2770902775117174e-05
2001,17,Computer Science,10,156606,0,2,156604,0.0,1.2770902775117174e-05
2001,17,Computer Science,11,156606,0,2,156604,0.0,1.2770902775117174e-05
2001,17,Computer Science,12,156606,0,2,156604,0.0,1.2770902775117174e-05
2001,17,Computer Science,13,156606,0,2,156604,0.0,1.2770902775117174e-05
2001,17,Computer Science,14,156606,0,2,156604,0.0,1.2770902775117174e-05
2001,17,Computer Science,15,156606,0,2,156604,0.0,1.2770902775117174e-05
2001,18,Decision Sciences,0,27861,0,0,27861,0.0,0.0
2001,18,Decision Sciences,1,27861,0,0,27861,0.0,0.0
2001,18,Decision Sciences,2,27861,0,0,27861,0.0,0.0
2001,18,Decision Sciences,3,27861,0,0,27861,0.0,0.0
2001,18,Decision Sciences,4,27861,0,0,27861,0.0,0.0
2001,18,Decision Sciences,5,27861,0,0,27861,0.0,0.0
2001,18,Decision Sciences,6,27861,0,0,27861,0.0,0.0
2001,18,Decision Sciences,7,27861,0,0,27861,0.0,0.0
2001,18,Decision Sciences,8,27861,0,0,27861,0.0,0.0
2001,18,Decision Sciences,9,27861,0,0,27861,0.0,0.0
2001,18,Decision Sciences,10,27861,0,0,27861,0.0,0.0
2001,18,Decision Sciences,11,27861,0,0,27861,0.0,0.0
2001,18,Decision Sciences,12,27861,0,0,27861,0.0,0.0
2001,18,Decision Sciences,13,27861,0,0,27861,0.0,0.0
2001,18,Decision Sciences,14,27861,0,0,27861,0.0,0.0
2001,18,Decision Sciences,15,27861,0,0,27861,0.0,0.0
2001,19,Earth and Planetary Sciences,0,63508,0,0,63508,0.0,0.0
2001,19,Earth and Planetary Sciences,1,63508,0,0,63508,0.0,0.0
2001,19,Earth and Planetary Sciences,2,63508,0,0,63508,0.0,0.0
2001,19,Earth and Planetary Sciences,3,63508,0,0,63508,0.0,0.0
2001,19,Earth and Planetary Sciences,4,63508,0,0,63508,0.0,0.0
2001,19,Earth and Planetary Sciences,5,63508,0,0,63508,0.0,0.0
2001,19,Earth and Planetary Sciences,6,63508,0,0,63508,0.0,0.0
2001,19,Earth and Planetary Sciences,7,63508,0,0,63508,0.0,0.0
2001,19,Earth and Planetary Sciences,8,63508,0,0,63508,0.0,0.0
2001,19,Earth and Planetary Sciences,9,63508,0,0,63508,0.0,0.0
2001,19,Earth and Planetary Sciences,10,63508,0,0,63508,0.0,0.0
2001,19,Earth and Planetary Sciences,11,63508,0,0,63508,0.0,0.0
2001,19,Earth and Planetary Sciences,12,63508,0,0,63508,0.0,0.0
2001,19,Earth and Planetary Sciences,13,63508,0,0,63508,0.0,0.0
2001,19,Earth and Planetary Sciences,14,63508,0,0,63508,0.0,0.0
2001,19,Earth and Planetary Sciences,15,63508,0,0,63508,0.0,0.0
2001,20,"Economics, Econometrics and Finance",0,115069,0,0,115069,0.0,0.0
2001,20,"Economics, Econometrics and Finance",1,115069,1,0,115069,8.690437911166344e-06,8.690437911166344e-06
2001,20,"Economics, Econometrics and Finance",2,115069,0,1,115068,0.0,8.690437911166344e-06
2001,20,"Economics, Econometrics and Finance",3,115069,0,1,115068,0.0,8.690437911166344e-06
2001,20,"Economics, Econometrics and Finance",4,115069,0,1,115068,0.0,8.690437911166344e-06
2001,20,"Economics, Econometrics and Finance",5,115069,0,1,115068,0.0,8.690437911166344e-06
2001,20,"Economics, Econometrics and Finance",6,115069,0,1,115068,0.0,8.690437911166344e-06
2001,20,"Economics, Econometrics and Finance",7,115069,0,1,115068,0.0,8.690437911166344e-06
2001,20,"Economics, Econometrics and Finance",8,115069,0,1,115068,0.0,8.690437911166344e-06
2001,20,"Economics, Econometrics and Finance",9,115069,0,1,115068,0.0,8.690437911166344e-06
2001,20,"Economics, Econometrics and Finance",10,115069,0,1,115068,0.0,8.690437911166344e-06
2001,20,"Economics, Econometrics and Finance",11,115069,0,1,115068,0.0,8.690437911166344e-06
2001,20,"Economics, Econometrics and Finance",12,115069,0,1,115068,0.0,8.690437911166344e-06
2001,20,"Economics, Econometrics and Finance",13,115069,0,1,115068,0.0,8.690437911166344e-06
2001,20,"Economics, Econometrics and Finance",14,115069,1,1,115068,8.690513435533772e-06,1.7380875822332687e-05
2001,20,"Economics, Econometrics and Finance",15,115069,0,2,115067,0.0,1.7380875822332687e-05
2001,21,Energy,0,12122,0,0,12122,0.0,0.0
2001,21,Energy,1,12122,0,0,12122,0.0,0.0
2001,21,Energy,2,12122,0,0,12122,0.0,0.0
2001,21,Energy,3,12122,0,0,12122,0.0,0.0
2001,21,Energy,4,12122,0,0,12122,0.0,0.0
2001,21,Energy,5,12122,0,0,12122,0.0,0.0
2001,21,Energy,6,12122,0,0,12122,0.0,0.0
2001,21,Energy,7,12122,0,0,12122,0.0,0.0
2001,21,Energy,8,12122,0,0,12122,0.0,0.0
2001,21,Energy,9,12122,0,0,12122,0.0,0.0
2001,21,Energy,10,12122,0,0,12122,0.0,0.0
2001,21,Energy,11,12122,0,0,12122,0.0,0.0
2001,21,Energy,12,12122,0,0,12122,0.0,0.0
2001,21,Energy,13,12122,0,0,12122,0.0,0.0
2001,21,Energy,14,12122,0,0,12122,0.0,0.0
2001,21,Energy,15,12122,0,0,12122,0.0,0.0
2001,22,Engineering,0,792772,1,0,792772,1.2613967193594123e-06,1.2613967193594123e-06
2001,22,Engineering,1,792772,6,1,792771,7.568389862898617e-06,8.829777035515887e-06
2001,22,Engineering,2,792772,3,7,792765,3.7842235719286295e-06,1.2613967193594123e-05
2001,22,Engineering,3,792772,1,10,792762,1.2614126307769545e-06,1.3875363912953535e-05
2001,22,Engineering,4,792772,0,11,792761,0.0,1.3875363912953535e-05
2001,22,Engineering,5,792772,0,11,792761,0.0,1.3875363912953535e-05
2001,22,Engineering,6,792772,0,11,792761,0.0,1.3875363912953535e-05
2001,22,Engineering,7,792772,0,11,792761,0.0,1.3875363912953535e-05
2001,22,Engineering,8,792772,0,11,792761,0.0,1.3875363912953535e-05
2001,22,Engineering,9,792772,0,11,792761,0.0,1.3875363912953535e-05
2001,22,Engineering,10,792772,0,11,792761,0.0,1.3875363912953535e-05
2001,22,Engineering,11,792772,0,11,792761,0.0,1.3875363912953535e-05
2001,22,Engineering,12,792772,0,11,792761,0.0,1.3875363912953535e-05
2001,22,Engineering,13,792772,0,11,792761,0.0,1.3875363912953535e-05
2001,22,Engineering,14,792772,0,11,792761,0.0,1.3875363912953535e-05
2001,22,Engineering,15,792772,0,11,792761,0.0,1.3875363912953535e-05
2001,23,Environmental Science,0,137663,1,0,137663,7.2641159934041825e-06,7.2641159934041825e-06
2001,23,Environmental Science,1,137663,0,1,137662,0.0,7.2641159934041825e-06
2001,23,Environmental Science,2,137663,0,1,137662,0.0,7.2641159934041825e-06
2001,23,Environmental Science,3,137663,0,1,137662,0.0,7.2641159934041825e-06
2001,23,Environmental Science,4,137663,0,1,137662,0.0,7.2641159934041825e-06
2001,23,Environmental Science,5,137663,0,1,137662,0.0,7.2641159934041825e-06
2001,23,Environmental Science,6,137663,0,1,137662,0.0,7.2641159934041825e-06
2001,23,Environmental Science,7,137663,0,1,137662,0.0,7.2641159934041825e-06
2001,23,Environmental Science,8,137663,0,1,137662,0.0,7.2641159934041825e-06
2001,23,Environmental Science,9,137663,0,1,137662,0.0,7.2641159934041825e-06
2001,23,Environmental Science,10,137663,0,1,137662,0.0,7.2641159934041825e-06
2001,23,Environmental Science,11,137663,0,1,137662,0.0,7.2641159934041825e-06
2001,23,Environmental Science,12,137663,0,1,137662,0.0,7.2641159934041825e-06
2001,23,Environmental Science,13,137663,0,1,137662,0.0,7.2641159934041825e-06
2001,23,Environmental Science,14,137663,0,1,137662,0.0,7.2641159934041825e-06
2001,23,Environmental Science,15,137663,0,1,137662,0.0,7.2641159934041825e-06
2001,24,Immunology and Microbiology,0,32431,0,0,32431,0.0,0.0
2001,24,Immunology and Microbiology,1,32431,1,0,32431,3.0834695199037954e-05,3.0834695199037954e-05
2001,24,Immunology and Microbiology,2,32431,1,1,32430,3.0835646006783845e-05,6.166939039807591e-05
2001,24,Immunology and Microbiology,3,32431,0,2,32429,0.0,6.166939039807591e-05
2001,24,Immunology and Microbiology,4,32431,0,2,32429,0.0,6.166939039807591e-05
2001,24,Immunology and Microbiology,5,32431,1,2,32429,3.0836596873169075e-05,9.250408559711388e-05
2001,24,Immunology and Microbiology,6,32431,0,3,32428,0.0,9.250408559711388e-05
2001,24,Immunology and Microbiology,7,32431,2,3,32428,6.167509559639817e-05,0.00015417347599518979
2001,24,Immunology and Microbiology,8,32431,1,5,32426,3.0839449824215136e-05,0.00018500817119422775
2001,24,Immunology and Microbiology,9,32431,0,6,32425,0.0,0.00018500817119422775
2001,24,Immunology and Microbiology,10,32431,1,6,32425,3.0840400925212025e-05,0.0002158428663932657
2001,24,Immunology and Microbiology,11,32431,0,7,32424,0.0,0.0002158428663932657
2001,24,Immunology and Microbiology,12,32431,0,7,32424,0.0,0.0002158428663932657
2001,24,Immunology and Microbiology,13,32431,0,7,32424,0.0,0.0002158428663932657
2001,24,Immunology and Microbiology,14,32431,1,7,32424,3.08413520848754e-05,0.00024667756159230364
2001,24,Immunology and Microbiology,15,32431,0,8,32423,0.0,0.00024667756159230364
2001,25,Materials Science,0,110733,0,0,110733,0.0,0.0
2001,25,Materials Science,1,110733,0,0,110733,0.0,0.0
2001,25,Materials Science,2,110733,1,0,110733,9.03073157956526e-06,9.03073157956526e-06
2001,25,Materials Science,3,110733,0,1,110732,0.0,9.03073157956526e-06
2001,25,Materials Science,4,110733,0,1,110732,0.0,9.03073157956526e-06
2001,25,Materials Science,5,110733,2,1,110732,1.8061626268829244e-05,2.709219473869578e-05
2001,25,Materials Science,6,110733,0,3,110730,0.0,2.709219473869578e-05
2001,25,Materials Science,7,110733,0,3,110730,0.0,2.709219473869578e-05
2001,25,Materials Science,8,110733,0,3,110730,0.0,2.709219473869578e-05
2001,25,Materials Science,9,110733,0,3,110730,0.0,2.709219473869578e-05
2001,25,Materials Science,10,110733,0,3,110730,0.0,2.709219473869578e-05
2001,25,Materials Science,11,110733,0,3,110730,0.0,2.709219473869578e-05
2001,25,Materials Science,12,110733,0,3,110730,0.0,2.709219473869578e-05
2001,25,Materials Science,13,110733,0,3,110730,0.0,2.709219473869578e-05
2001,25,Materials Science,14,110733,0,3,110730,0.0,2.709219473869578e-05
2001,25,Materials Science,15,110733,0,3,110730,0.0,2.709219473869578e-05
2001,26,Mathematics,0,47992,0,0,47992,0.0,0.0
2001,26,Mathematics,1,47992,0,0,47992,0.0,0.0
2001,26,Mathematics,2,47992,0,0,47992,0.0,0.0
2001,26,Mathematics,3,47992,0,0,47992,0.0,0.0
2001,26,Mathematics,4,47992,0,0,47992,0.0,0.0
2001,26,Mathematics,5,47992,0,0,47992,0.0,0.0
2001,26,Mathematics,6,47992,0,0,47992,0.0,0.0
2001,26,Mathematics,7,47992,0,0,47992,0.0,0.0
2001,26,Mathematics,8,47992,0,0,47992,0.0,0.0
2001,26,Mathematics,9,47992,0,0,47992,0.0,0.0
2001,26,Mathematics,10,47992,0,0,47992,0.0,0.0
2001,26,Mathematics,11,47992,0,0,47992,0.0,0.0
2001,26,Mathematics,12,47992,0,0,47992,0.0,0.0
2001,26,Mathematics,13,47992,0,0,47992,0.0,0.0
2001,26,Mathematics,14,47992,0,0,47992,0.0,0.0
2001,26,Mathematics,15,47992,0,0,47992,0.0,0.0
2001,27,Medicine,0,527273,5,0,527273,9.482753715817044e-06,9.482753715817044e-06
2001,27,Medicine,1,527273,11,5,527268,2.0862256006433162e-05,3.034481189061454e-05
2001,27,Medicine,2,527273,3,16,527257,5.689824886156087e-06,3.603446412010476e-05
2001,27,Medicine,3,527273,1,19,527254,1.896619086815842e-06,3.7931014863268175e-05
2001,27,Medicine,4,527273,0,20,527253,0.0,3.7931014863268175e-05
2001,27,Medicine,5,527273,1,20,527253,1.896622683986625e-06,3.982756560643158e-05
2001,27,Medicine,6,527273,1,21,527252,1.896626281171053e-06,4.172411634959499e-05
2001,27,Medicine,7,527273,2,22,527251,3.7932597567382518e-06,4.551721783592181e-05
2001,27,Medicine,8,527273,5,24,527249,9.483185364031037e-06,5.499997155173885e-05
2001,27,Medicine,9,527273,4,29,527244,7.586620236550819e-06,6.258617452439248e-05
2001,27,Medicine,10,527273,15,33,527240,2.8450041726727864e-05,9.103443567184362e-05
2001,27,Medicine,11,527273,4,48,527225,7.586893641234767e-06,9.862063864449726e-05
2001,27,Medicine,12,527273,7,52,527221,1.3277164604596555e-05,0.00011189649384664111
2001,27,Medicine,13,527273,4,59,527214,7.587051937164036e-06,0.00011948269681929475
2001,27,Medicine,14,527273,5,63,527210,9.483886876197341e-06,0.0001289654505351118
2001,27,Medicine,15,527273,3,68,527205,5.6903860926963895e-06,0.00013465510276460202
2001,28,Neuroscience,0,50118,1,0,50118,1.995291112973383e-05,1.995291112973383e-05
2001,28,Neuroscience,1,50118,0,1,50117,0.0,1.995291112973383e-05
2001,28,Neuroscience,2,50118,0,1,50117,0.0,1.995291112973383e-05
2001,28,Neuroscience,3,50118,0,1,50117,0.0,1.995291112973383e-05
2001,28,Neuroscience,4,50118,0,1,50117,0.0,1.995291112973383e-05
2001,28,Neuroscience,5,50118,0,1,50117,0.0,1.995291112973383e-05
2001,28,Neuroscience,6,50118,0,1,50117,0.0,1.995291112973383e-05
2001,28,Neuroscience,7,50118,1,1,50117,1.9953309256340165e-05,3.990582225946766e-05
2001,28,Neuroscience,8,50118,0,2,50116,0.0,3.990582225946766e-05
2001,28,Neuroscience,9,50118,2,2,50116,3.990741479766941e-05,7.981164451893532e-05
2001,28,Neuroscience,10,50118,0,4,50114,0.0,7.981164451893532e-05
2001,28,Neuroscience,11,50118,0,4,50114,0.0,7.981164451893532e-05
2001,28,Neuroscience,12,50118,2,4,50114,3.990900746298439e-05,0.00011971746677840296
2001,28,Neuroscience,13,50118,1,6,50112,1.9955300127713922e-05,0.0001396703779081368
2001,28,Neuroscience,14,50118,0,7,50111,0.0,0.0001396703779081368
2001,28,Neuroscience,15,50118,0,7,50111,0.0,0.0001396703779081368
2001,29,Nursing,0,14339,0,0,14339,0.0,0.0
2001,29,Nursing,1,14339,0,0,14339,0.0,0.0
2001,29,Nursing,2,14339,0,0,14339,0.0,0.0
2001,29,Nursing,3,14339,0,0,14339,0.0,0.0
2001,29,Nursing,4,14339,1,0,14339,6.973987028384127e-05,6.973987028384127e-05
2001,29,Nursing,5,14339,0,1,14338,0.0,6.973987028384127e-05
2001,29,Nursing,6,14339,0,1,14338,0.0,6.973987028384127e-05
2001,29,Nursing,7,14339,0,1,14338,0.0,6.973987028384127e-05
2001,29,Nursing,8,14339,0,1,14338,0.0,6.973987028384127e-05
2001,29,Nursing,9,14339,0,1,14338,0.0,6.973987028384127e-05
2001,29,Nursing,10,14339,0,1,14338,0.0,6.973987028384127e-05
2001,29,Nursing,11,14339,0,1,14338,0.0,6.973987028384127e-05
2001,29,Nursing,12,14339,0,1,14338,0.0,6.973987028384127e-05
2001,29,Nursing,13,14339,0,1,14338,0.0,6.973987028384127e-05
2001,29,Nursing,14,14339,0,1,14338,0.0,6.973987028384127e-05
2001,29,Nursing,15,14339,0,1,14338,0.0,6.973987028384127e-05
2001,30,"Pharmacology, Toxicology and Pharmaceutics",0,12725,0,0,12725,0.0,0.0
2001,30,"Pharmacology, Toxicology and Pharmaceutics",1,12725,0,0,12725,0.0,0.0
2001,30,"Pharmacology, Toxicology and Pharmaceutics",2,12725,0,0,12725,0.0,0.0
2001,30,"Pharmacology, Toxicology and Pharmaceutics",3,12725,0,0,12725,0.0,0.0
2001,30,"Pharmacology, Toxicology and Pharmaceutics",4,12725,0,0,12725,0.0,0.0
2001,30,"Pharmacology, Toxicology and Pharmaceutics",5,12725,0,0,12725,0.0,0.0
2001,30,"Pharmacology, Toxicology and Pharmaceutics",6,12725,0,0,12725,0.0,0.0
2001,30,"Pharmacology, Toxicology and Pharmaceutics",7,12725,0,0,12725,0.0,0.0
2001,30,"Pharmacology, Toxicology and Pharmaceutics",8,12725,0,0,12725,0.0,0.0
2001,30,"Pharmacology, Toxicology and Pharmaceutics",9,12725,0,0,12725,0.0,0.0
2001,30,"Pharmacology, Toxicology and Pharmaceutics",10,12725,0,0,12725,0.0,0.0
2001,30,"Pharmacology, Toxicology and Pharmaceutics",11,12725,0,0,12725,0.0,0.0
2001,30,"Pharmacology, Toxicology and Pharmaceutics",12,12725,0,0,12725,0.0,0.0
2001,30,"Pharmacology, Toxicology and Pharmaceutics",13,12725,1,0,12725,7.858546168958742e-05,7.858546168958742e-05
2001,30,"Pharmacology, Toxicology and Pharmaceutics",14,12725,0,1,12724,0.0,7.858546168958742e-05
2001,30,"Pharmacology, Toxicology and Pharmaceutics",15,12725,0,1,12724,0.0,7.858546168958742e-05
2001,31,Physics and Astronomy,0,144945,3,0,144945,2.069750595053296e-05,2.069750595053296e-05
2001,31,Physics and Astronomy,1,144945,2,3,144942,1.3798622897434835e-05,3.4495843250888266e-05
2001,31,Physics and Astronomy,2,144945,3,5,144940,2.0698219953084033e-05,5.519334920142123e-05
2001,31,Physics and Astronomy,3,144945,0,8,144937,0.0,5.519334920142123e-05
2001,31,Physics and Astronomy,4,144945,0,8,144937,0.0,5.519334920142123e-05
2001,31,Physics and Astronomy,5,144945,0,8,144937,0.0,5.519334920142123e-05
2001,31,Physics and Astronomy,6,144945,0,8,144937,0.0,5.519334920142123e-05
2001,31,Physics and Astronomy,7,144945,1,8,144937,6.8995494594203e-06,6.209251785159888e-05
2001,31,Physics and Astronomy,8,144945,1,9,144936,6.8995970635314895e-06,6.899168650177653e-05
2001,31,Physics and Astronomy,9,144945,0,10,144935,0.0,6.899168650177653e-05
2001,31,Physics and Astronomy,10,144945,1,10,144935,6.899644668299583e-06,7.589085515195419e-05
2001,31,Physics and Astronomy,11,144945,0,11,144934,0.0,7.589085515195419e-05
2001,31,Physics and Astronomy,12,144945,0,11,144934,0.0,7.589085515195419e-05
2001,31,Physics and Astronomy,13,144945,0,11,144934,0.0,7.589085515195419e-05
2001,31,Physics and Astronomy,14,144945,0,11,144934,0.0,7.589085515195419e-05
2001,31,Physics and Astronomy,15,144945,0,11,144934,0.0,7.589085515195419e-05
2001,32,Psychology,0,83627,0,0,83627,0.0,0.0
2001,32,Psychology,1,83627,4,0,83627,4.783144199839765e-05,4.783144199839765e-05
2001,32,Psychology,2,83627,0,4,83623,0.0,4.783144199839765e-05
2001,32,Psychology,3,83627,0,4,83623,0.0,4.783144199839765e-05
2001,32,Psychology,4,83627,0,4,83623,0.0,4.783144199839765e-05
2001,32,Psychology,5,83627,0,4,83623,0.0,4.783144199839765e-05
2001,32,Psychology,6,83627,0,4,83623,0.0,4.783144199839765e-05
2001,32,Psychology,7,83627,0,4,83623,0.0,4.783144199839765e-05
2001,32,Psychology,8,83627,0,4,83623,0.0,4.783144199839765e-05
2001,32,Psychology,9,83627,0,4,83623,0.0,4.783144199839765e-05
2001,32,Psychology,10,83627,0,4,83623,0.0,4.783144199839765e-05
2001,32,Psychology,11,83627,0,4,83623,0.0,4.783144199839765e-05
2001,32,Psychology,12,83627,0,4,83623,0.0,4.783144199839765e-05
2001,32,Psychology,13,83627,0,4,83623,0.0,4.783144199839765e-05
2001,32,Psychology,14,83627,2,4,83623,2.391686497733877e-05,7.174716299759647e-05
2001,32,Psychology,15,83627,0,6,83621,0.0,7.174716299759647e-05
2001,33,Social Sciences,0,483991,0,0,483991,0.0,0.0
2001,33,Social Sciences,1,483991,0,0,483991,0.0,0.0
2001,33,Social Sciences,2,483991,0,0,483991,0.0,0.0
2001,33,Social Sciences,3,483991,0,0,483991,0.0,0.0
2001,33,Social Sciences,4,483991,0,0,483991,0.0,0.0
2001,33,Social Sciences,5,483991,0,0,483991,0.0,0.0
2001,33,Social Sciences,6,483991,0,0,483991,0.0,0.0
2001,33,Social Sciences,7,483991,0,0,483991,0.0,0.0
2001,33,Social Sciences,8,483991,0,0,483991,0.0,0.0
2001,33,Social Sciences,9,483991,0,0,483991,0.0,0.0
2001,33,Social Sciences,10,483991,0,0,483991,0.0,0.0
2001,33,Social Sciences,11,483991,0,0,483991,0.0,0.0
2001,33,Social Sciences,12,483991,1,0,483991,2.066154122700629e-06,2.066154122700629e-06
2001,33,Social Sciences,13,483991,0,1,483990,0.0,2.066154122700629e-06
2001,33,Social Sciences,14,483991,2,1,483990,4.132316783404616e-06,6.198462368101886e-06
2001,33,Social Sciences,15,483991,0,3,483988,0.0,6.198462368101886e-06
2001,34,Veterinary,0,5191,0,0,5191,0.0,0.0
2001,34,Veterinary,1,5191,0,0,5191,0.0,0.0
2001,34,Veterinary,2,5191,0,0,5191,0.0,0.0
2001,34,Veterinary,3,5191,0,0,5191,0.0,0.0
2001,34,Veterinary,4,5191,0,0,5191,0.0,0.0
2001,34,Veterinary,5,5191,0,0,5191,0.0,0.0
2001,34,Veterinary,6,5191,0,0,5191,0.0,0.0
2001,34,Veterinary,7,5191,0,0,5191,0.0,0.0
2001,34,Veterinary,8,5191,0,0,5191,0.0,0.0
2001,34,Veterinary,9,5191,0,0,5191,0.0,0.0
2001,34,Veterinary,10,5191,0,0,5191,0.0,0.0
2001,34,Veterinary,11,5191,0,0,5191,0.0,0.0
2001,34,Veterinary,12,5191,0,0,5191,0.0,0.0
2001,34,Veterinary,13,5191,0,0,5191,0.0,0.0
2001,34,Veterinary,14,5191,0,0,5191,0.0,0.0
2001,34,Veterinary,15,5191,0,0,5191,0.0,0.0
2001,35,Dentistry,0,8889,0,0,8889,0.0,0.0
2001,35,Dentistry,1,8889,0,0,8889,0.0,0.0
2001,35,Dentistry,2,8889,0,0,8889,0.0,0.0
2001,35,Dentistry,3,8889,0,0,8889,0.0,0.0
2001,35,Dentistry,4,8889,0,0,8889,0.0,0.0
2001,35,Dentistry,5,8889,1,0,8889,0.0001124985937675779,0.0001124985937675779
2001,35,Dentistry,6,8889,1,1,8888,0.0001125112511251125,0.0002249971875351558
2001,35,Dentistry,7,8889,0,2,8887,0.0,0.0002249971875351558
2001,35,Dentistry,8,8889,0,2,8887,0.0,0.0002249971875351558
2001,35,Dentistry,9,8889,0,2,8887,0.0,0.0002249971875351558
2001,35,Dentistry,10,8889,0,2,8887,0.0,0.0002249971875351558
2001,35,Dentistry,11,8889,0,2,8887,0.0,0.0002249971875351558
2001,35,Dentistry,12,8889,0,2,8887,0.0,0.0002249971875351558
2001,35,Dentistry,13,8889,0,2,8887,0.0,0.0002249971875351558
2001,35,Dentistry,14,8889,0,2,8887,0.0,0.0002249971875351558
2001,35,Dentistry,15,8889,0,2,8887,0.0,0.0002249971875351558
2001,36,Health Professions,0,75351,0,0,75351,0.0,0.0
2001,36,Health Professions,1,75351,0,0,75351,0.0,0.0
2001,36,Health Professions,2,75351,0,0,75351,0.0,0.0
2001,36,Health Professions,3,75351,0,0,75351,0.0,0.0
2001,36,Health Professions,4,75351,0,0,75351,0.0,0.0
2001,36,Health Professions,5,75351,0,0,75351,0.0,0.0
2001,36,Health Professions,6,75351,0,0,75351,0.0,0.0
2001,36,Health Professions,7,75351,0,0,75351,0.0,0.0
2001,36,Health Professions,8,75351,1,0,75351,1.327122400498998e-05,1.327122400498998e-05
2001,36,Health Professions,9,75351,0,1,75350,0.0,1.327122400498998e-05
2001,36,Health Professions,10,75351,1,1,75350,1.3271400132714001e-05,2.654244800997996e-05
2001,36,Health Professions,11,75351,0,2,75349,0.0,2.654244800997996e-05
2001,36,Health Professions,12,75351,0,2,75349,0.0,2.654244800997996e-05
2001,36,Health Professions,13,75351,0,2,75349,0.0,2.654244800997996e-05
2001,36,Health Professions,14,75351,0,2,75349,0.0,2.654244800997996e-05
2001,36,Health Professions,15,75351,0,2,75349,0.0,2.654244800997996e-05
2002,11,Agricultural and Biological Sciences,0,159604,2,0,159604,1.2531014260294228e-05,1.2531014260294228e-05
2002,11,Agricultural and Biological Sciences,1,159604,0,2,159602,0.0,1.2531014260294228e-05
2002,11,Agricultural and Biological Sciences,2,159604,0,2,159602,0.0,1.2531014260294228e-05
2002,11,Agricultural and Biological Sciences,3,159604,0,2,159602,0.0,1.2531014260294228e-05
2002,11,Agricultural and Biological Sciences,4,159604,0,2,159602,0.0,1.2531014260294228e-05
2002,11,Agricultural and Biological Sciences,5,159604,0,2,159602,0.0,1.2531014260294228e-05
2002,11,Agricultural and Biological Sciences,6,159604,0,2,159602,0.0,1.2531014260294228e-05
2002,11,Agricultural and Biological Sciences,7,159604,1,2,159602,6.265585644290172e-06,1.879652139044134e-05
2002,11,Agricultural and Biological Sciences,8,159604,0,3,159601,0.0,1.879652139044134e-05
2002,11,Agricultural and Biological Sciences,9,159604,0,3,159601,0.0,1.879652139044134e-05
2002,11,Agricultural and Biological Sciences,10,159604,0,3,159601,0.0,1.879652139044134e-05
2002,11,Agricultural and Biological Sciences,11,159604,0,3,159601,0.0,1.879652139044134e-05
2002,11,Agricultural and Biological Sciences,12,159604,0,3,159601,0.0,1.879652139044134e-05
2002,11,Agricultural and Biological Sciences,13,159604,0,3,159601,0.0,1.879652139044134e-05
2002,11,Agricultural and Biological Sciences,14,159604,0,3,159601,0.0,1.879652139044134e-05
2002,11,Agricultural and Biological Sciences,15,159604,3,3,159601,1.879687470629883e-05,3.759304278088268e-05
2002,12,Arts and Humanities,0,269485,0,0,269485,0.0,0.0
2002,12,Arts and Humanities,1,269485,0,0,269485,0.0,0.0
2002,12,Arts and Humanities,2,269485,0,0,269485,0.0,0.0
2002,12,Arts and Humanities,3,269485,0,0,269485,0.0,0.0
2002,12,Arts and Humanities,4,269485,0,0,269485,0.0,0.0
2002,12,Arts and Humanities,5,269485,0,0,269485,0.0,0.0
2002,12,Arts and Humanities,6,269485,0,0,269485,0.0,0.0
2002,12,Arts and Humanities,7,269485,0,0,269485,0.0,0.0
2002,12,Arts and Humanities,8,269485,0,0,269485,0.0,0.0
2002,12,Arts and Humanities,9,269485,0,0,269485,0.0,0.0
2002,12,Arts and Humanities,10,269485,0,0,269485,0.0,0.0
2002,12,Arts and Humanities,11,269485,0,0,269485,0.0,0.0
2002,12,Arts and Humanities,12,269485,0,0,269485,0.0,0.0
2002,12,Arts and Humanities,13,269485,0,0,269485,0.0,0.0
2002,12,Arts and Humanities,14,269485,0,0,269485,0.0,0.0
2002,12,Arts and Humanities,15,269485,1,0,269485,3.710781676160083e-06,3.710781676160083e-06
2002,13,"Biochemistry, Genetics and Molecular Biology",0,198098,35,0,198098,0.00017668022897757675,0.00017668022897757675
2002,13,"Biochemistry, Genetics and Molecular Biology",1,198098,4,35,198063,2.0195594331096672e-05,0.00019687225514644266
2002,13,"Biochemistry, Genetics and Molecular Biology",2,198098,2,39,198059,1.009800110068212e-05,0.00020696826823087564
2002,13,"Biochemistry, Genetics and Molecular Biology",3,198098,2,41,198057,1.0098103071338049e-05,0.00021706428131530858
2002,13,"Biochemistry, Genetics and Molecular Biology",4,198098,3,43,198055,1.5147307566080129e-05,0.000232208300941958
2002,13,"Biochemistry, Genetics and Molecular Biology",5,198098,0,46,198052,0.0,0.000232208300941958
2002,13,"Biochemistry, Genetics and Molecular Biology",6,198098,0,46,198052,0.0,0.000232208300941958
2002,13,"Biochemistry, Genetics and Molecular Biology",7,198098,2,46,198052,1.0098358006988064e-05,0.00024230431402639098
2002,13,"Biochemistry, Genetics and Molecular Biology",8,198098,2,48,198050,1.009845998485231e-05,0.00025240032711082395
2002,13,"Biochemistry, Genetics and Molecular Biology",9,198098,0,50,198048,0.0,0.00025240032711082395
2002,13,"Biochemistry, Genetics and Molecular Biology",10,198098,0,50,198048,0.0,0.00025240032711082395
2002,13,"Biochemistry, Genetics and Molecular Biology",11,198098,7,50,198048,3.534496687671676e-05,0.0002877363729063393
2002,13,"Biochemistry, Genetics and Molecular Biology",12,198098,1,57,198041,5.049459455365303e-06,0.0002927843794485558
2002,13,"Biochemistry, Genetics and Molecular Biology",13,198098,5,58,198040,2.5247424762674206e-05,0.00031802441215963815
2002,13,"Biochemistry, Genetics and Molecular Biology",14,198098,7,63,198035,3.5347287095715405e-05,0.0003533604579551535
2002,13,"Biochemistry, Genetics and Molecular Biology",15,198098,0,70,198028,0.0,0.0003533604579551535
2002,14,"Business, Management and Accounting",0,104235,1,0,104235,9.593706528517292e-06,9.593706528517292e-06
2002,14,"Business, Management and Accounting",1,104235,0,1,104234,0.0,9.593706528517292e-06
2002,14,"Business, Management and Accounting",2,104235,0,1,104234,0.0,9.593706528517292e-06
2002,14,"Business, Management and Accounting",3,104235,0,1,104234,0.0,9.593706528517292e-06
2002,14,"Business, Management and Accounting",4,104235,0,1,104234,0.0,9.593706528517292e-06
2002,14,"Business, Management and Accounting",5,104235,0,1,104234,0.0,9.593706528517292e-06
2002,14,"Business, Management and Accounting",6,104235,0,1,104234,0.0,9.593706528517292e-06
2002,14,"Business, Management and Accounting",7,104235,0,1,104234,0.0,9.593706528517292e-06
2002,14,"Business, Management and Accounting",8,104235,0,1,104234,0.0,9.593706528517292e-06
2002,14,"Business, Management and Accounting",9,104235,0,1,104234,0.0,9.593706528517292e-06
2002,14,"Business, Management and Accounting",10,104235,0,1,104234,0.0,9.593706528517292e-06
2002,14,"Business, Management and Accounting",11,104235,0,1,104234,0.0,9.593706528517292e-06
2002,14,"Business, Management and Accounting",12,104235,0,1,104234,0.0,9.593706528517292e-06
2002,14,"Business, Management and Accounting",13,104235,4,1,104234,3.837519427442101e-05,4.796853264258646e-05
2002,14,"Business, Management and Accounting",14,104235,1,5,104230,9.594166746618056e-06,5.7562239171103755e-05
2002,14,"Business, Management and Accounting",15,104235,0,6,104229,0.0,5.7562239171103755e-05
2002,15,Chemical Engineering,0,11602,0,0,11602,0.0,0.0
2002,15,Chemical Engineering,1,11602,0,0,11602,0.0,0.0
2002,15,Chemical Engineering,2,11602,0,0,11602,0.0,0.0
2002,15,Chemical Engineering,3,11602,0,0,11602,0.0,0.0
2002,15,Chemical Engineering,4,11602,0,0,11602,0.0,0.0
2002,15,Chemical Engineering,5,11602,0,0,11602,0.0,0.0
2002,15,Chemical Engineering,6,11602,0,0,11602,0.0,0.0
2002,15,Chemical Engineering,7,11602,0,0,11602,0.0,0.0
2002,15,Chemical Engineering,8,11602,0,0,11602,0.0,0.0
2002,15,Chemical Engineering,9,11602,0,0,11602,0.0,0.0
2002,15,Chemical Engineering,10,11602,0,0,11602,0.0,0.0
2002,15,Chemical Engineering,11,11602,0,0,11602,0.0,0.0
2002,15,Chemical Engineering,12,11602,0,0,11602,0.0,0.0
2002,15,Chemical Engineering,13,11602,0,0,11602,0.0,0.0
2002,15,Chemical Engineering,14,11602,0,0,11602,0.0,0.0
2002,15,Chemical Engineering,15,11602,0,0,11602,0.0,0.0
2002,16,Chemistry,0,85181,0,0,85181,0.0,0.0
2002,16,Chemistry,1,85181,1,0,85181,1.173970721170214e-05,1.173970721170214e-05
2002,16,Chemistry,2,85181,0,1,85180,0.0,1.173970721170214e-05
2002,16,Chemistry,3,85181,0,1,85180,0.0,1.173970721170214e-05
2002,16,Chemistry,4,85181,1,1,85180,1.1739845034045551e-05,2.347941442340428e-05
2002,16,Chemistry,5,85181,0,2,85179,0.0,2.347941442340428e-05
2002,16,Chemistry,6,85181,0,2,85179,0.0,2.347941442340428e-05
2002,16,Chemistry,7,85181,1,2,85179,1.1739982859625026e-05,3.521912163510642e-05
2002,16,Chemistry,8,85181,0,3,85178,0.0,3.521912163510642e-05
2002,16,Chemistry,9,85181,0,3,85178,0.0,3.521912163510642e-05
2002,16,Chemistry,10,85181,0,3,85178,0.0,3.521912163510642e-05
2002,16,Chemistry,11,85181,0,3,85178,0.0,3.521912163510642e-05
2002,16,Chemistry,12,85181,0,3,85178,0.0,3.521912163510642e-05
2002,16,Chemistry,13,85181,0,3,85178,0.0,3.521912163510642e-05
2002,16,Chemistry,14,85181,0,3,85178,0.0,3.521912163510642e-05
2002,16,Chemistry,15,85181,0,3,85178,0.0,3.521912163510642e-05
2002,17,Computer Science,0,296243,1,0,296243,3.3756071873428233e-06,3.3756071873428233e-06
2002,17,Computer Science,1,296243,0,1,296242,0.0,3.3756071873428233e-06
2002,17,Computer Science,2,296243,0,1,296242,0.0,3.3756071873428233e-06
2002,17,Computer Science,3,296243,0,1,296242,0.0,3.3756071873428233e-06
2002,17,Computer Science,4,296243,0,1,296242,0.0,3.3756071873428233e-06
2002,17,Computer Science,5,296243,0,1,296242,0.0,3.3756071873428233e-06
2002,17,Computer Science,6,296243,0,1,296242,0.0,3.3756071873428233e-06
2002,17,Computer Science,7,296243,0,1,296242,0.0,3.3756071873428233e-06
2002,17,Computer Science,8,296243,1,1,296242,3.3756185821051708e-06,6.751214374685647e-06
2002,17,Computer Science,9,296243,0,2,296241,0.0,6.751214374685647e-06
2002,17,Computer Science,10,296243,0,2,296241,0.0,6.751214374685647e-06
2002,17,Computer Science,11,296243,0,2,296241,0.0,6.751214374685647e-06
2002,17,Computer Science,12,296243,0,2,296241,0.0,6.751214374685647e-06
2002,17,Computer Science,13,296243,0,2,296241,0.0,6.751214374685647e-06
2002,17,Computer Science,14,296243,0,2,296241,0.0,6.751214374685647e-06
2002,17,Computer Science,15,296243,0,2,296241,0.0,6.751214374685647e-06
2002,18,Decision Sciences,0,34511,0,0,34511,0.0,0.0
2002,18,Decision Sciences,1,34511,0,0,34511,0.0,0.0
2002,18,Decision Sciences,2,34511,0,0,34511,0.0,0.0
2002,18,Decision Sciences,3,34511,0,0,34511,0.0,0.0
2002,18,Decision Sciences,4,34511,0,0,34511,0.0,0.0
2002,18,Decision Sciences,5,34511,0,0,34511,0.0,0.0
2002,18,Decision Sciences,6,34511,0,0,34511,0.0,0.0
2002,18,Decision Sciences,7,34511,0,0,34511,0.0,0.0
2002,18,Decision Sciences,8,34511,0,0,34511,0.0,0.0
2002,18,Decision Sciences,9,34511,0,0,34511,0.0,0.0
2002,18,Decision Sciences,10,34511,0,0,34511,0.0,0.0
2002,18,Decision Sciences,11,34511,0,0,34511,0.0,0.0
2002,18,Decision Sciences,12,34511,0,0,34511,0.0,0.0
2002,18,Decision Sciences,13,34511,0,0,34511,0.0,0.0
2002,18,Decision Sciences,14,34511,0,0,34511,0.0,0.0
2002,18,Decision Sciences,15,34511,0,0,34511,0.0,0.0
2002,19,Earth and Planetary Sciences,0,69800,1,0,69800,1.4326647564469915e-05,1.4326647564469915e-05
2002,19,Earth and Planetary Sciences,1,69800,0,1,69799,0.0,1.4326647564469915e-05
2002,19,Earth and Planetary Sciences,2,69800,0,1,69799,0.0,1.4326647564469915e-05
2002,19,Earth and Planetary Sciences,3,69800,0,1,69799,0.0,1.4326647564469915e-05
2002,19,Earth and Planetary Sciences,4,69800,0,1,69799,0.0,1.4326647564469915e-05
2002,19,Earth and Planetary Sciences,5,69800,0,1,69799,0.0,1.4326647564469915e-05
2002,19,Earth and Planetary Sciences,6,69800,0,1,69799,0.0,1.4326647564469915e-05
2002,19,Earth and Planetary Sciences,7,69800,0,1,69799,0.0,1.4326647564469915e-05
2002,19,Earth and Planetary Sciences,8,69800,0,1,69799,0.0,1.4326647564469915e-05
2002,19,Earth and Planetary Sciences,9,69800,0,1,69799,0.0,1.4326647564469915e-05
2002,19,Earth and Planetary Sciences,10,69800,0,1,69799,0.0,1.4326647564469915e-05
2002,19,Earth and Planetary Sciences,11,69800,1,1,69799,1.4326852820240977e-05,2.865329512893983e-05
2002,19,Earth and Planetary Sciences,12,69800,0,2,69798,0.0,2.865329512893983e-05
2002,19,Earth and Planetary Sciences,13,69800,0,2,69798,0.0,2.865329512893983e-05
2002,19,Earth and Planetary Sciences,14,69800,0,2,69798,0.0,2.865329512893983e-05
2002,19,Earth and Planetary Sciences,15,69800,0,2,69798,0.0,2.865329512893983e-05
2002,20,"Economics, Econometrics and Finance",0,129331,0,0,129331,0.0,0.0
2002,20,"Economics, Econometrics and Finance",1,129331,0,0,129331,0.0,0.0
2002,20,"Economics, Econometrics and Finance",2,129331,0,0,129331,0.0,0.0
2002,20,"Economics, Econometrics and Finance",3,129331,0,0,129331,0.0,0.0
2002,20,"Economics, Econometrics and Finance",4,129331,0,0,129331,0.0,0.0
2002,20,"Economics, Econometrics and Finance",5,129331,1,0,129331,7.732098259504682e-06,7.732098259504682e-06
2002,20,"Economics, Econometrics and Finance",6,129331,0,1,129330,0.0,7.732098259504682e-06
2002,20,"Economics, Econometrics and Finance",7,129331,0,1,129330,0.0,7.732098259504682e-06
2002,20,"Economics, Econometrics and Finance",8,129331,0,1,129330,0.0,7.732098259504682e-06
2002,20,"Economics, Econometrics and Finance",9,129331,0,1,129330,0.0,7.732098259504682e-06
2002,20,"Economics, Econometrics and Finance",10,129331,0,1,129330,0.0,7.732098259504682e-06
2002,20,"Economics, Econometrics and Finance",11,129331,0,1,129330,0.0,7.732098259504682e-06
2002,20,"Economics, Econometrics and Finance",12,129331,0,1,129330,0.0,7.732098259504682e-06
2002,20,"Economics, Econometrics and Finance",13,129331,0,1,129330,0.0,7.732098259504682e-06
2002,20,"Economics, Econometrics and Finance",14,129331,0,1,129330,0.0,7.732098259504682e-06
2002,20,"Economics, Econometrics and Finance",15,129331,0,1,129330,0.0,7.732098259504682e-06
2002,21,Energy,0,14234,0,0,14234,0.0,0.0
2002,21,Energy,1,14234,0,0,14234,0.0,0.0
2002,21,Energy,2,14234,0,0,14234,0.0,0.0
2002,21,Energy,3,14234,0,0,14234,0.0,0.0
2002,21,Energy,4,14234,0,0,14234,0.0,0.0
2002,21,Energy,5,14234,0,0,14234,0.0,0.0
2002,21,Energy,6,14234,0,0,14234,0.0,0.0
2002,21,Energy,7,14234,0,0,14234,0.0,0.0
2002,21,Energy,8,14234,0,0,14234,0.0,0.0
2002,21,Energy,9,14234,0,0,14234,0.0,0.0
2002,21,Energy,10,14234,0,0,14234,0.0,0.0
2002,21,Energy,11,14234,0,0,14234,0.0,0.0
2002,21,Energy,12,14234,0,0,14234,0.0,0.0
2002,21,Energy,13,14234,0,0,14234,0.0,0.0
2002,21,Energy,14,14234,0,0,14234,0.0,0.0
2002,21,Energy,15,14234,0,0,14234,0.0,0.0
2002,22,Engineering,0,994492,0,0,994492,0.0,0.0
2002,22,Engineering,1,994492,2,0,994492,2.0110770121831045e-06,2.0110770121831045e-06
2002,22,Engineering,2,994492,0,2,994490,0.0,2.0110770121831045e-06
2002,22,Engineering,3,994492,0,2,994490,0.0,2.0110770121831045e-06
2002,22,Engineering,4,994492,0,2,994490,0.0,2.0110770121831045e-06
2002,22,Engineering,5,994492,1,2,994490,1.0055405283109937e-06,3.016615518274657e-06
2002,22,Engineering,6,994492,0,3,994489,0.0,3.016615518274657e-06
2002,22,Engineering,7,994492,0,3,994489,0.0,3.016615518274657e-06
2002,22,Engineering,8,994492,3,3,994489,3.016624618271293e-06,6.033231036549314e-06
2002,22,Engineering,9,994492,0,6,994486,0.0,6.033231036549314e-06
2002,22,Engineering,10,994492,0,6,994486,0.0,6.033231036549314e-06
2002,22,Engineering,11,994492,0,6,994486,0.0,6.033231036549314e-06
2002,22,Engineering,12,994492,0,6,994486,0.0,6.033231036549314e-06
2002,22,Engineering,13,994492,0,6,994486,0.0,6.033231036549314e-06
2002,22,Engineering,14,994492,0,6,994486,0.0,6.033231036549314e-06
2002,22,Engineering,15,994492,0,6,994486,0.0,6.033231036549314e-06
2002,23,Environmental Science,0,153641,1,0,153641,6.5086793238783915e-06,6.5086793238783915e-06
2002,23,Environmental Science,1,153641,1,1,153640,6.508721687060662e-06,1.3017358647756783e-05
2002,23,Environmental Science,2,153641,2,2,153639,1.301752810158879e-05,2.6034717295513566e-05
2002,23,Environmental Science,3,153641,0,4,153637,0.0,2.6034717295513566e-05
2002,23,Environmental Science,4,153641,0,4,153637,0.0,2.6034717295513566e-05
2002,23,Environmental Science,5,153641,0,4,153637,0.0,2.6034717295513566e-05
2002,23,Environmental Science,6,153641,0,4,153637,0.0,2.6034717295513566e-05
2002,23,Environmental Science,7,153641,0,4,153637,0.0,2.6034717295513566e-05
2002,23,Environmental Science,8,153641,0,4,153637,0.0,2.6034717295513566e-05
2002,23,Environmental Science,9,153641,0,4,153637,0.0,2.6034717295513566e-05
2002,23,Environmental Science,10,153641,0,4,153637,0.0,2.6034717295513566e-05
2002,23,Environmental Science,11,153641,0,4,153637,0.0,2.6034717295513566e-05
2002,23,Environmental Science,12,153641,0,4,153637,0.0,2.6034717295513566e-05
2002,23,Environmental Science,13,153641,0,4,153637,0.0,2.6034717295513566e-05
2002,23,Environmental Science,14,153641,0,4,153637,0.0,2.6034717295513566e-05
2002,23,Environmental Science,15,153641,0,4,153637,0.0,2.6034717295513566e-05
2002,24,Immunology and Microbiology,0,34185,0,0,34185,0.0,0.0
2002,24,Immunology and Microbiology,1,34185,0,0,34185,0.0,0.0
2002,24,Immunology and Microbiology,2,34185,0,0,34185,0.0,0.0
2002,24,Immunology and Microbiology,3,34185,0,0,34185,0.0,0.0
2002,24,Immunology and Microbiology,4,34185,2,0,34185,5.850519233581981e-05,5.850519233581981e-05
2002,24,Immunology and Microbiology,5,34185,1,2,34183,2.9254307696808355e-05,8.775778850372971e-05
2002,24,Immunology and Microbiology,6,34185,1,3,34182,2.925516353636417e-05,0.00011701038467163961
2002,24,Immunology and Microbiology,7,34185,0,4,34181,0.0,0.00011701038467163961
2002,24,Immunology and Microbiology,8,34185,1,4,34181,2.92560194259969e-05,0.0001462629808395495
2002,24,Immunology and Microbiology,9,34185,0,5,34180,0.0,0.0001462629808395495
2002,24,Immunology and Microbiology,10,34185,0,5,34180,0.0,0.0001462629808395495
2002,24,Immunology and Microbiology,11,34185,0,5,34180,0.0,0.0001462629808395495
2002,24,Immunology and Microbiology,12,34185,0,5,34180,0.0,0.0001462629808395495
2002,24,Immunology and Microbiology,13,34185,0,5,34180,0.0,0.0001462629808395495
2002,24,Immunology and Microbiology,14,34185,0,5,34180,0.0,0.0001462629808395495
2002,24,Immunology and Microbiology,15,34185,0,5,34180,0.0,0.0001462629808395495
2002,25,Materials Science,0,128585,1,0,128585,7.776956876774119e-06,7.776956876774119e-06
2002,25,Materials Science,1,128585,0,1,128584,0.0,7.776956876774119e-06
2002,25,Materials Science,2,128585,0,1,128584,0.0,7.776956876774119e-06
2002,25,Materials Science,3,128585,0,1,128584,0.0,7.776956876774119e-06
2002,25,Materials Science,4,128585,3,1,128584,2.3331052074908232e-05,3.1107827507096475e-05
2002,25,Materials Science,5,128585,1,4,128581,7.777198808533142e-06,3.888478438387059e-05
2002,25,Materials Science,6,128585,0,5,128580,0.0,3.888478438387059e-05
2002,25,Materials Science,7,128585,1,5,128580,7.777259293824856e-06,4.666174126064471e-05
2002,25,Materials Science,8,128585,0,6,128579,0.0,4.666174126064471e-05
2002,25,Materials Science,9,128585,0,6,128579,0.0,4.666174126064471e-05
2002,25,Materials Science,10,128585,1,6,128579,7.777319780057396e-06,5.443869813741883e-05
2002,25,Materials Science,11,128585,0,7,128578,0.0,5.443869813741883e-05
2002,25,Materials Science,12,128585,0,7,128578,0.0,5.443869813741883e-05
2002,25,Materials Science,13,128585,0,7,128578,0.0,5.443869813741883e-05
2002,25,Materials Science,14,128585,1,7,128578,7.777380267230787e-06,6.221565501419295e-05
2002,25,Materials Science,15,128585,1,8,128577,7.777440755345046e-06,6.999261189096707e-05
2002,26,Mathematics,0,51230,1,0,51230,1.9519812609798946e-05,1.9519812609798946e-05
2002,26,Mathematics,1,51230,0,1,51229,0.0,1.9519812609798946e-05
2002,26,Mathematics,2,51230,0,1,51229,0.0,1.9519812609798946e-05
2002,26,Mathematics,3,51230,0,1,51229,0.0,1.9519812609798946e-05
2002,26,Mathematics,4,51230,0,1,51229,0.0,1.9519812609798946e-05
2002,26,Mathematics,5,51230,0,1,51229,0.0,1.9519812609798946e-05
2002,26,Mathematics,6,51230,0,1,51229,0.0,1.9519812609798946e-05
2002,26,Mathematics,7,51230,0,1,51229,0.0,1.9519812609798946e-05
2002,26,Mathematics,8,51230,0,1,51229,0.0,1.9519812609798946e-05
2002,26,Mathematics,9,51230,0,1,51229,0.0,1.9519812609798946e-05
2002,26,Mathematics,10,51230,0,1,51229,0.0,1.9519812609798946e-05
2002,26,Mathematics,11,51230,0,1,51229,0.0,1.9519812609798946e-05
2002,26,Mathematics,12,51230,0,1,51229,0.0,1.9519812609798946e-05
2002,26,Mathematics,13,51230,1,1,51229,1.9520193640320913e-05,3.903962521959789e-05
2002,26,Mathematics,14,51230,0,2,51228,0.0,3.903962521959789e-05
2002,26,Mathematics,15,51230,0,2,51228,0.0,3.903962521959789e-05
2002,27,Medicine,0,572272,8,0,572272,1.3979366455112255e-05,1.3979366455112255e-05
2002,27,Medicine,1,572272,3,8,572264,5.242335705198999e-06,1.922162887577935e-05
2002,27,Medicine,2,572272,0,11,572261,0.0,1.922162887577935e-05
2002,27,Medicine,3,572272,4,11,572261,6.989817583235621e-06,2.6211312103335475e-05
2002,27,Medicine,4,572272,6,15,572257,1.0484799661690463e-05,3.669583694466967e-05
2002,27,Medicine,5,572272,3,21,572251,5.2424547969335134e-06,4.1938099365336764e-05
2002,27,Medicine,6,572272,3,24,572248,5.242482280409892e-06,4.718036178600386e-05
2002,27,Medicine,7,572272,5,27,572245,8.737516273624059e-06,5.591746582044902e-05
2002,27,Medicine,8,572272,6,32,572240,1.0485111142178108e-05,6.640199066178321e-05
2002,27,Medicine,9,572272,13,38,572234,2.2717979008587397e-05,8.911846115134062e-05
2002,27,Medicine,10,572272,5,51,572221,8.737882741108767e-06,9.785556518578578e-05
2002,27,Medicine,11,572272,8,56,572216,1.398073454779314e-05,0.00011183493164089804
2002,27,Medicine,12,572272,3,64,572208,5.242848754299136e-06,0.00011707719406156513
2002,27,Medicine,13,572272,4,67,572205,6.99050165587508e-06,0.00012406687728912125
2002,27,Medicine,14,572272,6,71,572201,1.0485825784995133e-05,0.00013455140213045546
2002,27,Medicine,15,572272,4,77,572195,6.990623825793655e-06,0.00014154108535801159
2002,28,Neuroscience,0,55518,7,0,55518,0.00012608523361792571,0.00012608523361792571
2002,28,Neuroscience,1,55518,0,7,55511,0.0,0.00012608523361792571
2002,28,Neuroscience,2,55518,1,7,55511,1.8014447586964745e-05,0.00014409740984905797
2002,28,Neuroscience,3,55518,0,8,55510,0.0,0.00014409740984905797
2002,28,Neuroscience,4,55518,1,8,55510,1.801477211313277e-05,0.0001621095860801902
2002,28,Neuroscience,5,55518,0,9,55509,0.0,0.0001621095860801902
2002,28,Neuroscience,6,55518,0,9,55509,0.0,0.0001621095860801902
2002,28,Neuroscience,7,55518,0,9,55509,0.0,0.0001621095860801902
2002,28,Neuroscience,8,55518,1,9,55509,1.8015096650993533e-05,0.00018012176231132246
2002,28,Neuroscience,9,55518,0,10,55508,0.0,0.00018012176231132246
2002,28,Neuroscience,10,55518,0,10,55508,0.0,0.00018012176231132246
2002,28,Neuroscience,11,55518,1,10,55508,1.801542120054767e-05,0.00019813393854245469
2002,28,Neuroscience,12,55518,0,11,55507,0.0,0.00019813393854245469
2002,28,Neuroscience,13,55518,0,11,55507,0.0,0.00019813393854245469
2002,28,Neuroscience,14,55518,0,11,55507,0.0,0.00019813393854245469
2002,28,Neuroscience,15,55518,0,11,55507,0.0,0.00019813393854245469
2002,29,Nursing,0,15796,0,0,15796,0.0,0.0
2002,29,Nursing,1,15796,0,0,15796,0.0,0.0
2002,29,Nursing,2,15796,0,0,15796,0.0,0.0
2002,29,Nursing,3,15796,0,0,15796,0.0,0.0
2002,29,Nursing,4,15796,0,0,15796,0.0,0.0
2002,29,Nursing,5,15796,0,0,15796,0.0,0.0
2002,29,Nursing,6,15796,0,0,15796,0.0,0.0
2002,29,Nursing,7,15796,0,0,15796,0.0,0.0
2002,29,Nursing,8,15796,0,0,15796,0.0,0.0
2002,29,Nursing,9,15796,0,0,15796,0.0,0.0
2002,29,Nursing,10,15796,0,0,15796,0.0,0.0
2002,29,Nursing,11,15796,2,0,15796,0.00012661433274246644,0.00012661433274246644
2002,29,Nursing,12,15796,0,2,15794,0.0,0.00012661433274246644
2002,29,Nursing,13,15796,0,2,15794,0.0,0.00012661433274246644
2002,29,Nursing,14,15796,1,2,15794,6.331518298087882e-05,0.00018992149911369968
2002,29,Nursing,15,15796,1,3,15793,6.331919204710948e-05,0.0002532286654849329
2002,30,"Pharmacology, Toxicology and Pharmaceutics",0,14004,0,0,14004,0.0,0.0
2002,30,"Pharmacology, Toxicology and Pharmaceutics",1,14004,1,0,14004,7.140816909454442e-05,7.140816909454442e-05
2002,30,"Pharmacology, Toxicology and Pharmaceutics",2,14004,0,1,14003,0.0,7.140816909454442e-05
2002,30,"Pharmacology, Toxicology and Pharmaceutics",3,14004,0,1,14003,0.0,7.140816909454442e-05
2002,30,"Pharmacology, Toxicology and Pharmaceutics",4,14004,0,1,14003,0.0,7.140816909454442e-05
2002,30,"Pharmacology, Toxicology and Pharmaceutics",5,14004,0,1,14003,0.0,7.140816909454442e-05
2002,30,"Pharmacology, Toxicology and Pharmaceutics",6,14004,0,1,14003,0.0,7.140816909454442e-05
2002,30,"Pharmacology, Toxicology and Pharmaceutics",7,14004,1,1,14003,7.141326858530314e-05,0.00014281633818908883
2002,30,"Pharmacology, Toxicology and Pharmaceutics",8,14004,0,2,14002,0.0,0.00014281633818908883
2002,30,"Pharmacology, Toxicology and Pharmaceutics",9,14004,0,2,14002,0.0,0.00014281633818908883
2002,30,"Pharmacology, Toxicology and Pharmaceutics",10,14004,0,2,14002,0.0,0.00014281633818908883
2002,30,"Pharmacology, Toxicology and Pharmaceutics",11,14004,0,2,14002,0.0,0.00014281633818908883
2002,30,"Pharmacology, Toxicology and Pharmaceutics",12,14004,0,2,14002,0.0,0.00014281633818908883
2002,30,"Pharmacology, Toxicology and Pharmaceutics",13,14004,0,2,14002,0.0,0.00014281633818908883
2002,30,"Pharmacology, Toxicology and Pharmaceutics",14,14004,0,2,14002,0.0,0.00014281633818908883
2002,30,"Pharmacology, Toxicology and Pharmaceutics",15,14004,0,2,14002,0.0,0.00014281633818908883
2002,31,Physics and Astronomy,0,157067,1,0,157067,6.3667097480692955e-06,6.3667097480692955e-06
2002,31,Physics and Astronomy,1,157067,2,1,157066,1.2733500566640775e-05,1.9100129244207886e-05
2002,31,Physics and Astronomy,2,157067,0,3,157064,0.0,1.9100129244207886e-05
2002,31,Physics and Astronomy,3,157067,0,3,157064,0.0,1.9100129244207886e-05
2002,31,Physics and Astronomy,4,157067,0,3,157064,0.0,1.9100129244207886e-05
2002,31,Physics and Astronomy,5,157067,0,3,157064,0.0,1.9100129244207886e-05
2002,31,Physics and Astronomy,6,157067,0,3,157064,0.0,1.9100129244207886e-05
2002,31,Physics and Astronomy,7,157067,0,3,157064,0.0,1.9100129244207886e-05
2002,31,Physics and Astronomy,8,157067,0,3,157064,0.0,1.9100129244207886e-05
2002,31,Physics and Astronomy,9,157067,0,3,157064,0.0,1.9100129244207886e-05
2002,31,Physics and Astronomy,10,157067,0,3,157064,0.0,1.9100129244207886e-05
2002,31,Physics and Astronomy,11,157067,0,3,157064,0.0,1.9100129244207886e-05
2002,31,Physics and Astronomy,12,157067,0,3,157064,0.0,1.9100129244207886e-05
2002,31,Physics and Astronomy,13,157067,0,3,157064,0.0,1.9100129244207886e-05
2002,31,Physics and Astronomy,14,157067,0,3,157064,0.0,1.9100129244207886e-05
2002,31,Physics and Astronomy,15,157067,0,3,157064,0.0,1.9100129244207886e-05
2002,32,Psychology,0,93543,0,0,93543,0.0,0.0
2002,32,Psychology,1,93543,0,0,93543,0.0,0.0
2002,32,Psychology,2,93543,0,0,93543,0.0,0.0
2002,32,Psychology,3,93543,0,0,93543,0.0,0.0
2002,32,Psychology,4,93543,0,0,93543,0.0,0.0
2002,32,Psychology,5,93543,0,0,93543,0.0,0.0
2002,32,Psychology,6,93543,0,0,93543,0.0,0.0
2002,32,Psychology,7,93543,1,0,93543,1.0690270784558973e-05,1.0690270784558973e-05
2002,32,Psychology,8,93543,0,1,93542,0.0,1.0690270784558973e-05
2002,32,Psychology,9,93543,0,1,93542,0.0,1.0690270784558973e-05
2002,32,Psychology,10,93543,0,1,93542,0.0,1.0690270784558973e-05
2002,32,Psychology,11,93543,0,1,93542,0.0,1.0690270784558973e-05
2002,32,Psychology,12,93543,1,1,93542,1.0690385067670137e-05,2.1380541569117946e-05
2002,32,Psychology,13,93543,0,2,93541,0.0,2.1380541569117946e-05
2002,32,Psychology,14,93543,0,2,93541,0.0,2.1380541569117946e-05
2002,32,Psychology,15,93543,0,2,93541,0.0,2.1380541569117946e-05
2002,33,Social Sciences,0,533716,0,0,533716,0.0,0.0
2002,33,Social Sciences,1,533716,0,0,533716,0.0,0.0
2002,33,Social Sciences,2,533716,0,0,533716,0.0,0.0
2002,33,Social Sciences,3,533716,0,0,533716,0.0,0.0
2002,33,Social Sciences,4,533716,0,0,533716,0.0,0.0
2002,33,Social Sciences,5,533716,0,0,533716,0.0,0.0
2002,33,Social Sciences,6,533716,0,0,533716,0.0,0.0
2002,33,Social Sciences,7,533716,0,0,533716,0.0,0.0
2002,33,Social Sciences,8,533716,0,0,533716,0.0,0.0
2002,33,Social Sciences,9,533716,0,0,533716,0.0,0.0
2002,33,Social Sciences,10,533716,1,0,533716,1.87365565206964e-06,1.87365565206964e-06
2002,33,Social Sciences,11,533716,1,1,533715,1.8736591626617202e-06,3.74731130413928e-06
2002,33,Social Sciences,12,533716,0,2,533714,0.0,3.74731130413928e-06
2002,33,Social Sciences,13,533716,0,2,533714,0.0,3.74731130413928e-06
2002,33,Social Sciences,14,533716,0,2,533714,0.0,3.74731130413928e-06
2002,33,Social Sciences,15,533716,0,2,533714,0.0,3.74731130413928e-06
2002,34,Veterinary,0,5618,0,0,5618,0.0,0.0
2002,34,Veterinary,1,5618,0,0,5618,0.0,0.0
2002,34,Veterinary,2,5618,0,0,5618,0.0,0.0
2002,34,Veterinary,3,5618,0,0,5618,0.0,0.0
2002,34,Veterinary,4,5618,0,0,5618,0.0,0.0
2002,34,Veterinary,5,5618,0,0,5618,0.0,0.0
2002,34,Veterinary,6,5618,0,0,5618,0.0,0.0
2002,34,Veterinary,7,5618,0,0,5618,0.0,0.0
2002,34,Veterinary,8,5618,0,0,5618,0.0,0.0
2002,34,Veterinary,9,5618,0,0,5618,0.0,0.0
2002,34,Veterinary,10,5618,0,0,5618,0.0,0.0
2002,34,Veterinary,11,5618,0,0,5618,0.0,0.0
2002,34,Veterinary,12,5618,0,0,5618,0.0,0.0
2002,34,Veterinary,13,5618,0,0,5618,0.0,0.0
2002,34,Veterinary,14,5618,0,0,5618,0.0,0.0
2002,34,Veterinary,15,5618,0,0,5618,0.0,0.0
2002,35,Dentistry,0,10059,1,0,10059,9.941346058256288e-05,9.941346058256288e-05
2002,35,Dentistry,1,10059,0,1,10058,0.0,9.941346058256288e-05
2002,35,Dentistry,2,10059,0,1,10058,0.0,9.941346058256288e-05
2002,35,Dentistry,3,10059,0,1,10058,0.0,9.941346058256288e-05
2002,35,Dentistry,4,10059,0,1,10058,0.0,9.941346058256288e-05
2002,35,Dentistry,5,10059,0,1,10058,0.0,9.941346058256288e-05
2002,35,Dentistry,6,10059,0,1,10058,0.0,9.941346058256288e-05
2002,35,Dentistry,7,10059,0,1,10058,0.0,9.941346058256288e-05
2002,35,Dentistry,8,10059,0,1,10058,0.0,9.941346058256288e-05
2002,35,Dentistry,9,10059,0,1,10058,0.0,9.941346058256288e-05
2002,35,Dentistry,10,10059,0,1,10058,0.0,9.941346058256288e-05
2002,35,Dentistry,11,10059,0,1,10058,0.0,9.941346058256288e-05
2002,35,Dentistry,12,10059,0,1,10058,0.0,9.941346058256288e-05
2002,35,Dentistry,13,10059,0,1,10058,0.0,9.941346058256288e-05
2002,35,Dentistry,14,10059,1,1,10058,9.942334460131238e-05,0.00019882692116512577
2002,35,Dentistry,15,10059,0,2,10057,0.0,0.00019882692116512577
2002,36,Health Professions,0,83885,0,0,83885,0.0,0.0
2002,36,Health Professions,1,83885,0,0,83885,0.0,0.0
2002,36,Health Professions,2,83885,0,0,83885,0.0,0.0
2002,36,Health Professions,3,83885,0,0,83885,0.0,0.0
2002,36,Health Professions,4,83885,0,0,83885,0.0,0.0
2002,36,Health Professions,5,83885,0,0,83885,0.0,0.0
2002,36,Health Professions,6,83885,0,0,83885,0.0,0.0
2002,36,Health Professions,7,83885,0,0,83885,0.0,0.0
2002,36,Health Professions,8,83885,0,0,83885,0.0,0.0
2002,36,Health Professions,9,83885,0,0,83885,0.0,0.0
2002,36,Health Professions,10,83885,0,0,83885,0.0,0.0
2002,36,Health Professions,11,83885,0,0,83885,0.0,0.0
2002,36,Health Professions,12,83885,2,0,83885,2.3842164868570066e-05,2.3842164868570066e-05
2002,36,Health Professions,13,83885,0,2,83883,0.0,2.3842164868570066e-05
2002,36,Health Professions,14,83885,0,2,83883,0.0,2.3842164868570066e-05
2002,36,Health Professions,15,83885,0,2,83883,0.0,2.3842164868570066e-05
2003,11,Agricultural and Biological Sciences,0,169547,0,0,169547,0.0,0.0
2003,11,Agricultural and Biological Sciences,1,169547,2,0,169547,1.1796139123664825e-05,1.1796139123664825e-05
2003,11,Agricultural and Biological Sciences,2,169547,1,2,169545,5.898139137102244e-06,1.7694208685497238e-05
2003,11,Agricultural and Biological Sciences,3,169547,0,3,169544,0.0,1.7694208685497238e-05
2003,11,Agricultural and Biological Sciences,4,169547,0,3,169544,0.0,1.7694208685497238e-05
2003,11,Agricultural and Biological Sciences,5,169547,1,3,169544,5.898173925352711e-06,2.359227824732965e-05
2003,11,Agricultural and Biological Sciences,6,169547,2,4,169543,1.1796417428027108e-05,3.5388417370994476e-05
2003,11,Agricultural and Biological Sciences,7,169547,0,6,169541,0.0,3.5388417370994476e-05
2003,11,Agricultural and Biological Sciences,8,169547,0,6,169541,0.0,3.5388417370994476e-05
2003,11,Agricultural and Biological Sciences,9,169547,0,6,169541,0.0,3.5388417370994476e-05
2003,11,Agricultural and Biological Sciences,10,169547,0,6,169541,0.0,3.5388417370994476e-05
2003,11,Agricultural and Biological Sciences,11,169547,0,6,169541,0.0,3.5388417370994476e-05
2003,11,Agricultural and Biological Sciences,12,169547,0,6,169541,0.0,3.5388417370994476e-05
2003,11,Agricultural and Biological Sciences,13,169547,0,6,169541,0.0,3.5388417370994476e-05
2003,11,Agricultural and Biological Sciences,14,169547,0,6,169541,0.0,3.5388417370994476e-05
2003,11,Agricultural and Biological Sciences,15,169547,1,6,169541,5.8982782925663994e-06,4.128648693282689e-05
2003,12,Arts and Humanities,0,284492,0,0,284492,0.0,0.0
2003,12,Arts and Humanities,1,284492,0,0,284492,0.0,0.0
2003,12,Arts and Humanities,2,284492,0,0,284492,0.0,0.0
2003,12,Arts and Humanities,3,284492,1,0,284492,3.5150373296964415e-06,3.5150373296964415e-06
2003,12,Arts and Humanities,4,284492,0,1,284491,0.0,3.5150373296964415e-06
2003,12,Arts and Humanities,5,284492,0,1,284491,0.0,3.5150373296964415e-06
2003,12,Arts and Humanities,6,284492,0,1,284491,0.0,3.5150373296964415e-06
2003,12,Arts and Humanities,7,284492,0,1,284491,0.0,3.5150373296964415e-06
2003,12,Arts and Humanities,8,284492,0,1,284491,0.0,3.5150373296964415e-06
2003,12,Arts and Humanities,9,284492,0,1,284491,0.0,3.5150373296964415e-06
2003,12,Arts and Humanities,10,284492,0,1,284491,0.0,3.5150373296964415e-06
2003,12,Arts and Humanities,11,284492,0,1,284491,0.0,3.5150373296964415e-06
2003,12,Arts and Humanities,12,284492,1,1,284491,3.515049685227301e-06,7.030074659392883e-06
2003,12,Arts and Humanities,13,284492,1,2,284490,3.5150620408450208e-06,1.0545111989089324e-05
2003,12,Arts and Humanities,14,284492,0,3,284489,0.0,1.0545111989089324e-05
2003,12,Arts and Humanities,15,284492,0,3,284489,0.0,1.0545111989089324e-05
2003,13,"Biochemistry, Genetics and Molecular Biology",0,219277,3,0,219277,1.3681325446809287e-05,1.3681325446809287e-05
2003,13,"Biochemistry, Genetics and Molecular Biology",1,219277,7,3,219274,3.1923529465417696e-05,4.560441815603096e-05
2003,13,"Biochemistry, Genetics and Molecular Biology",2,219277,0,10,219267,0.0,4.560441815603096e-05
2003,13,"Biochemistry, Genetics and Molecular Biology",3,219277,3,10,219267,1.3681949404151104e-05,5.9285743602840245e-05
2003,13,"Biochemistry, Genetics and Molecular Biology",4,219277,4,13,219264,1.824284880326912e-05,7.752751086525263e-05
2003,13,"Biochemistry, Genetics and Molecular Biology",5,219277,2,17,219260,9.121590805436469e-06,8.664839449645882e-05
2003,13,"Biochemistry, Genetics and Molecular Biology",6,219277,5,19,219258,2.280418502403561e-05,0.0001094506035744743
2003,13,"Biochemistry, Genetics and Molecular Biology",7,219277,0,24,219253,0.0,0.0001094506035744743
2003,13,"Biochemistry, Genetics and Molecular Biology",8,219277,2,24,219253,9.121882026699748e-06,0.00011857148720568049
2003,13,"Biochemistry, Genetics and Molecular Biology",9,219277,1,26,219251,4.560982618095242e-06,0.00012313192902128358
2003,13,"Biochemistry, Genetics and Molecular Biology",10,219277,3,27,219250,1.3683010262257697e-05,0.00013681325446809287
2003,13,"Biochemistry, Genetics and Molecular Biology",11,219277,2,30,219247,9.122131659726244e-06,0.00014593413809929905
2003,13,"Biochemistry, Genetics and Molecular Biology",12,219277,5,32,219245,2.2805537184428378e-05,0.00016873634717731454
2003,13,"Biochemistry, Genetics and Molecular Biology",13,219277,6,37,219240,2.7367268746579092e-05,0.0001960989980709331
2003,13,"Biochemistry, Genetics and Molecular Biology",14,219277,2,43,219234,9.122672578158498e-06,0.0002052198817021393
2003,13,"Biochemistry, Genetics and Molecular Biology",15,219277,2,45,219232,9.12275580207269e-06,0.00021434076533334548
2003,14,"Business, Management and Accounting",0,114325,0,0,114325,0.0,0.0
2003,14,"Business, Management and Accounting",1,114325,0,0,114325,0.0,0.0
2003,14,"Business, Management and Accounting",2,114325,1,0,114325,8.746993221080253e-06,8.746993221080253e-06
2003,14,"Business, Management and Accounting",3,114325,0,1,114324,0.0,8.746993221080253e-06
2003,14,"Business, Management and Accounting",4,114325,0,1,114324,0.0,8.746993221080253e-06
2003,14,"Business, Management and Accounting",5,114325,0,1,114324,0.0,8.746993221080253e-06
2003,14,"Business, Management and Accounting",6,114325,0,1,114324,0.0,8.746993221080253e-06
2003,14,"Business, Management and Accounting",7,114325,0,1,114324,0.0,8.746993221080253e-06
2003,14,"Business, Management and Accounting",8,114325,0,1,114324,0.0,8.746993221080253e-06
2003,14,"Business, Management and Accounting",9,114325,0,1,114324,0.0,8.746993221080253e-06
2003,14,"Business, Management and Accounting",10,114325,0,1,114324,0.0,8.746993221080253e-06
2003,14,"Business, Management and Accounting",11,114325,0,1,114324,0.0,8.746993221080253e-06
2003,14,"Business, Management and Accounting",12,114325,0,1,114324,0.0,8.746993221080253e-06
2003,14,"Business, Management and Accounting",13,114325,0,1,114324,0.0,8.746993221080253e-06
2003,14,"Business, Management and Accounting",14,114325,0,1,114324,0.0,8.746993221080253e-06
2003,14,"Business, Management and Accounting",15,114325,0,1,114324,0.0,8.746993221080253e-06
2003,15,Chemical Engineering,0,12580,0,0,12580,0.0,0.0
2003,15,Chemical Engineering,1,12580,0,0,12580,0.0,0.0
2003,15,Chemical Engineering,2,12580,0,0,12580,0.0,0.0
2003,15,Chemical Engineering,3,12580,0,0,12580,0.0,0.0
2003,15,Chemical Engineering,4,12580,0,0,12580,0.0,0.0
2003,15,Chemical Engineering,5,12580,0,0,12580,0.0,0.0
2003,15,Chemical Engineering,6,12580,0,0,12580,0.0,0.0
2003,15,Chemical Engineering,7,12580,0,0,12580,0.0,0.0
2003,15,Chemical Engineering,8,12580,0,0,12580,0.0,0.0
2003,15,Chemical Engineering,9,12580,0,0,12580,0.0,0.0
2003,15,Chemical Engineering,10,12580,0,0,12580,0.0,0.0
2003,15,Chemical Engineering,11,12580,0,0,12580,0.0,0.0
2003,15,Chemical Engineering,12,12580,0,0,12580,0.0,0.0
2003,15,Chemical Engineering,13,12580,0,0,12580,0.0,0.0
2003,15,Chemical Engineering,14,12580,0,0,12580,0.0,0.0
2003,15,Chemical Engineering,15,12580,0,0,12580,0.0,0.0
2003,16,Chemistry,0,91724,0,0,91724,0.0,0.0
2003,16,Chemistry,1,91724,2,0,91724,2.180454406698356e-05,2.180454406698356e-05
2003,16,Chemistry,2,91724,0,2,91722,0.0,2.180454406698356e-05
2003,16,Chemistry,3,91724,3,2,91722,3.27075292732387e-05,5.45113601674589e-05
2003,16,Chemistry,4,91724,0,5,91719,0.0,5.45113601674589e-05
2003,16,Chemistry,5,91724,0,5,91719,0.0,5.45113601674589e-05
2003,16,Chemistry,6,91724,0,5,91719,0.0,5.45113601674589e-05
2003,16,Chemistry,7,91724,0,5,91719,0.0,5.45113601674589e-05
2003,16,Chemistry,8,91724,0,5,91719,0.0,5.45113601674589e-05
2003,16,Chemistry,9,91724,0,5,91719,0.0,5.45113601674589e-05
2003,16,Chemistry,10,91724,0,5,91719,0.0,5.45113601674589e-05
2003,16,Chemistry,11,91724,0,5,91719,0.0,5.45113601674589e-05
2003,16,Chemistry,12,91724,0,5,91719,0.0,5.45113601674589e-05
2003,16,Chemistry,13,91724,0,5,91719,0.0,5.45113601674589e-05
2003,16,Chemistry,14,91724,0,5,91719,0.0,5.45113601674589e-05
2003,16,Chemistry,15,91724,0,5,91719,0.0,5.45113601674589e-05
2003,17,Computer Science,0,261419,3,0,261419,1.1475829989403984e-05,1.1475829989403984e-05
2003,17,Computer Science,1,261419,1,3,261416,3.825320561863084e-06,1.5301106652538646e-05
2003,17,Computer Science,2,261419,0,4,261415,0.0,1.5301106652538646e-05
2003,17,Computer Science,3,261419,0,4,261415,0.0,1.5301106652538646e-05
2003,17,Computer Science,4,261419,0,4,261415,0.0,1.5301106652538646e-05
2003,17,Computer Science,5,261419,0,4,261415,0.0,1.5301106652538646e-05
2003,17,Computer Science,6,261419,0,4,261415,0.0,1.5301106652538646e-05
2003,17,Computer Science,7,261419,0,4,261415,0.0,1.5301106652538646e-05
2003,17,Computer Science,8,261419,1,4,261415,3.8253351949964614e-06,1.9126383315673307e-05
2003,17,Computer Science,9,261419,0,5,261414,0.0,1.9126383315673307e-05
2003,17,Computer Science,10,261419,0,5,261414,0.0,1.9126383315673307e-05
2003,17,Computer Science,11,261419,0,5,261414,0.0,1.9126383315673307e-05
2003,17,Computer Science,12,261419,0,5,261414,0.0,1.9126383315673307e-05
2003,17,Computer Science,13,261419,0,5,261414,0.0,1.9126383315673307e-05
2003,17,Computer Science,14,261419,0,5,261414,0.0,1.9126383315673307e-05
2003,17,Computer Science,15,261419,0,5,261414,0.0,1.9126383315673307e-05
2003,18,Decision Sciences,0,36301,0,0,36301,0.0,0.0
2003,18,Decision Sciences,1,36301,0,0,36301,0.0,0.0
2003,18,Decision Sciences,2,36301,0,0,36301,0.0,0.0
2003,18,Decision Sciences,3,36301,0,0,36301,0.0,0.0
2003,18,Decision Sciences,4,36301,0,0,36301,0.0,0.0
2003,18,Decision Sciences,5,36301,0,0,36301,0.0,0.0
2003,18,Decision Sciences,6,36301,0,0,36301,0.0,0.0
2003,18,Decision Sciences,7,36301,0,0,36301,0.0,0.0
2003,18,Decision Sciences,8,36301,0,0,36301,0.0,0.0
2003,18,Decision Sciences,9,36301,0,0,36301,0.0,0.0
2003,18,Decision Sciences,10,36301,0,0,36301,0.0,0.0
2003,18,Decision Sciences,11,36301,0,0,36301,0.0,0.0
2003,18,Decision Sciences,12,36301,1,0,36301,2.7547450483457756e-05,2.7547450483457756e-05
2003,18,Decision Sciences,13,36301,0,1,36300,0.0,2.7547450483457756e-05
2003,18,Decision Sciences,14,36301,0,1,36300,0.0,2.7547450483457756e-05
2003,18,Decision Sciences,15,36301,0,1,36300,0.0,2.7547450483457756e-05
2003,19,Earth and Planetary Sciences,0,75879,0,0,75879,0.0,0.0
2003,19,Earth and Planetary Sciences,1,75879,0,0,75879,0.0,0.0
2003,19,Earth and Planetary Sciences,2,75879,0,0,75879,0.0,0.0
2003,19,Earth and Planetary Sciences,3,75879,0,0,75879,0.0,0.0
2003,19,Earth and Planetary Sciences,4,75879,0,0,75879,0.0,0.0
2003,19,Earth and Planetary Sciences,5,75879,0,0,75879,0.0,0.0
2003,19,Earth and Planetary Sciences,6,75879,0,0,75879,0.0,0.0
2003,19,Earth and Planetary Sciences,7,75879,0,0,75879,0.0,0.0
2003,19,Earth and Planetary Sciences,8,75879,0,0,75879,0.0,0.0
2003,19,Earth and Planetary Sciences,9,75879,0,0,75879,0.0,0.0
2003,19,Earth and Planetary Sciences,10,75879,0,0,75879,0.0,0.0
2003,19,Earth and Planetary Sciences,11,75879,0,0,75879,0.0,0.0
2003,19,Earth and Planetary Sciences,12,75879,0,0,75879,0.0,0.0
2003,19,Earth and Planetary Sciences,13,75879,0,0,75879,0.0,0.0
2003,19,Earth and Planetary Sciences,14,75879,0,0,75879,0.0,0.0
2003,19,Earth and Planetary Sciences,15,75879,1,0,75879,1.3178876896110913e-05,1.3178876896110913e-05
2003,20,"Economics, Econometrics and Finance",0,146336,1,0,146336,6.8335884539689486e-06,6.8335884539689486e-06
2003,20,"Economics, Econometrics and Finance",1,146336,0,1,146335,0.0,6.8335884539689486e-06
2003,20,"Economics, Econometrics and Finance",2,146336,0,1,146335,0.0,6.8335884539689486e-06
2003,20,"Economics, Econometrics and Finance",3,146336,0,1,146335,0.0,6.8335884539689486e-06
2003,20,"Economics, Econometrics and Finance",4,146336,0,1,146335,0.0,6.8335884539689486e-06
2003,20,"Economics, Econometrics and Finance",5,146336,0,1,146335,0.0,6.8335884539689486e-06
2003,20,"Economics, Econometrics and Finance",6,146336,0,1,146335,0.0,6.8335884539689486e-06
2003,20,"Economics, Econometrics and Finance",7,146336,0,1,146335,0.0,6.8335884539689486e-06
2003,20,"Economics, Econometrics and Finance",8,146336,0,1,146335,0.0,6.8335884539689486e-06
2003,20,"Economics, Econometrics and Finance",9,146336,0,1,146335,0.0,6.8335884539689486e-06
2003,20,"Economics, Econometrics and Finance",10,146336,0,1,146335,0.0,6.8335884539689486e-06
2003,20,"Economics, Econometrics and Finance",11,146336,0,1,146335,0.0,6.8335884539689486e-06
2003,20,"Economics, Econometrics and Finance",12,146336,0,1,146335,0.0,6.8335884539689486e-06
2003,20,"Economics, Econometrics and Finance",13,146336,0,1,146335,0.0,6.8335884539689486e-06
2003,20,"Economics, Econometrics and Finance",14,146336,0,1,146335,0.0,6.8335884539689486e-06
2003,20,"Economics, Econometrics and Finance",15,146336,0,1,146335,0.0,6.8335884539689486e-06
2003,21,Energy,0,16334,0,0,16334,0.0,0.0
2003,21,Energy,1,16334,0,0,16334,0.0,0.0
2003,21,Energy,2,16334,0,0,16334,0.0,0.0
2003,21,Energy,3,16334,0,0,16334,0.0,0.0
2003,21,Energy,4,16334,0,0,16334,0.0,0.0
2003,21,Energy,5,16334,0,0,16334,0.0,0.0
2003,21,Energy,6,16334,0,0,16334,0.0,0.0
2003,21,Energy,7,16334,0,0,16334,0.0,0.0
2003,21,Energy,8,16334,0,0,16334,0.0,0.0
2003,21,Energy,9,16334,0,0,16334,0.0,0.0
2003,21,Energy,10,16334,0,0,16334,0.0,0.0
2003,21,Energy,11,16334,0,0,16334,0.0,0.0
2003,21,Energy,12,16334,0,0,16334,0.0,0.0
2003,21,Energy,13,16334,0,0,16334,0.0,0.0
2003,21,Energy,14,16334,0,0,16334,0.0,0.0
2003,21,Energy,15,16334,0,0,16334,0.0,0.0
2003,22,Engineering,0,1005782,2,0,1005782,1.9885024786683395e-06,1.9885024786683395e-06
2003,22,Engineering,1,1005782,5,2,1005780,4.971266082045775e-06,6.959758675339189e-06
2003,22,Engineering,2,1005782,1,7,1005775,9.942581591310183e-07,7.954009914673358e-06
2003,22,Engineering,3,1005782,1,8,1005774,9.942591476812882e-07,8.948261154007529e-06
2003,22,Engineering,4,1005782,0,9,1005773,0.0,8.948261154007529e-06
2003,22,Engineering,5,1005782,0,9,1005773,0.0,8.948261154007529e-06
2003,22,Engineering,6,1005782,0,9,1005773,0.0,8.948261154007529e-06
2003,22,Engineering,7,1005782,0,9,1005773,0.0,8.948261154007529e-06
2003,22,Engineering,8,1005782,0,9,1005773,0.0,8.948261154007529e-06
2003,22,Engineering,9,1005782,0,9,1005773,0.0,8.948261154007529e-06
2003,22,Engineering,10,1005782,0,9,1005773,0.0,8.948261154007529e-06
2003,22,Engineering,11,1005782,0,9,1005773,0.0,8.948261154007529e-06
2003,22,Engineering,12,1005782,0,9,1005773,0.0,8.948261154007529e-06
2003,22,Engineering,13,1005782,0,9,1005773,0.0,8.948261154007529e-06
2003,22,Engineering,14,1005782,2,9,1005773,1.9885202724670476e-06,1.0936763632675868e-05
2003,22,Engineering,15,1005782,0,11,1005771,0.0,1.0936763632675868e-05
2003,23,Environmental Science,0,166217,1,0,166217,6.016231793378535e-06,6.016231793378535e-06
2003,23,Environmental Science,1,166217,1,1,166216,6.016267988641286e-06,1.203246358675707e-05
2003,23,Environmental Science,2,166217,0,2,166215,0.0,1.203246358675707e-05
2003,23,Environmental Science,3,166217,0,2,166215,0.0,1.203246358675707e-05
2003,23,Environmental Science,4,166217,0,2,166215,0.0,1.203246358675707e-05
2003,23,Environmental Science,5,166217,0,2,166215,0.0,1.203246358675707e-05
2003,23,Environmental Science,6,166217,0,2,166215,0.0,1.203246358675707e-05
2003,23,Environmental Science,7,166217,0,2,166215,0.0,1.203246358675707e-05
2003,23,Environmental Science,8,166217,0,2,166215,0.0,1.203246358675707e-05
2003,23,Environmental Science,9,166217,0,2,166215,0.0,1.203246358675707e-05
2003,23,Environmental Science,10,166217,0,2,166215,0.0,1.203246358675707e-05
2003,23,Environmental Science,11,166217,1,2,166215,6.0163041843395605e-06,1.8048695380135605e-05
2003,23,Environmental Science,12,166217,0,3,166214,0.0,1.8048695380135605e-05
2003,23,Environmental Science,13,166217,0,3,166214,0.0,1.8048695380135605e-05
2003,23,Environmental Science,14,166217,0,3,166214,0.0,1.8048695380135605e-05
2003,23,Environmental Science,15,166217,0,3,166214,0.0,1.8048695380135605e-05
2003,24,Immunology and Microbiology,0,37956,1,0,37956,2.6346295710823058e-05,2.6346295710823058e-05
2003,24,Immunology and Microbiology,1,37956,1,1,37955,2.6346989856408904e-05,5.2692591421646116e-05
2003,24,Immunology and Microbiology,2,37956,2,2,37954,5.269536807714602e-05,0.00010538518284329223
2003,24,Immunology and Microbiology,3,37956,1,4,37952,2.6349072512647553e-05,0.00013173147855411528
2003,24,Immunology and Microbiology,4,37956,0,5,37951,0.0,0.00013173147855411528
2003,24,Immunology and Microbiology,5,37956,0,5,37951,0.0,0.00013173147855411528
2003,24,Immunology and Microbiology,6,37956,0,5,37951,0.0,0.00013173147855411528
2003,24,Immunology and Microbiology,7,37956,2,5,37951,5.269953360912756e-05,0.0001844240699757614
2003,24,Immunology and Microbiology,8,37956,1,7,37949,2.6351155498168594e-05,0.00021077036568658446
2003,24,Immunology and Microbiology,9,37956,1,8,37948,2.635184989986297e-05,0.00023711666139740752
2003,24,Immunology and Microbiology,10,37956,0,9,37947,0.0,0.00023711666139740752
2003,24,Immunology and Microbiology,11,37956,0,9,37947,0.0,0.00023711666139740752
2003,24,Immunology and Microbiology,12,37956,0,9,37947,0.0,0.00023711666139740752
2003,24,Immunology and Microbiology,13,37956,0,9,37947,0.0,0.00023711666139740752
2003,24,Immunology and Microbiology,14,37956,0,9,37947,0.0,0.00023711666139740752
2003,24,Immunology and Microbiology,15,37956,2,9,37947,5.27050886763117e-05,0.00028980925281905365
2003,25,Materials Science,0,129763,0,0,129763,0.0,0.0
2003,25,Materials Science,1,129763,0,0,129763,0.0,0.0
2003,25,Materials Science,2,129763,1,0,129763,7.706356973867743e-06,7.706356973867743e-06
2003,25,Materials Science,3,129763,0,1,129762,0.0,7.706356973867743e-06
2003,25,Materials Science,4,129763,0,1,129762,0.0,7.706356973867743e-06
2003,25,Materials Science,5,129763,0,1,129762,0.0,7.706356973867743e-06
2003,25,Materials Science,6,129763,0,1,129762,0.0,7.706356973867743e-06
2003,25,Materials Science,7,129763,0,1,129762,0.0,7.706356973867743e-06
2003,25,Materials Science,8,129763,1,1,129762,7.70641636226322e-06,1.5412713947735486e-05
2003,25,Materials Science,9,129763,1,2,129761,7.706475751574048e-06,2.311907092160323e-05
2003,25,Materials Science,10,129763,0,3,129760,0.0,2.311907092160323e-05
2003,25,Materials Science,11,129763,0,3,129760,0.0,2.311907092160323e-05
2003,25,Materials Science,12,129763,0,3,129760,0.0,2.311907092160323e-05
2003,25,Materials Science,13,129763,0,3,129760,0.0,2.311907092160323e-05
2003,25,Materials Science,14,129763,0,3,129760,0.0,2.311907092160323e-05
2003,25,Materials Science,15,129763,0,3,129760,0.0,2.311907092160323e-05
2003,26,Mathematics,0,55086,1,0,55086,1.8153432814145154e-05,1.8153432814145154e-05
2003,26,Mathematics,1,55086,0,1,55085,0.0,1.8153432814145154e-05
2003,26,Mathematics,2,55086,1,1,55085,1.8153762367250614e-05,3.630686562829031e-05
2003,26,Mathematics,3,55086,0,2,55084,0.0,3.630686562829031e-05
2003,26,Mathematics,4,55086,0,2,55084,0.0,3.630686562829031e-05
2003,26,Mathematics,5,55086,0,2,55084,0.0,3.630686562829031e-05
2003,26,Mathematics,6,55086,0,2,55084,0.0,3.630686562829031e-05
2003,26,Mathematics,7,55086,0,2,55084,0.0,3.630686562829031e-05
2003,26,Mathematics,8,55086,0,2,55084,0.0,3.630686562829031e-05
2003,26,Mathematics,9,55086,0,2,55084,0.0,3.630686562829031e-05
2003,26,Mathematics,10,55086,0,2,55084,0.0,3.630686562829031e-05
2003,26,Mathematics,11,55086,0,2,55084,0.0,3.630686562829031e-05
2003,26,Mathematics,12,55086,0,2,55084,0.0,3.630686562829031e-05
2003,26,Mathematics,13,55086,0,2,55084,0.0,3.630686562829031e-05
2003,26,Mathematics,14,55086,0,2,55084,0.0,3.630686562829031e-05
2003,26,Mathematics,15,55086,0,2,55084,0.0,3.630686562829031e-05
2003,27,Medicine,0,656834,8,0,656834,1.2179637473090614e-05,1.2179637473090614e-05
2003,27,Medicine,1,656834,17,8,656826,2.5882044864241063e-05,3.8061367103408165e-05
2003,27,Medicine,2,656834,5,25,656809,7.612563165242864e-06,4.5673640524089803e-05
2003,27,Medicine,3,656834,2,30,656804,3.045048446720787e-06,4.8718549892362456e-05
2003,27,Medicine,4,656834,6,32,656802,9.135173157207195e-06,5.7853277997180414e-05
2003,27,Medicine,5,656834,2,38,656796,3.045085536452719e-06,6.089818736545307e-05
2003,27,Medicine,6,656834,3,40,656794,4.567642213540319e-06,6.546555141786205e-05
2003,27,Medicine,7,656834,7,43,656791,1.0657880512979015e-05,7.612273420681633e-05
2003,27,Medicine,8,656834,14,50,656784,2.1315988209213378e-05,9.743709978472491e-05
2003,27,Medicine,9,656834,5,64,656770,7.613015210804391e-06,0.00010504937320540654
2003,27,Medicine,10,656834,9,69,656765,1.3703531704643214e-05,0.00011875146536263348
2003,27,Medicine,11,656834,6,78,656756,9.135812995998513e-06,0.00012788619346745144
2003,27,Medicine,12,656834,5,84,656750,7.613247049866768e-06,0.00013549846688813306
2003,27,Medicine,13,656834,3,89,656745,4.5679830071032135e-06,0.00014006583094054205
2003,27,Medicine,14,656834,3,92,656742,4.568003873667285e-06,0.00014463319499295104
2003,27,Medicine,15,656834,8,95,656739,1.2181399307791984e-05,0.00015681283246604165
2003,28,Neuroscience,0,60464,1,0,60464,1.6538766869542206e-05,1.6538766869542206e-05
2003,28,Neuroscience,1,60464,2,1,60463,3.307808080975142e-05,4.961630060862662e-05
2003,28,Neuroscience,2,60464,0,3,60461,0.0,4.961630060862662e-05
2003,28,Neuroscience,3,60464,0,3,60461,0.0,4.961630060862662e-05
2003,28,Neuroscience,4,60464,1,3,60461,1.6539587502687682e-05,6.615506747816882e-05
2003,28,Neuroscience,5,60464,0,4,60460,0.0,6.615506747816882e-05
2003,28,Neuroscience,6,60464,1,4,60460,1.6539861065167053e-05,8.269383434771104e-05
2003,28,Neuroscience,7,60464,0,5,60459,0.0,8.269383434771104e-05
2003,28,Neuroscience,8,60464,1,5,60459,1.654013463669594e-05,9.923260121725324e-05
2003,28,Neuroscience,9,60464,1,6,60458,1.6540408217274803e-05,0.00011577136808679545
2003,28,Neuroscience,10,60464,1,7,60457,1.654068180690408e-05,0.00013231013495633765
2003,28,Neuroscience,11,60464,0,8,60456,0.0,0.00013231013495633765
2003,28,Neuroscience,12,60464,1,8,60456,1.6540955405584227e-05,0.00014884890182587985
2003,28,Neuroscience,13,60464,0,9,60455,0.0,0.00014884890182587985
2003,28,Neuroscience,14,60464,0,9,60455,0.0,0.00014884890182587985
2003,28,Neuroscience,15,60464,0,9,60455,0.0,0.00014884890182587985
2003,29,Nursing,0,17197,0,0,17197,0.0,0.0
2003,29,Nursing,1,17197,0,0,17197,0.0,0.0
2003,29,Nursing,2,17197,0,0,17197,0.0,0.0
2003,29,Nursing,3,17197,0,0,17197,0.0,0.0
2003,29,Nursing,4,17197,0,0,17197,0.0,0.0
2003,29,Nursing,5,17197,0,0,17197,0.0,0.0
2003,29,Nursing,6,17197,0,0,17197,0.0,0.0
2003,29,Nursing,7,17197,0,0,17197,0.0,0.0
2003,29,Nursing,8,17197,0,0,17197,0.0,0.0
2003,29,Nursing,9,17197,1,0,17197,5.8149677269291154e-05,5.8149677269291154e-05
2003,29,Nursing,10,17197,0,1,17196,0.0,5.8149677269291154e-05
2003,29,Nursing,11,17197,0,1,17196,0.0,5.8149677269291154e-05
2003,29,Nursing,12,17197,0,1,17196,0.0,5.8149677269291154e-05
2003,29,Nursing,13,17197,0,1,17196,0.0,5.8149677269291154e-05
2003,29,Nursing,14,17197,0,1,17196,0.0,5.8149677269291154e-05
2003,29,Nursing,15,17197,1,1,17196,5.8153058850895555e-05,0.00011629935453858231
2003,30,"Pharmacology, Toxicology and Pharmaceutics",0,15390,0,0,15390,0.0,0.0
2003,30,"Pharmacology, Toxicology and Pharmaceutics",1,15390,0,0,15390,0.0,0.0
2003,30,"Pharmacology, Toxicology and Pharmaceutics",2,15390,1,0,15390,6.49772579597141e-05,6.49772579597141e-05
2003,30,"Pharmacology, Toxicology and Pharmaceutics",3,15390,0,1,15389,0.0,6.49772579597141e-05
2003,30,"Pharmacology, Toxicology and Pharmaceutics",4,15390,0,1,15389,0.0,6.49772579597141e-05
2003,30,"Pharmacology, Toxicology and Pharmaceutics",5,15390,0,1,15389,0.0,6.49772579597141e-05
2003,30,"Pharmacology, Toxicology and Pharmaceutics",6,15390,0,1,15389,0.0,6.49772579597141e-05
2003,30,"Pharmacology, Toxicology and Pharmaceutics",7,15390,0,1,15389,0.0,6.49772579597141e-05
2003,30,"Pharmacology, Toxicology and Pharmaceutics",8,15390,0,1,15389,0.0,6.49772579597141e-05
2003,30,"Pharmacology, Toxicology and Pharmaceutics",9,15390,0,1,15389,0.0,6.49772579597141e-05
2003,30,"Pharmacology, Toxicology and Pharmaceutics",10,15390,0,1,15389,0.0,6.49772579597141e-05
2003,30,"Pharmacology, Toxicology and Pharmaceutics",11,15390,0,1,15389,0.0,6.49772579597141e-05
2003,30,"Pharmacology, Toxicology and Pharmaceutics",12,15390,0,1,15389,0.0,6.49772579597141e-05
2003,30,"Pharmacology, Toxicology and Pharmaceutics",13,15390,0,1,15389,0.0,6.49772579597141e-05
2003,30,"Pharmacology, Toxicology and Pharmaceutics",14,15390,0,1,15389,0.0,6.49772579597141e-05
2003,30,"Pharmacology, Toxicology and Pharmaceutics",15,15390,0,1,15389,0.0,6.49772579597141e-05
2003,31,Physics and Astronomy,0,164609,2,0,164609,1.2150003948751283e-05,1.2150003948751283e-05
2003,31,Physics and Astronomy,1,164609,2,2,164607,1.2150151573140875e-05,2.4300007897502565e-05
2003,31,Physics and Astronomy,2,164609,1,4,164605,6.075149600558914e-06,3.0375009871878207e-05
2003,31,Physics and Astronomy,3,164609,0,5,164604,0.0,3.0375009871878207e-05
2003,31,Physics and Astronomy,4,164609,0,5,164604,0.0,3.0375009871878207e-05
2003,31,Physics and Astronomy,5,164609,0,5,164604,0.0,3.0375009871878207e-05
2003,31,Physics and Astronomy,6,164609,0,5,164604,0.0,3.0375009871878207e-05
2003,31,Physics and Astronomy,7,164609,0,5,164604,0.0,3.0375009871878207e-05
2003,31,Physics and Astronomy,8,164609,1,5,164604,6.0751865082258025e-06,3.645001184625385e-05
2003,31,Physics and Astronomy,9,164609,0,6,164603,0.0,3.645001184625385e-05
2003,31,Physics and Astronomy,10,164609,0,6,164603,0.0,3.645001184625385e-05
2003,31,Physics and Astronomy,11,164609,1,6,164603,6.075223416341136e-06,4.252501382062949e-05
2003,31,Physics and Astronomy,12,164609,0,7,164602,0.0,4.252501382062949e-05
2003,31,Physics and Astronomy,13,164609,0,7,164602,0.0,4.252501382062949e-05
2003,31,Physics and Astronomy,14,164609,0,7,164602,0.0,4.252501382062949e-05
2003,31,Physics and Astronomy,15,164609,0,7,164602,0.0,4.252501382062949e-05
2003,32,Psychology,0,100528,1,0,100528,9.947477319751712e-06,9.947477319751712e-06
2003,32,Psychology,1,100528,1,1,100527,9.947576273041073e-06,1.9894954639503423e-05
2003,32,Psychology,2,100528,0,2,100526,0.0,1.9894954639503423e-05
2003,32,Psychology,3,100528,0,2,100526,0.0,1.9894954639503423e-05
2003,32,Psychology,4,100528,0,2,100526,0.0,1.9894954639503423e-05
2003,32,Psychology,5,100528,1,2,100526,9.947675228299147e-06,2.9842431959255132e-05
2003,32,Psychology,6,100528,0,3,100525,0.0,2.9842431959255132e-05
2003,32,Psychology,7,100528,0,3,100525,0.0,2.9842431959255132e-05
2003,32,Psychology,8,100528,0,3,100525,0.0,2.9842431959255132e-05
2003,32,Psychology,9,100528,1,3,100525,9.94777418552599e-06,3.978990927900685e-05
2003,32,Psychology,10,100528,0,4,100524,0.0,3.978990927900685e-05
2003,32,Psychology,11,100528,0,4,100524,0.0,3.978990927900685e-05
2003,32,Psychology,12,100528,0,4,100524,0.0,3.978990927900685e-05
2003,32,Psychology,13,100528,0,4,100524,0.0,3.978990927900685e-05
2003,32,Psychology,14,100528,0,4,100524,0.0,3.978990927900685e-05
2003,32,Psychology,15,100528,0,4,100524,0.0,3.978990927900685e-05
2003,33,Social Sciences,0,579839,0,0,579839,0.0,0.0
2003,33,Social Sciences,1,579839,0,0,579839,0.0,0.0
2003,33,Social Sciences,2,579839,0,0,579839,0.0,0.0
2003,33,Social Sciences,3,579839,0,0,579839,0.0,0.0
2003,33,Social Sciences,4,579839,0,0,579839,0.0,0.0
2003,33,Social Sciences,5,579839,0,0,579839,0.0,0.0
2003,33,Social Sciences,6,579839,0,0,579839,0.0,0.0
2003,33,Social Sciences,7,579839,0,0,579839,0.0,0.0
2003,33,Social Sciences,8,579839,0,0,579839,0.0,0.0
2003,33,Social Sciences,9,579839,0,0,579839,0.0,0.0
2003,33,Social Sciences,10,579839,0,0,579839,0.0,0.0
2003,33,Social Sciences,11,579839,1,0,579839,1.7246166608317136e-06,1.7246166608317136e-06
2003,33,Social Sciences,12,579839,1,1,579838,1.72461963513947e-06,3.449233321663427e-06
2003,33,Social Sciences,13,579839,0,2,579837,0.0,3.449233321663427e-06
2003,33,Social Sciences,14,579839,0,2,579837,0.0,3.449233321663427e-06
2003,33,Social Sciences,15,579839,0,2,579837,0.0,3.449233321663427e-06
2003,34,Veterinary,0,6107,0,0,6107,0.0,0.0
2003,34,Veterinary,1,6107,0,0,6107,0.0,0.0
2003,34,Veterinary,2,6107,0,0,6107,0.0,0.0
2003,34,Veterinary,3,6107,0,0,6107,0.0,0.0
2003,34,Veterinary,4,6107,1,0,6107,0.0001637465203864418,0.0001637465203864418
2003,34,Veterinary,5,6107,0,1,6106,0.0,0.0001637465203864418
2003,34,Veterinary,6,6107,0,1,6106,0.0,0.0001637465203864418
2003,34,Veterinary,7,6107,0,1,6106,0.0,0.0001637465203864418
2003,34,Veterinary,8,6107,0,1,6106,0.0,0.0001637465203864418
2003,34,Veterinary,9,6107,0,1,6106,0.0,0.0001637465203864418
2003,34,Veterinary,10,6107,0,1,6106,0.0,0.0001637465203864418
2003,34,Veterinary,11,6107,0,1,6106,0.0,0.0001637465203864418
2003,34,Veterinary,12,6107,0,1,6106,0.0,0.0001637465203864418
2003,34,Veterinary,13,6107,0,1,6106,0.0,0.0001637465203864418
2003,34,Veterinary,14,6107,0,1,6106,0.0,0.0001637465203864418
2003,34,Veterinary,15,6107,0,1,6106,0.0,0.0001637465203864418
2003,35,Dentistry,0,11432,0,0,11432,0.0,0.0
2003,35,Dentistry,1,11432,0,0,11432,0.0,0.0
2003,35,Dentistry,2,11432,0,0,11432,0.0,0.0
2003,35,Dentistry,3,11432,0,0,11432,0.0,0.0
2003,35,Dentistry,4,11432,0,0,11432,0.0,0.0
2003,35,Dentistry,5,11432,0,0,11432,0.0,0.0
2003,35,Dentistry,6,11432,0,0,11432,0.0,0.0
2003,35,Dentistry,7,11432,0,0,11432,0.0,0.0
2003,35,Dentistry,8,11432,0,0,11432,0.0,0.0
2003,35,Dentistry,9,11432,0,0,11432,0.0,0.0
2003,35,Dentistry,10,11432,1,0,11432,8.74737578726382e-05,8.74737578726382e-05
2003,35,Dentistry,11,11432,0,1,11431,0.0,8.74737578726382e-05
2003,35,Dentistry,12,11432,1,1,11431,8.748141020033243e-05,0.0001749475157452764
2003,35,Dentistry,13,11432,1,2,11430,8.748906386701662e-05,0.0002624212736179146
2003,35,Dentistry,14,11432,0,3,11429,0.0,0.0002624212736179146
2003,35,Dentistry,15,11432,0,3,11429,0.0,0.0002624212736179146
2003,36,Health Professions,0,93199,0,0,93199,0.0,0.0
2003,36,Health Professions,1,93199,0,0,93199,0.0,0.0
2003,36,Health Professions,2,93199,0,0,93199,0.0,0.0
2003,36,Health Professions,3,93199,0,0,93199,0.0,0.0
2003,36,Health Professions,4,93199,1,0,93199,1.0729728859751714e-05,1.0729728859751714e-05
2003,36,Health Professions,5,93199,0,1,93198,0.0,1.0729728859751714e-05
2003,36,Health Professions,6,93199,0,1,93198,0.0,1.0729728859751714e-05
2003,36,Health Professions,7,93199,0,1,93198,0.0,1.0729728859751714e-05
2003,36,Health Professions,8,93199,0,1,93198,0.0,1.0729728859751714e-05
2003,36,Health Professions,9,93199,0,1,93198,0.0,1.0729728859751714e-05
2003,36,Health Professions,10,93199,0,1,93198,0.0,1.0729728859751714e-05
2003,36,Health Professions,11,93199,0,1,93198,0.0,1.0729728859751714e-05
2003,36,Health Professions,12,93199,0,1,93198,0.0,1.0729728859751714e-05
2003,36,Health Professions,13,93199,1,1,93198,1.0729843988068413e-05,2.145945771950343e-05
2003,36,Health Professions,14,93199,0,2,93197,0.0,2.145945771950343e-05
2003,36,Health Professions,15,93199,0,2,93197,0.0,2.145945771950343e-05
2004,11,Agricultural and Biological Sciences,0,189509,1,0,189509,5.276794241962123e-06,5.276794241962123e-06
2004,11,Agricultural and Biological Sciences,1,189509,0,1,189508,0.0,5.276794241962123e-06
2004,11,Agricultural and Biological Sciences,2,189509,1,1,189508,5.276822086666526e-06,1.0553588483924247e-05
2004,11,Agricultural and Biological Sciences,3,189509,1,2,189507,5.276849931664794e-06,1.583038272588637e-05
2004,11,Agricultural and Biological Sciences,4,189509,0,3,189506,0.0,1.583038272588637e-05
2004,11,Agricultural and Biological Sciences,5,189509,0,3,189506,0.0,1.583038272588637e-05
2004,11,Agricultural and Biological Sciences,6,189509,0,3,189506,0.0,1.583038272588637e-05
2004,11,Agricultural and Biological Sciences,7,189509,0,3,189506,0.0,1.583038272588637e-05
2004,11,Agricultural and Biological Sciences,8,189509,0,3,189506,0.0,1.583038272588637e-05
2004,11,Agricultural and Biological Sciences,9,189509,1,3,189506,5.2768777769569305e-06,2.1107176967848493e-05
2004,11,Agricultural and Biological Sciences,10,189509,0,4,189505,0.0,2.1107176967848493e-05
2004,11,Agricultural and Biological Sciences,11,189509,1,4,189505,5.276905622542941e-06,2.6383971209810618e-05
2004,11,Agricultural and Biological Sciences,12,189509,0,5,189504,0.0,2.6383971209810618e-05
2004,11,Agricultural and Biological Sciences,13,189509,0,5,189504,0.0,2.6383971209810618e-05
2004,11,Agricultural and Biological Sciences,14,189509,0,5,189504,0.0,2.6383971209810618e-05
2004,11,Agricultural and Biological Sciences,15,189509,1,5,189504,5.2769334684228305e-06,3.166076545177274e-05
2004,12,Arts and Humanities,0,308039,0,0,308039,0.0,0.0
2004,12,Arts and Humanities,1,308039,0,0,308039,0.0,0.0
2004,12,Arts and Humanities,2,308039,0,0,308039,0.0,0.0
2004,12,Arts and Humanities,3,308039,0,0,308039,0.0,0.0
2004,12,Arts and Humanities,4,308039,0,0,308039,0.0,0.0
2004,12,Arts and Humanities,5,308039,0,0,308039,0.0,0.0
2004,12,Arts and Humanities,6,308039,1,0,308039,3.246342183944241e-06,3.246342183944241e-06
2004,12,Arts and Humanities,7,308039,0,1,308038,0.0,3.246342183944241e-06
2004,12,Arts and Humanities,8,308039,0,1,308038,0.0,3.246342183944241e-06
2004,12,Arts and Humanities,9,308039,0,1,308038,0.0,3.246342183944241e-06
2004,12,Arts and Humanities,10,308039,0,1,308038,0.0,3.246342183944241e-06
2004,12,Arts and Humanities,11,308039,0,1,308038,0.0,3.246342183944241e-06
2004,12,Arts and Humanities,12,308039,0,1,308038,0.0,3.246342183944241e-06
2004,12,Arts and Humanities,13,308039,0,1,308038,0.0,3.246342183944241e-06
2004,12,Arts and Humanities,14,308039,0,1,308038,0.0,3.246342183944241e-06
2004,12,Arts and Humanities,15,308039,0,1,308038,0.0,3.246342183944241e-06
2004,13,"Biochemistry, Genetics and Molecular Biology",0,242754,7,0,242754,2.8835776135511672e-05,2.8835776135511672e-05
2004,13,"Biochemistry, Genetics and Molecular Biology",1,242754,8,7,242747,3.2956123041685375e-05,6.179094886181073e-05
2004,13,"Biochemistry, Genetics and Molecular Biology",2,242754,5,15,242739,2.0598255739703962e-05,8.238793181574763e-05
2004,13,"Biochemistry, Genetics and Molecular Biology",3,242754,2,20,242734,8.239472014633302e-06,9.062672499732239e-05
2004,13,"Biochemistry, Genetics and Molecular Biology",4,242754,5,22,242732,2.0598849760229388e-05,0.0001112237079512593
2004,13,"Biochemistry, Genetics and Molecular Biology",5,242754,3,27,242727,1.2359564448948818e-05,0.00012358189772362145
2004,13,"Biochemistry, Genetics and Molecular Biology",6,242754,4,30,242724,1.647962294622699e-05,0.00014005948408677096
2004,13,"Biochemistry, Genetics and Molecular Biology",7,242754,3,34,242720,1.2359920896506263e-05,0.0001524176738591331
2004,13,"Biochemistry, Genetics and Molecular Biology",8,242754,2,37,242717,8.2400491106927e-06,0.00016065646704070788
2004,13,"Biochemistry, Genetics and Molecular Biology",9,242754,5,39,242715,2.0600292524153842e-05,0.00018125344999464477
2004,13,"Biochemistry, Genetics and Molecular Biology",10,242754,4,44,242710,1.6480573523958632e-05,0.0001977310363577943
2004,13,"Biochemistry, Genetics and Molecular Biology",11,242754,5,48,242706,2.0601056422173328e-05,0.00021832801931173122
2004,13,"Biochemistry, Genetics and Molecular Biology",12,242754,4,53,242701,1.6481184667553903e-05,0.00023480560567488073
2004,13,"Biochemistry, Genetics and Molecular Biology",13,242754,2,57,242697,8.2407281507394e-06,0.0002430443988564555
2004,13,"Biochemistry, Genetics and Molecular Biology",14,242754,3,59,242695,1.2361194091349225e-05,0.0002554025886288177
2004,13,"Biochemistry, Genetics and Molecular Biology",15,242754,7,62,242692,2.8843142748833914e-05,0.00028423836476432934
2004,14,"Business, Management and Accounting",0,127792,2,0,127792,1.5650431951921874e-05,1.5650431951921874e-05
2004,14,"Business, Management and Accounting",1,127792,0,2,127790,0.0,1.5650431951921874e-05
2004,14,"Business, Management and Accounting",2,127792,0,2,127790,0.0,1.5650431951921874e-05
2004,14,"Business, Management and Accounting",3,127792,0,2,127790,0.0,1.5650431951921874e-05
2004,14,"Business, Management and Accounting",4,127792,0,2,127790,0.0,1.5650431951921874e-05
2004,14,"Business, Management and Accounting",5,127792,0,2,127790,0.0,1.5650431951921874e-05
2004,14,"Business, Management and Accounting",6,127792,0,2,127790,0.0,1.5650431951921874e-05
2004,14,"Business, Management and Accounting",7,127792,0,2,127790,0.0,1.5650431951921874e-05
2004,14,"Business, Management and Accounting",8,127792,0,2,127790,0.0,1.5650431951921874e-05
2004,14,"Business, Management and Accounting",9,127792,0,2,127790,0.0,1.5650431951921874e-05
2004,14,"Business, Management and Accounting",10,127792,2,2,127790,1.565067689177557e-05,3.130086390384375e-05
2004,14,"Business, Management and Accounting",11,127792,0,4,127788,0.0,3.130086390384375e-05
2004,14,"Business, Management and Accounting",12,127792,0,4,127788,0.0,3.130086390384375e-05
2004,14,"Business, Management and Accounting",13,127792,0,4,127788,0.0,3.130086390384375e-05
2004,14,"Business, Management and Accounting",14,127792,0,4,127788,0.0,3.130086390384375e-05
2004,14,"Business, Management and Accounting",15,127792,0,4,127788,0.0,3.130086390384375e-05
2004,15,Chemical Engineering,0,14315,0,0,14315,0.0,0.0
2004,15,Chemical Engineering,1,14315,0,0,14315,0.0,0.0
2004,15,Chemical Engineering,2,14315,0,0,14315,0.0,0.0
2004,15,Chemical Engineering,3,14315,0,0,14315,0.0,0.0
2004,15,Chemical Engineering,4,14315,1,0,14315,6.985679357317499e-05,6.985679357317499e-05
2004,15,Chemical Engineering,5,14315,0,1,14314,0.0,6.985679357317499e-05
2004,15,Chemical Engineering,6,14315,0,1,14314,0.0,6.985679357317499e-05
2004,15,Chemical Engineering,7,14315,0,1,14314,0.0,6.985679357317499e-05
2004,15,Chemical Engineering,8,14315,0,1,14314,0.0,6.985679357317499e-05
2004,15,Chemical Engineering,9,14315,0,1,14314,0.0,6.985679357317499e-05
2004,15,Chemical Engineering,10,14315,0,1,14314,0.0,6.985679357317499e-05
2004,15,Chemical Engineering,11,14315,0,1,14314,0.0,6.985679357317499e-05
2004,15,Chemical Engineering,12,14315,0,1,14314,0.0,6.985679357317499e-05
2004,15,Chemical Engineering,13,14315,0,1,14314,0.0,6.985679357317499e-05
2004,15,Chemical Engineering,14,14315,0,1,14314,0.0,6.985679357317499e-05
2004,15,Chemical Engineering,15,14315,0,1,14314,0.0,6.985679357317499e-05
2004,16,Chemistry,0,109917,0,0,109917,0.0,0.0
2004,16,Chemistry,1,109917,2,0,109917,1.8195547549514634e-05,1.8195547549514634e-05
2004,16,Chemistry,2,109917,1,2,109915,9.097939316744757e-06,2.729332132427195e-05
2004,16,Chemistry,3,109917,1,3,109914,9.098022089997635e-06,3.639109509902927e-05
2004,16,Chemistry,4,109917,1,4,109913,9.09810486475667e-06,4.548886887378658e-05
2004,16,Chemistry,5,109917,1,5,109912,9.098187641021908e-06,5.45866426485439e-05
2004,16,Chemistry,6,109917,0,6,109911,0.0,5.45866426485439e-05
2004,16,Chemistry,7,109917,1,6,109911,9.098270418793388e-06,6.368441642330122e-05
2004,16,Chemistry,8,109917,0,7,109910,0.0,6.368441642330122e-05
2004,16,Chemistry,9,109917,0,7,109910,0.0,6.368441642330122e-05
2004,16,Chemistry,10,109917,0,7,109910,0.0,6.368441642330122e-05
2004,16,Chemistry,11,109917,0,7,109910,0.0,6.368441642330122e-05
2004,16,Chemistry,12,109917,0,7,109910,0.0,6.368441642330122e-05
2004,16,Chemistry,13,109917,0,7,109910,0.0,6.368441642330122e-05
2004,16,Chemistry,14,109917,1,7,109910,9.098353198071149e-06,7.278219019805854e-05
2004,16,Chemistry,15,109917,0,8,109909,0.0,7.278219019805854e-05
2004,17,Computer Science,0,272147,1,0,272147,3.6744847453765796e-06,3.6744847453765796e-06
2004,17,Computer Science,1,272147,2,1,272146,7.348996494528672e-06,1.102345423612974e-05
2004,17,Computer Science,2,272147,0,3,272144,0.0,1.102345423612974e-05
2004,17,Computer Science,3,272147,0,3,272144,0.0,1.102345423612974e-05
2004,17,Computer Science,4,272147,1,3,272144,3.6745252513375273e-06,1.4697938981506318e-05
2004,17,Computer Science,5,272147,0,4,272143,0.0,1.4697938981506318e-05
2004,17,Computer Science,6,272147,0,4,272143,0.0,1.4697938981506318e-05
2004,17,Computer Science,7,272147,1,4,272143,3.674538753522964e-06,1.83724237268829e-05
2004,17,Computer Science,8,272147,0,5,272142,0.0,1.83724237268829e-05
2004,17,Computer Science,9,272147,0,5,272142,0.0,1.83724237268829e-05
2004,17,Computer Science,10,272147,1,5,272142,3.67455225580763e-06,2.204690847225948e-05
2004,17,Computer Science,11,272147,3,6,272141,1.1023697274574577e-05,3.3070362708389216e-05
2004,17,Computer Science,12,272147,0,9,272138,0.0,3.3070362708389216e-05
2004,17,Computer Science,13,272147,0,9,272138,0.0,3.3070362708389216e-05
2004,17,Computer Science,14,272147,0,9,272138,0.0,3.3070362708389216e-05
2004,17,Computer Science,15,272147,0,9,272138,0.0,3.3070362708389216e-05
2004,18,Decision Sciences,0,39139,0,0,39139,0.0,0.0
2004,18,Decision Sciences,1,39139,1,0,39139,2.554996295255372e-05,2.554996295255372e-05
2004,18,Decision Sciences,2,39139,0,1,39138,0.0,2.554996295255372e-05
2004,18,Decision Sciences,3,39139,0,1,39138,0.0,2.554996295255372e-05
2004,18,Decision Sciences,4,39139,0,1,39138,0.0,2.554996295255372e-05
2004,18,Decision Sciences,5,39139,0,1,39138,0.0,2.554996295255372e-05
2004,18,Decision Sciences,6,39139,0,1,39138,0.0,2.554996295255372e-05
2004,18,Decision Sciences,7,39139,0,1,39138,0.0,2.554996295255372e-05
2004,18,Decision Sciences,8,39139,0,1,39138,0.0,2.554996295255372e-05
2004,18,Decision Sciences,9,39139,0,1,39138,0.0,2.554996295255372e-05
2004,18,Decision Sciences,10,39139,0,1,39138,0.0,2.554996295255372e-05
2004,18,Decision Sciences,11,39139,0,1,39138,0.0,2.554996295255372e-05
2004,18,Decision Sciences,12,39139,0,1,39138,0.0,2.554996295255372e-05
2004,18,Decision Sciences,13,39139,0,1,39138,0.0,2.554996295255372e-05
2004,18,Decision Sciences,14,39139,0,1,39138,0.0,2.554996295255372e-05
2004,18,Decision Sciences,15,39139,0,1,39138,0.0,2.554996295255372e-05
2004,19,Earth and Planetary Sciences,0,75981,1,0,75981,1.316118503310038e-05,1.316118503310038e-05
2004,19,Earth and Planetary Sciences,1,75981,0,1,75980,0.0,1.316118503310038e-05
2004,19,Earth and Planetary Sciences,2,75981,1,1,75980,1.3161358252171625e-05,2.632237006620076e-05
2004,19,Earth and Planetary Sciences,3,75981,0,2,75979,0.0,2.632237006620076e-05
2004,19,Earth and Planetary Sciences,4,75981,0,2,75979,0.0,2.632237006620076e-05
2004,19,Earth and Planetary Sciences,5,75981,0,2,75979,0.0,2.632237006620076e-05
2004,19,Earth and Planetary Sciences,6,75981,0,2,75979,0.0,2.632237006620076e-05
2004,19,Earth and Planetary Sciences,7,75981,0,2,75979,0.0,2.632237006620076e-05
2004,19,Earth and Planetary Sciences,8,75981,0,2,75979,0.0,2.632237006620076e-05
2004,19,Earth and Planetary Sciences,9,75981,0,2,75979,0.0,2.632237006620076e-05
2004,19,Earth and Planetary Sciences,10,75981,0,2,75979,0.0,2.632237006620076e-05
2004,19,Earth and Planetary Sciences,11,75981,0,2,75979,0.0,2.632237006620076e-05
2004,19,Earth and Planetary Sciences,12,75981,0,2,75979,0.0,2.632237006620076e-05
2004,19,Earth and Planetary Sciences,13,75981,0,2,75979,0.0,2.632237006620076e-05
2004,19,Earth and Planetary Sciences,14,75981,0,2,75979,0.0,2.632237006620076e-05
2004,19,Earth and Planetary Sciences,15,75981,0,2,75979,0.0,2.632237006620076e-05
2004,20,"Economics, Econometrics and Finance",0,158149,1,0,158149,6.323150952582691e-06,6.323150952582691e-06
2004,20,"Economics, Econometrics and Finance",1,158149,0,1,158148,0.0,6.323150952582691e-06
2004,20,"Economics, Econometrics and Finance",2,158149,0,1,158148,0.0,6.323150952582691e-06
2004,20,"Economics, Econometrics and Finance",3,158149,0,1,158148,0.0,6.323150952582691e-06
2004,20,"Economics, Econometrics and Finance",4,158149,0,1,158148,0.0,6.323150952582691e-06
2004,20,"Economics, Econometrics and Finance",5,158149,0,1,158148,0.0,6.323150952582691e-06
2004,20,"Economics, Econometrics and Finance",6,158149,0,1,158148,0.0,6.323150952582691e-06
2004,20,"Economics, Econometrics and Finance",7,158149,0,1,158148,0.0,6.323150952582691e-06
2004,20,"Economics, Econometrics and Finance",8,158149,0,1,158148,0.0,6.323150952582691e-06
2004,20,"Economics, Econometrics and Finance",9,158149,0,1,158148,0.0,6.323150952582691e-06
2004,20,"Economics, Econometrics and Finance",10,158149,0,1,158148,0.0,6.323150952582691e-06
2004,20,"Economics, Econometrics and Finance",11,158149,0,1,158148,0.0,6.323150952582691e-06
2004,20,"Economics, Econometrics and Finance",12,158149,0,1,158148,0.0,6.323150952582691e-06
2004,20,"Economics, Econometrics and Finance",13,158149,0,1,158148,0.0,6.323150952582691e-06
2004,20,"Economics, Econometrics and Finance",14,158149,0,1,158148,0.0,6.323150952582691e-06
2004,20,"Economics, Econometrics and Finance",15,158149,0,1,158148,0.0,6.323150952582691e-06
2004,21,Energy,0,18112,0,0,18112,0.0,0.0
2004,21,Energy,1,18112,0,0,18112,0.0,0.0
2004,21,Energy,2,18112,0,0,18112,0.0,0.0
2004,21,Energy,3,18112,0,0,18112,0.0,0.0
2004,21,Energy,4,18112,0,0,18112,0.0,0.0
2004,21,Energy,5,18112,0,0,18112,0.0,0.0
2004,21,Energy,6,18112,0,0,18112,0.0,0.0
2004,21,Energy,7,18112,0,0,18112,0.0,0.0
2004,21,Energy,8,18112,0,0,18112,0.0,0.0
2004,21,Energy,9,18112,0,0,18112,0.0,0.0
2004,21,Energy,10,18112,0,0,18112,0.0,0.0
2004,21,Energy,11,18112,0,0,18112,0.0,0.0
2004,21,Energy,12,18112,0,0,18112,0.0,0.0
2004,21,Energy,13,18112,0,0,18112,0.0,0.0
2004,21,Energy,14,18112,0,0,18112,0.0,0.0
2004,21,Energy,15,18112,0,0,18112,0.0,0.0
2004,22,Engineering,0,1074780,9,0,1074780,8.373806732540612e-06,8.373806732540612e-06
2004,22,Engineering,1,1074780,1,9,1074771,9.304307615296654e-07,9.304229702822904e-06
2004,22,Engineering,2,1074780,1,10,1074770,9.304316272318729e-07,1.0234652673105193e-05
2004,22,Engineering,3,1074780,1,11,1074769,9.304324929356913e-07,1.1165075643387484e-05
2004,22,Engineering,4,1074780,0,12,1074768,0.0,1.1165075643387484e-05
2004,22,Engineering,5,1074780,3,12,1074768,2.791300075923362e-06,1.3956344554234355e-05
2004,22,Engineering,6,1074780,0,15,1074765,0.0,1.3956344554234355e-05
2004,22,Engineering,7,1074780,3,15,1074765,2.791307867301224e-06,1.6747613465081225e-05
2004,22,Engineering,8,1074780,1,18,1074762,9.304385529075274e-07,1.7678036435363518e-05
2004,22,Engineering,9,1074780,0,19,1074761,0.0,1.7678036435363518e-05
2004,22,Engineering,10,1074780,1,19,1074761,9.304394186242337e-07,1.8608459405645807e-05
2004,22,Engineering,11,1074780,0,20,1074760,0.0,1.8608459405645807e-05
2004,22,Engineering,12,1074780,0,20,1074760,0.0,1.8608459405645807e-05
2004,22,Engineering,13,1074780,0,20,1074760,0.0,1.8608459405645807e-05
2004,22,Engineering,14,1074780,0,20,1074760,0.0,1.8608459405645807e-05
2004,22,Engineering,15,1074780,0,20,1074760,0.0,1.8608459405645807e-05
2004,23,Environmental Science,0,180575,0,0,180575,0.0,0.0
2004,23,Environmental Science,1,180575,2,0,180575,1.1075730305967049e-05,1.1075730305967049e-05
2004,23,Environmental Science,2,180575,1,2,180573,5.537926489563777e-06,1.6613595458950575e-05
2004,23,Environmental Science,3,180575,0,3,180572,0.0,1.6613595458950575e-05
2004,23,Environmental Science,4,180575,2,3,180572,1.1075914316726846e-05,2.7689325764917624e-05
2004,23,Environmental Science,5,180575,1,5,180570,5.53801849698178e-06,3.322719091790115e-05
2004,23,Environmental Science,6,180575,0,6,180569,0.0,3.322719091790115e-05
2004,23,Environmental Science,7,180575,0,6,180569,0.0,3.322719091790115e-05
2004,23,Environmental Science,8,180575,0,6,180569,0.0,3.322719091790115e-05
2004,23,Environmental Science,9,180575,0,6,180569,0.0,3.322719091790115e-05
2004,23,Environmental Science,10,180575,0,6,180569,0.0,3.322719091790115e-05
2004,23,Environmental Science,11,180575,0,6,180569,0.0,3.322719091790115e-05
2004,23,Environmental Science,12,180575,0,6,180569,0.0,3.322719091790115e-05
2004,23,Environmental Science,13,180575,0,6,180569,0.0,3.322719091790115e-05
2004,23,Environmental Science,14,180575,0,6,180569,0.0,3.322719091790115e-05
2004,23,Environmental Science,15,180575,0,6,180569,0.0,3.322719091790115e-05
2004,24,Immunology and Microbiology,0,40893,0,0,40893,0.0,0.0
2004,24,Immunology and Microbiology,1,40893,0,0,40893,0.0,0.0
2004,24,Immunology and Microbiology,2,40893,1,0,40893,2.4454063042574524e-05,2.4454063042574524e-05
2004,24,Immunology and Microbiology,3,40893,0,1,40892,0.0,2.4454063042574524e-05
2004,24,Immunology and Microbiology,4,40893,3,1,40892,7.336398317519319e-05,9.78162521702981e-05
2004,24,Immunology and Microbiology,5,40893,0,4,40889,0.0,9.78162521702981e-05
2004,24,Immunology and Microbiology,6,40893,3,4,40889,7.336936584411456e-05,0.00017117844129802166
2004,24,Immunology and Microbiology,7,40893,3,7,40886,7.337474930293988e-05,0.00024454063042574526
2004,24,Immunology and Microbiology,8,40893,0,10,40883,0.0,0.00024454063042574526
2004,24,Immunology and Microbiology,9,40893,0,10,40883,0.0,0.00024454063042574526
2004,24,Immunology and Microbiology,10,40893,1,10,40883,2.4460044517281022e-05,0.00026899469346831976
2004,24,Immunology and Microbiology,11,40893,1,11,40882,2.446064282569346e-05,0.00029344875651089427
2004,24,Immunology and Microbiology,12,40893,0,12,40881,0.0,0.00029344875651089427
2004,24,Immunology and Microbiology,13,40893,2,12,40881,4.892248232675326e-05,0.00034235688259604333
2004,24,Immunology and Microbiology,14,40893,1,14,40879,2.446243792656376e-05,0.00036681094563861783
2004,24,Immunology and Microbiology,15,40893,0,15,40878,0.0,0.00036681094563861783
2004,25,Materials Science,0,144964,1,0,144964,6.8982643966777954e-06,6.8982643966777954e-06
2004,25,Materials Science,1,144964,1,1,144963,6.898311983057746e-06,1.3796528793355591e-05
2004,25,Materials Science,2,144964,0,2,144962,0.0,1.3796528793355591e-05
2004,25,Materials Science,3,144964,0,2,144962,0.0,1.3796528793355591e-05
2004,25,Materials Science,4,144964,0,2,144962,0.0,1.3796528793355591e-05
2004,25,Materials Science,5,144964,1,2,144962,6.898359570094232e-06,2.0694793190033388e-05
2004,25,Materials Science,6,144964,1,3,144961,6.898407157787267e-06,2.7593057586711182e-05
2004,25,Materials Science,7,144964,0,4,144960,0.0,2.7593057586711182e-05
2004,25,Materials Science,8,144964,2,4,144960,1.379690949227373e-05,4.1389586380066776e-05
2004,25,Materials Science,9,144964,0,6,144958,0.0,4.1389586380066776e-05
2004,25,Materials Science,10,144964,1,6,144958,6.898549924805806e-06,4.828785077674457e-05
2004,25,Materials Science,11,144964,0,7,144957,0.0,4.828785077674457e-05
2004,25,Materials Science,12,144964,0,7,144957,0.0,4.828785077674457e-05
2004,25,Materials Science,13,144964,0,7,144957,0.0,4.828785077674457e-05
2004,25,Materials Science,14,144964,1,7,144957,6.898597515125175e-06,5.5186115173422364e-05
2004,25,Materials Science,15,144964,1,8,144956,6.898645106101161e-06,6.208437957010016e-05
2004,26,Mathematics,0,57116,2,0,57116,3.501645773513551e-05,3.501645773513551e-05
2004,26,Mathematics,1,57116,1,2,57114,1.7508841965192423e-05,5.252468660270327e-05
2004,26,Mathematics,2,57116,0,3,57113,0.0,5.252468660270327e-05
2004,26,Mathematics,3,57116,0,3,57113,0.0,5.252468660270327e-05
2004,26,Mathematics,4,57116,0,3,57113,0.0,5.252468660270327e-05
2004,26,Mathematics,5,57116,1,3,57113,1.750914853010698e-05,7.003291547027102e-05
2004,26,Mathematics,6,57116,0,4,57112,0.0,7.003291547027102e-05
2004,26,Mathematics,7,57116,0,4,57112,0.0,7.003291547027102e-05
2004,26,Mathematics,8,57116,0,4,57112,0.0,7.003291547027102e-05
2004,26,Mathematics,9,57116,0,4,57112,0.0,7.003291547027102e-05
2004,26,Mathematics,10,57116,2,4,57112,3.5018910211514215e-05,0.00010504937320540654
2004,26,Mathematics,11,57116,0,6,57110,0.0,0.00010504937320540654
2004,26,Mathematics,12,57116,0,6,57110,0.0,0.00010504937320540654
2004,26,Mathematics,13,57116,0,6,57110,0.0,0.00010504937320540654
2004,26,Mathematics,14,57116,0,6,57110,0.0,0.00010504937320540654
2004,26,Mathematics,15,57116,0,6,57110,0.0,0.00010504937320540654
2004,27,Medicine,0,716510,12,0,716510,1.6747847203807343e-05,1.6747847203807343e-05
2004,27,Medicine,1,716510,12,12,716498,1.6748127698890995e-05,3.3495694407614686e-05
2004,27,Medicine,2,716510,10,24,716486,1.3957006836141949e-05,4.7452233744120805e-05
2004,27,Medicine,3,716510,7,34,716476,9.770041145830425e-06,5.722181127967509e-05
2004,27,Medicine,4,716510,6,41,716469,8.374402800400297e-06,6.559573488157877e-05
2004,27,Medicine,5,716510,7,47,716463,9.770218420211511e-06,7.536531241713305e-05
2004,27,Medicine,6,716510,10,54,716456,1.3957591254731624e-05,8.932185175363917e-05
2004,27,Medicine,7,716510,15,64,716446,2.093667910770665e-05,0.00011025666075839835
2004,27,Medicine,8,716510,7,79,716431,9.770654815327645e-06,0.00012002623829395264
2004,27,Medicine,9,716510,12,86,716424,1.6749857626210177e-05,0.00013677408549775998
2004,27,Medicine,10,716510,5,98,716412,6.97922424526669e-06,0.00014375235516601303
2004,27,Medicine,11,716510,5,103,716407,6.979272955177713e-06,0.0001507306248342661
2004,27,Medicine,12,716510,4,108,716402,5.583457332614929e-06,0.00015631324056886856
2004,27,Medicine,13,716510,1,112,716398,1.3958721269461946e-06,0.00015770889450251915
2004,27,Medicine,14,716510,8,113,716397,1.1166992603263275e-05,0.00016887412597172406
2004,27,Medicine,15,716510,8,121,716389,1.1167117306379635e-05,0.00018003935744092894
2004,28,Neuroscience,0,63260,2,0,63260,3.161555485298767e-05,3.161555485298767e-05
2004,28,Neuroscience,1,63260,0,2,63258,0.0,3.161555485298767e-05
2004,28,Neuroscience,2,63260,0,2,63258,0.0,3.161555485298767e-05
2004,28,Neuroscience,3,63260,1,2,63258,1.5808277213949223e-05,4.742333227948151e-05
2004,28,Neuroscience,4,63260,0,3,63257,0.0,4.742333227948151e-05
2004,28,Neuroscience,5,63260,0,3,63257,0.0,4.742333227948151e-05
2004,28,Neuroscience,6,63260,0,3,63257,0.0,4.742333227948151e-05
2004,28,Neuroscience,7,63260,1,3,63257,1.5808527119528275e-05,6.323110970597533e-05
2004,28,Neuroscience,8,63260,0,4,63256,0.0,6.323110970597533e-05
2004,28,Neuroscience,9,63260,0,4,63256,0.0,6.323110970597533e-05
2004,28,Neuroscience,10,63260,0,4,63256,0.0,6.323110970597533e-05
2004,28,Neuroscience,11,63260,1,4,63256,1.5808777033008725e-05,7.903888713246918e-05
2004,28,Neuroscience,12,63260,0,5,63255,0.0,7.903888713246918e-05
2004,28,Neuroscience,13,63260,0,5,63255,0.0,7.903888713246918e-05
2004,28,Neuroscience,14,63260,0,5,63255,0.0,7.903888713246918e-05
2004,28,Neuroscience,15,63260,0,5,63255,0.0,7.903888713246918e-05
2004,29,Nursing,0,18887,1,0,18887,5.2946471117700005e-05,5.2946471117700005e-05
2004,29,Nursing,1,18887,0,1,18886,0.0,5.2946471117700005e-05
2004,29,Nursing,2,18887,0,1,18886,0.0,5.2946471117700005e-05
2004,29,Nursing,3,18887,1,1,18886,5.2949274594938046e-05,0.00010589294223540001
2004,29,Nursing,4,18887,0,2,18885,0.0,0.00010589294223540001
2004,29,Nursing,5,18887,0,2,18885,0.0,0.00010589294223540001
2004,29,Nursing,6,18887,0,2,18885,0.0,0.00010589294223540001
2004,29,Nursing,7,18887,0,2,18885,0.0,0.00010589294223540001
2004,29,Nursing,8,18887,2,2,18885,0.00010590415673815198,0.00021178588447080002
2004,29,Nursing,9,18887,0,4,18883,0.0,0.00021178588447080002
2004,29,Nursing,10,18887,0,4,18883,0.0,0.00021178588447080002
2004,29,Nursing,11,18887,0,4,18883,0.0,0.00021178588447080002
2004,29,Nursing,12,18887,0,4,18883,0.0,0.00021178588447080002
2004,29,Nursing,13,18887,1,4,18883,5.295768680824022e-05,0.00026473235558850005
2004,29,Nursing,14,18887,1,5,18882,5.296049147336087e-05,0.00031767882670620003
2004,29,Nursing,15,18887,0,6,18881,0.0,0.00031767882670620003
2004,30,"Pharmacology, Toxicology and Pharmaceutics",0,17230,0,0,17230,0.0,0.0
2004,30,"Pharmacology, Toxicology and Pharmaceutics",1,17230,0,0,17230,0.0,0.0
2004,30,"Pharmacology, Toxicology and Pharmaceutics",2,17230,0,0,17230,0.0,0.0
2004,30,"Pharmacology, Toxicology and Pharmaceutics",3,17230,0,0,17230,0.0,0.0
2004,30,"Pharmacology, Toxicology and Pharmaceutics",4,17230,0,0,17230,0.0,0.0
2004,30,"Pharmacology, Toxicology and Pharmaceutics",5,17230,1,0,17230,5.803830528148578e-05,5.803830528148578e-05
2004,30,"Pharmacology, Toxicology and Pharmaceutics",6,17230,0,1,17229,0.0,5.803830528148578e-05
2004,30,"Pharmacology, Toxicology and Pharmaceutics",7,17230,0,1,17229,0.0,5.803830528148578e-05
2004,30,"Pharmacology, Toxicology and Pharmaceutics",8,17230,0,1,17229,0.0,5.803830528148578e-05
2004,30,"Pharmacology, Toxicology and Pharmaceutics",9,17230,0,1,17229,0.0,5.803830528148578e-05
2004,30,"Pharmacology, Toxicology and Pharmaceutics",10,17230,0,1,17229,0.0,5.803830528148578e-05
2004,30,"Pharmacology, Toxicology and Pharmaceutics",11,17230,0,1,17229,0.0,5.803830528148578e-05
2004,30,"Pharmacology, Toxicology and Pharmaceutics",12,17230,0,1,17229,0.0,5.803830528148578e-05
2004,30,"Pharmacology, Toxicology and Pharmaceutics",13,17230,0,1,17229,0.0,5.803830528148578e-05
2004,30,"Pharmacology, Toxicology and Pharmaceutics",14,17230,0,1,17229,0.0,5.803830528148578e-05
2004,30,"Pharmacology, Toxicology and Pharmaceutics",15,17230,0,1,17229,0.0,5.803830528148578e-05
2004,31,Physics and Astronomy,0,163486,0,0,163486,0.0,0.0
2004,31,Physics and Astronomy,1,163486,1,0,163486,6.116731707913828e-06,6.116731707913828e-06
2004,31,Physics and Astronomy,2,163486,0,1,163485,0.0,6.116731707913828e-06
2004,31,Physics and Astronomy,3,163486,0,1,163485,0.0,6.116731707913828e-06
2004,31,Physics and Astronomy,4,163486,0,1,163485,0.0,6.116731707913828e-06
2004,31,Physics and Astronomy,5,163486,0,1,163485,0.0,6.116731707913828e-06
2004,31,Physics and Astronomy,6,163486,0,1,163485,0.0,6.116731707913828e-06
2004,31,Physics and Astronomy,7,163486,0,1,163485,0.0,6.116731707913828e-06
2004,31,Physics and Astronomy,8,163486,0,1,163485,0.0,6.116731707913828e-06
2004,31,Physics and Astronomy,9,163486,0,1,163485,0.0,6.116731707913828e-06
2004,31,Physics and Astronomy,10,163486,0,1,163485,0.0,6.116731707913828e-06
2004,31,Physics and Astronomy,11,163486,0,1,163485,0.0,6.116731707913828e-06
2004,31,Physics and Astronomy,12,163486,0,1,163485,0.0,6.116731707913828e-06
2004,31,Physics and Astronomy,13,163486,1,1,163485,6.1167691225494695e-06,1.2233463415827655e-05
2004,31,Physics and Astronomy,14,163486,0,2,163484,0.0,1.2233463415827655e-05
2004,31,Physics and Astronomy,15,163486,0,2,163484,0.0,1.2233463415827655e-05
2004,32,Psychology,0,108912,0,0,108912,0.0,0.0
2004,32,Psychology,1,108912,1,0,108912,9.18172469516674e-06,9.18172469516674e-06
2004,32,Psychology,2,108912,0,1,108911,0.0,9.18172469516674e-06
2004,32,Psychology,3,108912,0,1,108911,0.0,9.18172469516674e-06
2004,32,Psychology,4,108912,0,1,108911,0.0,9.18172469516674e-06
2004,32,Psychology,5,108912,0,1,108911,0.0,9.18172469516674e-06
2004,32,Psychology,6,108912,2,1,108911,1.8363618000018364e-05,2.754517408550022e-05
2004,32,Psychology,7,108912,0,3,108909,0.0,2.754517408550022e-05
2004,32,Psychology,8,108912,0,3,108909,0.0,2.754517408550022e-05
2004,32,Psychology,9,108912,2,3,108909,1.8363955228677153e-05,4.59086234758337e-05
2004,32,Psychology,10,108912,0,5,108907,0.0,4.59086234758337e-05
2004,32,Psychology,11,108912,0,5,108907,0.0,4.59086234758337e-05
2004,32,Psychology,12,108912,0,5,108907,0.0,4.59086234758337e-05
2004,32,Psychology,13,108912,0,5,108907,0.0,4.59086234758337e-05
2004,32,Psychology,14,108912,0,5,108907,0.0,4.59086234758337e-05
2004,32,Psychology,15,108912,0,5,108907,0.0,4.59086234758337e-05
2004,33,Social Sciences,0,627133,2,0,627133,3.189116184286268e-06,3.189116184286268e-06
2004,33,Social Sciences,1,627133,0,2,627131,0.0,3.189116184286268e-06
2004,33,Social Sciences,2,627133,0,2,627131,0.0,3.189116184286268e-06
2004,33,Social Sciences,3,627133,0,2,627131,0.0,3.189116184286268e-06
2004,33,Social Sciences,4,627133,0,2,627131,0.0,3.189116184286268e-06
2004,33,Social Sciences,5,627133,2,2,627131,3.1891263547807397e-06,6.378232368572536e-06
2004,33,Social Sciences,6,627133,1,4,627129,1.5945682626700408e-06,7.972790460715669e-06
2004,33,Social Sciences,7,627133,0,5,627128,0.0,7.972790460715669e-06
2004,33,Social Sciences,8,627133,1,5,627128,1.5945708053220396e-06,9.567348552858803e-06
2004,33,Social Sciences,9,627133,2,6,627127,3.1891466959642943e-06,1.2756464737145071e-05
2004,33,Social Sciences,10,627133,0,8,627125,0.0,1.2756464737145071e-05
2004,33,Social Sciences,11,627133,1,8,627125,1.5945784333266893e-06,1.4351022829288206e-05
2004,33,Social Sciences,12,627133,0,9,627124,0.0,1.4351022829288206e-05
2004,33,Social Sciences,13,627133,0,9,627124,0.0,1.4351022829288206e-05
2004,33,Social Sciences,14,627133,1,9,627124,1.5945809760111238e-06,1.5945580921431338e-05
2004,33,Social Sciences,15,627133,0,10,627123,0.0,1.5945580921431338e-05
2004,34,Veterinary,0,6478,0,0,6478,0.0,0.0
2004,34,Veterinary,1,6478,0,0,6478,0.0,0.0
2004,34,Veterinary,2,6478,0,0,6478,0.0,0.0
2004,34,Veterinary,3,6478,0,0,6478,0.0,0.0
2004,34,Veterinary,4,6478,0,0,6478,0.0,0.0
2004,34,Veterinary,5,6478,0,0,6478,0.0,0.0
2004,34,Veterinary,6,6478,1,0,6478,0.00015436863229391788,0.00015436863229391788
2004,34,Veterinary,7,6478,0,1,6477,0.0,0.00015436863229391788
2004,34,Veterinary,8,6478,0,1,6477,0.0,0.00015436863229391788
2004,34,Veterinary,9,6478,1,1,6477,0.0001543924656476764,0.00030873726458783575
2004,34,Veterinary,10,6478,0,2,6476,0.0,0.00030873726458783575
2004,34,Veterinary,11,6478,0,2,6476,0.0,0.00030873726458783575
2004,34,Veterinary,12,6478,0,2,6476,0.0,0.00030873726458783575
2004,34,Veterinary,13,6478,0,2,6476,0.0,0.00030873726458783575
2004,34,Veterinary,14,6478,0,2,6476,0.0,0.00030873726458783575
2004,34,Veterinary,15,6478,0,2,6476,0.0,0.00030873726458783575
2004,35,Dentistry,0,12242,0,0,12242,0.0,0.0
2004,35,Dentistry,1,12242,0,0,12242,0.0,0.0
2004,35,Dentistry,2,12242,1,0,12242,8.168599901976801e-05,8.168599901976801e-05
2004,35,Dentistry,3,12242,2,1,12241,0.00016338534433461317,0.000245057997059304
2004,35,Dentistry,4,12242,0,3,12239,0.0,0.000245057997059304
2004,35,Dentistry,5,12242,0,3,12239,0.0,0.000245057997059304
2004,35,Dentistry,6,12242,0,3,12239,0.0,0.000245057997059304
2004,35,Dentistry,7,12242,0,3,12239,0.0,0.000245057997059304
2004,35,Dentistry,8,12242,0,3,12239,0.0,0.000245057997059304
2004,35,Dentistry,9,12242,0,3,12239,0.0,0.000245057997059304
2004,35,Dentistry,10,12242,0,3,12239,0.0,0.000245057997059304
2004,35,Dentistry,11,12242,2,3,12239,0.00016341204346760355,0.00040842999509884006
2004,35,Dentistry,12,12242,2,5,12237,0.00016343875132793985,0.000571801993138376
2004,35,Dentistry,13,12242,0,7,12235,0.0,0.000571801993138376
2004,35,Dentistry,14,12242,0,7,12235,0.0,0.000571801993138376
2004,35,Dentistry,15,12242,0,7,12235,0.0,0.000571801993138376
2004,36,Health Professions,0,102322,1,0,102322,9.773069330153829e-06,9.773069330153829e-06
2004,36,Health Professions,1,102322,1,1,102321,9.773164843971423e-06,1.9546138660307658e-05
2004,36,Health Professions,2,102322,0,2,102320,0.0,1.9546138660307658e-05
2004,36,Health Professions,3,102322,0,2,102320,0.0,1.9546138660307658e-05
2004,36,Health Professions,4,102322,0,2,102320,0.0,1.9546138660307658e-05
2004,36,Health Professions,5,102322,0,2,102320,0.0,1.9546138660307658e-05
2004,36,Health Professions,6,102322,0,2,102320,0.0,1.9546138660307658e-05
2004,36,Health Professions,7,102322,0,2,102320,0.0,1.9546138660307658e-05
2004,36,Health Professions,8,102322,0,2,102320,0.0,1.9546138660307658e-05
2004,36,Health Professions,9,102322,0,2,102320,0.0,1.9546138660307658e-05
2004,36,Health Professions,10,102322,0,2,102320,0.0,1.9546138660307658e-05
2004,36,Health Professions,11,102322,1,2,102320,9.77326035965598e-06,2.9319207990461485e-05
2004,36,Health Professions,12,102322,1,3,102319,9.773355877207556e-06,3.9092277320615315e-05
2004,36,Health Professions,13,102322,0,4,102318,0.0,3.9092277320615315e-05
2004,36,Health Professions,14,102322,0,4,102318,0.0,3.9092277320615315e-05
2004,36,Health Professions,15,102322,0,4,102318,0.0,3.9092277320615315e-05
2005,11,Agricultural and Biological Sciences,0,196481,2,0,196481,1.0179101287147357e-05,1.0179101287147357e-05
2005,11,Agricultural and Biological Sciences,1,196481,0,2,196479,0.0,1.0179101287147357e-05
2005,11,Agricultural and Biological Sciences,2,196481,2,2,196479,1.0179204902305081e-05,2.0358202574294715e-05
2005,11,Agricultural and Biological Sciences,3,196481,0,4,196477,0.0,2.0358202574294715e-05
2005,11,Agricultural and Biological Sciences,4,196481,1,4,196477,5.089654259786133e-06,2.5447753217868396e-05
2005,11,Agricultural and Biological Sciences,5,196481,1,5,196476,5.089680164498463e-06,3.0537303861442073e-05
2005,11,Agricultural and Biological Sciences,6,196481,2,6,196475,1.0179412138948976e-05,4.071640514858943e-05
2005,11,Agricultural and Biological Sciences,7,196481,0,8,196473,0.0,4.071640514858943e-05
2005,11,Agricultural and Biological Sciences,8,196481,0,8,196473,0.0,4.071640514858943e-05
2005,11,Agricultural and Biological Sciences,9,196481,0,8,196473,0.0,4.071640514858943e-05
2005,11,Agricultural and Biological Sciences,10,196481,0,8,196473,0.0,4.071640514858943e-05
2005,11,Agricultural and Biological Sciences,11,196481,1,8,196473,5.089757880217638e-06,4.580595579216311e-05
2005,11,Agricultural and Biological Sciences,12,196481,0,9,196472,0.0,4.580595579216311e-05
2005,11,Agricultural and Biological Sciences,13,196481,0,9,196472,0.0,4.580595579216311e-05
2005,11,Agricultural and Biological Sciences,14,196481,0,9,196472,0.0,4.580595579216311e-05
2005,11,Agricultural and Biological Sciences,15,196481,0,9,196472,0.0,4.580595579216311e-05
2005,12,Arts and Humanities,0,319059,1,0,319059,3.13421655555869e-06,3.13421655555869e-06
2005,12,Arts and Humanities,1,319059,0,1,319058,0.0,3.13421655555869e-06
2005,12,Arts and Humanities,2,319059,0,1,319058,0.0,3.13421655555869e-06
2005,12,Arts and Humanities,3,319059,0,1,319058,0.0,3.13421655555869e-06
2005,12,Arts and Humanities,4,319059,0,1,319058,0.0,3.13421655555869e-06
2005,12,Arts and Humanities,5,319059,0,1,319058,0.0,3.13421655555869e-06
2005,12,Arts and Humanities,6,319059,0,1,319058,0.0,3.13421655555869e-06
2005,12,Arts and Humanities,7,319059,0,1,319058,0.0,3.13421655555869e-06
2005,12,Arts and Humanities,8,319059,0,1,319058,0.0,3.13421655555869e-06
2005,12,Arts and Humanities,9,319059,0,1,319058,0.0,3.13421655555869e-06
2005,12,Arts and Humanities,10,319059,0,1,319058,0.0,3.13421655555869e-06
2005,12,Arts and Humanities,11,319059,1,1,319058,3.1342263789028954e-06,6.26843311111738e-06
2005,12,Arts and Humanities,12,319059,0,2,319057,0.0,6.26843311111738e-06
2005,12,Arts and Humanities,13,319059,0,2,319057,0.0,6.26843311111738e-06
2005,12,Arts and Humanities,14,319059,0,2,319057,0.0,6.26843311111738e-06
2005,12,Arts and Humanities,15,319059,0,2,319057,0.0,6.26843311111738e-06
2005,13,"Biochemistry, Genetics and Molecular Biology",0,244518,4,0,244518,1.6358713877914917e-05,1.6358713877914917e-05
2005,13,"Biochemistry, Genetics and Molecular Biology",1,244518,7,4,244514,2.8628217607171778e-05,4.498646316426603e-05
2005,13,"Biochemistry, Genetics and Molecular Biology",2,244518,8,11,244507,3.271889966340432e-05,7.770389092009586e-05
2005,13,"Biochemistry, Genetics and Molecular Biology",3,244518,5,19,244499,2.0449981390516934e-05,9.815228326748951e-05
2005,13,"Biochemistry, Genetics and Molecular Biology",4,244518,7,24,244494,2.863055944113148e-05,0.00012678003255384062
2005,13,"Biochemistry, Genetics and Molecular Biology",5,244518,4,31,244487,1.6360788099162738e-05,0.00014313874643175553
2005,13,"Biochemistry, Genetics and Molecular Biology",6,244518,7,35,244483,2.8631847613126474e-05,0.00017176649571810665
2005,13,"Biochemistry, Genetics and Molecular Biology",7,244518,2,42,244476,8.18076211979908e-06,0.0001799458526570641
2005,13,"Biochemistry, Genetics and Molecular Biology",8,244518,12,44,244474,4.908497427129265e-05,0.00022902199429080885
2005,13,"Biochemistry, Genetics and Molecular Biology",9,244518,4,56,244462,1.6362461241419936e-05,0.00024538070816872376
2005,13,"Biochemistry, Genetics and Molecular Biology",10,244518,3,60,244458,1.2272046731953955e-05,0.00025764974357715995
2005,13,"Biochemistry, Genetics and Molecular Biology",11,244518,6,63,244455,2.4544394673866357e-05,0.00028218781439403234
2005,13,"Biochemistry, Genetics and Molecular Biology",12,244518,2,69,244449,8.181665705320946e-06,0.0002903671713329898
2005,13,"Biochemistry, Genetics and Molecular Biology",13,244518,5,71,244447,2.0454331613805857e-05,0.00031081556368038344
2005,13,"Biochemistry, Genetics and Molecular Biology",14,244518,4,76,244442,1.636380000163638e-05,0.00032717427755829835
2005,13,"Biochemistry, Genetics and Molecular Biology",15,244518,6,80,244438,2.4546101669953118e-05,0.00035171234837517073
2005,14,"Business, Management and Accounting",0,141710,2,0,141710,1.411333004022299e-05,1.411333004022299e-05
2005,14,"Business, Management and Accounting",1,141710,0,2,141708,0.0,1.411333004022299e-05
2005,14,"Business, Management and Accounting",2,141710,0,2,141708,0.0,1.411333004022299e-05
2005,14,"Business, Management and Accounting",3,141710,0,2,141708,0.0,1.411333004022299e-05
2005,14,"Business, Management and Accounting",4,141710,0,2,141708,0.0,1.411333004022299e-05
2005,14,"Business, Management and Accounting",5,141710,0,2,141708,0.0,1.411333004022299e-05
2005,14,"Business, Management and Accounting",6,141710,0,2,141708,0.0,1.411333004022299e-05
2005,14,"Business, Management and Accounting",7,141710,0,2,141708,0.0,1.411333004022299e-05
2005,14,"Business, Management and Accounting",8,141710,0,2,141708,0.0,1.411333004022299e-05
2005,14,"Business, Management and Accounting",9,141710,0,2,141708,0.0,1.411333004022299e-05
2005,14,"Business, Management and Accounting",10,141710,2,2,141708,1.4113529229119033e-05,2.822666008044598e-05
2005,14,"Business, Management and Accounting",11,141710,0,4,141706,0.0,2.822666008044598e-05
2005,14,"Business, Management and Accounting",12,141710,0,4,141706,0.0,2.822666008044598e-05
2005,14,"Business, Management and Accounting",13,141710,0,4,141706,0.0,2.822666008044598e-05
2005,14,"Business, Management and Accounting",14,141710,0,4,141706,0.0,2.822666008044598e-05
2005,14,"Business, Management and Accounting",15,141710,0,4,141706,0.0,2.822666008044598e-05
2005,15,Chemical Engineering,0,14989,0,0,14989,0.0,0.0
2005,15,Chemical Engineering,1,14989,1,0,14989,6.671559143371805e-05,6.671559143371805e-05
2005,15,Chemical Engineering,2,14989,0,1,14988,0.0,6.671559143371805e-05
2005,15,Chemical Engineering,3,14989,0,1,14988,0.0,6.671559143371805e-05
2005,15,Chemical Engineering,4,14989,0,1,14988,0.0,6.671559143371805e-05
2005,15,Chemical Engineering,5,14989,0,1,14988,0.0,6.671559143371805e-05
2005,15,Chemical Engineering,6,14989,0,1,14988,0.0,6.671559143371805e-05
2005,15,Chemical Engineering,7,14989,0,1,14988,0.0,6.671559143371805e-05
2005,15,Chemical Engineering,8,14989,0,1,14988,0.0,6.671559143371805e-05
2005,15,Chemical Engineering,9,14989,0,1,14988,0.0,6.671559143371805e-05
2005,15,Chemical Engineering,10,14989,0,1,14988,0.0,6.671559143371805e-05
2005,15,Chemical Engineering,11,14989,0,1,14988,0.0,6.671559143371805e-05
2005,15,Chemical Engineering,12,14989,0,1,14988,0.0,6.671559143371805e-05
2005,15,Chemical Engineering,13,14989,0,1,14988,0.0,6.671559143371805e-05
2005,15,Chemical Engineering,14,14989,0,1,14988,0.0,6.671559143371805e-05
2005,15,Chemical Engineering,15,14989,0,1,14988,0.0,6.671559143371805e-05
2005,16,Chemistry,0,110937,1,0,110937,9.014125134085111e-06,9.014125134085111e-06
2005,16,Chemistry,1,110937,3,1,110936,2.7042619167808465e-05,3.6056500536340445e-05
2005,16,Chemistry,2,110937,0,4,110933,0.0,3.6056500536340445e-05
2005,16,Chemistry,3,110937,2,4,110933,1.802890032722454e-05,5.408475080451067e-05
2005,16,Chemistry,4,110937,0,6,110931,0.0,5.408475080451067e-05
2005,16,Chemistry,5,110937,2,6,110931,1.8029225374331793e-05,7.211300107268089e-05
2005,16,Chemistry,6,110937,0,8,110929,0.0,7.211300107268089e-05
2005,16,Chemistry,7,110937,1,8,110929,9.014775216579974e-06,8.1127126206766e-05
2005,16,Chemistry,8,110937,0,9,110928,0.0,8.1127126206766e-05
2005,16,Chemistry,9,110937,0,9,110928,0.0,8.1127126206766e-05
2005,16,Chemistry,10,110937,2,9,110928,1.8029712966969567e-05,9.915537647493622e-05
2005,16,Chemistry,11,110937,0,11,110926,0.0,9.915537647493622e-05
2005,16,Chemistry,12,110937,1,11,110926,9.015019021690137e-06,0.00010816950160902134
2005,16,Chemistry,13,110937,0,12,110925,0.0,0.00010816950160902134
2005,16,Chemistry,14,110937,1,12,110925,9.01510029299076e-06,0.00011718362674310645
2005,16,Chemistry,15,110937,0,13,110924,0.0,0.00011718362674310645
2005,17,Computer Science,0,320832,4,0,320832,1.2467584280869739e-05,1.2467584280869739e-05
2005,17,Computer Science,1,320832,2,4,320828,6.233869861732766e-06,1.8701376421304608e-05
2005,17,Computer Science,2,320832,1,6,320826,3.116954361554238e-06,2.1818272491522043e-05
2005,17,Computer Science,3,320832,0,7,320825,0.0,2.1818272491522043e-05
2005,17,Computer Science,4,320832,1,7,320825,3.1169640769890127e-06,2.4935168561739478e-05
2005,17,Computer Science,5,320832,0,8,320824,0.0,2.4935168561739478e-05
2005,17,Computer Science,6,320832,0,8,320824,0.0,2.4935168561739478e-05
2005,17,Computer Science,7,320832,0,8,320824,0.0,2.4935168561739478e-05
2005,17,Computer Science,8,320832,0,8,320824,0.0,2.4935168561739478e-05
2005,17,Computer Science,9,320832,0,8,320824,0.0,2.4935168561739478e-05
2005,17,Computer Science,10,320832,0,8,320824,0.0,2.4935168561739478e-05
2005,17,Computer Science,11,320832,0,8,320824,0.0,2.4935168561739478e-05
2005,17,Computer Science,12,320832,0,8,320824,0.0,2.4935168561739478e-05
2005,17,Computer Science,13,320832,0,8,320824,0.0,2.4935168561739478e-05
2005,17,Computer Science,14,320832,0,8,320824,0.0,2.4935168561739478e-05
2005,17,Computer Science,15,320832,0,8,320824,0.0,2.4935168561739478e-05
2005,18,Decision Sciences,0,44395,0,0,44395,0.0,0.0
2005,18,Decision Sciences,1,44395,0,0,44395,0.0,0.0
2005,18,Decision Sciences,2,44395,0,0,44395,0.0,0.0
2005,18,Decision Sciences,3,44395,0,0,44395,0.0,0.0
2005,18,Decision Sciences,4,44395,1,0,44395,2.2525059128280213e-05,2.2525059128280213e-05
2005,18,Decision Sciences,5,44395,0,1,44394,0.0,2.2525059128280213e-05
2005,18,Decision Sciences,6,44395,0,1,44394,0.0,2.2525059128280213e-05
2005,18,Decision Sciences,7,44395,1,1,44394,2.2525566517997927e-05,4.5050118256560425e-05
2005,18,Decision Sciences,8,44395,0,2,44393,0.0,4.5050118256560425e-05
2005,18,Decision Sciences,9,44395,0,2,44393,0.0,4.5050118256560425e-05
2005,18,Decision Sciences,10,44395,0,2,44393,0.0,4.5050118256560425e-05
2005,18,Decision Sciences,11,44395,0,2,44393,0.0,4.5050118256560425e-05
2005,18,Decision Sciences,12,44395,0,2,44393,0.0,4.5050118256560425e-05
2005,18,Decision Sciences,13,44395,0,2,44393,0.0,4.5050118256560425e-05
2005,18,Decision Sciences,14,44395,0,2,44393,0.0,4.5050118256560425e-05
2005,18,Decision Sciences,15,44395,0,2,44393,0.0,4.5050118256560425e-05
2005,19,Earth and Planetary Sciences,0,82593,0,0,82593,0.0,0.0
2005,19,Earth and Planetary Sciences,1,82593,0,0,82593,0.0,0.0
2005,19,Earth and Planetary Sciences,2,82593,0,0,82593,0.0,0.0
2005,19,Earth and Planetary Sciences,3,82593,0,0,82593,0.0,0.0
2005,19,Earth and Planetary Sciences,4,82593,0,0,82593,0.0,0.0
2005,19,Earth and Planetary Sciences,5,82593,0,0,82593,0.0,0.0
2005,19,Earth and Planetary Sciences,6,82593,0,0,82593,0.0,0.0
2005,19,Earth and Planetary Sciences,7,82593,0,0,82593,0.0,0.0
2005,19,Earth and Planetary Sciences,8,82593,0,0,82593,0.0,0.0
2005,19,Earth and Planetary Sciences,9,82593,0,0,82593,0.0,0.0
2005,19,Earth and Planetary Sciences,10,82593,0,0,82593,0.0,0.0
2005,19,Earth and Planetary Sciences,11,82593,0,0,82593,0.0,0.0
2005,19,Earth and Planetary Sciences,12,82593,0,0,82593,0.0,0.0
2005,19,Earth and Planetary Sciences,13,82593,0,0,82593,0.0,0.0
2005,19,Earth and Planetary Sciences,14,82593,0,0,82593,0.0,0.0
2005,19,Earth and Planetary Sciences,15,82593,0,0,82593,0.0,0.0
2005,20,"Economics, Econometrics and Finance",0,168944,1,0,168944,5.919121128894782e-06,5.919121128894782e-06
2005,20,"Economics, Econometrics and Finance",1,168944,1,1,168943,5.919156165097104e-06,1.1838242257789564e-05
2005,20,"Economics, Econometrics and Finance",2,168944,0,2,168942,0.0,1.1838242257789564e-05
2005,20,"Economics, Econometrics and Finance",3,168944,0,2,168942,0.0,1.1838242257789564e-05
2005,20,"Economics, Econometrics and Finance",4,168944,1,2,168942,5.919191201714198e-06,1.7757363386684346e-05
2005,20,"Economics, Econometrics and Finance",5,168944,0,3,168941,0.0,1.7757363386684346e-05
2005,20,"Economics, Econometrics and Finance",6,168944,0,3,168941,0.0,1.7757363386684346e-05
2005,20,"Economics, Econometrics and Finance",7,168944,0,3,168941,0.0,1.7757363386684346e-05
2005,20,"Economics, Econometrics and Finance",8,168944,0,3,168941,0.0,1.7757363386684346e-05
2005,20,"Economics, Econometrics and Finance",9,168944,0,3,168941,0.0,1.7757363386684346e-05
2005,20,"Economics, Econometrics and Finance",10,168944,0,3,168941,0.0,1.7757363386684346e-05
2005,20,"Economics, Econometrics and Finance",11,168944,0,3,168941,0.0,1.7757363386684346e-05
2005,20,"Economics, Econometrics and Finance",12,168944,0,3,168941,0.0,1.7757363386684346e-05
2005,20,"Economics, Econometrics and Finance",13,168944,0,3,168941,0.0,1.7757363386684346e-05
2005,20,"Economics, Econometrics and Finance",14,168944,0,3,168941,0.0,1.7757363386684346e-05
2005,20,"Economics, Econometrics and Finance",15,168944,0,3,168941,0.0,1.7757363386684346e-05
2005,21,Energy,0,19784,0,0,19784,0.0,0.0
2005,21,Energy,1,19784,0,0,19784,0.0,0.0
2005,21,Energy,2,19784,0,0,19784,0.0,0.0
2005,21,Energy,3,19784,0,0,19784,0.0,0.0
2005,21,Energy,4,19784,0,0,19784,0.0,0.0
2005,21,Energy,5,19784,0,0,19784,0.0,0.0
2005,21,Energy,6,19784,0,0,19784,0.0,0.0
2005,21,Energy,7,19784,0,0,19784,0.0,0.0
2005,21,Energy,8,19784,0,0,19784,0.0,0.0
2005,21,Energy,9,19784,0,0,19784,0.0,0.0
2005,21,Energy,10,19784,0,0,19784,0.0,0.0
2005,21,Energy,11,19784,0,0,19784,0.0,0.0
2005,21,Energy,12,19784,0,0,19784,0.0,0.0
2005,21,Energy,13,19784,0,0,19784,0.0,0.0
2005,21,Energy,14,19784,0,0,19784,0.0,0.0
2005,21,Energy,15,19784,0,0,19784,0.0,0.0
2005,22,Engineering,0,1182847,12,0,1182847,1.0145014528506223e-05,1.0145014528506223e-05
2005,22,Engineering,1,1182847,8,12,1182835,6.763411633913437e-06,1.6908357547510372e-05
2005,22,Engineering,2,1182847,1,20,1182827,8.45432172244969e-07,1.775377542488589e-05
2005,22,Engineering,3,1182847,2,21,1182826,1.6908657740022623e-06,1.9444611179636928e-05
2005,22,Engineering,4,1182847,1,23,1182824,8.454343165170812e-07,2.0290029057012446e-05
2005,22,Engineering,5,1182847,1,24,1182823,8.45435031276869e-07,2.1135446934387963e-05
2005,22,Engineering,6,1182847,0,25,1182822,0.0,2.1135446934387963e-05
2005,22,Engineering,7,1182847,1,25,1182822,8.454357460378654e-07,2.198086481176348e-05
2005,22,Engineering,8,1182847,2,26,1182821,1.6908729216001407e-06,2.367170056651452e-05
2005,22,Engineering,9,1182847,0,28,1182819,0.0,2.367170056651452e-05
2005,22,Engineering,10,1182847,0,28,1182819,0.0,2.367170056651452e-05
2005,22,Engineering,11,1182847,0,28,1182819,0.0,2.367170056651452e-05
2005,22,Engineering,12,1182847,0,28,1182819,0.0,2.367170056651452e-05
2005,22,Engineering,13,1182847,0,28,1182819,0.0,2.367170056651452e-05
2005,22,Engineering,14,1182847,0,28,1182819,0.0,2.367170056651452e-05
2005,22,Engineering,15,1182847,0,28,1182819,0.0,2.367170056651452e-05
2005,23,Environmental Science,0,197937,1,0,197937,5.0521125408589605e-06,5.0521125408589605e-06
2005,23,Environmental Science,1,197937,4,1,197936,2.0208552259316142e-05,2.52605627042948e-05
2005,23,Environmental Science,2,197937,0,5,197932,0.0,2.52605627042948e-05
2005,23,Environmental Science,3,197937,1,5,197932,5.052240163288402e-06,3.031267524515376e-05
2005,23,Environmental Science,4,197937,1,6,197931,5.052265688548029e-06,3.536478778601272e-05
2005,23,Environmental Science,5,197937,0,7,197930,0.0,3.536478778601272e-05
2005,23,Environmental Science,6,197937,0,7,197930,0.0,3.536478778601272e-05
2005,23,Environmental Science,7,197937,0,7,197930,0.0,3.536478778601272e-05
2005,23,Environmental Science,8,197937,0,7,197930,0.0,3.536478778601272e-05
2005,23,Environmental Science,9,197937,0,7,197930,0.0,3.536478778601272e-05
2005,23,Environmental Science,10,197937,0,7,197930,0.0,3.536478778601272e-05
2005,23,Environmental Science,11,197937,0,7,197930,0.0,3.536478778601272e-05
2005,23,Environmental Science,12,197937,0,7,197930,0.0,3.536478778601272e-05
2005,23,Environmental Science,13,197937,0,7,197930,0.0,3.536478778601272e-05
2005,23,Environmental Science,14,197937,0,7,197930,0.0,3.536478778601272e-05
2005,23,Environmental Science,15,197937,0,7,197930,0.0,3.536478778601272e-05
2005,24,Immunology and Microbiology,0,42071,2,0,42071,4.753868460459699e-05,4.753868460459699e-05
2005,24,Immunology and Microbiology,1,42071,2,2,42069,4.754094463856997e-05,9.507736920919398e-05
2005,24,Immunology and Microbiology,2,42071,1,4,42067,2.377160244372073e-05,0.00011884671151149247
2005,24,Immunology and Microbiology,3,42071,1,5,42066,2.3772167546236866e-05,0.00014261605381379097
2005,24,Immunology and Microbiology,4,42071,0,6,42065,0.0,0.00014261605381379097
2005,24,Immunology and Microbiology,5,42071,3,6,42065,7.131819802686319e-05,0.00021392408072068645
2005,24,Immunology and Microbiology,6,42071,4,9,42062,9.509771290000475e-05,0.00030900144992988045
2005,24,Immunology and Microbiology,7,42071,3,13,42058,7.133006800133149e-05,0.0003803094768367759
2005,24,Immunology and Microbiology,8,42071,1,16,42055,2.3778385447628105e-05,0.00040407881913907443
2005,24,Immunology and Microbiology,9,42071,0,17,42054,0.0,0.00040407881913907443
2005,24,Immunology and Microbiology,10,42071,0,17,42054,0.0,0.00040407881913907443
2005,24,Immunology and Microbiology,11,42071,1,17,42054,2.37789508726875e-05,0.0004278481614413729
2005,24,Immunology and Microbiology,12,42071,0,18,42053,0.0,0.0004278481614413729
2005,24,Immunology and Microbiology,13,42071,0,18,42053,0.0,0.0004278481614413729
2005,24,Immunology and Microbiology,14,42071,0,18,42053,0.0,0.0004278481614413729
2005,24,Immunology and Microbiology,15,42071,0,18,42053,0.0,0.0004278481614413729
2005,25,Materials Science,0,163104,3,0,163104,1.839317245438493e-05,1.839317245438493e-05
2005,25,Materials Science,1,163104,2,3,163101,1.2262340512933704e-05,3.065528742397489e-05
2005,25,Materials Science,2,163104,2,5,163099,1.2262490879772408e-05,4.291740239356484e-05
2005,25,Materials Science,3,163104,0,7,163097,0.0,4.291740239356484e-05
2005,25,Materials Science,4,163104,0,7,163097,0.0,4.291740239356484e-05
2005,25,Materials Science,5,163104,2,7,163097,1.2262641250298902e-05,5.5179517363154794e-05
2005,25,Materials Science,6,163104,1,9,163095,6.13139581225666e-06,6.131057484794978e-05
2005,25,Materials Science,7,163104,1,10,163094,6.131433406501772e-06,6.744163233274475e-05
2005,25,Materials Science,8,163104,0,11,163093,0.0,6.744163233274475e-05
2005,25,Materials Science,9,163104,0,11,163093,0.0,6.744163233274475e-05
2005,25,Materials Science,10,163104,0,11,163093,0.0,6.744163233274475e-05
2005,25,Materials Science,11,163104,2,11,163093,1.22629420024158e-05,7.970374730233471e-05
2005,25,Materials Science,12,163104,0,13,163091,0.0,7.970374730233471e-05
2005,25,Materials Science,13,163104,2,13,163091,1.2263092384006475e-05,9.196586227192466e-05
2005,25,Materials Science,14,163104,0,15,163089,0.0,9.196586227192466e-05
2005,25,Materials Science,15,163104,0,15,163089,0.0,9.196586227192466e-05
2005,26,Mathematics,0,61993,3,0,61993,4.839256045037343e-05,4.839256045037343e-05
2005,26,Mathematics,1,61993,1,3,61990,1.6131634134537827e-05,6.452341393383124e-05
2005,26,Mathematics,2,61993,1,4,61989,1.6131894368355676e-05,8.065426741728905e-05
2005,26,Mathematics,3,61993,1,5,61988,1.6132154610569787e-05,9.678512090074685e-05
2005,26,Mathematics,4,61993,0,6,61987,0.0,9.678512090074685e-05
2005,26,Mathematics,5,61993,0,6,61987,0.0,9.678512090074685e-05
2005,26,Mathematics,6,61993,0,6,61987,0.0,9.678512090074685e-05
2005,26,Mathematics,7,61993,0,6,61987,0.0,9.678512090074685e-05
2005,26,Mathematics,8,61993,1,6,61987,1.613241486118057e-05,0.00011291597438420467
2005,26,Mathematics,9,61993,0,7,61986,0.0,0.00011291597438420467
2005,26,Mathematics,10,61993,0,7,61986,0.0,0.00011291597438420467
2005,26,Mathematics,11,61993,0,7,61986,0.0,0.00011291597438420467
2005,26,Mathematics,12,61993,0,7,61986,0.0,0.00011291597438420467
2005,26,Mathematics,13,61993,0,7,61986,0.0,0.00011291597438420467
2005,26,Mathematics,14,61993,0,7,61986,0.0,0.00011291597438420467
2005,26,Mathematics,15,61993,0,7,61986,0.0,0.00011291597438420467
2005,27,Medicine,0,751923,9,0,751923,1.1969310687397513e-05,1.1969310687397513e-05
2005,27,Medicine,1,751923,18,9,751914,2.3938907907021282e-05,3.590793206219254e-05
2005,27,Medicine,2,751923,6,27,751896,7.979826997350698e-06,4.3887472520457544e-05
2005,27,Medicine,3,751923,13,33,751890,1.7289763130245116e-05,6.11764768466984e-05
2005,27,Medicine,4,751923,12,46,751877,1.5960057296605695e-05,7.713555776322841e-05
2005,27,Medicine,5,751923,13,58,751865,1.7290338026108412e-05,9.442456208946926e-05
2005,27,Medicine,6,751923,17,71,751852,2.2610832983087097e-05,0.00011703326005455346
2005,27,Medicine,7,751923,10,88,751835,1.3300790732009018e-05,0.0001303324941516618
2005,27,Medicine,8,751923,9,98,751825,1.1970870880856583e-05,0.0001423018048390593
2005,27,Medicine,9,751923,10,107,751816,1.330112687146855e-05,0.00015560103893616766
2005,27,Medicine,10,751923,9,117,751806,1.1971173414418082e-05,0.00016757034962356518
2005,27,Medicine,11,751923,13,126,751797,1.7291901936293973e-05,0.00018485935394980604
2005,27,Medicine,12,751923,3,139,751784,3.99050791184702e-06,0.00018884912417893853
2005,27,Medicine,13,751923,12,142,751781,1.596209534425584e-05,0.00020480820509546856
2005,27,Medicine,14,751923,7,154,751769,9.311370913139542e-06,0.0002141176689634444
2005,27,Medicine,15,751923,4,161,751762,5.320832923185796e-06,0.00021943736260228775
2005,28,Neuroscience,0,65167,0,0,65167,0.0,0.0
2005,28,Neuroscience,1,65167,0,0,65167,0.0,0.0
2005,28,Neuroscience,2,65167,1,0,65167,1.534519005017877e-05,1.534519005017877e-05
2005,28,Neuroscience,3,65167,1,1,65166,1.534542552864991e-05,3.069038010035754e-05
2005,28,Neuroscience,4,65167,1,2,65165,1.5345661014348194e-05,4.6035570150536316e-05
2005,28,Neuroscience,5,65167,1,3,65164,1.5345896507273955e-05,6.138076020071508e-05
2005,28,Neuroscience,6,65167,0,4,65163,0.0,6.138076020071508e-05
2005,28,Neuroscience,7,65167,1,4,65163,1.5346132007427526e-05,7.672595025089386e-05
2005,28,Neuroscience,8,65167,1,5,65162,1.5346367514809243e-05,9.207114030107263e-05
2005,28,Neuroscience,9,65167,1,6,65161,1.5346603029419438e-05,0.0001074163303512514
2005,28,Neuroscience,10,65167,5,7,65160,7.67341927562922e-05,0.00018414228060214527
2005,28,Neuroscience,11,65167,1,12,65155,1.5348016268897246e-05,0.00019948747065232404
2005,28,Neuroscience,12,65167,0,13,65154,0.0,0.00019948747065232404
2005,28,Neuroscience,13,65167,0,13,65154,0.0,0.00019948747065232404
2005,28,Neuroscience,14,65167,1,13,65154,1.5348251834116094e-05,0.0002148326607025028
2005,28,Neuroscience,15,65167,0,14,65153,0.0,0.0002148326607025028
2005,29,Nursing,0,19131,0,0,19131,0.0,0.0
2005,29,Nursing,1,19131,0,0,19131,0.0,0.0
2005,29,Nursing,2,19131,0,0,19131,0.0,0.0
2005,29,Nursing,3,19131,0,0,19131,0.0,0.0
2005,29,Nursing,4,19131,0,0,19131,0.0,0.0
2005,29,Nursing,5,19131,1,0,19131,5.227118289686896e-05,5.227118289686896e-05
2005,29,Nursing,6,19131,0,1,19130,0.0,5.227118289686896e-05
2005,29,Nursing,7,19131,1,1,19130,5.227391531625719e-05,0.00010454236579373791
2005,29,Nursing,8,19131,0,2,19129,0.0,0.00010454236579373791
2005,29,Nursing,9,19131,0,2,19129,0.0,0.00010454236579373791
2005,29,Nursing,10,19131,0,2,19129,0.0,0.00010454236579373791
2005,29,Nursing,11,19131,0,2,19129,0.0,0.00010454236579373791
2005,29,Nursing,12,19131,0,2,19129,0.0,0.00010454236579373791
2005,29,Nursing,13,19131,0,2,19129,0.0,0.00010454236579373791
2005,29,Nursing,14,19131,3,2,19129,0.0001568299440639866,0.00026135591448434476
2005,29,Nursing,15,19131,0,5,19126,0.0,0.00026135591448434476
2005,30,"Pharmacology, Toxicology and Pharmaceutics",0,18448,0,0,18448,0.0,0.0
2005,30,"Pharmacology, Toxicology and Pharmaceutics",1,18448,0,0,18448,0.0,0.0
2005,30,"Pharmacology, Toxicology and Pharmaceutics",2,18448,1,0,18448,5.420641803989592e-05,5.420641803989592e-05
2005,30,"Pharmacology, Toxicology and Pharmaceutics",3,18448,1,1,18447,5.420935653493793e-05,0.00010841283607979184
2005,30,"Pharmacology, Toxicology and Pharmaceutics",4,18448,0,2,18446,0.0,0.00010841283607979184
2005,30,"Pharmacology, Toxicology and Pharmaceutics",5,18448,0,2,18446,0.0,0.00010841283607979184
2005,30,"Pharmacology, Toxicology and Pharmaceutics",6,18448,0,2,18446,0.0,0.00010841283607979184
2005,30,"Pharmacology, Toxicology and Pharmaceutics",7,18448,0,2,18446,0.0,0.00010841283607979184
2005,30,"Pharmacology, Toxicology and Pharmaceutics",8,18448,0,2,18446,0.0,0.00010841283607979184
2005,30,"Pharmacology, Toxicology and Pharmaceutics",9,18448,0,2,18446,0.0,0.00010841283607979184
2005,30,"Pharmacology, Toxicology and Pharmaceutics",10,18448,0,2,18446,0.0,0.00010841283607979184
2005,30,"Pharmacology, Toxicology and Pharmaceutics",11,18448,0,2,18446,0.0,0.00010841283607979184
2005,30,"Pharmacology, Toxicology and Pharmaceutics",12,18448,0,2,18446,0.0,0.00010841283607979184
2005,30,"Pharmacology, Toxicology and Pharmaceutics",13,18448,0,2,18446,0.0,0.00010841283607979184
2005,30,"Pharmacology, Toxicology and Pharmaceutics",14,18448,0,2,18446,0.0,0.00010841283607979184
2005,30,"Pharmacology, Toxicology and Pharmaceutics",15,18448,0,2,18446,0.0,0.00010841283607979184
2005,31,Physics and Astronomy,0,179256,3,0,179256,1.6735841478109518e-05,1.6735841478109518e-05
2005,31,Physics and Astronomy,1,179256,3,3,179253,1.6736121571187094e-05,3.3471682956219036e-05
2005,31,Physics and Astronomy,2,179256,1,6,179250,5.5788005578800554e-06,3.9050296782255544e-05
2005,31,Physics and Astronomy,3,179256,1,7,179249,5.578831681069351e-06,4.462891060829205e-05
2005,31,Physics and Astronomy,4,179256,1,8,179248,5.578862804605909e-06,5.020752443432856e-05
2005,31,Physics and Astronomy,5,179256,0,9,179247,0.0,5.020752443432856e-05
2005,31,Physics and Astronomy,6,179256,0,9,179247,0.0,5.020752443432856e-05
2005,31,Physics and Astronomy,7,179256,0,9,179247,0.0,5.020752443432856e-05
2005,31,Physics and Astronomy,8,179256,0,9,179247,0.0,5.020752443432856e-05
2005,31,Physics and Astronomy,9,179256,0,9,179247,0.0,5.020752443432856e-05
2005,31,Physics and Astronomy,10,179256,1,9,179247,5.5788939284897376e-06,5.578613826036506e-05
2005,31,Physics and Astronomy,11,179256,0,10,179246,0.0,5.578613826036506e-05
2005,31,Physics and Astronomy,12,179256,0,10,179246,0.0,5.578613826036506e-05
2005,31,Physics and Astronomy,13,179256,0,10,179246,0.0,5.578613826036506e-05
2005,31,Physics and Astronomy,14,179256,0,10,179246,0.0,5.578613826036506e-05
2005,31,Physics and Astronomy,15,179256,0,10,179246,0.0,5.578613826036506e-05
2005,32,Psychology,0,117226,0,0,117226,0.0,0.0
2005,32,Psychology,1,117226,1,0,117226,8.530530769624486e-06,8.530530769624486e-06
2005,32,Psychology,2,117226,0,1,117225,0.0,8.530530769624486e-06
2005,32,Psychology,3,117226,0,1,117225,0.0,8.530530769624486e-06
2005,32,Psychology,4,117226,0,1,117225,0.0,8.530530769624486e-06
2005,32,Psychology,5,117226,0,1,117225,0.0,8.530530769624486e-06
2005,32,Psychology,6,117226,0,1,117225,0.0,8.530530769624486e-06
2005,32,Psychology,7,117226,0,1,117225,0.0,8.530530769624486e-06
2005,32,Psychology,8,117226,1,1,117225,8.530603540200469e-06,1.7061061539248972e-05
2005,32,Psychology,9,117226,0,2,117224,0.0,1.7061061539248972e-05
2005,32,Psychology,10,117226,1,2,117224,8.530676312018017e-06,2.5591592308873457e-05
2005,32,Psychology,11,117226,2,3,117223,1.706149817015432e-05,4.265265384812243e-05
2005,32,Psychology,12,117226,0,5,117221,0.0,4.265265384812243e-05
2005,32,Psychology,13,117226,1,5,117221,8.530894634920365e-06,5.118318461774691e-05
2005,32,Psychology,14,117226,0,6,117220,0.0,5.118318461774691e-05
2005,32,Psychology,15,117226,0,6,117220,0.0,5.118318461774691e-05
2005,33,Social Sciences,0,688738,4,0,688738,5.807723691737642e-06,5.807723691737642e-06
2005,33,Social Sciences,1,688738,0,4,688734,0.0,5.807723691737642e-06
2005,33,Social Sciences,2,688738,0,4,688734,0.0,5.807723691737642e-06
2005,33,Social Sciences,3,688738,1,4,688734,1.4519393553970039e-06,7.259654614672052e-06
2005,33,Social Sciences,4,688738,0,5,688733,0.0,7.259654614672052e-06
2005,33,Social Sciences,5,688738,0,5,688733,0.0,7.259654614672052e-06
2005,33,Social Sciences,6,688738,0,5,688733,0.0,7.259654614672052e-06
2005,33,Social Sciences,7,688738,1,5,688733,1.4519414635279565e-06,8.711585537606462e-06
2005,33,Social Sciences,8,688738,2,6,688732,2.9038871433300615e-06,1.1615447383475284e-05
2005,33,Social Sciences,9,688738,0,8,688730,0.0,1.1615447383475284e-05
2005,33,Social Sciences,10,688738,0,8,688730,0.0,1.1615447383475284e-05
2005,33,Social Sciences,11,688738,0,8,688730,0.0,1.1615447383475284e-05
2005,33,Social Sciences,12,688738,1,8,688730,1.451947787957545e-06,1.3067378306409694e-05
2005,33,Social Sciences,13,688738,0,9,688729,0.0,1.3067378306409694e-05
2005,33,Social Sciences,14,688738,0,9,688729,0.0,1.3067378306409694e-05
2005,33,Social Sciences,15,688738,1,9,688729,1.4519498961129848e-06,1.4519309229344104e-05
2005,34,Veterinary,0,6856,0,0,6856,0.0,0.0
2005,34,Veterinary,1,6856,0,0,6856,0.0,0.0
2005,34,Veterinary,2,6856,0,0,6856,0.0,0.0
2005,34,Veterinary,3,6856,0,0,6856,0.0,0.0
2005,34,Veterinary,4,6856,0,0,6856,0.0,0.0
2005,34,Veterinary,5,6856,0,0,6856,0.0,0.0
2005,34,Veterinary,6,6856,0,0,6856,0.0,0.0
2005,34,Veterinary,7,6856,0,0,6856,0.0,0.0
2005,34,Veterinary,8,6856,0,0,6856,0.0,0.0
2005,34,Veterinary,9,6856,0,0,6856,0.0,0.0
2005,34,Veterinary,10,6856,0,0,6856,0.0,0.0
2005,34,Veterinary,11,6856,0,0,6856,0.0,0.0
2005,34,Veterinary,12,6856,0,0,6856,0.0,0.0
2005,34,Veterinary,13,6856,0,0,6856,0.0,0.0
2005,34,Veterinary,14,6856,0,0,6856,0.0,0.0
2005,34,Veterinary,15,6856,0,0,6856,0.0,0.0
2005,35,Dentistry,0,13542,1,0,13542,7.38443361394181e-05,7.38443361394181e-05
2005,35,Dentistry,1,13542,1,1,13541,7.384978952809984e-05,0.0001476886722788362
2005,35,Dentistry,2,13542,1,2,13540,7.385524372230428e-05,0.00022153300841825432
2005,35,Dentistry,3,13542,0,3,13539,0.0,0.00022153300841825432
2005,35,Dentistry,4,13542,0,3,13539,0.0,0.00022153300841825432
2005,35,Dentistry,5,13542,0,3,13539,0.0,0.00022153300841825432
2005,35,Dentistry,6,13542,0,3,13539,0.0,0.00022153300841825432
2005,35,Dentistry,7,13542,0,3,13539,0.0,0.00022153300841825432
2005,35,Dentistry,8,13542,1,3,13539,7.386069872220991e-05,0.0002953773445576724
2005,35,Dentistry,9,13542,0,4,13538,0.0,0.0002953773445576724
2005,35,Dentistry,10,13542,0,4,13538,0.0,0.0002953773445576724
2005,35,Dentistry,11,13542,0,4,13538,0.0,0.0002953773445576724
2005,35,Dentistry,12,13542,0,4,13538,0.0,0.0002953773445576724
2005,35,Dentistry,13,13542,0,4,13538,0.0,0.0002953773445576724
2005,35,Dentistry,14,13542,0,4,13538,0.0,0.0002953773445576724
2005,35,Dentistry,15,13542,0,4,13538,0.0,0.0002953773445576724
2005,36,Health Professions,0,109565,0,0,109565,0.0,0.0
2005,36,Health Professions,1,109565,1,0,109565,9.127002236115548e-06,9.127002236115548e-06
2005,36,Health Professions,2,109565,0,1,109564,0.0,9.127002236115548e-06
2005,36,Health Professions,3,109565,0,1,109564,0.0,9.127002236115548e-06
2005,36,Health Professions,4,109565,0,1,109564,0.0,9.127002236115548e-06
2005,36,Health Professions,5,109565,0,1,109564,0.0,9.127002236115548e-06
2005,36,Health Professions,6,109565,0,1,109564,0.0,9.127002236115548e-06
2005,36,Health Professions,7,109565,0,1,109564,0.0,9.127002236115548e-06
2005,36,Health Professions,8,109565,1,1,109564,9.127085539045672e-06,1.8254004472231096e-05
2005,36,Health Professions,9,109565,0,2,109563,0.0,1.8254004472231096e-05
2005,36,Health Professions,10,109565,0,2,109563,0.0,1.8254004472231096e-05
2005,36,Health Professions,11,109565,0,2,109563,0.0,1.8254004472231096e-05
2005,36,Health Professions,12,109565,0,2,109563,0.0,1.8254004472231096e-05
2005,36,Health Professions,13,109565,0,2,109563,0.0,1.8254004472231096e-05
2005,36,Health Professions,14,109565,0,2,109563,0.0,1.8254004472231096e-05
2005,36,Health Professions,15,109565,0,2,109563,0.0,1.8254004472231096e-05
2006,11,Agricultural and Biological Sciences,0,215937,1,0,215937,4.630980332226529e-06,4.630980332226529e-06
2006,11,Agricultural and Biological Sciences,1,215937,3,1,215936,1.3893005334914048e-05,1.8523921328906117e-05
2006,11,Agricultural and Biological Sciences,2,215937,2,4,215933,9.262132235461925e-06,2.7785881993359175e-05
2006,11,Agricultural and Biological Sciences,3,215937,2,6,215931,9.262218023350052e-06,3.7047842657812234e-05
2006,11,Agricultural and Biological Sciences,4,215937,0,8,215929,0.0,3.7047842657812234e-05
2006,11,Agricultural and Biological Sciences,5,215937,1,8,215929,4.631151906413682e-06,4.167882299003876e-05
2006,11,Agricultural and Biological Sciences,6,215937,1,9,215928,4.63117335408099e-06,4.630980332226529e-05
2006,11,Agricultural and Biological Sciences,7,215937,1,10,215927,4.631194801946954e-06,5.094078365449182e-05
2006,11,Agricultural and Biological Sciences,8,215937,0,11,215926,0.0,5.094078365449182e-05
2006,11,Agricultural and Biological Sciences,9,215937,1,11,215926,4.631216250011578e-06,5.557176398671835e-05
2006,11,Agricultural and Biological Sciences,10,215937,0,12,215925,0.0,5.557176398671835e-05
2006,11,Agricultural and Biological Sciences,11,215937,2,12,215925,9.262475396549728e-06,6.48337246511714e-05
2006,11,Agricultural and Biological Sciences,12,215937,0,14,215923,0.0,6.48337246511714e-05
2006,11,Agricultural and Biological Sciences,13,215937,1,14,215923,4.631280595397433e-06,6.946470498339794e-05
2006,11,Agricultural and Biological Sciences,14,215937,0,15,215922,0.0,6.946470498339794e-05
2006,11,Agricultural and Biological Sciences,15,215937,0,15,215922,0.0,6.946470498339794e-05
2006,12,Arts and Humanities,0,343204,0,0,343204,0.0,0.0
2006,12,Arts and Humanities,1,343204,2,0,343204,5.827437908649083e-06,5.827437908649083e-06
2006,12,Arts and Humanities,2,343204,0,2,343202,0.0,5.827437908649083e-06
2006,12,Arts and Humanities,3,343204,0,2,343202,0.0,5.827437908649083e-06
2006,12,Arts and Humanities,4,343204,0,2,343202,0.0,5.827437908649083e-06
2006,12,Arts and Humanities,5,343204,0,2,343202,0.0,5.827437908649083e-06
2006,12,Arts and Humanities,6,343204,0,2,343202,0.0,5.827437908649083e-06
2006,12,Arts and Humanities,7,343204,0,2,343202,0.0,5.827437908649083e-06
2006,12,Arts and Humanities,8,343204,0,2,343202,0.0,5.827437908649083e-06
2006,12,Arts and Humanities,9,343204,2,2,343202,5.8274718678795575e-06,1.1654875817298166e-05
2006,12,Arts and Humanities,10,343204,0,4,343200,0.0,1.1654875817298166e-05
2006,12,Arts and Humanities,11,343204,0,4,343200,0.0,1.1654875817298166e-05
2006,12,Arts and Humanities,12,343204,0,4,343200,0.0,1.1654875817298166e-05
2006,12,Arts and Humanities,13,343204,0,4,343200,0.0,1.1654875817298166e-05
2006,12,Arts and Humanities,14,343204,0,4,343200,0.0,1.1654875817298166e-05
2006,12,Arts and Humanities,15,343204,0,4,343200,0.0,1.1654875817298166e-05
2006,13,"Biochemistry, Genetics and Molecular Biology",0,270826,8,0,270826,2.9539261370769425e-05,2.9539261370769425e-05
2006,13,"Biochemistry, Genetics and Molecular Biology",1,270826,20,8,270818,7.385033491126882e-05,0.00010338741479769298
2006,13,"Biochemistry, Genetics and Molecular Biology",2,270826,8,28,270798,2.954231567441414e-05,0.0001329266761684624
2006,13,"Biochemistry, Genetics and Molecular Biology",3,270826,5,36,270790,1.8464492780383324e-05,0.0001513887145251933
2006,13,"Biochemistry, Genetics and Molecular Biology",4,270826,6,41,270785,2.2157800469006778e-05,0.00017354316055327037
2006,13,"Biochemistry, Genetics and Molecular Biology",5,270826,6,47,270779,2.2158291448007414e-05,0.00019569760658134743
2006,13,"Biochemistry, Genetics and Molecular Biology",6,270826,10,53,270773,3.6931304081278416e-05,0.0002326216832948092
2006,13,"Biochemistry, Genetics and Molecular Biology",7,270826,6,63,270763,2.2159600831723684e-05,0.0002547761293228863
2006,13,"Biochemistry, Genetics and Molecular Biology",8,270826,4,69,270757,1.4773394593676248e-05,0.000269545760008271
2006,13,"Biochemistry, Genetics and Molecular Biology",9,270826,7,73,270753,2.58538224876548e-05,0.00029539261370769426
2006,13,"Biochemistry, Genetics and Molecular Biology",10,270826,6,80,270746,2.216099222149173e-05,0.0003175470597357713
2006,13,"Biochemistry, Genetics and Molecular Biology",11,270826,3,86,270740,1.1080741670975844e-05,0.00032862428274980986
2006,13,"Biochemistry, Genetics and Molecular Biology",12,270826,13,89,270737,4.8017079305746904e-05,0.00037662558247731015
2006,13,"Biochemistry, Genetics and Molecular Biology",13,270826,6,102,270724,2.2162793102938787e-05,0.00039878002850538723
2006,13,"Biochemistry, Genetics and Molecular Biology",14,270826,6,108,270718,2.216328430322328e-05,0.0004209344745334643
2006,13,"Biochemistry, Genetics and Molecular Biology",15,270826,5,114,270712,1.8469812937734567e-05,0.0004393965128901952
2006,14,"Business, Management and Accounting",0,154323,1,0,154323,6.479915501901855e-06,6.479915501901855e-06
2006,14,"Business, Management and Accounting",1,154323,0,1,154322,0.0,6.479915501901855e-06
2006,14,"Business, Management and Accounting",2,154323,0,1,154322,0.0,6.479915501901855e-06
2006,14,"Business, Management and Accounting",3,154323,0,1,154322,0.0,6.479915501901855e-06
2006,14,"Business, Management and Accounting",4,154323,0,1,154322,0.0,6.479915501901855e-06
2006,14,"Business, Management and Accounting",5,154323,0,1,154322,0.0,6.479915501901855e-06
2006,14,"Business, Management and Accounting",6,154323,0,1,154322,0.0,6.479915501901855e-06
2006,14,"Business, Management and Accounting",7,154323,0,1,154322,0.0,6.479915501901855e-06
2006,14,"Business, Management and Accounting",8,154323,1,1,154322,6.4799574914788555e-06,1.295983100380371e-05
2006,14,"Business, Management and Accounting",9,154323,3,2,154321,1.9439998444800126e-05,3.2399577509509275e-05
2006,14,"Business, Management and Accounting",10,154323,0,5,154318,0.0,3.2399577509509275e-05
2006,14,"Business, Management and Accounting",11,154323,0,5,154318,0.0,3.2399577509509275e-05
2006,14,"Business, Management and Accounting",12,154323,0,5,154318,0.0,3.2399577509509275e-05
2006,14,"Business, Management and Accounting",13,154323,0,5,154318,0.0,3.2399577509509275e-05
2006,14,"Business, Management and Accounting",14,154323,0,5,154318,0.0,3.2399577509509275e-05
2006,14,"Business, Management and Accounting",15,154323,0,5,154318,0.0,3.2399577509509275e-05
2006,15,Chemical Engineering,0,18616,1,0,18616,5.371723248818221e-05,5.371723248818221e-05
2006,15,Chemical Engineering,1,18616,0,1,18615,0.0,5.371723248818221e-05
2006,15,Chemical Engineering,2,18616,2,1,18615,0.00010744023636852001,0.00016115169746454662
2006,15,Chemical Engineering,3,18616,0,3,18613,0.0,0.00016115169746454662
2006,15,Chemical Engineering,4,18616,0,3,18613,0.0,0.00016115169746454662
2006,15,Chemical Engineering,5,18616,0,3,18613,0.0,0.00016115169746454662
2006,15,Chemical Engineering,6,18616,0,3,18613,0.0,0.00016115169746454662
2006,15,Chemical Engineering,7,18616,0,3,18613,0.0,0.00016115169746454662
2006,15,Chemical Engineering,8,18616,0,3,18613,0.0,0.00016115169746454662
2006,15,Chemical Engineering,9,18616,0,3,18613,0.0,0.00016115169746454662
2006,15,Chemical Engineering,10,18616,0,3,18613,0.0,0.00016115169746454662
2006,15,Chemical Engineering,11,18616,0,3,18613,0.0,0.00016115169746454662
2006,15,Chemical Engineering,12,18616,0,3,18613,0.0,0.00016115169746454662
2006,15,Chemical Engineering,13,18616,0,3,18613,0.0,0.00016115169746454662
2006,15,Chemical Engineering,14,18616,0,3,18613,0.0,0.00016115169746454662
2006,15,Chemical Engineering,15,18616,0,3,18613,0.0,0.00016115169746454662
2006,16,Chemistry,0,114397,4,0,114397,3.496595190433316e-05,3.496595190433316e-05
2006,16,Chemistry,1,114397,5,4,114393,4.370896820609653e-05,7.86733917847496e-05
2006,16,Chemistry,2,114397,9,9,114388,7.867958177431199e-05,0.0001573467835694992
2006,16,Chemistry,3,114397,1,18,114379,8.742863637555846e-06,0.0001660882715455825
2006,16,Chemistry,4,114397,3,19,114378,2.622882022766616e-05,0.00019231273547383235
2006,16,Chemistry,5,114397,3,22,114375,2.622950819672131e-05,0.00021853719940208223
2006,16,Chemistry,6,114397,3,25,114372,2.623019620186759e-05,0.0002447616633303321
2006,16,Chemistry,7,114397,0,28,114369,0.0,0.0002447616633303321
2006,16,Chemistry,8,114397,0,28,114369,0.0,0.0002447616633303321
2006,16,Chemistry,9,114397,0,28,114369,0.0,0.0002447616633303321
2006,16,Chemistry,10,114397,0,28,114369,0.0,0.0002447616633303321
2006,16,Chemistry,11,114397,0,28,114369,0.0,0.0002447616633303321
2006,16,Chemistry,12,114397,0,28,114369,0.0,0.0002447616633303321
2006,16,Chemistry,13,114397,0,28,114369,0.0,0.0002447616633303321
2006,16,Chemistry,14,114397,1,28,114369,8.743628081035946e-06,0.0002535031513064154
2006,16,Chemistry,15,114397,0,29,114368,0.0,0.0002535031513064154
2006,17,Computer Science,0,350848,3,0,350848,8.550711419190076e-06,8.550711419190076e-06
2006,17,Computer Science,1,350848,3,3,350845,8.550784534481038e-06,1.7101422838380152e-05
2006,17,Computer Science,2,350848,0,6,350842,0.0,1.7101422838380152e-05
2006,17,Computer Science,3,350848,0,6,350842,0.0,1.7101422838380152e-05
2006,17,Computer Science,4,350848,0,6,350842,0.0,1.7101422838380152e-05
2006,17,Computer Science,5,350848,1,6,350842,2.8502858836741325e-06,1.995165997811018e-05
2006,17,Computer Science,6,350848,0,7,350841,0.0,1.995165997811018e-05
2006,17,Computer Science,7,350848,0,7,350841,0.0,1.995165997811018e-05
2006,17,Computer Science,8,350848,1,7,350841,2.8502940078269075e-06,2.2801897117840204e-05
2006,17,Computer Science,9,350848,0,8,350840,0.0,2.2801897117840204e-05
2006,17,Computer Science,10,350848,0,8,350840,0.0,2.2801897117840204e-05
2006,17,Computer Science,11,350848,0,8,350840,0.0,2.2801897117840204e-05
2006,17,Computer Science,12,350848,0,8,350840,0.0,2.2801897117840204e-05
2006,17,Computer Science,13,350848,0,8,350840,0.0,2.2801897117840204e-05
2006,17,Computer Science,14,350848,0,8,350840,0.0,2.2801897117840204e-05
2006,17,Computer Science,15,350848,0,8,350840,0.0,2.2801897117840204e-05
2006,18,Decision Sciences,0,49583,0,0,49583,0.0,0.0
2006,18,Decision Sciences,1,49583,0,0,49583,0.0,0.0
2006,18,Decision Sciences,2,49583,0,0,49583,0.0,0.0
2006,18,Decision Sciences,3,49583,0,0,49583,0.0,0.0
2006,18,Decision Sciences,4,49583,1,0,49583,2.0168202811447474e-05,2.0168202811447474e-05
2006,18,Decision Sciences,5,49583,0,1,49582,0.0,2.0168202811447474e-05
2006,18,Decision Sciences,6,49583,0,1,49582,0.0,2.0168202811447474e-05
2006,18,Decision Sciences,7,49583,1,1,49582,2.0168609576055828e-05,4.033640562289495e-05
2006,18,Decision Sciences,8,49583,0,2,49581,0.0,4.033640562289495e-05
2006,18,Decision Sciences,9,49583,0,2,49581,0.0,4.033640562289495e-05
2006,18,Decision Sciences,10,49583,0,2,49581,0.0,4.033640562289495e-05
2006,18,Decision Sciences,11,49583,0,2,49581,0.0,4.033640562289495e-05
2006,18,Decision Sciences,12,49583,0,2,49581,0.0,4.033640562289495e-05
2006,18,Decision Sciences,13,49583,0,2,49581,0.0,4.033640562289495e-05
2006,18,Decision Sciences,14,49583,0,2,49581,0.0,4.033640562289495e-05
2006,18,Decision Sciences,15,49583,0,2,49581,0.0,4.033640562289495e-05
2006,19,Earth and Planetary Sciences,0,88378,1,0,88378,1.1315033153047139e-05,1.1315033153047139e-05
2006,19,Earth and Planetary Sciences,1,88378,1,1,88377,1.1315161184471073e-05,2.2630066306094277e-05
2006,19,Earth and Planetary Sciences,2,88378,0,2,88376,0.0,2.2630066306094277e-05
2006,19,Earth and Planetary Sciences,3,88378,0,2,88376,0.0,2.2630066306094277e-05
2006,19,Earth and Planetary Sciences,4,88378,1,2,88376,1.1315289218792432e-05,3.394509945914142e-05
2006,19,Earth and Planetary Sciences,5,88378,0,3,88375,0.0,3.394509945914142e-05
2006,19,Earth and Planetary Sciences,6,88378,1,3,88375,1.1315417256011316e-05,4.5260132612188554e-05
2006,19,Earth and Planetary Sciences,7,88378,0,4,88374,0.0,4.5260132612188554e-05
2006,19,Earth and Planetary Sciences,8,88378,0,4,88374,0.0,4.5260132612188554e-05
2006,19,Earth and Planetary Sciences,9,88378,1,4,88374,1.1315545296127821e-05,5.657516576523569e-05
2006,19,Earth and Planetary Sciences,10,88378,0,5,88373,0.0,5.657516576523569e-05
2006,19,Earth and Planetary Sciences,11,88378,0,5,88373,0.0,5.657516576523569e-05
2006,19,Earth and Planetary Sciences,12,88378,0,5,88373,0.0,5.657516576523569e-05
2006,19,Earth and Planetary Sciences,13,88378,0,5,88373,0.0,5.657516576523569e-05
2006,19,Earth and Planetary Sciences,14,88378,0,5,88373,0.0,5.657516576523569e-05
2006,19,Earth and Planetary Sciences,15,88378,0,5,88373,0.0,5.657516576523569e-05
2006,20,"Economics, Econometrics and Finance",0,181948,2,0,181948,1.099215160375492e-05,1.099215160375492e-05
2006,20,"Economics, Econometrics and Finance",1,181948,1,2,181946,5.496136216239983e-06,1.648822740563238e-05
2006,20,"Economics, Econometrics and Finance",2,181948,0,3,181945,0.0,1.648822740563238e-05
2006,20,"Economics, Econometrics and Finance",3,181948,0,3,181945,0.0,1.648822740563238e-05
2006,20,"Economics, Econometrics and Finance",4,181948,0,3,181945,0.0,1.648822740563238e-05
2006,20,"Economics, Econometrics and Finance",5,181948,0,3,181945,0.0,1.648822740563238e-05
2006,20,"Economics, Econometrics and Finance",6,181948,0,3,181945,0.0,1.648822740563238e-05
2006,20,"Economics, Econometrics and Finance",7,181948,0,3,181945,0.0,1.648822740563238e-05
2006,20,"Economics, Econometrics and Finance",8,181948,1,3,181945,5.496166423919316e-06,2.198430320750984e-05
2006,20,"Economics, Econometrics and Finance",9,181948,0,4,181944,0.0,2.198430320750984e-05
2006,20,"Economics, Econometrics and Finance",10,181948,0,4,181944,0.0,2.198430320750984e-05
2006,20,"Economics, Econometrics and Finance",11,181948,0,4,181944,0.0,2.198430320750984e-05
2006,20,"Economics, Econometrics and Finance",12,181948,0,4,181944,0.0,2.198430320750984e-05
2006,20,"Economics, Econometrics and Finance",13,181948,0,4,181944,0.0,2.198430320750984e-05
2006,20,"Economics, Econometrics and Finance",14,181948,0,4,181944,0.0,2.198430320750984e-05
2006,20,"Economics, Econometrics and Finance",15,181948,0,4,181944,0.0,2.198430320750984e-05
2006,21,Energy,0,22505,0,0,22505,0.0,0.0
2006,21,Energy,1,22505,0,0,22505,0.0,0.0
2006,21,Energy,2,22505,1,0,22505,4.4434570095534326e-05,4.4434570095534326e-05
2006,21,Energy,3,22505,0,1,22504,0.0,4.4434570095534326e-05
2006,21,Energy,4,22505,0,1,22504,0.0,4.4434570095534326e-05
2006,21,Energy,5,22505,0,1,22504,0.0,4.4434570095534326e-05
2006,21,Energy,6,22505,0,1,22504,0.0,4.4434570095534326e-05
2006,21,Energy,7,22505,0,1,22504,0.0,4.4434570095534326e-05
2006,21,Energy,8,22505,0,1,22504,0.0,4.4434570095534326e-05
2006,21,Energy,9,22505,0,1,22504,0.0,4.4434570095534326e-05
2006,21,Energy,10,22505,0,1,22504,0.0,4.4434570095534326e-05
2006,21,Energy,11,22505,0,1,22504,0.0,4.4434570095534326e-05
2006,21,Energy,12,22505,0,1,22504,0.0,4.4434570095534326e-05
2006,21,Energy,13,22505,0,1,22504,0.0,4.4434570095534326e-05
2006,21,Energy,14,22505,0,1,22504,0.0,4.4434570095534326e-05
2006,21,Energy,15,22505,0,1,22504,0.0,4.4434570095534326e-05
2006,22,Engineering,0,1271397,10,0,1271397,7.865363847798917e-06,7.865363847798917e-06
2006,22,Engineering,1,1271397,11,10,1271387,8.651968283457359e-06,1.6517264080377725e-05
2006,22,Engineering,2,1271397,2,21,1271376,1.5730987528473088e-06,1.809033684993751e-05
2006,22,Engineering,3,1271397,3,23,1271374,2.3596518412363317e-06,2.0449946004277186e-05
2006,22,Engineering,4,1271397,2,26,1271371,1.5731049394708547e-06,2.202301877383697e-05
2006,22,Engineering,5,1271397,4,28,1271369,3.1462148282677963e-06,2.5169164312956534e-05
2006,22,Engineering,6,1271397,1,32,1271365,7.865561817416714e-07,2.5955700697736427e-05
2006,22,Engineering,7,1271397,1,33,1271364,7.86556800412785e-07,2.6742237082516317e-05
2006,22,Engineering,8,1271397,0,34,1271363,0.0,2.6742237082516317e-05
2006,22,Engineering,9,1271397,1,34,1271363,7.865574190848719e-07,2.752877346729621e-05
2006,22,Engineering,10,1271397,2,35,1271362,1.573116075515864e-06,2.9101846236855995e-05
2006,22,Engineering,11,1271397,3,37,1271360,2.359677825320916e-06,3.146145539119567e-05
2006,22,Engineering,12,1271397,1,40,1271357,7.865611311378315e-07,3.224799177597556e-05
2006,22,Engineering,13,1271397,1,41,1271356,7.865617498167312e-07,3.303452816075545e-05
2006,22,Engineering,14,1271397,0,42,1271355,0.0,3.303452816075545e-05
2006,22,Engineering,15,1271397,1,42,1271355,7.86562368496604e-07,3.3821064545535346e-05
2006,23,Environmental Science,0,216091,1,0,216091,4.6276800051830014e-06,4.6276800051830014e-06
2006,23,Environmental Science,1,216091,1,1,216090,4.627701420704336e-06,9.255360010366003e-06
2006,23,Environmental Science,2,216091,7,2,216089,3.239405985496717e-05,4.1649120046647015e-05
2006,23,Environmental Science,3,216091,1,9,216082,4.62787275201081e-06,4.627680005183002e-05
2006,23,Environmental Science,4,216091,0,10,216081,0.0,4.627680005183002e-05
2006,23,Environmental Science,5,216091,0,10,216081,0.0,4.627680005183002e-05
2006,23,Environmental Science,6,216091,0,10,216081,0.0,4.627680005183002e-05
2006,23,Environmental Science,7,216091,0,10,216081,0.0,4.627680005183002e-05
2006,23,Environmental Science,8,216091,0,10,216081,0.0,4.627680005183002e-05
2006,23,Environmental Science,9,216091,0,10,216081,0.0,4.627680005183002e-05
2006,23,Environmental Science,10,216091,0,10,216081,0.0,4.627680005183002e-05
2006,23,Environmental Science,11,216091,0,10,216081,0.0,4.627680005183002e-05
2006,23,Environmental Science,12,216091,1,10,216081,4.627894169316136e-06,5.090448005701302e-05
2006,23,Environmental Science,13,216091,0,11,216080,0.0,5.090448005701302e-05
2006,23,Environmental Science,14,216091,0,11,216080,0.0,5.090448005701302e-05
2006,23,Environmental Science,15,216091,0,11,216080,0.0,5.090448005701302e-05
2006,24,Immunology and Microbiology,0,47344,4,0,47344,8.448800270361608e-05,8.448800270361608e-05
2006,24,Immunology and Microbiology,1,47344,3,4,47340,6.337135614702154e-05,0.00014785400473132815
2006,24,Immunology and Microbiology,2,47344,2,7,47337,4.2250248220208294e-05,0.0001900980060831362
2006,24,Immunology and Microbiology,3,47344,0,9,47335,0.0,0.0001900980060831362
2006,24,Immunology and Microbiology,4,47344,1,9,47335,2.1126016689553186e-05,0.00021122000675904021
2006,24,Immunology and Microbiology,5,47344,2,10,47334,4.2252926015126546e-05,0.00025346400811084827
2006,24,Immunology and Microbiology,6,47344,1,12,47332,2.112735570016057e-05,0.0002745860087867523
2006,24,Immunology and Microbiology,7,47344,1,13,47331,2.1127802074750163e-05,0.0002957080094626563
2006,24,Immunology and Microbiology,8,47344,3,14,47330,6.338474540460596e-05,0.00035907401149036836
2006,24,Immunology and Microbiology,9,47344,1,17,47327,2.112958776174277e-05,0.0003801960121662724
2006,24,Immunology and Microbiology,10,47344,2,18,47326,4.2260068461310905e-05,0.00042244001351808043
2006,24,Immunology and Microbiology,11,47344,1,20,47324,2.1130927225086637e-05,0.00044356201419398447
2006,24,Immunology and Microbiology,12,47344,1,21,47323,2.1131373750607528e-05,0.00046468401486988845
2006,24,Immunology and Microbiology,13,47344,0,22,47322,0.0,0.00046468401486988845
2006,24,Immunology and Microbiology,14,47344,0,22,47322,0.0,0.00046468401486988845
2006,24,Immunology and Microbiology,15,47344,0,22,47322,0.0,0.00046468401486988845
2006,25,Materials Science,0,177426,2,0,177426,1.1272305073664513e-05,1.1272305073664513e-05
2006,25,Materials Science,1,177426,4,2,177424,2.2544864279917036e-05,3.381691522099354e-05
2006,25,Materials Science,2,177426,0,6,177420,0.0,3.381691522099354e-05
2006,25,Materials Science,3,177426,3,6,177420,1.6909029421711195e-05,5.072537283149031e-05
2006,25,Materials Science,4,177426,1,9,177417,5.6364384472739366e-06,5.636152536832257e-05
2006,25,Materials Science,5,177426,2,10,177416,1.1272940433782748e-05,6.763383044198708e-05
2006,25,Materials Science,6,177426,1,12,177414,5.636533757200672e-06,7.326998297881933e-05
2006,25,Materials Science,7,177426,0,13,177413,0.0,7.326998297881933e-05
2006,25,Materials Science,8,177426,0,13,177413,0.0,7.326998297881933e-05
2006,25,Materials Science,9,177426,0,13,177413,0.0,7.326998297881933e-05
2006,25,Materials Science,10,177426,1,13,177413,5.636565527892544e-06,7.890613551565159e-05
2006,25,Materials Science,11,177426,0,14,177412,0.0,7.890613551565159e-05
2006,25,Materials Science,12,177426,0,14,177412,0.0,7.890613551565159e-05
2006,25,Materials Science,13,177426,1,14,177412,5.6365972989425746e-06,8.454228805248385e-05
2006,25,Materials Science,14,177426,2,15,177411,1.1273258140701535e-05,9.581459312614836e-05
2006,25,Materials Science,15,177426,0,17,177409,0.0,9.581459312614836e-05
2006,26,Mathematics,0,66843,1,0,66843,1.4960429663539937e-05,1.4960429663539937e-05
2006,26,Mathematics,1,66843,0,1,66842,0.0,1.4960429663539937e-05
2006,26,Mathematics,2,66843,0,1,66842,0.0,1.4960429663539937e-05
2006,26,Mathematics,3,66843,1,1,66842,1.4960653481344066e-05,2.9920859327079873e-05
2006,26,Mathematics,4,66843,0,2,66841,0.0,2.9920859327079873e-05
2006,26,Mathematics,5,66843,0,2,66841,0.0,2.9920859327079873e-05
2006,26,Mathematics,6,66843,0,2,66841,0.0,2.9920859327079873e-05
2006,26,Mathematics,7,66843,0,2,66841,0.0,2.9920859327079873e-05
2006,26,Mathematics,8,66843,0,2,66841,0.0,2.9920859327079873e-05
2006,26,Mathematics,9,66843,0,2,66841,0.0,2.9920859327079873e-05
2006,26,Mathematics,10,66843,0,2,66841,0.0,2.9920859327079873e-05
2006,26,Mathematics,11,66843,0,2,66841,0.0,2.9920859327079873e-05
2006,26,Mathematics,12,66843,0,2,66841,0.0,2.9920859327079873e-05
2006,26,Mathematics,13,66843,0,2,66841,0.0,2.9920859327079873e-05
2006,26,Mathematics,14,66843,1,2,66841,1.4960877305845215e-05,4.488128899061981e-05
2006,26,Mathematics,15,66843,0,3,66840,0.0,4.488128899061981e-05
2006,27,Medicine,0,837592,17,0,837592,2.029627790141262e-05,2.029627790141262e-05
2006,27,Medicine,1,837592,23,17,837575,2.7460227442318598e-05,4.775594800332381e-05
2006,27,Medicine,2,837592,14,40,837552,1.6715380059984337e-05,6.447052980448714e-05
2006,27,Medicine,3,837592,15,54,837538,1.7909635144912827e-05,8.237901030573358e-05
2006,27,Medicine,4,837592,9,69,837523,1.0745973543413136e-05,9.312409860648143e-05
2006,27,Medicine,5,837592,15,78,837514,1.791014836766908e-05,0.00011103257910772787
2006,27,Medicine,6,837592,6,93,837499,7.164187658731533e-06,0.00011819597130822644
2006,27,Medicine,7,837592,8,99,837493,9.5523186462454e-06,0.00012774716090889121
2006,27,Medicine,8,837592,10,107,837485,1.1940512367385684e-05,0.00013968614790972215
2006,27,Medicine,9,837592,11,117,837475,1.3134720439416101e-05,0.0001528190336106362
2006,27,Medicine,10,837592,8,128,837464,9.552649427318667e-06,0.00016237022321130096
2006,27,Medicine,11,837592,5,136,837456,5.970462925813416e-06,0.00016833971671171644
2006,27,Medicine,12,837592,13,141,837451,1.5523296288379858e-05,0.00018386039981279668
2006,27,Medicine,13,837592,6,154,837438,7.164709506853045e-06,0.00019102379201329524
2006,27,Medicine,14,837592,5,160,837432,5.970634033569293e-06,0.00019699328551371073
2006,27,Medicine,15,837592,3,165,837427,3.5824018093517405e-06,0.00020057498161396003
2006,28,Neuroscience,0,72028,1,0,72028,1.3883489753984562e-05,1.3883489753984562e-05
2006,28,Neuroscience,1,72028,2,1,72027,2.7767365015896815e-05,4.1650469261953686e-05
2006,28,Neuroscience,2,72028,2,3,72025,2.7768136063866712e-05,6.941744876992281e-05
2006,28,Neuroscience,3,72028,0,5,72023,0.0,6.941744876992281e-05
2006,28,Neuroscience,4,72028,1,5,72023,1.3884453577329465e-05,8.330093852390737e-05
2006,28,Neuroscience,5,72028,0,6,72022,0.0,8.330093852390737e-05
2006,28,Neuroscience,6,72028,2,6,72022,2.7769292716114522e-05,0.0001110679180318765
2006,28,Neuroscience,7,72028,1,8,72020,1.3885031935573452e-05,0.00012495140778586106
2006,28,Neuroscience,8,72028,0,9,72019,0.0,0.00012495140778586106
2006,28,Neuroscience,9,72028,0,9,72019,0.0,0.00012495140778586106
2006,28,Neuroscience,10,72028,2,9,72019,2.7770449464724588e-05,0.00015271838729383018
2006,28,Neuroscience,11,72028,1,11,72017,1.3885610342002582e-05,0.00016660187704781474
2006,28,Neuroscience,12,72028,1,12,72016,1.3885803154854477e-05,0.0001804853668017993
2006,28,Neuroscience,13,72028,1,13,72015,1.3885995973061167e-05,0.00019436885655578387
2006,28,Neuroscience,14,72028,0,14,72014,0.0,0.00019436885655578387
2006,28,Neuroscience,15,72028,0,14,72014,0.0,0.00019436885655578387
2006,29,Nursing,0,21011,0,0,21011,0.0,0.0
2006,29,Nursing,1,21011,2,0,21011,9.518823473418685e-05,9.518823473418685e-05
2006,29,Nursing,2,21011,0,2,21009,0.0,9.518823473418685e-05
2006,29,Nursing,3,21011,1,2,21009,4.759864819839116e-05,0.00014278235210128028
2006,29,Nursing,4,21011,0,3,21008,0.0,0.00014278235210128028
2006,29,Nursing,5,21011,0,3,21008,0.0,0.00014278235210128028
2006,29,Nursing,6,21011,0,3,21008,0.0,0.00014278235210128028
2006,29,Nursing,7,21011,0,3,21008,0.0,0.00014278235210128028
2006,29,Nursing,8,21011,0,3,21008,0.0,0.00014278235210128028
2006,29,Nursing,9,21011,0,3,21008,0.0,0.00014278235210128028
2006,29,Nursing,10,21011,0,3,21008,0.0,0.00014278235210128028
2006,29,Nursing,11,21011,1,3,21008,4.76009139375476e-05,0.0001903764694683737
2006,29,Nursing,12,21011,0,4,21007,0.0,0.0001903764694683737
2006,29,Nursing,13,21011,1,4,21007,4.760317989241681e-05,0.00023797058683546713
2006,29,Nursing,14,21011,0,5,21006,0.0,0.00023797058683546713
2006,29,Nursing,15,21011,0,5,21006,0.0,0.00023797058683546713
2006,30,"Pharmacology, Toxicology and Pharmaceutics",0,21779,0,0,21779,0.0,0.0
2006,30,"Pharmacology, Toxicology and Pharmaceutics",1,21779,2,0,21779,9.183158088066487e-05,9.183158088066487e-05
2006,30,"Pharmacology, Toxicology and Pharmaceutics",2,21779,2,2,21777,9.184001469440235e-05,0.00018366316176132973
2006,30,"Pharmacology, Toxicology and Pharmaceutics",3,21779,0,4,21775,0.0,0.00018366316176132973
2006,30,"Pharmacology, Toxicology and Pharmaceutics",4,21779,0,4,21775,0.0,0.00018366316176132973
2006,30,"Pharmacology, Toxicology and Pharmaceutics",5,21779,0,4,21775,0.0,0.00018366316176132973
2006,30,"Pharmacology, Toxicology and Pharmaceutics",6,21779,0,4,21775,0.0,0.00018366316176132973
2006,30,"Pharmacology, Toxicology and Pharmaceutics",7,21779,0,4,21775,0.0,0.00018366316176132973
2006,30,"Pharmacology, Toxicology and Pharmaceutics",8,21779,0,4,21775,0.0,0.00018366316176132973
2006,30,"Pharmacology, Toxicology and Pharmaceutics",9,21779,0,4,21775,0.0,0.00018366316176132973
2006,30,"Pharmacology, Toxicology and Pharmaceutics",10,21779,0,4,21775,0.0,0.00018366316176132973
2006,30,"Pharmacology, Toxicology and Pharmaceutics",11,21779,0,4,21775,0.0,0.00018366316176132973
2006,30,"Pharmacology, Toxicology and Pharmaceutics",12,21779,0,4,21775,0.0,0.00018366316176132973
2006,30,"Pharmacology, Toxicology and Pharmaceutics",13,21779,0,4,21775,0.0,0.00018366316176132973
2006,30,"Pharmacology, Toxicology and Pharmaceutics",14,21779,0,4,21775,0.0,0.00018366316176132973
2006,30,"Pharmacology, Toxicology and Pharmaceutics",15,21779,0,4,21775,0.0,0.00018366316176132973
2006,31,Physics and Astronomy,0,184300,4,0,184300,2.170374389582203e-05,2.170374389582203e-05
2006,31,Physics and Astronomy,1,184300,3,4,184296,1.6278161218908712e-05,3.798155181768855e-05
2006,31,Physics and Astronomy,2,184300,0,7,184293,0.0,3.798155181768855e-05
2006,31,Physics and Astronomy,3,184300,1,7,184293,5.426142067251605e-06,4.340748779164406e-05
2006,31,Physics and Astronomy,4,184300,0,8,184292,0.0,4.340748779164406e-05
2006,31,Physics and Astronomy,5,184300,1,8,184292,5.426171510429102e-06,4.883342376559957e-05
2006,31,Physics and Astronomy,6,184300,0,9,184291,0.0,4.883342376559957e-05
2006,31,Physics and Astronomy,7,184300,0,9,184291,0.0,4.883342376559957e-05
2006,31,Physics and Astronomy,8,184300,1,9,184291,5.426200953926127e-06,5.425935973955508e-05
2006,31,Physics and Astronomy,9,184300,0,10,184290,0.0,5.425935973955508e-05
2006,31,Physics and Astronomy,10,184300,0,10,184290,0.0,5.425935973955508e-05
2006,31,Physics and Astronomy,11,184300,0,10,184290,0.0,5.425935973955508e-05
2006,31,Physics and Astronomy,12,184300,0,10,184290,0.0,5.425935973955508e-05
2006,31,Physics and Astronomy,13,184300,0,10,184290,0.0,5.425935973955508e-05
2006,31,Physics and Astronomy,14,184300,0,10,184290,0.0,5.425935973955508e-05
2006,31,Physics and Astronomy,15,184300,0,10,184290,0.0,5.425935973955508e-05
2006,32,Psychology,0,133095,0,0,133095,0.0,0.0
2006,32,Psychology,1,133095,1,0,133095,7.513430256583643e-06,7.513430256583643e-06
2006,32,Psychology,2,133095,3,1,133094,2.2540460125926036e-05,3.0053721026334574e-05
2006,32,Psychology,3,133095,2,4,133091,1.5027312139814112e-05,4.508058153950186e-05
2006,32,Psychology,4,133095,1,6,133089,7.51376898165889e-06,5.25940117960855e-05
2006,32,Psychology,5,133095,0,7,133088,0.0,5.25940117960855e-05
2006,32,Psychology,6,133095,1,7,133088,7.5138254388074055e-06,6.010744205266915e-05
2006,32,Psychology,7,133095,1,8,133087,7.5138818968043464e-06,6.762087230925279e-05
2006,32,Psychology,8,133095,0,9,133086,0.0,6.762087230925279e-05
2006,32,Psychology,9,133095,0,9,133086,0.0,6.762087230925279e-05
2006,32,Psychology,10,133095,1,9,133086,7.51393835564973e-06,7.513430256583643e-05
2006,32,Psychology,11,133095,0,10,133085,0.0,7.513430256583643e-05
2006,32,Psychology,12,133095,1,10,133085,7.513994815343578e-06,8.264773282242008e-05
2006,32,Psychology,13,133095,1,11,133084,7.514051275885907e-06,9.016116307900372e-05
2006,32,Psychology,14,133095,0,12,133083,0.0,9.016116307900372e-05
2006,32,Psychology,15,133095,0,12,133083,0.0,9.016116307900372e-05
2006,33,Social Sciences,0,758424,1,0,758424,1.3185236754111157e-06,1.3185236754111157e-06
2006,33,Social Sciences,1,758424,0,1,758423,0.0,1.3185236754111157e-06
2006,33,Social Sciences,2,758424,0,1,758423,0.0,1.3185236754111157e-06
2006,33,Social Sciences,3,758424,0,1,758423,0.0,1.3185236754111157e-06
2006,33,Social Sciences,4,758424,0,1,758423,0.0,1.3185236754111157e-06
2006,33,Social Sciences,5,758424,0,1,758423,0.0,1.3185236754111157e-06
2006,33,Social Sciences,6,758424,5,1,758423,6.592627069590453e-06,7.911142052466694e-06
2006,33,Social Sciences,7,758424,1,6,758418,1.3185341065217333e-06,9.22966572787781e-06
2006,33,Social Sciences,8,758424,0,7,758417,0.0,9.22966572787781e-06
2006,33,Social Sciences,9,758424,0,7,758417,0.0,9.22966572787781e-06
2006,33,Social Sciences,10,758424,0,7,758417,0.0,9.22966572787781e-06
2006,33,Social Sciences,11,758424,1,7,758417,1.3185358450562157e-06,1.0548189403288925e-05
2006,33,Social Sciences,12,758424,0,8,758416,0.0,1.0548189403288925e-05
2006,33,Social Sciences,13,758424,0,8,758416,0.0,1.0548189403288925e-05
2006,33,Social Sciences,14,758424,0,8,758416,0.0,1.0548189403288925e-05
2006,33,Social Sciences,15,758424,1,8,758416,1.3185375835952827e-06,1.1866713078700042e-05
2006,34,Veterinary,0,7874,0,0,7874,0.0,0.0
2006,34,Veterinary,1,7874,0,0,7874,0.0,0.0
2006,34,Veterinary,2,7874,0,0,7874,0.0,0.0
2006,34,Veterinary,3,7874,0,0,7874,0.0,0.0
2006,34,Veterinary,4,7874,0,0,7874,0.0,0.0
2006,34,Veterinary,5,7874,0,0,7874,0.0,0.0
2006,34,Veterinary,6,7874,0,0,7874,0.0,0.0
2006,34,Veterinary,7,7874,0,0,7874,0.0,0.0
2006,34,Veterinary,8,7874,0,0,7874,0.0,0.0
2006,34,Veterinary,9,7874,0,0,7874,0.0,0.0
2006,34,Veterinary,10,7874,0,0,7874,0.0,0.0
2006,34,Veterinary,11,7874,0,0,7874,0.0,0.0
2006,34,Veterinary,12,7874,0,0,7874,0.0,0.0
2006,34,Veterinary,13,7874,0,0,7874,0.0,0.0
2006,34,Veterinary,14,7874,0,0,7874,0.0,0.0
2006,34,Veterinary,15,7874,0,0,7874,0.0,0.0
2006,35,Dentistry,0,14816,0,0,14816,0.0,0.0
2006,35,Dentistry,1,14816,0,0,14816,0.0,0.0
2006,35,Dentistry,2,14816,0,0,14816,0.0,0.0
2006,35,Dentistry,3,14816,0,0,14816,0.0,0.0
2006,35,Dentistry,4,14816,0,0,14816,0.0,0.0
2006,35,Dentistry,5,14816,0,0,14816,0.0,0.0
2006,35,Dentistry,6,14816,1,0,14816,6.749460043196545e-05,6.749460043196545e-05
2006,35,Dentistry,7,14816,1,1,14815,6.749915626054674e-05,0.0001349892008639309
2006,35,Dentistry,8,14816,0,2,14814,0.0,0.0001349892008639309
2006,35,Dentistry,9,14816,0,2,14814,0.0,0.0001349892008639309
2006,35,Dentistry,10,14816,0,2,14814,0.0,0.0001349892008639309
2006,35,Dentistry,11,14816,0,2,14814,0.0,0.0001349892008639309
2006,35,Dentistry,12,14816,0,2,14814,0.0,0.0001349892008639309
2006,35,Dentistry,13,14816,1,2,14814,6.750371270419872e-05,0.00020248380129589633
2006,35,Dentistry,14,14816,0,3,14813,0.0,0.00020248380129589633
2006,35,Dentistry,15,14816,0,3,14813,0.0,0.00020248380129589633
2006,36,Health Professions,0,118991,2,0,118991,1.6807993881890227e-05,1.6807993881890227e-05
2006,36,Health Professions,1,118991,0,2,118989,0.0,1.6807993881890227e-05
2006,36,Health Professions,2,118991,0,2,118989,0.0,1.6807993881890227e-05
2006,36,Health Professions,3,118991,0,2,118989,0.0,1.6807993881890227e-05
2006,36,Health Professions,4,118991,0,2,118989,0.0,1.6807993881890227e-05
2006,36,Health Professions,5,118991,0,2,118989,0.0,1.6807993881890227e-05
2006,36,Health Professions,6,118991,0,2,118989,0.0,1.6807993881890227e-05
2006,36,Health Professions,7,118991,0,2,118989,0.0,1.6807993881890227e-05
2006,36,Health Professions,8,118991,0,2,118989,0.0,1.6807993881890227e-05
2006,36,Health Professions,9,118991,0,2,118989,0.0,1.6807993881890227e-05
2006,36,Health Professions,10,118991,1,2,118989,8.404138197648522e-06,2.521199082283534e-05
2006,36,Health Professions,11,118991,2,3,118988,1.6808417655561905e-05,4.201998470472557e-05
2006,36,Health Professions,12,118991,0,5,118986,0.0,4.201998470472557e-05
2006,36,Health Professions,13,118991,0,5,118986,0.0,4.201998470472557e-05
2006,36,Health Professions,14,118991,0,5,118986,0.0,4.201998470472557e-05
2006,36,Health Professions,15,118991,0,5,118986,0.0,4.201998470472557e-05
2007,11,Agricultural and Biological Sciences,0,237879,4,0,237879,1.6815271629694087e-05,1.6815271629694087e-05
2007,11,Agricultural and Biological Sciences,1,237879,5,4,237875,2.1019442984760903e-05,3.78343611668117e-05
2007,11,Agricultural and Biological Sciences,2,237879,3,9,237870,1.2611930886618741e-05,5.044581488908227e-05
2007,11,Agricultural and Biological Sciences,3,237879,3,12,237867,1.261208994942552e-05,6.305726861135284e-05
2007,11,Agricultural and Biological Sciences,4,237879,0,15,237864,0.0,6.305726861135284e-05
2007,11,Agricultural and Biological Sciences,5,237879,0,15,237864,0.0,6.305726861135284e-05
2007,11,Agricultural and Biological Sciences,6,237879,3,15,237864,1.2612249016244577e-05,7.56687223336234e-05
2007,11,Agricultural and Biological Sciences,7,237879,0,18,237861,0.0,7.56687223336234e-05
2007,11,Agricultural and Biological Sciences,8,237879,0,18,237861,0.0,7.56687223336234e-05
2007,11,Agricultural and Biological Sciences,9,237879,1,18,237861,4.204136029025355e-06,7.987254024104692e-05
2007,11,Agricultural and Biological Sciences,10,237879,1,19,237860,4.204153703859413e-06,8.407635814847043e-05
2007,11,Agricultural and Biological Sciences,11,237879,1,20,237859,4.204171378842087e-06,8.828017605589396e-05
2007,11,Agricultural and Biological Sciences,12,237879,0,21,237858,0.0,8.828017605589396e-05
2007,11,Agricultural and Biological Sciences,13,237879,0,21,237858,0.0,8.828017605589396e-05
2007,11,Agricultural and Biological Sciences,14,237879,0,21,237858,0.0,8.828017605589396e-05
2007,11,Agricultural and Biological Sciences,15,237879,0,21,237858,0.0,8.828017605589396e-05
2007,12,Arts and Humanities,0,425681,0,0,425681,0.0,0.0
2007,12,Arts and Humanities,1,425681,2,0,425681,4.698353931700029e-06,4.698353931700029e-06
2007,12,Arts and Humanities,2,425681,0,2,425679,0.0,4.698353931700029e-06
2007,12,Arts and Humanities,3,425681,0,2,425679,0.0,4.698353931700029e-06
2007,12,Arts and Humanities,4,425681,2,2,425679,4.698376006333411e-06,9.396707863400058e-06
2007,12,Arts and Humanities,5,425681,0,4,425677,0.0,9.396707863400058e-06
2007,12,Arts and Humanities,6,425681,0,4,425677,0.0,9.396707863400058e-06
2007,12,Arts and Humanities,7,425681,0,4,425677,0.0,9.396707863400058e-06
2007,12,Arts and Humanities,8,425681,4,4,425677,9.396796162348447e-06,1.8793415726800117e-05
2007,12,Arts and Humanities,9,425681,0,8,425673,0.0,1.8793415726800117e-05
2007,12,Arts and Humanities,10,425681,0,8,425673,0.0,1.8793415726800117e-05
2007,12,Arts and Humanities,11,425681,0,8,425673,0.0,1.8793415726800117e-05
2007,12,Arts and Humanities,12,425681,0,8,425673,0.0,1.8793415726800117e-05
2007,12,Arts and Humanities,13,425681,0,8,425673,0.0,1.8793415726800117e-05
2007,12,Arts and Humanities,14,425681,0,8,425673,0.0,1.8793415726800117e-05
2007,12,Arts and Humanities,15,425681,0,8,425673,0.0,1.8793415726800117e-05
2007,13,"Biochemistry, Genetics and Molecular Biology",0,281520,11,0,281520,3.9073600454674626e-05,3.9073600454674626e-05
2007,13,"Biochemistry, Genetics and Molecular Biology",1,281520,8,11,281509,2.8418274371334488e-05,6.749076442171071e-05
2007,13,"Biochemistry, Genetics and Molecular Biology",2,281520,14,19,281501,4.973339348705688e-05,0.00011722080136402386
2007,13,"Biochemistry, Genetics and Molecular Biology",3,281520,10,33,281487,3.5525619300358455e-05,0.000152742256322819
2007,13,"Biochemistry, Genetics and Molecular Biology",4,281520,8,43,281477,2.842150513185802e-05,0.00018115942028985507
2007,13,"Biochemistry, Genetics and Molecular Biology",5,281520,11,51,281469,3.908068028806014e-05,0.0002202330207445297
2007,13,"Biochemistry, Genetics and Molecular Biology",6,281520,7,62,281458,2.4870495775568647e-05,0.00024509803921568627
2007,13,"Biochemistry, Genetics and Molecular Biology",7,281520,9,69,281451,3.197714699894476e-05,0.00027706734867860187
2007,13,"Biochemistry, Genetics and Molecular Biology",8,281520,4,78,281442,1.4212519808699484e-05,0.0002912759306621199
2007,13,"Biochemistry, Genetics and Molecular Biology",9,281520,8,82,281438,2.842544361457941e-05,0.00031969309462915604
2007,13,"Biochemistry, Genetics and Molecular Biology",10,281520,2,90,281430,7.106562910848168e-06,0.000326797385620915
2007,13,"Biochemistry, Genetics and Molecular Biology",11,281520,9,92,281428,3.1979760364995664e-05,0.0003587666950838306
2007,13,"Biochemistry, Genetics and Molecular Biology",12,281520,5,101,281419,1.776710172376421e-05,0.0003765274225632282
2007,13,"Biochemistry, Genetics and Molecular Biology",13,281520,9,106,281414,3.1981351318697716e-05,0.0004084967320261438
2007,13,"Biochemistry, Genetics and Molecular Biology",14,281520,4,115,281405,1.421438851477408e-05,0.00042270531400966186
2007,13,"Biochemistry, Genetics and Molecular Biology",15,281520,0,119,281401,0.0,0.00042270531400966186
2007,14,"Business, Management and Accounting",0,179006,30,0,179006,0.00016759214774923745,0.00016759214774923745
2007,14,"Business, Management and Accounting",1,179006,0,30,178976,0.0,0.00016759214774923745
2007,14,"Business, Management and Accounting",2,179006,0,30,178976,0.0,0.00016759214774923745
2007,14,"Business, Management and Accounting",3,179006,1,30,178976,5.587341319506526e-06,0.00017317855267421205
2007,14,"Business, Management and Accounting",4,179006,0,31,178975,0.0,0.00017317855267421205
2007,14,"Business, Management and Accounting",5,179006,1,31,178975,5.587372538063976e-06,0.00017876495759918662
2007,14,"Business, Management and Accounting",6,179006,1,32,178974,5.587403756970286e-06,0.00018435136252416121
2007,14,"Business, Management and Accounting",7,179006,1,33,178973,5.587434976225464e-06,0.00018993776744913578
2007,14,"Business, Management and Accounting",8,179006,4,34,178972,2.234986478331806e-05,0.00021228338714903412
2007,14,"Business, Management and Accounting",9,179006,1,38,178968,5.587591077734567e-06,0.0002178697920740087
2007,14,"Business, Management and Accounting",10,179006,0,39,178967,0.0,0.0002178697920740087
2007,14,"Business, Management and Accounting",11,179006,0,39,178967,0.0,0.0002178697920740087
2007,14,"Business, Management and Accounting",12,179006,0,39,178967,0.0,0.0002178697920740087
2007,14,"Business, Management and Accounting",13,179006,0,39,178967,0.0,0.0002178697920740087
2007,14,"Business, Management and Accounting",14,179006,0,39,178967,0.0,0.0002178697920740087
2007,14,"Business, Management and Accounting",15,179006,0,39,178967,0.0,0.0002178697920740087
2007,15,Chemical Engineering,0,17030,1,0,17030,5.871990604815032e-05,5.871990604815032e-05
2007,15,Chemical Engineering,1,17030,0,1,17029,0.0,5.871990604815032e-05
2007,15,Chemical Engineering,2,17030,0,1,17029,0.0,5.871990604815032e-05
2007,15,Chemical Engineering,3,17030,0,1,17029,0.0,5.871990604815032e-05
2007,15,Chemical Engineering,4,17030,0,1,17029,0.0,5.871990604815032e-05
2007,15,Chemical Engineering,5,17030,0,1,17029,0.0,5.871990604815032e-05
2007,15,Chemical Engineering,6,17030,0,1,17029,0.0,5.871990604815032e-05
2007,15,Chemical Engineering,7,17030,0,1,17029,0.0,5.871990604815032e-05
2007,15,Chemical Engineering,8,17030,0,1,17029,0.0,5.871990604815032e-05
2007,15,Chemical Engineering,9,17030,0,1,17029,0.0,5.871990604815032e-05
2007,15,Chemical Engineering,10,17030,0,1,17029,0.0,5.871990604815032e-05
2007,15,Chemical Engineering,11,17030,0,1,17029,0.0,5.871990604815032e-05
2007,15,Chemical Engineering,12,17030,0,1,17029,0.0,5.871990604815032e-05
2007,15,Chemical Engineering,13,17030,0,1,17029,0.0,5.871990604815032e-05
2007,15,Chemical Engineering,14,17030,0,1,17029,0.0,5.871990604815032e-05
2007,15,Chemical Engineering,15,17030,0,1,17029,0.0,5.871990604815032e-05
2007,16,Chemistry,0,126582,9,0,126582,7.110015642034412e-05,7.110015642034412e-05
2007,16,Chemistry,1,126582,5,9,126573,3.950289556224471e-05,0.0001106002433205353
2007,16,Chemistry,2,126582,38,14,126568,0.0003002338663801277,0.00041080090376198827
2007,16,Chemistry,3,126582,23,52,126530,0.00018177507310519243,0.0005925013035028677
2007,16,Chemistry,4,126582,4,75,126507,3.1618803702561915e-05,0.0006241013730230206
2007,16,Chemistry,5,126582,9,79,126503,7.114455783657304e-05,0.0006952015294433648
2007,16,Chemistry,6,126582,0,88,126494,0.0,0.0006952015294433648
2007,16,Chemistry,7,126582,0,88,126494,0.0,0.0006952015294433648
2007,16,Chemistry,8,126582,0,88,126494,0.0,0.0006952015294433648
2007,16,Chemistry,9,126582,1,88,126494,7.905513304978893e-06,0.000703101546823403
2007,16,Chemistry,10,126582,0,89,126493,0.0,0.000703101546823403
2007,16,Chemistry,11,126582,0,89,126493,0.0,0.000703101546823403
2007,16,Chemistry,12,126582,1,89,126493,7.905575802613583e-06,0.0007110015642034413
2007,16,Chemistry,13,126582,0,90,126492,0.0,0.0007110015642034413
2007,16,Chemistry,14,126582,0,90,126492,0.0,0.0007110015642034413
2007,16,Chemistry,15,126582,0,90,126492,0.0,0.0007110015642034413
2007,17,Computer Science,0,370365,9,0,370365,2.4300352355109148e-05,2.4300352355109148e-05
2007,17,Computer Science,1,370365,11,9,370356,2.9701152404713303e-05,5.4000783011353663e-05
2007,17,Computer Science,2,370365,1,20,370345,2.700184962669943e-06,5.670082216192135e-05
2007,17,Computer Science,3,370365,0,21,370344,0.0,5.670082216192135e-05
2007,17,Computer Science,4,370365,2,21,370344,5.400384507376925e-06,6.210090046305672e-05
2007,17,Computer Science,5,370365,2,23,370342,5.400413671687251e-06,6.750097876419208e-05
2007,17,Computer Science,6,370365,0,25,370340,0.0,6.750097876419208e-05
2007,17,Computer Science,7,370365,0,25,370340,0.0,6.750097876419208e-05
2007,17,Computer Science,8,370365,0,25,370340,0.0,6.750097876419208e-05
2007,17,Computer Science,9,370365,0,25,370340,0.0,6.750097876419208e-05
2007,17,Computer Science,10,370365,0,25,370340,0.0,6.750097876419208e-05
2007,17,Computer Science,11,370365,0,25,370340,0.0,6.750097876419208e-05
2007,17,Computer Science,12,370365,0,25,370340,0.0,6.750097876419208e-05
2007,17,Computer Science,13,370365,1,25,370340,2.700221418156289e-06,7.020101791475976e-05
2007,17,Computer Science,14,370365,0,26,370339,0.0,7.020101791475976e-05
2007,17,Computer Science,15,370365,0,26,370339,0.0,7.020101791475976e-05
2007,18,Decision Sciences,0,54519,5,0,54519,9.171114657275445e-05,9.171114657275445e-05
2007,18,Decision Sciences,1,54519,1,5,54514,1.8343911655721465e-05,0.00011005337588730534
2007,18,Decision Sciences,2,54519,0,6,54513,0.0,0.00011005337588730534
2007,18,Decision Sciences,3,54519,1,6,54513,1.8344248160989123e-05,0.00012839560520185625
2007,18,Decision Sciences,4,54519,0,7,54512,0.0,0.00012839560520185625
2007,18,Decision Sciences,5,54519,0,7,54512,0.0,0.00012839560520185625
2007,18,Decision Sciences,6,54519,0,7,54512,0.0,0.00012839560520185625
2007,18,Decision Sciences,7,54519,0,7,54512,0.0,0.00012839560520185625
2007,18,Decision Sciences,8,54519,0,7,54512,0.0,0.00012839560520185625
2007,18,Decision Sciences,9,54519,0,7,54512,0.0,0.00012839560520185625
2007,18,Decision Sciences,10,54519,0,7,54512,0.0,0.00012839560520185625
2007,18,Decision Sciences,11,54519,0,7,54512,0.0,0.00012839560520185625
2007,18,Decision Sciences,12,54519,0,7,54512,0.0,0.00012839560520185625
2007,18,Decision Sciences,13,54519,1,7,54512,1.8344584678602875e-05,0.00014673783451640712
2007,18,Decision Sciences,14,54519,0,8,54511,0.0,0.00014673783451640712
2007,18,Decision Sciences,15,54519,0,8,54511,0.0,0.00014673783451640712
2007,19,Earth and Planetary Sciences,0,95541,3,0,95541,3.14001318805539e-05,3.14001318805539e-05
2007,19,Earth and Planetary Sciences,1,95541,1,3,95538,1.0467039293265507e-05,4.18668425074052e-05
2007,19,Earth and Planetary Sciences,2,95541,0,4,95537,0.0,4.18668425074052e-05
2007,19,Earth and Planetary Sciences,3,95541,1,4,95537,1.0467148853323844e-05,5.23335531342565e-05
2007,19,Earth and Planetary Sciences,4,95541,0,5,95536,0.0,5.23335531342565e-05
2007,19,Earth and Planetary Sciences,5,95541,0,5,95536,0.0,5.23335531342565e-05
2007,19,Earth and Planetary Sciences,6,95541,0,5,95536,0.0,5.23335531342565e-05
2007,19,Earth and Planetary Sciences,7,95541,0,5,95536,0.0,5.23335531342565e-05
2007,19,Earth and Planetary Sciences,8,95541,0,5,95536,0.0,5.23335531342565e-05
2007,19,Earth and Planetary Sciences,9,95541,0,5,95536,0.0,5.23335531342565e-05
2007,19,Earth and Planetary Sciences,10,95541,0,5,95536,0.0,5.23335531342565e-05
2007,19,Earth and Planetary Sciences,11,95541,0,5,95536,0.0,5.23335531342565e-05
2007,19,Earth and Planetary Sciences,12,95541,0,5,95536,0.0,5.23335531342565e-05
2007,19,Earth and Planetary Sciences,13,95541,0,5,95536,0.0,5.23335531342565e-05
2007,19,Earth and Planetary Sciences,14,95541,0,5,95536,0.0,5.23335531342565e-05
2007,19,Earth and Planetary Sciences,15,95541,0,5,95536,0.0,5.23335531342565e-05
2007,20,"Economics, Econometrics and Finance",0,208688,5,0,208688,2.3959211837767385e-05,2.3959211837767385e-05
2007,20,"Economics, Econometrics and Finance",1,208688,0,5,208683,0.0,2.3959211837767385e-05
2007,20,"Economics, Econometrics and Finance",2,208688,0,5,208683,0.0,2.3959211837767385e-05
2007,20,"Economics, Econometrics and Finance",3,208688,0,5,208683,0.0,2.3959211837767385e-05
2007,20,"Economics, Econometrics and Finance",4,208688,0,5,208683,0.0,2.3959211837767385e-05
2007,20,"Economics, Econometrics and Finance",5,208688,0,5,208683,0.0,2.3959211837767385e-05
2007,20,"Economics, Econometrics and Finance",6,208688,0,5,208683,0.0,2.3959211837767385e-05
2007,20,"Economics, Econometrics and Finance",7,208688,0,5,208683,0.0,2.3959211837767385e-05
2007,20,"Economics, Econometrics and Finance",8,208688,0,5,208683,0.0,2.3959211837767385e-05
2007,20,"Economics, Econometrics and Finance",9,208688,0,5,208683,0.0,2.3959211837767385e-05
2007,20,"Economics, Econometrics and Finance",10,208688,0,5,208683,0.0,2.3959211837767385e-05
2007,20,"Economics, Econometrics and Finance",11,208688,0,5,208683,0.0,2.3959211837767385e-05
2007,20,"Economics, Econometrics and Finance",12,208688,0,5,208683,0.0,2.3959211837767385e-05
2007,20,"Economics, Econometrics and Finance",13,208688,0,5,208683,0.0,2.3959211837767385e-05
2007,20,"Economics, Econometrics and Finance",14,208688,0,5,208683,0.0,2.3959211837767385e-05
2007,20,"Economics, Econometrics and Finance",15,208688,0,5,208683,0.0,2.3959211837767385e-05
2007,21,Energy,0,25380,0,0,25380,0.0,0.0
2007,21,Energy,1,25380,0,0,25380,0.0,0.0
2007,21,Energy,2,25380,0,0,25380,0.0,0.0
2007,21,Energy,3,25380,0,0,25380,0.0,0.0
2007,21,Energy,4,25380,0,0,25380,0.0,0.0
2007,21,Energy,5,25380,0,0,25380,0.0,0.0
2007,21,Energy,6,25380,0,0,25380,0.0,0.0
2007,21,Energy,7,25380,0,0,25380,0.0,0.0
2007,21,Energy,8,25380,0,0,25380,0.0,0.0
2007,21,Energy,9,25380,0,0,25380,0.0,0.0
2007,21,Energy,10,25380,0,0,25380,0.0,0.0
2007,21,Energy,11,25380,0,0,25380,0.0,0.0
2007,21,Energy,12,25380,1,0,25380,3.940110323089047e-05,3.940110323089047e-05
2007,21,Energy,13,25380,0,1,25379,0.0,3.940110323089047e-05
2007,21,Energy,14,25380,0,1,25379,0.0,3.940110323089047e-05
2007,21,Energy,15,25380,0,1,25379,0.0,3.940110323089047e-05
2007,22,Engineering,0,1330789,21,0,1330789,1.578011239948632e-05,1.578011239948632e-05
2007,22,Engineering,1,1330789,8,21,1330768,6.011566253471679e-06,2.1791583789766822e-05
2007,22,Engineering,2,1330789,4,29,1330760,3.0058011963088763e-06,2.4797319484907073e-05
2007,22,Engineering,3,1330789,1,33,1330756,7.514525577942162e-07,2.5548753408692137e-05
2007,22,Engineering,4,1330789,1,34,1330755,7.514531224755872e-07,2.63001873324772e-05
2007,22,Engineering,5,1330789,3,35,1330754,2.2543610614734203e-06,2.8554489103832388e-05
2007,22,Engineering,6,1330789,3,38,1330751,2.254366143628673e-06,3.080879087518758e-05
2007,22,Engineering,7,1330789,3,41,1330748,2.2543712258068396e-06,3.3063092646542766e-05
2007,22,Engineering,8,1330789,4,44,1330745,3.005835077343894e-06,3.6068828341683014e-05
2007,22,Engineering,9,1330789,0,48,1330741,0.0,3.6068828341683014e-05
2007,22,Engineering,10,1330789,4,48,1330741,3.005844112415564e-06,3.907456403682327e-05
2007,22,Engineering,11,1330789,1,52,1330737,7.514632868853876e-07,3.982599796060833e-05
2007,22,Engineering,12,1330789,0,53,1330736,0.0,3.982599796060833e-05
2007,22,Engineering,13,1330789,0,53,1330736,0.0,3.982599796060833e-05
2007,22,Engineering,14,1330789,1,53,1330736,7.514638515828835e-07,4.0577431884393396e-05
2007,22,Engineering,15,1330789,0,54,1330735,0.0,4.0577431884393396e-05
2007,23,Environmental Science,0,234209,4,0,234209,1.7078762985196983e-05,1.7078762985196983e-05
2007,23,Environmental Science,1,234209,1,4,234205,4.2697636685809444e-06,2.134845373149623e-05
2007,23,Environmental Science,2,234209,1,5,234204,4.269781899540571e-06,2.5618144477795475e-05
2007,23,Environmental Science,3,234209,2,6,234203,8.539600261311769e-06,3.4157525970393966e-05
2007,23,Environmental Science,4,234209,0,8,234201,0.0,3.4157525970393966e-05
2007,23,Environmental Science,5,234209,1,8,234201,4.269836593353572e-06,3.842721671669321e-05
2007,23,Environmental Science,6,234209,0,9,234200,0.0,3.842721671669321e-05
2007,23,Environmental Science,7,234209,0,9,234200,0.0,3.842721671669321e-05
2007,23,Environmental Science,8,234209,0,9,234200,0.0,3.842721671669321e-05
2007,23,Environmental Science,9,234209,0,9,234200,0.0,3.842721671669321e-05
2007,23,Environmental Science,10,234209,0,9,234200,0.0,3.842721671669321e-05
2007,23,Environmental Science,11,234209,0,9,234200,0.0,3.842721671669321e-05
2007,23,Environmental Science,12,234209,0,9,234200,0.0,3.842721671669321e-05
2007,23,Environmental Science,13,234209,0,9,234200,0.0,3.842721671669321e-05
2007,23,Environmental Science,14,234209,0,9,234200,0.0,3.842721671669321e-05
2007,23,Environmental Science,15,234209,0,9,234200,0.0,3.842721671669321e-05
2007,24,Immunology and Microbiology,0,48513,0,0,48513,0.0,0.0
2007,24,Immunology and Microbiology,1,48513,1,0,48513,2.0613031558551315e-05,2.0613031558551315e-05
2007,24,Immunology and Microbiology,2,48513,2,1,48512,4.122691292875989e-05,6.183909467565394e-05
2007,24,Immunology and Microbiology,3,48513,4,3,48510,8.245722531436817e-05,0.0001442912209098592
2007,24,Immunology and Microbiology,4,48513,4,7,48506,8.246402506906362e-05,0.00022674334714406448
2007,24,Immunology and Microbiology,5,48513,1,11,48502,2.0617706486330462e-05,0.00024735637870261577
2007,24,Immunology and Microbiology,6,48513,1,12,48501,2.0618131584915776e-05,0.0002679694102611671
2007,24,Immunology and Microbiology,7,48513,1,13,48500,2.0618556701030927e-05,0.0002885824418197184
2007,24,Immunology and Microbiology,8,48513,0,14,48499,0.0,0.0002885824418197184
2007,24,Immunology and Microbiology,9,48513,0,14,48499,0.0,0.0002885824418197184
2007,24,Immunology and Microbiology,10,48513,1,14,48499,2.0618981834677005e-05,0.00030919547337826975
2007,24,Immunology and Microbiology,11,48513,0,15,48498,0.0,0.00030919547337826975
2007,24,Immunology and Microbiology,12,48513,0,15,48498,0.0,0.00030919547337826975
2007,24,Immunology and Microbiology,13,48513,0,15,48498,0.0,0.00030919547337826975
2007,24,Immunology and Microbiology,14,48513,0,15,48498,0.0,0.00030919547337826975
2007,24,Immunology and Microbiology,15,48513,0,15,48498,0.0,0.00030919547337826975
2007,25,Materials Science,0,185217,5,0,185217,2.6995362196774595e-05,2.6995362196774595e-05
2007,25,Materials Science,1,185217,7,5,185212,3.779452735243937e-05,6.478886927225902e-05
2007,25,Materials Science,2,185217,8,12,185205,4.319537809454388e-05,0.00010798144878709838
2007,25,Materials Science,3,185217,9,20,185197,4.859689951781076e-05,0.00015657310074129263
2007,25,Materials Science,4,185217,1,29,185188,5.399917921247597e-06,0.00016197217318064756
2007,25,Materials Science,5,185217,10,30,185187,5.3999470805186106e-05,0.00021596289757419676
2007,25,Materials Science,6,185217,1,40,185177,5.400238690550122e-06,0.00022136197001355168
2007,25,Materials Science,7,185217,0,41,185176,0.0,0.00022136197001355168
2007,25,Materials Science,8,185217,2,41,185176,1.0800535706571046e-05,0.0002321601148922615
2007,25,Materials Science,9,185217,1,43,185174,5.400326179701254e-06,0.00023755918733161643
2007,25,Materials Science,10,185217,1,44,185173,5.400355343381595e-06,0.00024295825977097135
2007,25,Materials Science,11,185217,1,45,185172,5.400384507376925e-06,0.00024835733221032625
2007,25,Materials Science,12,185217,1,46,185171,5.400413671687251e-06,0.00025375640464968117
2007,25,Materials Science,13,185217,0,47,185170,0.0,0.00025375640464968117
2007,25,Materials Science,14,185217,0,47,185170,0.0,0.00025375640464968117
2007,25,Materials Science,15,185217,0,47,185170,0.0,0.00025375640464968117
2007,26,Mathematics,0,72354,4,0,72354,5.5283743815131164e-05,5.5283743815131164e-05
2007,26,Mathematics,1,72354,0,4,72350,0.0,5.5283743815131164e-05
2007,26,Mathematics,2,72354,1,4,72350,1.38217000691085e-05,6.910467976891395e-05
2007,26,Mathematics,3,72354,0,5,72349,0.0,6.910467976891395e-05
2007,26,Mathematics,4,72354,0,5,72349,0.0,6.910467976891395e-05
2007,26,Mathematics,5,72354,0,5,72349,0.0,6.910467976891395e-05
2007,26,Mathematics,6,72354,0,5,72349,0.0,6.910467976891395e-05
2007,26,Mathematics,7,72354,0,5,72349,0.0,6.910467976891395e-05
2007,26,Mathematics,8,72354,0,5,72349,0.0,6.910467976891395e-05
2007,26,Mathematics,9,72354,0,5,72349,0.0,6.910467976891395e-05
2007,26,Mathematics,10,72354,0,5,72349,0.0,6.910467976891395e-05
2007,26,Mathematics,11,72354,1,5,72349,1.3821891111141827e-05,8.292561572269674e-05
2007,26,Mathematics,12,72354,2,6,72348,2.76441643169127e-05,0.00011056748763026233
2007,26,Mathematics,13,72354,0,8,72346,0.0,0.00011056748763026233
2007,26,Mathematics,14,72354,0,8,72346,0.0,0.00011056748763026233
2007,26,Mathematics,15,72354,0,8,72346,0.0,0.00011056748763026233
2007,27,Medicine,0,877760,26,0,877760,2.962085308056872e-05,2.962085308056872e-05
2007,27,Medicine,1,877760,26,26,877734,2.96217305014959e-05,5.924170616113744e-05
2007,27,Medicine,2,877760,25,52,877708,2.8483276898467373e-05,8.772329566168429e-05
2007,27,Medicine,3,877760,20,77,877683,2.2787270574911442e-05,0.00011050856726212176
2007,27,Medicine,4,877760,19,97,877663,2.1648400354122253e-05,0.00013215457528253737
2007,27,Medicine,5,877760,15,116,877644,1.7091212382241547e-05,0.00014924352898286548
2007,27,Medicine,6,877760,11,131,877629,1.2533769964301544e-05,0.0001617754283631061
2007,27,Medicine,7,877760,8,142,877618,9.115583317570971e-06,0.00017088953700328109
2007,27,Medicine,8,877760,12,150,877610,1.3673499618281469e-05,0.00018456069996354357
2007,27,Medicine,9,877760,10,162,877598,1.139473882119148e-05,0.0001959533357637623
2007,27,Medicine,10,877760,7,172,877588,7.976408063920656e-06,0.00020392818082391541
2007,27,Medicine,11,877760,10,179,877581,1.1394959553591064e-05,0.00021532081662413416
2007,27,Medicine,12,877760,8,189,877571,9.11607152013911e-06,0.00022443492526430915
2007,27,Medicine,13,877760,7,197,877563,7.976635295699568e-06,0.00023240977032446228
2007,27,Medicine,14,877760,4,204,877556,4.5581136702387086e-06,0.00023696682464454977
2007,27,Medicine,15,877760,4,208,877552,4.558134446733641e-06,0.00024152387896463726
2007,28,Neuroscience,0,75453,0,0,75453,0.0,0.0
2007,28,Neuroscience,1,75453,3,0,75453,3.975985050296211e-05,3.975985050296211e-05
2007,28,Neuroscience,2,75453,5,3,75450,6.626905235255136e-05,0.00010602626800789896
2007,28,Neuroscience,3,75453,0,8,75445,0.0,0.00010602626800789896
2007,28,Neuroscience,4,75453,1,8,75445,1.3254688846179335e-05,0.00011927955150888632
2007,28,Neuroscience,5,75453,0,9,75444,0.0,0.00011927955150888632
2007,28,Neuroscience,6,75453,1,9,75444,1.3254864535284449e-05,0.0001325328350098737
2007,28,Neuroscience,7,75453,1,10,75443,1.3255040229047094e-05,0.00014578611851086105
2007,28,Neuroscience,8,75453,4,11,75442,5.302086370986983e-05,0.00019879925251481054
2007,28,Neuroscience,9,75453,1,15,75438,1.3255918767729791e-05,0.00021205253601579792
2007,28,Neuroscience,10,75453,1,16,75437,1.325609448944152e-05,0.0002253058195167853
2007,28,Neuroscience,11,75453,0,17,75436,0.0,0.0002253058195167853
2007,28,Neuroscience,12,75453,1,17,75436,1.3256270215812079e-05,0.00023855910301777265
2007,28,Neuroscience,13,75453,1,18,75435,1.3256445946841652e-05,0.00025181238651876
2007,28,Neuroscience,14,75453,0,19,75434,0.0,0.00025181238651876
2007,28,Neuroscience,15,75453,0,19,75434,0.0,0.00025181238651876
2007,29,Nursing,0,22460,0,0,22460,0.0,0.0
2007,29,Nursing,1,22460,1,0,22460,4.452359750667854e-05,4.452359750667854e-05
2007,29,Nursing,2,22460,0,1,22459,0.0,4.452359750667854e-05
2007,29,Nursing,3,22460,0,1,22459,0.0,4.452359750667854e-05
2007,29,Nursing,4,22460,0,1,22459,0.0,4.452359750667854e-05
2007,29,Nursing,5,22460,0,1,22459,0.0,4.452359750667854e-05
2007,29,Nursing,6,22460,0,1,22459,0.0,4.452359750667854e-05
2007,29,Nursing,7,22460,1,1,22459,4.452557994567879e-05,8.904719501335708e-05
2007,29,Nursing,8,22460,0,2,22458,0.0,8.904719501335708e-05
2007,29,Nursing,9,22460,0,2,22458,0.0,8.904719501335708e-05
2007,29,Nursing,10,22460,0,2,22458,0.0,8.904719501335708e-05
2007,29,Nursing,11,22460,0,2,22458,0.0,8.904719501335708e-05
2007,29,Nursing,12,22460,1,2,22458,4.4527562561225396e-05,0.0001335707925200356
2007,29,Nursing,13,22460,0,3,22457,0.0,0.0001335707925200356
2007,29,Nursing,14,22460,0,3,22457,0.0,0.0001335707925200356
2007,29,Nursing,15,22460,0,3,22457,0.0,0.0001335707925200356
2007,30,"Pharmacology, Toxicology and Pharmaceutics",0,21786,1,0,21786,4.590103736344442e-05,4.590103736344442e-05
2007,30,"Pharmacology, Toxicology and Pharmaceutics",1,21786,0,1,21785,0.0,4.590103736344442e-05
2007,30,"Pharmacology, Toxicology and Pharmaceutics",2,21786,1,1,21785,4.590314436538903e-05,9.180207472688883e-05
2007,30,"Pharmacology, Toxicology and Pharmaceutics",3,21786,0,2,21784,0.0,9.180207472688883e-05
2007,30,"Pharmacology, Toxicology and Pharmaceutics",4,21786,0,2,21784,0.0,9.180207472688883e-05
2007,30,"Pharmacology, Toxicology and Pharmaceutics",5,21786,0,2,21784,0.0,9.180207472688883e-05
2007,30,"Pharmacology, Toxicology and Pharmaceutics",6,21786,0,2,21784,0.0,9.180207472688883e-05
2007,30,"Pharmacology, Toxicology and Pharmaceutics",7,21786,0,2,21784,0.0,9.180207472688883e-05
2007,30,"Pharmacology, Toxicology and Pharmaceutics",8,21786,0,2,21784,0.0,9.180207472688883e-05
2007,30,"Pharmacology, Toxicology and Pharmaceutics",9,21786,0,2,21784,0.0,9.180207472688883e-05
2007,30,"Pharmacology, Toxicology and Pharmaceutics",10,21786,1,2,21784,4.590525156077855e-05,0.00013770311209033325
2007,30,"Pharmacology, Toxicology and Pharmaceutics",11,21786,0,3,21783,0.0,0.00013770311209033325
2007,30,"Pharmacology, Toxicology and Pharmaceutics",12,21786,1,3,21783,4.590735894963963e-05,0.00018360414945377767
2007,30,"Pharmacology, Toxicology and Pharmaceutics",13,21786,0,4,21782,0.0,0.00018360414945377767
2007,30,"Pharmacology, Toxicology and Pharmaceutics",14,21786,0,4,21782,0.0,0.00018360414945377767
2007,30,"Pharmacology, Toxicology and Pharmaceutics",15,21786,0,4,21782,0.0,0.00018360414945377767
2007,31,Physics and Astronomy,0,188336,3,0,188336,1.5928977996771726e-05,1.5928977996771726e-05
2007,31,Physics and Astronomy,1,188336,4,3,188333,2.123897564420468e-05,3.7167615325800694e-05
2007,31,Physics and Astronomy,2,188336,0,7,188329,0.0,3.7167615325800694e-05
2007,31,Physics and Astronomy,3,188336,2,7,188329,1.0619713373936037e-05,4.778693399031518e-05
2007,31,Physics and Astronomy,4,188336,1,9,188327,5.309913076722934e-06,5.309659332257242e-05
2007,31,Physics and Astronomy,5,188336,0,10,188326,0.0,5.309659332257242e-05
2007,31,Physics and Astronomy,6,188336,1,10,188326,5.3099412720495315e-06,5.8406252654829664e-05
2007,31,Physics and Astronomy,7,188336,2,11,188325,1.0619938935351121e-05,6.902557131934415e-05
2007,31,Physics and Astronomy,8,188336,0,13,188323,0.0,6.902557131934415e-05
2007,31,Physics and Astronomy,9,188336,0,13,188323,0.0,6.902557131934415e-05
2007,31,Physics and Astronomy,10,188336,0,13,188323,0.0,6.902557131934415e-05
2007,31,Physics and Astronomy,11,188336,0,13,188323,0.0,6.902557131934415e-05
2007,31,Physics and Astronomy,12,188336,2,13,188323,1.0620051719651875e-05,7.964488998385863e-05
2007,31,Physics and Astronomy,13,188336,3,15,188321,1.5930246759522305e-05,9.557386798063036e-05
2007,31,Physics and Astronomy,14,188336,0,18,188318,0.0,9.557386798063036e-05
2007,31,Physics and Astronomy,15,188336,0,18,188318,0.0,9.557386798063036e-05
2007,32,Psychology,0,145500,2,0,145500,1.3745704467353951e-05,1.3745704467353951e-05
2007,32,Psychology,1,145500,1,2,145498,6.872946707171233e-06,2.0618556701030927e-05
2007,32,Psychology,2,145500,1,3,145497,6.872993944892335e-06,2.7491408934707902e-05
2007,32,Psychology,3,145500,0,4,145496,0.0,2.7491408934707902e-05
2007,32,Psychology,4,145500,0,4,145496,0.0,2.7491408934707902e-05
2007,32,Psychology,5,145500,1,4,145496,6.87304118326277e-06,3.436426116838488e-05
2007,32,Psychology,6,145500,2,5,145495,1.3746176844565105e-05,4.810996563573883e-05
2007,32,Psychology,7,145500,0,7,145493,0.0,4.810996563573883e-05
2007,32,Psychology,8,145500,1,7,145493,6.8731829022702125e-06,5.4982817869415804e-05
2007,32,Psychology,9,145500,0,8,145492,0.0,5.4982817869415804e-05
2007,32,Psychology,10,145500,0,8,145492,0.0,5.4982817869415804e-05
2007,32,Psychology,11,145500,0,8,145492,0.0,5.4982817869415804e-05
2007,32,Psychology,12,145500,0,8,145492,0.0,5.4982817869415804e-05
2007,32,Psychology,13,145500,0,8,145492,0.0,5.4982817869415804e-05
2007,32,Psychology,14,145500,0,8,145492,0.0,5.4982817869415804e-05
2007,32,Psychology,15,145500,0,8,145492,0.0,5.4982817869415804e-05
2007,33,Social Sciences,0,898284,10,0,898284,1.1132336766545991e-05,1.1132336766545991e-05
2007,33,Social Sciences,1,898284,2,10,898274,2.2264921393695018e-06,1.335880411985519e-05
2007,33,Social Sciences,2,898284,2,12,898272,2.226497096647786e-06,1.558527147316439e-05
2007,33,Social Sciences,3,898284,1,14,898270,1.1132510269740724e-06,1.669850514981899e-05
2007,33,Social Sciences,4,898284,0,15,898269,0.0,1.669850514981899e-05
2007,33,Social Sciences,5,898284,0,15,898269,0.0,1.669850514981899e-05
2007,33,Social Sciences,6,898284,1,15,898269,1.1132522663033012e-06,1.781173882647359e-05
2007,33,Social Sciences,7,898284,1,16,898268,1.1132535056352893e-06,1.8924972503128188e-05
2007,33,Social Sciences,8,898284,1,17,898267,1.1132547449700367e-06,2.0038206179782788e-05
2007,33,Social Sciences,9,898284,0,18,898266,0.0,2.0038206179782788e-05
2007,33,Social Sciences,10,898284,0,18,898266,0.0,2.0038206179782788e-05
2007,33,Social Sciences,11,898284,0,18,898266,0.0,2.0038206179782788e-05
2007,33,Social Sciences,12,898284,0,18,898266,0.0,2.0038206179782788e-05
2007,33,Social Sciences,13,898284,0,18,898266,0.0,2.0038206179782788e-05
2007,33,Social Sciences,14,898284,0,18,898266,0.0,2.0038206179782788e-05
2007,33,Social Sciences,15,898284,0,18,898266,0.0,2.0038206179782788e-05
2007,34,Veterinary,0,8181,0,0,8181,0.0,0.0
2007,34,Veterinary,1,8181,0,0,8181,0.0,0.0
2007,34,Veterinary,2,8181,0,0,8181,0.0,0.0
2007,34,Veterinary,3,8181,0,0,8181,0.0,0.0
2007,34,Veterinary,4,8181,0,0,8181,0.0,0.0
2007,34,Veterinary,5,8181,0,0,8181,0.0,0.0
2007,34,Veterinary,6,8181,0,0,8181,0.0,0.0
2007,34,Veterinary,7,8181,0,0,8181,0.0,0.0
2007,34,Veterinary,8,8181,0,0,8181,0.0,0.0
2007,34,Veterinary,9,8181,0,0,8181,0.0,0.0
2007,34,Veterinary,10,8181,0,0,8181,0.0,0.0
2007,34,Veterinary,11,8181,0,0,8181,0.0,0.0
2007,34,Veterinary,12,8181,0,0,8181,0.0,0.0
2007,34,Veterinary,13,8181,0,0,8181,0.0,0.0
2007,34,Veterinary,14,8181,0,0,8181,0.0,0.0
2007,34,Veterinary,15,8181,0,0,8181,0.0,0.0
2007,35,Dentistry,0,16657,1,0,16657,6.003482019571351e-05,6.003482019571351e-05
2007,35,Dentistry,1,16657,1,1,16656,6.003842459173871e-05,0.00012006964039142703
2007,35,Dentistry,2,16657,0,2,16655,0.0,0.00012006964039142703
2007,35,Dentistry,3,16657,0,2,16655,0.0,0.00012006964039142703
2007,35,Dentistry,4,16657,0,2,16655,0.0,0.00012006964039142703
2007,35,Dentistry,5,16657,0,2,16655,0.0,0.00012006964039142703
2007,35,Dentistry,6,16657,0,2,16655,0.0,0.00012006964039142703
2007,35,Dentistry,7,16657,0,2,16655,0.0,0.00012006964039142703
2007,35,Dentistry,8,16657,0,2,16655,0.0,0.00012006964039142703
2007,35,Dentistry,9,16657,1,2,16655,6.004202942059442e-05,0.00018010446058714055
2007,35,Dentistry,10,16657,0,3,16654,0.0,0.00018010446058714055
2007,35,Dentistry,11,16657,0,3,16654,0.0,0.00018010446058714055
2007,35,Dentistry,12,16657,1,3,16654,6.0045634682358595e-05,0.00024013928078285405
2007,35,Dentistry,13,16657,1,4,16653,6.004924037710923e-05,0.0003001741009785676
2007,35,Dentistry,14,16657,0,5,16652,0.0,0.0003001741009785676
2007,35,Dentistry,15,16657,0,5,16652,0.0,0.0003001741009785676
2007,36,Health Professions,0,134501,1,0,134501,7.434888959933384e-06,7.434888959933384e-06
2007,36,Health Professions,1,134501,1,1,134500,7.434944237918216e-06,1.4869777919866768e-05
2007,36,Health Professions,2,134501,1,2,134499,7.434999516725032e-06,2.230466687980015e-05
2007,36,Health Professions,3,134501,0,3,134498,0.0,2.230466687980015e-05
2007,36,Health Professions,4,134501,1,3,134498,7.435054796353849e-06,2.9739555839733535e-05
2007,36,Health Professions,5,134501,0,4,134497,0.0,2.9739555839733535e-05
2007,36,Health Professions,6,134501,0,4,134497,0.0,2.9739555839733535e-05
2007,36,Health Professions,7,134501,0,4,134497,0.0,2.9739555839733535e-05
2007,36,Health Professions,8,134501,0,4,134497,0.0,2.9739555839733535e-05
2007,36,Health Professions,9,134501,2,4,134497,1.4870220153609374e-05,4.46093337596003e-05
2007,36,Health Professions,10,134501,0,6,134495,0.0,4.46093337596003e-05
2007,36,Health Professions,11,134501,0,6,134495,0.0,4.46093337596003e-05
2007,36,Health Professions,12,134501,1,6,134495,7.435220640172497e-06,5.2044222719533685e-05
2007,36,Health Professions,13,134501,0,7,134494,0.0,5.2044222719533685e-05
2007,36,Health Professions,14,134501,0,7,134494,0.0,5.2044222719533685e-05
2007,36,Health Professions,15,134501,0,7,134494,0.0,5.2044222719533685e-05
2008,11,Agricultural and Biological Sciences,0,273217,1,0,273217,3.6600943572325293e-06,3.6600943572325293e-06
2008,11,Agricultural and Biological Sciences,1,273217,4,1,273216,1.464043101428906e-05,1.830047178616265e-05
2008,11,Agricultural and Biological Sciences,2,273217,4,5,273212,1.4640645359647453e-05,3.2940849215092764e-05
2008,11,Agricultural and Biological Sciences,3,273217,1,9,273208,3.6602149278205616e-06,3.66009435723253e-05
2008,11,Agricultural and Biological Sciences,4,273217,0,10,273207,0.0,3.66009435723253e-05
2008,11,Agricultural and Biological Sciences,5,273217,0,10,273207,0.0,3.66009435723253e-05
2008,11,Agricultural and Biological Sciences,6,273217,4,10,273207,1.4640913300171664e-05,5.1241321001255416e-05
2008,11,Agricultural and Biological Sciences,7,273217,0,14,273203,0.0,5.1241321001255416e-05
2008,11,Agricultural and Biological Sciences,8,273217,1,14,273203,3.6602819149130864e-06,5.490141535848794e-05
2008,11,Agricultural and Biological Sciences,9,273217,0,15,273202,0.0,5.490141535848794e-05
2008,11,Agricultural and Biological Sciences,10,273217,1,15,273202,3.6602953126258225e-06,5.856150971572047e-05
2008,11,Agricultural and Biological Sciences,11,273217,0,16,273201,0.0,5.856150971572047e-05
2008,11,Agricultural and Biological Sciences,12,273217,0,16,273201,0.0,5.856150971572047e-05
2008,11,Agricultural and Biological Sciences,13,273217,0,16,273201,0.0,5.856150971572047e-05
2008,11,Agricultural and Biological Sciences,14,273217,0,16,273201,0.0,5.856150971572047e-05
2008,11,Agricultural and Biological Sciences,15,273217,0,16,273201,0.0,5.856150971572047e-05
2008,12,Arts and Humanities,0,408663,2,0,408663,4.894008021279147e-06,4.894008021279147e-06
2008,12,Arts and Humanities,1,408663,0,2,408661,0.0,4.894008021279147e-06
2008,12,Arts and Humanities,2,408663,0,2,408661,0.0,4.894008021279147e-06
2008,12,Arts and Humanities,3,408663,1,2,408661,2.447015986355439e-06,7.3410120319187205e-06
2008,12,Arts and Humanities,4,408663,0,3,408660,0.0,7.3410120319187205e-06
2008,12,Arts and Humanities,5,408663,0,3,408660,0.0,7.3410120319187205e-06
2008,12,Arts and Humanities,6,408663,0,3,408660,0.0,7.3410120319187205e-06
2008,12,Arts and Humanities,7,408663,2,3,408660,4.894043948514658e-06,1.2235020053197867e-05
2008,12,Arts and Humanities,8,408663,0,5,408658,0.0,1.2235020053197867e-05
2008,12,Arts and Humanities,9,408663,0,5,408658,0.0,1.2235020053197867e-05
2008,12,Arts and Humanities,10,408663,0,5,408658,0.0,1.2235020053197867e-05
2008,12,Arts and Humanities,11,408663,0,5,408658,0.0,1.2235020053197867e-05
2008,12,Arts and Humanities,12,408663,0,5,408658,0.0,1.2235020053197867e-05
2008,12,Arts and Humanities,13,408663,0,5,408658,0.0,1.2235020053197867e-05
2008,12,Arts and Humanities,14,408663,1,5,408658,2.447033950149024e-06,1.4682024063837441e-05
2008,12,Arts and Humanities,15,408663,0,6,408657,0.0,1.4682024063837441e-05
2008,13,"Biochemistry, Genetics and Molecular Biology",0,309441,19,0,309441,6.14010425250694e-05,6.14010425250694e-05
2008,13,"Biochemistry, Genetics and Molecular Biology",1,309441,12,19,309422,3.878198705974365e-05,0.00010018064833037638
2008,13,"Biochemistry, Genetics and Molecular Biology",2,309441,9,31,309410,2.908761837044698e-05,0.00012926535268435662
2008,13,"Biochemistry, Genetics and Molecular Biology",3,309441,7,40,309401,2.2624361265800694e-05,0.00015188678940411903
2008,13,"Biochemistry, Genetics and Molecular Biology",4,309441,12,47,309394,3.878549680989289e-05,0.00019066639520942604
2008,13,"Biochemistry, Genetics and Molecular Biology",5,309441,11,59,309382,3.555475108441991e-05,0.0002262143671976241
2008,13,"Biochemistry, Genetics and Molecular Biology",6,309441,5,70,309371,1.6161825122587443e-05,0.00024237253628316867
2008,13,"Biochemistry, Genetics and Molecular Biology",7,309441,7,75,309366,2.2626920863960487e-05,0.0002649939730029311
2008,13,"Biochemistry, Genetics and Molecular Biology",8,309441,11,82,309359,3.555739448343187e-05,0.00030054194499112917
2008,13,"Biochemistry, Genetics and Molecular Biology",9,309441,8,93,309348,2.586084280486701e-05,0.0003263950155280005
2008,13,"Biochemistry, Genetics and Molecular Biology",10,309441,5,101,309340,1.6163444753345834e-05,0.00034255318461354504
2008,13,"Biochemistry, Genetics and Molecular Biology",11,309441,7,106,309335,2.2629188420321012e-05,0.00036517462133330746
2008,13,"Biochemistry, Genetics and Molecular Biology",12,309441,5,113,309328,1.616407179434128e-05,0.0003813327904188521
2008,13,"Biochemistry, Genetics and Molecular Biology",13,309441,2,118,309323,6.46573323031265e-06,0.0003877960580530699
2008,13,"Biochemistry, Genetics and Molecular Biology",14,309441,5,120,309321,1.6164437590722907e-05,0.0004039542271386145
2008,13,"Biochemistry, Genetics and Molecular Biology",15,309441,8,125,309316,2.5863518214382704e-05,0.0004298072976754858
2008,14,"Business, Management and Accounting",0,195321,24,0,195321,0.00012287465249512342,0.00012287465249512342
2008,14,"Business, Management and Accounting",1,195321,0,24,195297,0.0,0.00012287465249512342
2008,14,"Business, Management and Accounting",2,195321,0,24,195297,0.0,0.00012287465249512342
2008,14,"Business, Management and Accounting",3,195321,0,24,195297,0.0,0.00012287465249512342
2008,14,"Business, Management and Accounting",4,195321,1,24,195297,5.120406355448368e-06,0.0001279944296824202
2008,14,"Business, Management and Accounting",5,195321,2,25,195296,1.0240865148287727e-05,0.00013823398405701383
2008,14,"Business, Management and Accounting",6,195321,0,27,195294,0.0,0.00013823398405701383
2008,14,"Business, Management and Accounting",7,195321,2,27,195294,1.0240970024680738e-05,0.00014847353843160745
2008,14,"Business, Management and Accounting",8,195321,0,29,195292,0.0,0.00014847353843160745
2008,14,"Business, Management and Accounting",9,195321,1,29,195292,5.120537451610921e-06,0.00015359331561890427
2008,14,"Business, Management and Accounting",10,195321,0,30,195291,0.0,0.00015359331561890427
2008,14,"Business, Management and Accounting",11,195321,0,30,195291,0.0,0.00015359331561890427
2008,14,"Business, Management and Accounting",12,195321,0,30,195291,0.0,0.00015359331561890427
2008,14,"Business, Management and Accounting",13,195321,0,30,195291,0.0,0.00015359331561890427
2008,14,"Business, Management and Accounting",14,195321,0,30,195291,0.0,0.00015359331561890427
2008,14,"Business, Management and Accounting",15,195321,0,30,195291,0.0,0.00015359331561890427
2008,15,Chemical Engineering,0,21806,0,0,21806,0.0,0.0
2008,15,Chemical Engineering,1,21806,0,0,21806,0.0,0.0
2008,15,Chemical Engineering,2,21806,0,0,21806,0.0,0.0
2008,15,Chemical Engineering,3,21806,0,0,21806,0.0,0.0
2008,15,Chemical Engineering,4,21806,0,0,21806,0.0,0.0
2008,15,Chemical Engineering,5,21806,0,0,21806,0.0,0.0
2008,15,Chemical Engineering,6,21806,0,0,21806,0.0,0.0
2008,15,Chemical Engineering,7,21806,0,0,21806,0.0,0.0
2008,15,Chemical Engineering,8,21806,0,0,21806,0.0,0.0
2008,15,Chemical Engineering,9,21806,0,0,21806,0.0,0.0
2008,15,Chemical Engineering,10,21806,0,0,21806,0.0,0.0
2008,15,Chemical Engineering,11,21806,0,0,21806,0.0,0.0
2008,15,Chemical Engineering,12,21806,0,0,21806,0.0,0.0
2008,15,Chemical Engineering,13,21806,0,0,21806,0.0,0.0
2008,15,Chemical Engineering,14,21806,0,0,21806,0.0,0.0
2008,15,Chemical Engineering,15,21806,0,0,21806,0.0,0.0
2008,16,Chemistry,0,128677,0,0,128677,0.0,0.0
2008,16,Chemistry,1,128677,6,0,128677,4.662837958609542e-05,4.662837958609542e-05
2008,16,Chemistry,2,128677,1,6,128671,7.771758982210443e-06,5.439977618377799e-05
2008,16,Chemistry,3,128677,1,7,128670,7.771819382917542e-06,6.217117278146055e-05
2008,16,Chemistry,4,128677,5,8,128669,3.885939892281746e-05,0.00010102815576987341
2008,16,Chemistry,5,128677,2,13,128664,1.554436361375365e-05,0.00011657094896523855
2008,16,Chemistry,6,128677,1,15,128662,7.772302622374904e-06,0.0001243423455629211
2008,16,Chemistry,7,128677,0,16,128661,0.0,0.0001243423455629211
2008,16,Chemistry,8,128677,0,16,128661,0.0,0.0001243423455629211
2008,16,Chemistry,9,128677,0,16,128661,0.0,0.0001243423455629211
2008,16,Chemistry,10,128677,0,16,128661,0.0,0.0001243423455629211
2008,16,Chemistry,11,128677,0,16,128661,0.0,0.0001243423455629211
2008,16,Chemistry,12,128677,1,16,128661,7.772363031532476e-06,0.00013211374216060367
2008,16,Chemistry,13,128677,0,17,128660,0.0,0.00013211374216060367
2008,16,Chemistry,14,128677,0,17,128660,0.0,0.00013211374216060367
2008,16,Chemistry,15,128677,0,17,128660,0.0,0.00013211374216060367
2008,17,Computer Science,0,395034,23,0,395034,5.822283651533792e-05,5.822283651533792e-05
2008,17,Computer Science,1,395034,3,23,395011,7.5947252101840205e-06,6.581711953907765e-05
2008,17,Computer Science,2,395034,0,26,395008,0.0,6.581711953907765e-05
2008,17,Computer Science,3,395034,0,26,395008,0.0,6.581711953907765e-05
2008,17,Computer Science,4,395034,0,26,395008,0.0,6.581711953907765e-05
2008,17,Computer Science,5,395034,0,26,395008,0.0,6.581711953907765e-05
2008,17,Computer Science,6,395034,0,26,395008,0.0,6.581711953907765e-05
2008,17,Computer Science,7,395034,0,26,395008,0.0,6.581711953907765e-05
2008,17,Computer Science,8,395034,0,26,395008,0.0,6.581711953907765e-05
2008,17,Computer Science,9,395034,0,26,395008,0.0,6.581711953907765e-05
2008,17,Computer Science,10,395034,0,26,395008,0.0,6.581711953907765e-05
2008,17,Computer Science,11,395034,0,26,395008,0.0,6.581711953907765e-05
2008,17,Computer Science,12,395034,0,26,395008,0.0,6.581711953907765e-05
2008,17,Computer Science,13,395034,1,26,395008,2.531594296824368e-06,6.834854721365756e-05
2008,17,Computer Science,14,395034,0,27,395007,0.0,6.834854721365756e-05
2008,17,Computer Science,15,395034,1,27,395007,2.5316007058102767e-06,7.087997488823746e-05
2008,18,Decision Sciences,0,60499,7,0,60499,0.00011570439180812906,0.00011570439180812906
2008,18,Decision Sciences,1,60499,0,7,60492,0.0,0.00011570439180812906
2008,18,Decision Sciences,2,60499,0,7,60492,0.0,0.00011570439180812906
2008,18,Decision Sciences,3,60499,1,7,60492,1.653111155194075e-05,0.00013223359063786177
2008,18,Decision Sciences,4,60499,1,8,60491,1.653138483410755e-05,0.0001487627894675945
2008,18,Decision Sciences,5,60499,1,9,60490,1.6531658125309968e-05,0.00016529198829732722
2008,18,Decision Sciences,6,60499,0,10,60489,0.0,0.00016529198829732722
2008,18,Decision Sciences,7,60499,0,10,60489,0.0,0.00016529198829732722
2008,18,Decision Sciences,8,60499,1,10,60489,1.6531931425548446e-05,0.00018182118712705995
2008,18,Decision Sciences,9,60499,0,11,60488,0.0,0.00018182118712705995
2008,18,Decision Sciences,10,60499,0,11,60488,0.0,0.00018182118712705995
2008,18,Decision Sciences,11,60499,0,11,60488,0.0,0.00018182118712705995
2008,18,Decision Sciences,12,60499,0,11,60488,0.0,0.00018182118712705995
2008,18,Decision Sciences,13,60499,0,11,60488,0.0,0.00018182118712705995
2008,18,Decision Sciences,14,60499,1,11,60488,1.6532204734823435e-05,0.00019835038595679267
2008,18,Decision Sciences,15,60499,0,12,60487,0.0,0.00019835038595679267
2008,19,Earth and Planetary Sciences,0,99554,2,0,99554,2.0089599614279686e-05,2.0089599614279686e-05
2008,19,Earth and Planetary Sciences,1,99554,0,2,99552,0.0,2.0089599614279686e-05
2008,19,Earth and Planetary Sciences,2,99554,0,2,99552,0.0,2.0089599614279686e-05
2008,19,Earth and Planetary Sciences,3,99554,0,2,99552,0.0,2.0089599614279686e-05
2008,19,Earth and Planetary Sciences,4,99554,1,2,99552,1.0045001607200256e-05,3.013439942141953e-05
2008,19,Earth and Planetary Sciences,5,99554,1,3,99551,1.0045102510271118e-05,4.017919922855937e-05
2008,19,Earth and Planetary Sciences,6,99554,0,4,99550,0.0,4.017919922855937e-05
2008,19,Earth and Planetary Sciences,7,99554,0,4,99550,0.0,4.017919922855937e-05
2008,19,Earth and Planetary Sciences,8,99554,0,4,99550,0.0,4.017919922855937e-05
2008,19,Earth and Planetary Sciences,9,99554,0,4,99550,0.0,4.017919922855937e-05
2008,19,Earth and Planetary Sciences,10,99554,0,4,99550,0.0,4.017919922855937e-05
2008,19,Earth and Planetary Sciences,11,99554,0,4,99550,0.0,4.017919922855937e-05
2008,19,Earth and Planetary Sciences,12,99554,0,4,99550,0.0,4.017919922855937e-05
2008,19,Earth and Planetary Sciences,13,99554,0,4,99550,0.0,4.017919922855937e-05
2008,19,Earth and Planetary Sciences,14,99554,0,4,99550,0.0,4.017919922855937e-05
2008,19,Earth and Planetary Sciences,15,99554,0,4,99550,0.0,4.017919922855937e-05
2008,20,"Economics, Econometrics and Finance",0,219522,6,0,219522,2.7332112498975046e-05,2.7332112498975046e-05
2008,20,"Economics, Econometrics and Finance",1,219522,1,6,219516,4.55547659396126e-06,3.188746458213755e-05
2008,20,"Economics, Econometrics and Finance",2,219522,0,7,219515,0.0,3.188746458213755e-05
2008,20,"Economics, Econometrics and Finance",3,219522,0,7,219515,0.0,3.188746458213755e-05
2008,20,"Economics, Econometrics and Finance",4,219522,1,7,219515,4.555497346422796e-06,3.644281666530006e-05
2008,20,"Economics, Econometrics and Finance",5,219522,0,8,219514,0.0,3.644281666530006e-05
2008,20,"Economics, Econometrics and Finance",6,219522,1,8,219514,4.555518099073408e-06,4.099816874846257e-05
2008,20,"Economics, Econometrics and Finance",7,219522,1,9,219513,4.555538851913098e-06,4.555352083162508e-05
2008,20,"Economics, Econometrics and Finance",8,219522,0,10,219512,0.0,4.555352083162508e-05
2008,20,"Economics, Econometrics and Finance",9,219522,0,10,219512,0.0,4.555352083162508e-05
2008,20,"Economics, Econometrics and Finance",10,219522,0,10,219512,0.0,4.555352083162508e-05
2008,20,"Economics, Econometrics and Finance",11,219522,0,10,219512,0.0,4.555352083162508e-05
2008,20,"Economics, Econometrics and Finance",12,219522,0,10,219512,0.0,4.555352083162508e-05
2008,20,"Economics, Econometrics and Finance",13,219522,0,10,219512,0.0,4.555352083162508e-05
2008,20,"Economics, Econometrics and Finance",14,219522,0,10,219512,0.0,4.555352083162508e-05
2008,20,"Economics, Econometrics and Finance",15,219522,0,10,219512,0.0,4.555352083162508e-05
2008,21,Energy,0,28833,0,0,28833,0.0,0.0
2008,21,Energy,1,28833,0,0,28833,0.0,0.0
2008,21,Energy,2,28833,0,0,28833,0.0,0.0
2008,21,Energy,3,28833,0,0,28833,0.0,0.0
2008,21,Energy,4,28833,1,0,28833,3.468248187840322e-05,3.468248187840322e-05
2008,21,Energy,5,28833,0,1,28832,0.0,3.468248187840322e-05
2008,21,Energy,6,28833,0,1,28832,0.0,3.468248187840322e-05
2008,21,Energy,7,28833,0,1,28832,0.0,3.468248187840322e-05
2008,21,Energy,8,28833,0,1,28832,0.0,3.468248187840322e-05
2008,21,Energy,9,28833,0,1,28832,0.0,3.468248187840322e-05
2008,21,Energy,10,28833,0,1,28832,0.0,3.468248187840322e-05
2008,21,Energy,11,28833,0,1,28832,0.0,3.468248187840322e-05
2008,21,Energy,12,28833,0,1,28832,0.0,3.468248187840322e-05
2008,21,Energy,13,28833,0,1,28832,0.0,3.468248187840322e-05
2008,21,Energy,14,28833,0,1,28832,0.0,3.468248187840322e-05
2008,21,Energy,15,28833,0,1,28832,0.0,3.468248187840322e-05
2008,22,Engineering,0,1422627,34,0,1422627,2.3899447993043855e-05,2.3899447993043855e-05
2008,22,Engineering,1,1422627,9,34,1422593,6.32647566802311e-06,3.0225772461790756e-05
2008,22,Engineering,2,1422627,5,43,1422584,3.5147309403170567e-06,3.3740397166650146e-05
2008,22,Engineering,3,1422627,3,48,1422579,2.108845976216435e-06,3.584917198956578e-05
2008,22,Engineering,4,1422627,1,51,1422576,7.029501411523884e-07,3.655209693053766e-05
2008,22,Engineering,5,1422627,3,52,1422575,2.10885190587491e-06,3.866087175345329e-05
2008,22,Engineering,6,1422627,2,55,1422572,1.4059042354270996e-06,4.0066721635397054e-05
2008,22,Engineering,7,1422627,4,57,1422570,2.8118124239931954e-06,4.2878421399284565e-05
2008,22,Engineering,8,1422627,1,61,1422566,7.029550825761336e-07,4.358134634025644e-05
2008,22,Engineering,9,1422627,2,62,1422565,1.405911153444658e-06,4.49871962222002e-05
2008,22,Engineering,10,1422627,1,64,1422563,7.029565650168042e-07,4.569012116317208e-05
2008,22,Engineering,11,1422627,1,65,1422562,7.029570591650838e-07,4.6393046104143955e-05
2008,22,Engineering,12,1422627,0,66,1422561,0.0,4.6393046104143955e-05
2008,22,Engineering,13,1422627,0,66,1422561,0.0,4.6393046104143955e-05
2008,22,Engineering,14,1422627,0,66,1422561,0.0,4.6393046104143955e-05
2008,22,Engineering,15,1422627,0,66,1422561,0.0,4.6393046104143955e-05
2008,23,Environmental Science,0,256935,2,0,256935,7.78406990094771e-06,7.78406990094771e-06
2008,23,Environmental Science,1,256935,1,2,256933,3.892065246581794e-06,1.1676104851421566e-05
2008,23,Environmental Science,2,256935,2,3,256932,7.78416078962527e-06,1.9460174752369276e-05
2008,23,Environmental Science,3,256935,0,5,256930,0.0,1.9460174752369276e-05
2008,23,Environmental Science,4,256935,5,5,256930,1.946055345814035e-05,3.892034950473855e-05
2008,23,Environmental Science,5,256935,0,10,256925,0.0,3.892034950473855e-05
2008,23,Environmental Science,6,256935,1,10,256925,3.892186435730272e-06,4.2812384455212406e-05
2008,23,Environmental Science,7,256935,0,11,256924,0.0,4.2812384455212406e-05
2008,23,Environmental Science,8,256935,2,11,256924,7.78440316980897e-06,5.059645435616012e-05
2008,23,Environmental Science,9,256935,0,13,256922,0.0,5.059645435616012e-05
2008,23,Environmental Science,10,256935,0,13,256922,0.0,5.059645435616012e-05
2008,23,Environmental Science,11,256935,0,13,256922,0.0,5.059645435616012e-05
2008,23,Environmental Science,12,256935,0,13,256922,0.0,5.059645435616012e-05
2008,23,Environmental Science,13,256935,0,13,256922,0.0,5.059645435616012e-05
2008,23,Environmental Science,14,256935,0,13,256922,0.0,5.059645435616012e-05
2008,23,Environmental Science,15,256935,0,13,256922,0.0,5.059645435616012e-05
2008,24,Immunology and Microbiology,0,53617,2,0,53617,3.730160210381036e-05,3.730160210381036e-05
2008,24,Immunology and Microbiology,1,53617,2,2,53615,3.730299356523361e-05,7.460320420762072e-05
2008,24,Immunology and Microbiology,2,53617,6,4,53613,0.00011191315539141626,0.0001865080105190518
2008,24,Immunology and Microbiology,3,53617,7,10,53607,0.00013057996157218274,0.0003170636178823881
2008,24,Immunology and Microbiology,4,53617,2,17,53600,3.7313432835820896e-05,0.0003543652199861984
2008,24,Immunology and Microbiology,5,53617,2,19,53598,3.7314825180044035e-05,0.0003916668220900088
2008,24,Immunology and Microbiology,6,53617,1,21,53596,1.8658108814090605e-05,0.00041031762314191393
2008,24,Immunology and Microbiology,7,53617,0,22,53595,0.0,0.00041031762314191393
2008,24,Immunology and Microbiology,8,53617,1,22,53595,1.8658456945610598e-05,0.0004289684241938191
2008,24,Immunology and Microbiology,9,53617,0,23,53594,0.0,0.0004289684241938191
2008,24,Immunology and Microbiology,10,53617,0,23,53594,0.0,0.0004289684241938191
2008,24,Immunology and Microbiology,11,53617,0,23,53594,0.0,0.0004289684241938191
2008,24,Immunology and Microbiology,12,53617,0,23,53594,0.0,0.0004289684241938191
2008,24,Immunology and Microbiology,13,53617,0,23,53594,0.0,0.0004289684241938191
2008,24,Immunology and Microbiology,14,53617,0,23,53594,0.0,0.0004289684241938191
2008,24,Immunology and Microbiology,15,53617,0,23,53594,0.0,0.0004289684241938191
2008,25,Materials Science,0,189994,2,0,189994,1.0526648209943472e-05,1.0526648209943472e-05
2008,25,Materials Science,1,189994,5,2,189992,2.6316897553581202e-05,3.684326873480215e-05
2008,25,Materials Science,2,189994,4,7,189987,2.105407212072405e-05,5.7896565154689095e-05
2008,25,Materials Science,3,189994,2,11,189983,1.0527257702004915e-05,6.842321336463257e-05
2008,25,Materials Science,4,189994,3,13,189981,1.5791052789489477e-05,8.421318567954778e-05
2008,25,Materials Science,5,189994,0,16,189978,0.0,8.421318567954778e-05
2008,25,Materials Science,6,189994,0,16,189978,0.0,8.421318567954778e-05
2008,25,Materials Science,7,189994,0,16,189978,0.0,8.421318567954778e-05
2008,25,Materials Science,8,189994,0,16,189978,0.0,8.421318567954778e-05
2008,25,Materials Science,9,189994,2,16,189978,1.0527534767183568e-05,9.473983388949125e-05
2008,25,Materials Science,10,189994,0,18,189976,0.0,9.473983388949125e-05
2008,25,Materials Science,11,189994,1,18,189976,5.263822798669305e-06,0.00010000315799446298
2008,25,Materials Science,12,189994,0,19,189975,0.0,0.00010000315799446298
2008,25,Materials Science,13,189994,0,19,189975,0.0,0.00010000315799446298
2008,25,Materials Science,14,189994,0,19,189975,0.0,0.00010000315799446298
2008,25,Materials Science,15,189994,0,19,189975,0.0,0.00010000315799446298
2008,26,Mathematics,0,77647,0,0,77647,0.0,0.0
2008,26,Mathematics,1,77647,1,0,77647,1.2878797635452755e-05,1.2878797635452755e-05
2008,26,Mathematics,2,77647,0,1,77646,0.0,1.2878797635452755e-05
2008,26,Mathematics,3,77647,0,1,77646,0.0,1.2878797635452755e-05
2008,26,Mathematics,4,77647,0,1,77646,0.0,1.2878797635452755e-05
2008,26,Mathematics,5,77647,1,1,77646,1.2878963501017437e-05,2.575759527090551e-05
2008,26,Mathematics,6,77647,0,2,77645,0.0,2.575759527090551e-05
2008,26,Mathematics,7,77647,0,2,77645,0.0,2.575759527090551e-05
2008,26,Mathematics,8,77647,0,2,77645,0.0,2.575759527090551e-05
2008,26,Mathematics,9,77647,1,2,77645,1.287912937085453e-05,3.863639290635826e-05
2008,26,Mathematics,10,77647,1,3,77644,1.2879295244964195e-05,5.151519054181102e-05
2008,26,Mathematics,11,77647,2,4,77643,2.5758922246693198e-05,7.727278581271652e-05
2008,26,Mathematics,12,77647,0,6,77641,0.0,7.727278581271652e-05
2008,26,Mathematics,13,77647,0,6,77641,0.0,7.727278581271652e-05
2008,26,Mathematics,14,77647,0,6,77641,0.0,7.727278581271652e-05
2008,26,Mathematics,15,77647,0,6,77641,0.0,7.727278581271652e-05
2008,27,Medicine,0,982616,37,0,982616,3.7654587346430344e-05,3.7654587346430344e-05
2008,27,Medicine,1,982616,45,37,982579,4.5797844244584915e-05,8.345070709208887e-05
2008,27,Medicine,2,982616,20,82,982534,2.0355529681415605e-05,0.00010380453809015933
2008,27,Medicine,3,982616,27,102,982514,2.748052445054218e-05,0.00013128220993755444
2008,27,Medicine,4,982616,30,129,982487,3.0534755167243946e-05,0.00016181295643466012
2008,27,Medicine,5,982616,2,159,982457,2.0357125044658443e-06,0.00016384833953446719
2008,27,Medicine,6,982616,9,161,982455,9.160724918698566e-06,0.00017300756348359887
2008,27,Medicine,7,982616,11,170,982446,1.1196544135759116e-05,0.00018420217053253764
2008,27,Medicine,8,982616,7,181,982435,7.1251533180312185e-06,0.0001913260113818623
2008,27,Medicine,9,982616,5,188,982428,5.0894314901448244e-06,0.0001964144691313799
2008,27,Medicine,10,982616,9,193,982423,9.161023306661184e-06,0.00020557369308051162
2008,27,Medicine,11,982616,7,202,982414,7.12530562471626e-06,0.00021269753392983627
2008,27,Medicine,12,982616,7,209,982407,7.12535639505826e-06,0.00021982137477916092
2008,27,Medicine,13,982616,8,216,982400,8.143322475570032e-06,0.00022796290717838911
2008,27,Medicine,14,982616,9,224,982392,9.161312388537366e-06,0.00023712213112752083
2008,27,Medicine,15,982616,13,233,982383,1.3233128016262496e-05,0.0002503521212762666
2008,28,Neuroscience,0,84489,4,0,84489,4.734344115802057e-05,4.734344115802057e-05
2008,28,Neuroscience,1,84489,3,4,84485,3.550926199917145e-05,8.2851022026536e-05
2008,28,Neuroscience,2,84489,0,7,84482,0.0,8.2851022026536e-05
2008,28,Neuroscience,3,84489,3,7,84482,3.551052295163467e-05,0.00011835860289505142
2008,28,Neuroscience,4,84489,3,10,84479,3.5511783993655226e-05,0.00015386618376356684
2008,28,Neuroscience,5,84489,0,13,84476,0.0,0.00015386618376356684
2008,28,Neuroscience,6,84489,0,13,84476,0.0,0.00015386618376356684
2008,28,Neuroscience,7,84489,1,13,84476,1.1837681708414225e-05,0.000165702044053072
2008,28,Neuroscience,8,84489,0,14,84475,0.0,0.000165702044053072
2008,28,Neuroscience,9,84489,1,14,84475,1.1837821840781296e-05,0.00017753790434257713
2008,28,Neuroscience,10,84489,2,15,84474,2.3675923952932263e-05,0.00020120962492158742
2008,28,Neuroscience,11,84489,0,17,84472,0.0,0.00020120962492158742
2008,28,Neuroscience,12,84489,0,17,84472,0.0,0.00020120962492158742
2008,28,Neuroscience,13,84489,1,17,84472,1.1838242257789564e-05,0.00021304548521109258
2008,28,Neuroscience,14,84489,0,18,84471,0.0,0.00021304548521109258
2008,28,Neuroscience,15,84489,1,18,84471,1.1838382403428395e-05,0.0002248813455005977
2008,29,Nursing,0,25049,0,0,25049,0.0,0.0
2008,29,Nursing,1,25049,0,0,25049,0.0,0.0
2008,29,Nursing,2,25049,0,0,25049,0.0,0.0
2008,29,Nursing,3,25049,1,0,25049,3.992175336340772e-05,3.992175336340772e-05
2008,29,Nursing,4,25049,0,1,25048,0.0,3.992175336340772e-05
2008,29,Nursing,5,25049,0,1,25048,0.0,3.992175336340772e-05
2008,29,Nursing,6,25049,1,1,25048,3.992334717342702e-05,7.984350672681544e-05
2008,29,Nursing,7,25049,0,2,25047,0.0,7.984350672681544e-05
2008,29,Nursing,8,25049,0,2,25047,0.0,7.984350672681544e-05
2008,29,Nursing,9,25049,0,2,25047,0.0,7.984350672681544e-05
2008,29,Nursing,10,25049,1,2,25047,3.992494111071186e-05,0.00011976526009022317
2008,29,Nursing,11,25049,0,3,25046,0.0,0.00011976526009022317
2008,29,Nursing,12,25049,0,3,25046,0.0,0.00011976526009022317
2008,29,Nursing,13,25049,0,3,25046,0.0,0.00011976526009022317
2008,29,Nursing,14,25049,0,3,25046,0.0,0.00011976526009022317
2008,29,Nursing,15,25049,2,3,25046,7.985307035055498e-05,0.0001996087668170386
2008,30,"Pharmacology, Toxicology and Pharmaceutics",0,23076,1,0,23076,4.3335066736002776e-05,4.3335066736002776e-05
2008,30,"Pharmacology, Toxicology and Pharmaceutics",1,23076,0,1,23075,0.0,4.3335066736002776e-05
2008,30,"Pharmacology, Toxicology and Pharmaceutics",2,23076,0,1,23075,0.0,4.3335066736002776e-05
2008,30,"Pharmacology, Toxicology and Pharmaceutics",3,23076,0,1,23075,0.0,4.3335066736002776e-05
2008,30,"Pharmacology, Toxicology and Pharmaceutics",4,23076,0,1,23075,0.0,4.3335066736002776e-05
2008,30,"Pharmacology, Toxicology and Pharmaceutics",5,23076,1,1,23075,4.333694474539545e-05,8.667013347200555e-05
2008,30,"Pharmacology, Toxicology and Pharmaceutics",6,23076,1,2,23074,4.333882291756956e-05,0.00013000520020800833
2008,30,"Pharmacology, Toxicology and Pharmaceutics",7,23076,0,3,23073,0.0,0.00013000520020800833
2008,30,"Pharmacology, Toxicology and Pharmaceutics",8,23076,0,3,23073,0.0,0.00013000520020800833
2008,30,"Pharmacology, Toxicology and Pharmaceutics",9,23076,0,3,23073,0.0,0.00013000520020800833
2008,30,"Pharmacology, Toxicology and Pharmaceutics",10,23076,1,3,23073,4.334070125254627e-05,0.0001733402669440111
2008,30,"Pharmacology, Toxicology and Pharmaceutics",11,23076,1,4,23072,4.334257975034674e-05,0.00021667533368001387
2008,30,"Pharmacology, Toxicology and Pharmaceutics",12,23076,0,5,23071,0.0,0.00021667533368001387
2008,30,"Pharmacology, Toxicology and Pharmaceutics",13,23076,0,5,23071,0.0,0.00021667533368001387
2008,30,"Pharmacology, Toxicology and Pharmaceutics",14,23076,0,5,23071,0.0,0.00021667533368001387
2008,30,"Pharmacology, Toxicology and Pharmaceutics",15,23076,0,5,23071,0.0,0.00021667533368001387
2008,31,Physics and Astronomy,0,189307,5,0,189307,2.641212422150264e-05,2.641212422150264e-05
2008,31,Physics and Astronomy,1,189307,1,5,189302,5.282564368046824e-06,3.1694549065803164e-05
2008,31,Physics and Astronomy,2,189307,0,6,189301,0.0,3.1694549065803164e-05
2008,31,Physics and Astronomy,3,189307,3,6,189301,1.584777682104162e-05,4.754182359870475e-05
2008,31,Physics and Astronomy,4,189307,0,9,189298,0.0,4.754182359870475e-05
2008,31,Physics and Astronomy,5,189307,1,9,189298,5.282675992350685e-06,5.282424844300528e-05
2008,31,Physics and Astronomy,6,189307,1,10,189297,5.282703899163748e-06,5.810667328730581e-05
2008,31,Physics and Astronomy,7,189307,0,11,189296,0.0,5.810667328730581e-05
2008,31,Physics and Astronomy,8,189307,0,11,189296,0.0,5.810667328730581e-05
2008,31,Physics and Astronomy,9,189307,0,11,189296,0.0,5.810667328730581e-05
2008,31,Physics and Astronomy,10,189307,0,11,189296,0.0,5.810667328730581e-05
2008,31,Physics and Astronomy,11,189307,0,11,189296,0.0,5.810667328730581e-05
2008,31,Physics and Astronomy,12,189307,0,11,189296,0.0,5.810667328730581e-05
2008,31,Physics and Astronomy,13,189307,0,11,189296,0.0,5.810667328730581e-05
2008,31,Physics and Astronomy,14,189307,0,11,189296,0.0,5.810667328730581e-05
2008,31,Physics and Astronomy,15,189307,1,11,189296,5.282731806271659e-06,6.338909813160633e-05
2008,32,Psychology,0,159103,3,0,159103,1.8855709823196293e-05,1.8855709823196293e-05
2008,32,Psychology,1,159103,2,3,159100,1.257071024512885e-05,3.142618303866049e-05
2008,32,Psychology,2,159103,0,5,159098,0.0,3.142618303866049e-05
2008,32,Psychology,3,159103,0,5,159098,0.0,3.142618303866049e-05
2008,32,Psychology,4,159103,3,5,159098,1.88563024048071e-05,5.0281892861856785e-05
2008,32,Psychology,5,159103,1,8,159095,6.285552657217386e-06,5.656712946958888e-05
2008,32,Psychology,6,159103,1,9,159094,6.285592165637925e-06,6.285236607732098e-05
2008,32,Psychology,7,159103,0,10,159093,0.0,6.285236607732098e-05
2008,32,Psychology,8,159103,0,10,159093,0.0,6.285236607732098e-05
2008,32,Psychology,9,159103,0,10,159093,0.0,6.285236607732098e-05
2008,32,Psychology,10,159103,0,10,159093,0.0,6.285236607732098e-05
2008,32,Psychology,11,159103,0,10,159093,0.0,6.285236607732098e-05
2008,32,Psychology,12,159103,0,10,159093,0.0,6.285236607732098e-05
2008,32,Psychology,13,159103,1,10,159093,6.285631674555134e-06,6.913760268505308e-05
2008,32,Psychology,14,159103,0,11,159092,0.0,6.913760268505308e-05
2008,32,Psychology,15,159103,0,11,159092,0.0,6.913760268505308e-05
2008,33,Social Sciences,0,953610,8,0,953610,8.389173771248203e-06,8.389173771248203e-06
2008,33,Social Sciences,1,953610,6,8,953602,6.291933112556391e-06,1.4681054099684358e-05
2008,33,Social Sciences,2,953610,2,14,953596,2.097324233742591e-06,1.6778347542496407e-05
2008,33,Social Sciences,3,953610,0,16,953594,0.0,1.6778347542496407e-05
2008,33,Social Sciences,4,953610,3,16,953594,3.1459929487811375e-06,1.9924287706714485e-05
2008,33,Social Sciences,5,953610,1,19,953591,1.0486676153613027e-06,2.097293442812051e-05
2008,33,Social Sciences,6,953610,1,20,953590,1.0486687150662235e-06,2.2021581149526537e-05
2008,33,Social Sciences,7,953610,0,21,953589,0.0,2.2021581149526537e-05
2008,33,Social Sciences,8,953610,1,21,953589,1.0486698147734506e-06,2.307022787093256e-05
2008,33,Social Sciences,9,953610,1,22,953588,1.0486709144829843e-06,2.4118874592338586e-05
2008,33,Social Sciences,10,953610,3,23,953587,3.146016042584473e-06,2.7264814756556664e-05
2008,33,Social Sciences,11,953610,1,26,953584,1.0486753133441837e-06,2.831346147796269e-05
2008,33,Social Sciences,12,953610,2,27,953583,2.097352826130499e-06,3.041075492077474e-05
2008,33,Social Sciences,13,953610,0,29,953581,0.0,3.041075492077474e-05
2008,33,Social Sciences,14,953610,0,29,953581,0.0,3.041075492077474e-05
2008,33,Social Sciences,15,953610,0,29,953581,0.0,3.041075492077474e-05
2008,34,Veterinary,0,9205,0,0,9205,0.0,0.0
2008,34,Veterinary,1,9205,0,0,9205,0.0,0.0
2008,34,Veterinary,2,9205,0,0,9205,0.0,0.0
2008,34,Veterinary,3,9205,0,0,9205,0.0,0.0
2008,34,Veterinary,4,9205,0,0,9205,0.0,0.0
2008,34,Veterinary,5,9205,0,0,9205,0.0,0.0
2008,34,Veterinary,6,9205,0,0,9205,0.0,0.0
2008,34,Veterinary,7,9205,0,0,9205,0.0,0.0
2008,34,Veterinary,8,9205,0,0,9205,0.0,0.0
2008,34,Veterinary,9,9205,0,0,9205,0.0,0.0
2008,34,Veterinary,10,9205,0,0,9205,0.0,0.0
2008,34,Veterinary,11,9205,0,0,9205,0.0,0.0
2008,34,Veterinary,12,9205,0,0,9205,0.0,0.0
2008,34,Veterinary,13,9205,0,0,9205,0.0,0.0
2008,34,Veterinary,14,9205,0,0,9205,0.0,0.0
2008,34,Veterinary,15,9205,0,0,9205,0.0,0.0
2008,35,Dentistry,0,17946,0,0,17946,0.0,0.0
2008,35,Dentistry,1,17946,1,0,17946,5.572272372673576e-05,5.572272372673576e-05
2008,35,Dentistry,2,17946,0,1,17945,0.0,5.572272372673576e-05
2008,35,Dentistry,3,17946,0,1,17945,0.0,5.572272372673576e-05
2008,35,Dentistry,4,17946,0,1,17945,0.0,5.572272372673576e-05
2008,35,Dentistry,5,17946,0,1,17945,0.0,5.572272372673576e-05
2008,35,Dentistry,6,17946,0,1,17945,0.0,5.572272372673576e-05
2008,35,Dentistry,7,17946,0,1,17945,0.0,5.572272372673576e-05
2008,35,Dentistry,8,17946,0,1,17945,0.0,5.572272372673576e-05
2008,35,Dentistry,9,17946,1,1,17945,5.572582892170521e-05,0.00011144544745347152
2008,35,Dentistry,10,17946,1,2,17944,5.572893446277307e-05,0.00016716817118020728
2008,35,Dentistry,11,17946,1,3,17943,5.5732040349997216e-05,0.00022289089490694304
2008,35,Dentistry,12,17946,0,4,17942,0.0,0.00022289089490694304
2008,35,Dentistry,13,17946,0,4,17942,0.0,0.00022289089490694304
2008,35,Dentistry,14,17946,0,4,17942,0.0,0.00022289089490694304
2008,35,Dentistry,15,17946,0,4,17942,0.0,0.00022289089490694304
2008,36,Health Professions,0,146160,1,0,146160,6.841817186644773e-06,6.841817186644773e-06
2008,36,Health Professions,1,146160,2,1,146159,1.3683727994854918e-05,2.052545155993432e-05
2008,36,Health Professions,2,146160,0,3,146157,0.0,2.052545155993432e-05
2008,36,Health Professions,3,146160,0,3,146157,0.0,2.052545155993432e-05
2008,36,Health Professions,4,146160,0,3,146157,0.0,2.052545155993432e-05
2008,36,Health Professions,5,146160,0,3,146157,0.0,2.052545155993432e-05
2008,36,Health Professions,6,146160,1,3,146157,6.8419576209144965e-06,2.7367268746579092e-05
2008,36,Health Professions,7,146160,0,4,146156,0.0,2.7367268746579092e-05
2008,36,Health Professions,8,146160,0,4,146156,0.0,2.7367268746579092e-05
2008,36,Health Professions,9,146160,1,4,146156,6.842004433618873e-06,3.4209085933223865e-05
2008,36,Health Professions,10,146160,1,5,146155,6.84205124696384e-06,4.105090311986864e-05
2008,36,Health Professions,11,146160,0,6,146154,0.0,4.105090311986864e-05
2008,36,Health Professions,12,146160,0,6,146154,0.0,4.105090311986864e-05
2008,36,Health Professions,13,146160,0,6,146154,0.0,4.105090311986864e-05
2008,36,Health Professions,14,146160,0,6,146154,0.0,4.105090311986864e-05
2008,36,Health Professions,15,146160,0,6,146154,0.0,4.105090311986864e-05
2009,11,Agricultural and Biological Sciences,0,299205,10,0,299205,3.342190137196905e-05,3.342190137196905e-05
2009,11,Agricultural and Biological Sciences,1,299205,4,10,299195,1.3369207373117866e-05,4.6790661920756675e-05
2009,11,Agricultural and Biological Sciences,2,299205,0,14,299191,0.0,4.6790661920756675e-05
2009,11,Agricultural and Biological Sciences,3,299205,3,14,299191,1.0027039583409928e-05,5.6817232332347386e-05
2009,11,Agricultural and Biological Sciences,4,299205,2,17,299188,6.684760083960586e-06,6.35016126067412e-05
2009,11,Agricultural and Biological Sciences,5,299205,0,19,299186,0.0,6.35016126067412e-05
2009,11,Agricultural and Biological Sciences,6,299205,0,19,299186,0.0,6.35016126067412e-05
2009,11,Agricultural and Biological Sciences,7,299205,0,19,299186,0.0,6.35016126067412e-05
2009,11,Agricultural and Biological Sciences,8,299205,0,19,299186,0.0,6.35016126067412e-05
2009,11,Agricultural and Biological Sciences,9,299205,2,19,299186,6.684804770276684e-06,7.018599288113501e-05
2009,11,Agricultural and Biological Sciences,10,299205,0,21,299184,0.0,7.018599288113501e-05
2009,11,Agricultural and Biological Sciences,11,299205,1,21,299184,3.342424728595112e-06,7.352818301833191e-05
2009,11,Agricultural and Biological Sciences,12,299205,1,22,299183,3.3424359004355195e-06,7.687037315552882e-05
2009,11,Agricultural and Biological Sciences,13,299205,1,23,299182,3.3424470723506094e-06,8.021256329272572e-05
2009,11,Agricultural and Biological Sciences,14,299205,2,24,299181,6.684916488680765e-06,8.689694356711953e-05
2009,11,Agricultural and Biological Sciences,15,299205,1,26,299179,3.342480588543982e-06,9.023913370431643e-05
2009,12,Arts and Humanities,0,453882,5,0,453882,1.1016079069009126e-05,1.1016079069009126e-05
2009,12,Arts and Humanities,1,453882,8,5,453877,1.7625920678950465e-05,2.8641805579423727e-05
2009,12,Arts and Humanities,2,453882,2,13,453869,4.40655783937656e-06,3.3048237207027376e-05
2009,12,Arts and Humanities,3,453882,0,15,453867,0.0,3.3048237207027376e-05
2009,12,Arts and Humanities,4,453882,1,15,453867,2.2032886286070588e-06,3.52514530208292e-05
2009,12,Arts and Humanities,5,453882,1,16,453866,2.2032934830985357e-06,3.745466883463103e-05
2009,12,Arts and Humanities,6,453882,3,17,453865,6.609895012834212e-06,4.4064316276036506e-05
2009,12,Arts and Humanities,7,453882,0,20,453862,0.0,4.4064316276036506e-05
2009,12,Arts and Humanities,8,453882,0,20,453862,0.0,4.4064316276036506e-05
2009,12,Arts and Humanities,9,453882,0,20,453862,0.0,4.4064316276036506e-05
2009,12,Arts and Humanities,10,453882,0,20,453862,0.0,4.4064316276036506e-05
2009,12,Arts and Humanities,11,453882,0,20,453862,0.0,4.4064316276036506e-05
2009,12,Arts and Humanities,12,453882,0,20,453862,0.0,4.4064316276036506e-05
2009,12,Arts and Humanities,13,453882,0,20,453862,0.0,4.4064316276036506e-05
2009,12,Arts and Humanities,14,453882,0,20,453862,0.0,4.4064316276036506e-05
2009,12,Arts and Humanities,15,453882,0,20,453862,0.0,4.4064316276036506e-05
2009,13,"Biochemistry, Genetics and Molecular Biology",0,325389,21,0,325389,6.453813742935378e-05,6.453813742935378e-05
2009,13,"Biochemistry, Genetics and Molecular Biology",1,325389,35,21,325368,0.0001075705047822773,0.0001721016998116101
2009,13,"Biochemistry, Genetics and Molecular Biology",2,325389,12,56,325333,3.688528369393821e-05,0.00020898063548552655
2009,13,"Biochemistry, Genetics and Molecular Biology",3,325389,9,68,325321,2.7664983201207422e-05,0.0002366398372409639
2009,13,"Biochemistry, Genetics and Molecular Biology",4,325389,17,77,325312,5.225752508361204e-05,0.00028888499611234554
2009,13,"Biochemistry, Genetics and Molecular Biology",5,325389,8,94,325295,2.4593061682472833e-05,0.0003134709532282898
2009,13,"Biochemistry, Genetics and Molecular Biology",6,325389,5,102,325287,1.5371041572519037e-05,0.00032883717642575504
2009,13,"Biochemistry, Genetics and Molecular Biology",7,325389,16,107,325282,4.9188089104223414e-05,0.0003780090906576436
2009,13,"Biochemistry, Genetics and Molecular Biology",8,325389,5,123,325266,1.537203396604625e-05,0.0003933753138551088
2009,13,"Biochemistry, Genetics and Molecular Biology",9,325389,7,128,325261,2.1521178376749748e-05,0.00041488802633156006
2009,13,"Biochemistry, Genetics and Molecular Biology",10,325389,6,135,325254,1.8447121326716965e-05,0.0004333274941685183
2009,13,"Biochemistry, Genetics and Molecular Biology",11,325389,8,141,325248,2.4596615505706414e-05,0.0004579134512844626
2009,13,"Biochemistry, Genetics and Molecular Biology",12,325389,5,149,325240,1.5373262821301194e-05,0.0004732796744819278
2009,13,"Biochemistry, Genetics and Molecular Biology",13,325389,9,154,325235,2.767229849185973e-05,0.0005009388762373651
2009,13,"Biochemistry, Genetics and Molecular Biology",14,325389,3,163,325226,9.224354756384791e-06,0.0005101586101558443
2009,13,"Biochemistry, Genetics and Molecular Biology",15,325389,5,166,325223,1.5374066409817263e-05,0.0005255248333533094
2009,14,"Business, Management and Accounting",0,217076,186,0,217076,0.0008568427647459876,0.0008568427647459876
2009,14,"Business, Management and Accounting",1,217076,16,186,216890,7.377011388261331e-05,0.0009305496692402661
2009,14,"Business, Management and Accounting",2,217076,3,202,216874,1.3832916808838312e-05,0.0009443697138329433
2009,14,"Business, Management and Accounting",3,217076,3,205,216871,1.3833108161072712e-05,0.0009581897584256205
2009,14,"Business, Management and Accounting",4,217076,1,208,216868,4.611099839533725e-06,0.0009627964399565129
2009,14,"Business, Management and Accounting",5,217076,2,209,216867,9.222242203746997e-06,0.0009720098030182977
2009,14,"Business, Management and Accounting",6,217076,2,211,216865,9.222327254282618e-06,0.0009812231660800824
2009,14,"Business, Management and Accounting",7,217076,0,213,216863,0.0,0.0009812231660800824
2009,14,"Business, Management and Accounting",8,217076,0,213,216863,0.0,0.0009812231660800824
2009,14,"Business, Management and Accounting",9,217076,0,213,216863,0.0,0.0009812231660800824
2009,14,"Business, Management and Accounting",10,217076,0,213,216863,0.0,0.0009812231660800824
2009,14,"Business, Management and Accounting",11,217076,0,213,216863,0.0,0.0009812231660800824
2009,14,"Business, Management and Accounting",12,217076,0,213,216863,0.0,0.0009812231660800824
2009,14,"Business, Management and Accounting",13,217076,0,213,216863,0.0,0.0009812231660800824
2009,14,"Business, Management and Accounting",14,217076,0,213,216863,0.0,0.0009812231660800824
2009,14,"Business, Management and Accounting",15,217076,0,213,216863,0.0,0.0009812231660800824
2009,15,Chemical Engineering,0,19790,0,0,19790,0.0,0.0
2009,15,Chemical Engineering,1,19790,0,0,19790,0.0,0.0
2009,15,Chemical Engineering,2,19790,0,0,19790,0.0,0.0
2009,15,Chemical Engineering,3,19790,0,0,19790,0.0,0.0
2009,15,Chemical Engineering,4,19790,0,0,19790,0.0,0.0
2009,15,Chemical Engineering,5,19790,0,0,19790,0.0,0.0
2009,15,Chemical Engineering,6,19790,0,0,19790,0.0,0.0
2009,15,Chemical Engineering,7,19790,0,0,19790,0.0,0.0
2009,15,Chemical Engineering,8,19790,0,0,19790,0.0,0.0
2009,15,Chemical Engineering,9,19790,0,0,19790,0.0,0.0
2009,15,Chemical Engineering,10,19790,1,0,19790,5.053057099545225e-05,5.053057099545225e-05
2009,15,Chemical Engineering,11,19790,0,1,19789,0.0,5.053057099545225e-05
2009,15,Chemical Engineering,12,19790,0,1,19789,0.0,5.053057099545225e-05
2009,15,Chemical Engineering,13,19790,0,1,19789,0.0,5.053057099545225e-05
2009,15,Chemical Engineering,14,19790,0,1,19789,0.0,5.053057099545225e-05
2009,15,Chemical Engineering,15,19790,0,1,19789,0.0,5.053057099545225e-05
2009,16,Chemistry,0,132424,8,0,132424,6.041200990756963e-05,6.041200990756963e-05
2009,16,Chemistry,1,132424,8,8,132416,6.041565973900435e-05,0.00012082401981513926
2009,16,Chemistry,2,132424,12,16,132408,9.062896501721951e-05,0.0002114420346764937
2009,16,Chemistry,3,132424,4,28,132396,3.0212393123659326e-05,0.0002416480396302785
2009,16,Chemistry,4,132424,1,32,132392,7.553326484983987e-06,0.0002491995408687247
2009,16,Chemistry,5,132424,0,33,132391,0.0,0.0002491995408687247
2009,16,Chemistry,6,132424,0,33,132391,0.0,0.0002491995408687247
2009,16,Chemistry,7,132424,1,33,132391,7.553383538155917e-06,0.0002567510421071709
2009,16,Chemistry,8,132424,0,34,132390,0.0,0.0002567510421071709
2009,16,Chemistry,9,132424,0,34,132390,0.0,0.0002567510421071709
2009,16,Chemistry,10,132424,0,34,132390,0.0,0.0002567510421071709
2009,16,Chemistry,11,132424,1,34,132390,7.553440592189742e-06,0.0002643025433456171
2009,16,Chemistry,12,132424,1,35,132389,7.553497647085483e-06,0.0002718540445840633
2009,16,Chemistry,13,132424,0,36,132388,0.0,0.0002718540445840633
2009,16,Chemistry,14,132424,0,36,132388,0.0,0.0002718540445840633
2009,16,Chemistry,15,132424,1,36,132388,7.553554702843158e-06,0.0002794055458225095
2009,17,Computer Science,0,435276,108,0,435276,0.0002481184351997353,0.0002481184351997353
2009,17,Computer Science,1,435276,56,108,435168,0.00012868593278917567,0.00037677243863663514
2009,17,Computer Science,2,435276,2,164,435112,4.59651767820699e-06,0.00038136722447366727
2009,17,Computer Science,3,435276,1,166,435110,2.298269403139436e-06,0.00038366461739218336
2009,17,Computer Science,4,435276,1,167,435109,2.298274685193825e-06,0.0003859620103106994
2009,17,Computer Science,5,435276,1,168,435108,2.2982799672724934e-06,0.0003882594032292155
2009,17,Computer Science,6,435276,6,169,435107,1.3789711496252646e-05,0.0004020437607403119
2009,17,Computer Science,7,435276,1,175,435101,2.298316942503005e-06,0.00040434115365882797
2009,17,Computer Science,8,435276,0,176,435100,0.0,0.00040434115365882797
2009,17,Computer Science,9,435276,0,176,435100,0.0,0.00040434115365882797
2009,17,Computer Science,10,435276,2,176,435100,4.5966444495518275e-06,0.0004089359394958601
2009,17,Computer Science,11,435276,0,178,435098,0.0,0.0004089359394958601
2009,17,Computer Science,12,435276,8,178,435098,1.8386662315156586e-05,0.00042731508284398867
2009,17,Computer Science,13,435276,1,186,435090,2.2983750488404697e-06,0.0004296124757625047
2009,17,Computer Science,14,435276,0,187,435089,0.0,0.0004296124757625047
2009,17,Computer Science,15,435276,0,187,435089,0.0,0.0004296124757625047
2009,18,Decision Sciences,0,65610,24,0,65610,0.0003657978966620942,0.0003657978966620942
2009,18,Decision Sciences,1,65610,2,24,65586,3.049431281066081e-05,0.0003962810547172687
2009,18,Decision Sciences,2,65610,1,26,65584,1.5247621371066114e-05,0.00041152263374485596
2009,18,Decision Sciences,3,65610,0,27,65583,0.0,0.00041152263374485596
2009,18,Decision Sciences,4,65610,0,27,65583,0.0,0.00041152263374485596
2009,18,Decision Sciences,5,65610,1,27,65583,1.5247853864568562e-05,0.0004267642127724432
2009,18,Decision Sciences,6,65610,0,28,65582,0.0,0.0004267642127724432
2009,18,Decision Sciences,7,65610,0,28,65582,0.0,0.0004267642127724432
2009,18,Decision Sciences,8,65610,0,28,65582,0.0,0.0004267642127724432
2009,18,Decision Sciences,9,65610,0,28,65582,0.0,0.0004267642127724432
2009,18,Decision Sciences,10,65610,0,28,65582,0.0,0.0004267642127724432
2009,18,Decision Sciences,11,65610,1,28,65582,1.5248086365161173e-05,0.00044200579180003047
2009,18,Decision Sciences,12,65610,0,29,65581,0.0,0.00044200579180003047
2009,18,Decision Sciences,13,65610,0,29,65581,0.0,0.00044200579180003047
2009,18,Decision Sciences,14,65610,0,29,65581,0.0,0.00044200579180003047
2009,18,Decision Sciences,15,65610,0,29,65581,0.0,0.00044200579180003047
2009,19,Earth and Planetary Sciences,0,115173,8,0,115173,6.946072430170266e-05,6.946072430170266e-05
2009,19,Earth and Planetary Sciences,1,115173,5,8,115165,4.341596839317501e-05,0.00011287367699026681
2009,19,Earth and Planetary Sciences,2,115173,1,13,115160,8.68357068426537e-06,0.00012155626752797965
2009,19,Earth and Planetary Sciences,3,115173,0,14,115159,0.0,0.00012155626752797965
2009,19,Earth and Planetary Sciences,4,115173,0,14,115159,0.0,0.00012155626752797965
2009,19,Earth and Planetary Sciences,5,115173,0,14,115159,0.0,0.00012155626752797965
2009,19,Earth and Planetary Sciences,6,115173,2,14,115159,1.7367292178639967e-05,0.0001389214486034053
2009,19,Earth and Planetary Sciences,7,115173,0,16,115157,0.0,0.0001389214486034053
2009,19,Earth and Planetary Sciences,8,115173,1,16,115157,8.683796903358025e-06,0.00014760403914111815
2009,19,Earth and Planetary Sciences,9,115173,0,17,115156,0.0,0.00014760403914111815
2009,19,Earth and Planetary Sciences,10,115173,0,17,115156,0.0,0.00014760403914111815
2009,19,Earth and Planetary Sciences,11,115173,0,17,115156,0.0,0.00014760403914111815
2009,19,Earth and Planetary Sciences,12,115173,1,17,115156,8.683872312341519e-06,0.00015628662967883097
2009,19,Earth and Planetary Sciences,13,115173,0,18,115155,0.0,0.00015628662967883097
2009,19,Earth and Planetary Sciences,14,115173,0,18,115155,0.0,0.00015628662967883097
2009,19,Earth and Planetary Sciences,15,115173,0,18,115155,0.0,0.00015628662967883097
2009,20,"Economics, Econometrics and Finance",0,240902,66,0,240902,0.00027397032818324464,0.00027397032818324464
2009,20,"Economics, Econometrics and Finance",1,240902,6,66,240836,2.491321895397698e-05,0.0002988767216544487
2009,20,"Economics, Econometrics and Finance",2,240902,1,72,240830,4.1523066063198105e-06,0.0003030277872329827
2009,20,"Economics, Econometrics and Finance",3,240902,0,73,240829,0.0,0.0003030277872329827
2009,20,"Economics, Econometrics and Finance",4,240902,1,73,240829,4.1523238480415564e-06,0.00030717885281151674
2009,20,"Economics, Econometrics and Finance",5,240902,0,74,240828,0.0,0.00030717885281151674
2009,20,"Economics, Econometrics and Finance",6,240902,0,74,240828,0.0,0.00030717885281151674
2009,20,"Economics, Econometrics and Finance",7,240902,0,74,240828,0.0,0.00030717885281151674
2009,20,"Economics, Econometrics and Finance",8,240902,1,74,240828,4.152341089906489e-06,0.00031132991839005075
2009,20,"Economics, Econometrics and Finance",9,240902,1,75,240827,4.152358331914611e-06,0.00031548098396858476
2009,20,"Economics, Econometrics and Finance",10,240902,0,76,240826,0.0,0.00031548098396858476
2009,20,"Economics, Econometrics and Finance",11,240902,0,76,240826,0.0,0.00031548098396858476
2009,20,"Economics, Econometrics and Finance",12,240902,0,76,240826,0.0,0.00031548098396858476
2009,20,"Economics, Econometrics and Finance",13,240902,0,76,240826,0.0,0.00031548098396858476
2009,20,"Economics, Econometrics and Finance",14,240902,0,76,240826,0.0,0.00031548098396858476
2009,20,"Economics, Econometrics and Finance",15,240902,0,76,240826,0.0,0.00031548098396858476
2009,21,Energy,0,32146,6,0,32146,0.00018664841659926586,0.00018664841659926586
2009,21,Energy,1,32146,1,6,32140,3.111387678904791e-05,0.00021775648603247682
2009,21,Energy,2,32146,0,7,32139,0.0,0.00021775648603247682
2009,21,Energy,3,32146,0,7,32139,0.0,0.00021775648603247682
2009,21,Energy,4,32146,0,7,32139,0.0,0.00021775648603247682
2009,21,Energy,5,32146,0,7,32139,0.0,0.00021775648603247682
2009,21,Energy,6,32146,0,7,32139,0.0,0.00021775648603247682
2009,21,Energy,7,32146,0,7,32139,0.0,0.00021775648603247682
2009,21,Energy,8,32146,0,7,32139,0.0,0.00021775648603247682
2009,21,Energy,9,32146,0,7,32139,0.0,0.00021775648603247682
2009,21,Energy,10,32146,0,7,32139,0.0,0.00021775648603247682
2009,21,Energy,11,32146,0,7,32139,0.0,0.00021775648603247682
2009,21,Energy,12,32146,0,7,32139,0.0,0.00021775648603247682
2009,21,Energy,13,32146,0,7,32139,0.0,0.00021775648603247682
2009,21,Energy,14,32146,0,7,32139,0.0,0.00021775648603247682
2009,21,Energy,15,32146,0,7,32139,0.0,0.00021775648603247682
2009,22,Engineering,0,1508049,121,0,1508049,8.02361196486321e-05,8.02361196486321e-05
2009,22,Engineering,1,1508049,46,121,1507928,3.0505435272771643e-05,0.00011073910728364927
2009,22,Engineering,2,1508049,10,167,1507882,6.631818670161193e-06,0.00011737019155213126
2009,22,Engineering,3,1508049,4,177,1507872,2.6527450605886972e-06,0.00012002262525952406
2009,22,Engineering,4,1508049,1,181,1507868,6.631880244159303e-07,0.00012068573368637226
2009,22,Engineering,5,1508049,1,182,1507867,6.631884642345778e-07,0.00012134884211322046
2009,22,Engineering,6,1508049,4,183,1507866,2.652755616215234e-06,0.00012400127582061325
2009,22,Engineering,7,1508049,4,187,1507862,2.6527626533462613e-06,0.00012665370952800605
2009,22,Engineering,8,1508049,1,191,1507858,6.63192422628656e-07,0.00012731681795485425
2009,22,Engineering,9,1508049,0,192,1507857,0.0,0.00012731681795485425
2009,22,Engineering,10,1508049,2,192,1507857,1.3263857249062742e-06,0.00012864303480855066
2009,22,Engineering,11,1508049,2,194,1507855,1.326387484207699e-06,0.00012996925166224705
2009,22,Engineering,12,1508049,3,196,1507853,1.989583865270686e-06,0.00013195857694279164
2009,22,Engineering,13,1508049,1,199,1507850,6.631959412408396e-07,0.00013262168536963984
2009,22,Engineering,14,1508049,0,200,1507849,0.0,0.00013262168536963984
2009,22,Engineering,15,1508049,1,200,1507849,6.631963810699877e-07,0.00013328479379648805
2009,23,Environmental Science,0,282088,31,0,282088,0.00010989478460622217,0.00010989478460622217
2009,23,Environmental Science,1,282088,10,31,282057,3.5453826708785814e-05,0.00014534471512435835
2009,23,Environmental Science,2,282088,4,41,282047,1.4182033490872089e-05,0.00015952468733161282
2009,23,Environmental Science,3,282088,2,45,282043,7.0911173118992495e-06,0.00016661467343524007
2009,23,Environmental Science,4,282088,1,47,282041,3.5455837981002763e-06,0.0001701596664870537
2009,23,Environmental Science,5,282088,1,48,282040,3.5455963693093176e-06,0.00017370465953886732
2009,23,Environmental Science,6,282088,0,49,282039,0.0,0.00017370465953886732
2009,23,Environmental Science,7,282088,1,49,282039,3.5456089406075045e-06,0.0001772496525906809
2009,23,Environmental Science,8,282088,0,50,282038,0.0,0.0001772496525906809
2009,23,Environmental Science,9,282088,2,50,282038,7.091243023989675e-06,0.00018433963869430816
2009,23,Environmental Science,10,282088,0,52,282036,0.0,0.00018433963869430816
2009,23,Environmental Science,11,282088,0,52,282036,0.0,0.00018433963869430816
2009,23,Environmental Science,12,282088,0,52,282036,0.0,0.00018433963869430816
2009,23,Environmental Science,13,282088,0,52,282036,0.0,0.00018433963869430816
2009,23,Environmental Science,14,282088,0,52,282036,0.0,0.00018433963869430816
2009,23,Environmental Science,15,282088,0,52,282036,0.0,0.00018433963869430816
2009,24,Immunology and Microbiology,0,58319,2,0,58319,3.4294140846036454e-05,3.4294140846036454e-05
2009,24,Immunology and Microbiology,1,58319,4,2,58317,6.859063394893427e-05,0.00010288242253810937
2009,24,Immunology and Microbiology,2,58319,2,6,58313,3.4297669473359284e-05,0.00013717656338414582
2009,24,Immunology and Microbiology,3,58319,4,8,58311,6.859769168767471e-05,0.00020576484507621874
2009,24,Immunology and Microbiology,4,58319,1,12,58307,1.71505994134495e-05,0.00022291191549923695
2009,24,Immunology and Microbiology,5,58319,4,13,58306,6.860357424621822e-05,0.00029150019719130987
2009,24,Immunology and Microbiology,6,58319,1,17,58302,1.7152070254879765e-05,0.0003086472676143281
2009,24,Immunology and Microbiology,7,58319,2,18,58301,3.4304728906879817e-05,0.0003429414084603645
2009,24,Immunology and Microbiology,8,58319,0,20,58299,0.0,0.0003429414084603645
2009,24,Immunology and Microbiology,9,58319,0,20,58299,0.0,0.0003429414084603645
2009,24,Immunology and Microbiology,10,58319,0,20,58299,0.0,0.0003429414084603645
2009,24,Immunology and Microbiology,11,58319,2,20,58299,3.4305905761676875e-05,0.000377235549306401
2009,24,Immunology and Microbiology,12,58319,0,22,58297,0.0,0.000377235549306401
2009,24,Immunology and Microbiology,13,58319,1,22,58297,1.7153541348611422e-05,0.00039438261972941924
2009,24,Immunology and Microbiology,14,58319,1,23,58296,1.715383559763963e-05,0.0004115296901524375
2009,24,Immunology and Microbiology,15,58319,0,24,58295,0.0,0.0004115296901524375
2009,25,Materials Science,0,193839,12,0,193839,6.190704656957578e-05,6.190704656957578e-05
2009,25,Materials Science,1,193839,11,12,193827,5.675163934849118e-05,0.00011865517259168692
2009,25,Materials Science,2,193839,4,23,193816,2.063813101085566e-05,0.00013929085478154552
2009,25,Materials Science,3,193839,4,27,193812,2.063855695209791e-05,0.0001599265369714041
2009,25,Materials Science,4,193839,1,31,193808,5.159745727730537e-06,0.00016508545751886875
2009,25,Materials Science,5,193839,2,32,193807,1.0319544701687762e-05,0.00017540329861379805
2009,25,Materials Science,6,193839,3,34,193805,1.5479476793684374e-05,0.000190880060256192
2009,25,Materials Science,7,193839,1,37,193802,5.15990547053178e-06,0.00019603898080365663
2009,25,Materials Science,8,193839,3,38,193801,1.5479796285880877e-05,0.00021151574244605059
2009,25,Materials Science,9,193839,0,41,193798,0.0,0.00021151574244605059
2009,25,Materials Science,10,193839,1,41,193798,5.160011971227773e-06,0.00021667466299351524
2009,25,Materials Science,11,193839,0,42,193797,0.0,0.00021667466299351524
2009,25,Materials Science,12,193839,2,42,193797,1.0320077194177412e-05,0.00022699250408844454
2009,25,Materials Science,13,193839,1,44,193795,5.1600918496349235e-06,0.0002321514246359092
2009,25,Materials Science,14,193839,0,45,193794,0.0,0.0002321514246359092
2009,25,Materials Science,15,193839,2,45,193794,1.0320236952640432e-05,0.00024246926573083847
2009,26,Mathematics,0,82464,1,0,82464,1.212650368645712e-05,1.212650368645712e-05
2009,26,Mathematics,1,82464,2,1,82463,2.4253301480664055e-05,3.637951105937136e-05
2009,26,Mathematics,2,82464,2,3,82461,2.4253889717563455e-05,6.0632518432285604e-05
2009,26,Mathematics,3,82464,1,5,82459,1.2127238991498806e-05,7.275902211874272e-05
2009,26,Mathematics,4,82464,0,6,82458,0.0,7.275902211874272e-05
2009,26,Mathematics,5,82464,0,6,82458,0.0,7.275902211874272e-05
2009,26,Mathematics,6,82464,1,6,82458,1.2127386063207937e-05,8.488552580519985e-05
2009,26,Mathematics,7,82464,0,7,82457,0.0,8.488552580519985e-05
2009,26,Mathematics,8,82464,0,7,82457,0.0,8.488552580519985e-05
2009,26,Mathematics,9,82464,0,7,82457,0.0,8.488552580519985e-05
2009,26,Mathematics,10,82464,0,7,82457,0.0,8.488552580519985e-05
2009,26,Mathematics,11,82464,0,7,82457,0.0,8.488552580519985e-05
2009,26,Mathematics,12,82464,0,7,82457,0.0,8.488552580519985e-05
2009,26,Mathematics,13,82464,0,7,82457,0.0,8.488552580519985e-05
2009,26,Mathematics,14,82464,0,7,82457,0.0,8.488552580519985e-05
2009,26,Mathematics,15,82464,0,7,82457,0.0,8.488552580519985e-05
2009,27,Medicine,0,1035017,39,0,1035017,3.768054051286114e-05,3.768054051286114e-05
2009,27,Medicine,1,1035017,32,39,1034978,3.091853160163791e-05,6.859790708751644e-05
2009,27,Medicine,2,1035017,33,71,1034946,3.188572157387922e-05,0.00010048144136762972
2009,27,Medicine,3,1035017,20,104,1034913,1.9325295942750742e-05,0.00011980479547678926
2009,27,Medicine,4,1035017,11,124,1034893,1.0629118179367335e-05,0.00013043264023682703
2009,27,Medicine,5,1035017,11,135,1034882,1.0629231158721477e-05,0.00014106048499686478
2009,27,Medicine,6,1035017,14,146,1034871,1.3528256178789434e-05,0.0001545868328732765
2009,27,Medicine,7,1035017,17,160,1034857,1.6427390451047827e-05,0.0001710116838660621
2009,27,Medicine,8,1035017,7,177,1034840,6.7643307177921225e-06,0.00017777485780426795
2009,27,Medicine,9,1035017,7,184,1034833,6.764376474271694e-06,0.0001845380317424738
2009,27,Medicine,10,1035017,11,191,1034826,1.0629806363581897e-05,0.00019516587650251154
2009,27,Medicine,11,1035017,6,202,1034815,5.798137831399816e-06,0.00020096288273525943
2009,27,Medicine,12,1035017,9,208,1034809,8.697257174995578e-06,0.00020965839208438123
2009,27,Medicine,13,1035017,4,217,1034800,3.865481252415926e-06,0.00021352306290621314
2009,27,Medicine,14,1035017,6,221,1034796,5.798244291628495e-06,0.000219320069138961
2009,27,Medicine,15,1035017,5,227,1034790,4.831898259550247e-06,0.0002241509076662509
2009,28,Neuroscience,0,86949,5,0,86949,5.750497418026659e-05,5.750497418026659e-05
2009,28,Neuroscience,1,86949,3,5,86944,3.4504968715495034e-05,9.200795868842655e-05
2009,28,Neuroscience,2,86949,1,8,86941,1.1502053116481292e-05,0.00010350895352447987
2009,28,Neuroscience,3,86949,2,9,86940,2.3004370830457787e-05,0.00012651094319658651
2009,28,Neuroscience,4,86949,4,11,86938,4.600980008741862e-05,0.00017251492254079977
2009,28,Neuroscience,5,86949,3,15,86934,3.4508937814894056e-05,0.00020701790704895975
2009,28,Neuroscience,6,86949,1,18,86931,1.1503376240926713e-05,0.00021851890188501305
2009,28,Neuroscience,7,86949,0,19,86930,0.0,0.00021851890188501305
2009,28,Neuroscience,8,86949,0,19,86930,0.0,0.00021851890188501305
2009,28,Neuroscience,9,86949,0,19,86930,0.0,0.00021851890188501305
2009,28,Neuroscience,10,86949,0,19,86930,0.0,0.00021851890188501305
2009,28,Neuroscience,11,86949,0,19,86930,0.0,0.00021851890188501305
2009,28,Neuroscience,12,86949,0,19,86930,0.0,0.00021851890188501305
2009,28,Neuroscience,13,86949,1,19,86930,1.1503508570113885e-05,0.00023001989672106636
2009,28,Neuroscience,14,86949,0,20,86929,0.0,0.00023001989672106636
2009,28,Neuroscience,15,86949,1,20,86929,1.1503640902345592e-05,0.0002415208915571197
2009,29,Nursing,0,29196,0,0,29196,0.0,0.0
2009,29,Nursing,1,29196,1,0,29196,3.4251267296889986e-05,3.4251267296889986e-05
2009,29,Nursing,2,29196,0,1,29195,0.0,3.4251267296889986e-05
2009,29,Nursing,3,29196,1,1,29195,3.4252440486384655e-05,6.850253459377997e-05
2009,29,Nursing,4,29196,0,2,29194,0.0,6.850253459377997e-05
2009,29,Nursing,5,29196,1,2,29194,3.4253613756251286e-05,0.00010275380189066995
2009,29,Nursing,6,29196,0,3,29193,0.0,0.00010275380189066995
2009,29,Nursing,7,29196,1,3,29193,3.425478710649813e-05,0.00013700506918755994
2009,29,Nursing,8,29196,1,4,29192,3.4255960537133464e-05,0.00017125633648444992
2009,29,Nursing,9,29196,3,5,29191,0.00010277140214449659,0.0002740101383751199
2009,29,Nursing,10,29196,1,8,29188,3.4260655063724815e-05,0.00030826140567200987
2009,29,Nursing,11,29196,0,9,29187,0.0,0.00030826140567200987
2009,29,Nursing,12,29196,0,9,29187,0.0,0.00030826140567200987
2009,29,Nursing,13,29196,0,9,29187,0.0,0.00030826140567200987
2009,29,Nursing,14,29196,0,9,29187,0.0,0.00030826140567200987
2009,29,Nursing,15,29196,0,9,29187,0.0,0.00030826140567200987
2009,30,"Pharmacology, Toxicology and Pharmaceutics",0,24838,3,0,24838,0.00012078267171269829,0.00012078267171269829
2009,30,"Pharmacology, Toxicology and Pharmaceutics",1,24838,1,3,24835,4.02657539762432e-05,0.0001610435622835977
2009,30,"Pharmacology, Toxicology and Pharmaceutics",2,24838,0,4,24834,0.0,0.0001610435622835977
2009,30,"Pharmacology, Toxicology and Pharmaceutics",3,24838,0,4,24834,0.0,0.0001610435622835977
2009,30,"Pharmacology, Toxicology and Pharmaceutics",4,24838,0,4,24834,0.0,0.0001610435622835977
2009,30,"Pharmacology, Toxicology and Pharmaceutics",5,24838,0,4,24834,0.0,0.0001610435622835977
2009,30,"Pharmacology, Toxicology and Pharmaceutics",6,24838,0,4,24834,0.0,0.0001610435622835977
2009,30,"Pharmacology, Toxicology and Pharmaceutics",7,24838,1,4,24834,4.026737537247322e-05,0.00020130445285449714
2009,30,"Pharmacology, Toxicology and Pharmaceutics",8,24838,0,5,24833,0.0,0.00020130445285449714
2009,30,"Pharmacology, Toxicology and Pharmaceutics",9,24838,0,5,24833,0.0,0.00020130445285449714
2009,30,"Pharmacology, Toxicology and Pharmaceutics",10,24838,0,5,24833,0.0,0.00020130445285449714
2009,30,"Pharmacology, Toxicology and Pharmaceutics",11,24838,0,5,24833,0.0,0.00020130445285449714
2009,30,"Pharmacology, Toxicology and Pharmaceutics",12,24838,0,5,24833,0.0,0.00020130445285449714
2009,30,"Pharmacology, Toxicology and Pharmaceutics",13,24838,0,5,24833,0.0,0.00020130445285449714
2009,30,"Pharmacology, Toxicology and Pharmaceutics",14,24838,1,5,24833,4.0268996899287236e-05,0.00024156534342539658
2009,30,"Pharmacology, Toxicology and Pharmaceutics",15,24838,0,6,24832,0.0,0.00024156534342539658
2009,31,Physics and Astronomy,0,203532,9,0,203532,4.421909085549201e-05,4.421909085549201e-05
2009,31,Physics and Astronomy,1,203532,5,9,203523,2.456724792775264e-05,6.878525244187646e-05
2009,31,Physics and Astronomy,2,203532,2,14,203518,9.82714059690052e-06,7.861171707643024e-05
2009,31,Physics and Astronomy,3,203532,0,16,203516,0.0,7.861171707643024e-05
2009,31,Physics and Astronomy,4,203532,3,16,203516,1.4740855755812811e-05,9.335141402826092e-05
2009,31,Physics and Astronomy,5,203532,1,19,203513,4.913691017281451e-06,9.826464634553781e-05
2009,31,Physics and Astronomy,6,203532,0,20,203512,0.0,9.826464634553781e-05
2009,31,Physics and Astronomy,7,203532,0,20,203512,0.0,9.826464634553781e-05
2009,31,Physics and Astronomy,8,203532,0,20,203512,0.0,9.826464634553781e-05
2009,31,Physics and Astronomy,9,203532,0,20,203512,0.0,9.826464634553781e-05
2009,31,Physics and Astronomy,10,203532,0,20,203512,0.0,9.826464634553781e-05
2009,31,Physics and Astronomy,11,203532,0,20,203512,0.0,9.826464634553781e-05
2009,31,Physics and Astronomy,12,203532,0,20,203512,0.0,9.826464634553781e-05
2009,31,Physics and Astronomy,13,203532,0,20,203512,0.0,9.826464634553781e-05
2009,31,Physics and Astronomy,14,203532,0,20,203512,0.0,9.826464634553781e-05
2009,31,Physics and Astronomy,15,203532,21,20,203512,0.00010318801839694956,0.0002014425250083525
2009,32,Psychology,0,173746,13,0,173746,7.482186640267978e-05,7.482186640267978e-05
2009,32,Psychology,1,173746,5,13,173733,2.877979428203047e-05,0.00010359950732678737
2009,32,Psychology,2,173746,1,18,173728,5.756124516485541e-06,0.0001093550355116089
2009,32,Psychology,3,173746,3,19,173727,1.7268472948937126e-05,0.00012662162006607346
2009,32,Psychology,4,173746,1,22,173724,5.756257051414888e-06,0.000132377148250895
2009,32,Psychology,5,173746,1,23,173723,5.756290186100861e-06,0.0001381326764357165
2009,32,Psychology,6,173746,1,24,173722,5.756323321168303e-06,0.00014388820462053802
2009,32,Psychology,7,173746,1,25,173721,5.7563564566172194e-06,0.00014964373280535956
2009,32,Psychology,8,173746,0,26,173720,0.0,0.00014964373280535956
2009,32,Psychology,9,173746,0,26,173720,0.0,0.00014964373280535956
2009,32,Psychology,10,173746,0,26,173720,0.0,0.00014964373280535956
2009,32,Psychology,11,173746,0,26,173720,0.0,0.00014964373280535956
2009,32,Psychology,12,173746,0,26,173720,0.0,0.00014964373280535956
2009,32,Psychology,13,173746,0,26,173720,0.0,0.00014964373280535956
2009,32,Psychology,14,173746,0,26,173720,0.0,0.00014964373280535956
2009,32,Psychology,15,173746,0,26,173720,0.0,0.00014964373280535956
2009,33,Social Sciences,0,1049218,64,0,1049218,6.099780979739196e-05,6.099780979739196e-05
2009,33,Social Sciences,1,1049218,15,64,1049154,1.4297233771209945e-05,7.529417146865571e-05
2009,33,Social Sciences,2,1049218,1,79,1049139,9.531625456684005e-07,7.624726224673995e-05
2009,33,Social Sciences,3,1049218,3,80,1049138,2.859490362564315e-06,7.91065345809927e-05
2009,33,Social Sciences,4,1049218,0,83,1049135,0.0,7.91065345809927e-05
2009,33,Social Sciences,5,1049218,1,83,1049135,9.531661797576098e-07,8.005962535907695e-05
2009,33,Social Sciences,6,1049218,4,84,1049134,3.812668353136968e-06,8.387198847141394e-05
2009,33,Social Sciences,7,1049218,0,88,1049130,0.0,8.387198847141394e-05
2009,33,Social Sciences,8,1049218,0,88,1049130,0.0,8.387198847141394e-05
2009,33,Social Sciences,9,1049218,0,88,1049130,0.0,8.387198847141394e-05
2009,33,Social Sciences,10,1049218,0,88,1049130,0.0,8.387198847141394e-05
2009,33,Social Sciences,11,1049218,0,88,1049130,0.0,8.387198847141394e-05
2009,33,Social Sciences,12,1049218,0,88,1049130,0.0,8.387198847141394e-05
2009,33,Social Sciences,13,1049218,0,88,1049130,0.0,8.387198847141394e-05
2009,33,Social Sciences,14,1049218,0,88,1049130,0.0,8.387198847141394e-05
2009,33,Social Sciences,15,1049218,0,88,1049130,0.0,8.387198847141394e-05
2009,34,Veterinary,0,10501,0,0,10501,0.0,0.0
2009,34,Veterinary,1,10501,0,0,10501,0.0,0.0
2009,34,Veterinary,2,10501,0,0,10501,0.0,0.0
2009,34,Veterinary,3,10501,0,0,10501,0.0,0.0
2009,34,Veterinary,4,10501,0,0,10501,0.0,0.0
2009,34,Veterinary,5,10501,0,0,10501,0.0,0.0
2009,34,Veterinary,6,10501,1,0,10501,9.522902580706599e-05,9.522902580706599e-05
2009,34,Veterinary,7,10501,0,1,10500,0.0,9.522902580706599e-05
2009,34,Veterinary,8,10501,0,1,10500,0.0,9.522902580706599e-05
2009,34,Veterinary,9,10501,0,1,10500,0.0,9.522902580706599e-05
2009,34,Veterinary,10,10501,0,1,10500,0.0,9.522902580706599e-05
2009,34,Veterinary,11,10501,0,1,10500,0.0,9.522902580706599e-05
2009,34,Veterinary,12,10501,0,1,10500,0.0,9.522902580706599e-05
2009,34,Veterinary,13,10501,0,1,10500,0.0,9.522902580706599e-05
2009,34,Veterinary,14,10501,0,1,10500,0.0,9.522902580706599e-05
2009,34,Veterinary,15,10501,0,1,10500,0.0,9.522902580706599e-05
2009,35,Dentistry,0,20793,0,0,20793,0.0,0.0
2009,35,Dentistry,1,20793,0,0,20793,0.0,0.0
2009,35,Dentistry,2,20793,0,0,20793,0.0,0.0
2009,35,Dentistry,3,20793,0,0,20793,0.0,0.0
2009,35,Dentistry,4,20793,0,0,20793,0.0,0.0
2009,35,Dentistry,5,20793,0,0,20793,0.0,0.0
2009,35,Dentistry,6,20793,0,0,20793,0.0,0.0
2009,35,Dentistry,7,20793,1,0,20793,4.809310825758669e-05,4.809310825758669e-05
2009,35,Dentistry,8,20793,0,1,20792,0.0,4.809310825758669e-05
2009,35,Dentistry,9,20793,0,1,20792,0.0,4.809310825758669e-05
2009,35,Dentistry,10,20793,0,1,20792,0.0,4.809310825758669e-05
2009,35,Dentistry,11,20793,0,1,20792,0.0,4.809310825758669e-05
2009,35,Dentistry,12,20793,0,1,20792,0.0,4.809310825758669e-05
2009,35,Dentistry,13,20793,0,1,20792,0.0,4.809310825758669e-05
2009,35,Dentistry,14,20793,0,1,20792,0.0,4.809310825758669e-05
2009,35,Dentistry,15,20793,0,1,20792,0.0,4.809310825758669e-05
2009,36,Health Professions,0,164710,6,0,164710,3.6427660737053004e-05,3.6427660737053004e-05
2009,36,Health Professions,1,164710,1,6,164704,6.071497959976686e-06,4.2498937526561835e-05
2009,36,Health Professions,2,164710,2,7,164703,1.2143069646575959e-05,5.46414911055795e-05
2009,36,Health Professions,3,164710,1,9,164701,6.071608551253484e-06,6.0712767895088334e-05
2009,36,Health Professions,4,164710,0,10,164700,0.0,6.0712767895088334e-05
2009,36,Health Professions,5,164710,1,10,164700,6.071645415907711e-06,6.678404468459717e-05
2009,36,Health Professions,6,164710,0,11,164699,0.0,6.678404468459717e-05
2009,36,Health Professions,7,164710,0,11,164699,0.0,6.678404468459717e-05
2009,36,Health Professions,8,164710,0,11,164699,0.0,6.678404468459717e-05
2009,36,Health Professions,9,164710,0,11,164699,0.0,6.678404468459717e-05
2009,36,Health Professions,10,164710,0,11,164699,0.0,6.678404468459717e-05
2009,36,Health Professions,11,164710,0,11,164699,0.0,6.678404468459717e-05
2009,36,Health Professions,12,164710,0,11,164699,0.0,6.678404468459717e-05
2009,36,Health Professions,13,164710,0,11,164699,0.0,6.678404468459717e-05
2009,36,Health Professions,14,164710,1,11,164699,6.0716822810096e-06,7.285532147410601e-05
2009,36,Health Professions,15,164710,0,12,164698,0.0,7.285532147410601e-05
2010,11,Agricultural and Biological Sciences,0,317399,24,0,317399,7.561460496094821e-05,7.561460496094821e-05
2010,11,Agricultural and Biological Sciences,1,317399,8,24,317375,2.520677432059866e-05,0.00010081947328126428
2010,11,Agricultural and Biological Sciences,2,317399,16,32,317367,5.041481943617326e-05,0.00015122920992189642
2010,11,Agricultural and Biological Sciences,3,317399,0,48,317351,0.0,0.00015122920992189642
2010,11,Agricultural and Biological Sciences,4,317399,1,48,317351,3.1510850761459707e-06,0.00015437981846193593
2010,11,Agricultural and Biological Sciences,5,317399,1,49,317350,3.1510950055144164e-06,0.00015753042700197544
2010,11,Agricultural and Biological Sciences,6,317399,3,50,317349,9.453314804836315e-06,0.00016698225262209396
2010,11,Agricultural and Biological Sciences,7,317399,1,53,317346,3.1511347236139736e-06,0.00017013286116213347
2010,11,Agricultural and Biological Sciences,8,317399,1,54,317345,3.1511446532953094e-06,0.00017328346970217298
2010,11,Agricultural and Biological Sciences,9,317399,0,55,317344,0.0,0.00017328346970217298
2010,11,Agricultural and Biological Sciences,10,317399,0,55,317344,0.0,0.00017328346970217298
2010,11,Agricultural and Biological Sciences,11,317399,3,55,317344,9.453463749117677e-06,0.0001827352953222915
2010,11,Agricultural and Biological Sciences,12,317399,0,58,317341,0.0,0.0001827352953222915
2010,11,Agricultural and Biological Sciences,13,317399,1,58,317341,3.151184372646459e-06,0.000185885903862331
2010,11,Agricultural and Biological Sciences,14,317399,1,59,317340,3.1511943026407007e-06,0.00018903651240237052
2010,11,Agricultural and Biological Sciences,15,317399,0,60,317339,0.0,0.00018903651240237052
2010,12,Arts and Humanities,0,517083,26,0,517083,5.028206303436779e-05,5.028206303436779e-05
2010,12,Arts and Humanities,1,517083,0,26,517057,0.0,5.028206303436779e-05
2010,12,Arts and Humanities,2,517083,0,26,517057,0.0,5.028206303436779e-05
2010,12,Arts and Humanities,3,517083,0,26,517057,0.0,5.028206303436779e-05
2010,12,Arts and Humanities,4,517083,2,26,517057,3.868045495951124e-06,5.4149914037011463e-05
2010,12,Arts and Humanities,5,517083,2,28,517055,3.868060457784955e-06,5.8017765039655145e-05
2010,12,Arts and Humanities,6,517083,1,30,517053,1.934037709867267e-06,5.995169054097698e-05
2010,12,Arts and Humanities,7,517083,0,31,517052,0.0,5.995169054097698e-05
2010,12,Arts and Humanities,8,517083,0,31,517052,0.0,5.995169054097698e-05
2010,12,Arts and Humanities,9,517083,0,31,517052,0.0,5.995169054097698e-05
2010,12,Arts and Humanities,10,517083,0,31,517052,0.0,5.995169054097698e-05
2010,12,Arts and Humanities,11,517083,0,31,517052,0.0,5.995169054097698e-05
2010,12,Arts and Humanities,12,517083,0,31,517052,0.0,5.995169054097698e-05
2010,12,Arts and Humanities,13,517083,0,31,517052,0.0,5.995169054097698e-05
2010,12,Arts and Humanities,14,517083,0,31,517052,0.0,5.995169054097698e-05
2010,12,Arts and Humanities,15,517083,0,31,517052,0.0,5.995169054097698e-05
2010,13,"Biochemistry, Genetics and Molecular Biology",0,335570,35,0,335570,0.00010430014602020443,0.00010430014602020443
2010,13,"Biochemistry, Genetics and Molecular Biology",1,335570,30,35,335535,8.940945057892619e-05,0.00019370027118037966
2010,13,"Biochemistry, Genetics and Molecular Biology",2,335570,14,65,335505,4.172814116034038e-05,0.00023542032958846141
2010,13,"Biochemistry, Genetics and Molecular Biology",3,335570,12,79,335491,3.576847068922862e-05,0.0002711803796525315
2010,13,"Biochemistry, Genetics and Molecular Biology",4,335570,6,91,335479,1.788487505924365e-05,0.00028906040468456657
2010,13,"Biochemistry, Genetics and Molecular Biology",5,335570,12,97,335473,3.5770389867440894e-05,0.00032482045474863667
2010,13,"Biochemistry, Genetics and Molecular Biology",6,335570,17,109,335461,5.067653169817058e-05,0.00037548052567273595
2010,13,"Biochemistry, Genetics and Molecular Biology",7,335570,10,126,335444,2.9811235258344164e-05,0.00040528056739279437
2010,13,"Biochemistry, Genetics and Molecular Biology",8,335570,15,136,335434,4.471818599187918e-05,0.00044998062997288196
2010,13,"Biochemistry, Genetics and Molecular Biology",9,335570,5,151,335419,1.4906728599155087e-05,0.00046488065083291115
2010,13,"Biochemistry, Genetics and Molecular Biology",10,335570,9,156,335414,2.6832511463445174e-05,0.0004917006883809637
2010,13,"Biochemistry, Genetics and Molecular Biology",11,335570,8,165,335405,2.3851761303498757e-05,0.0005155407217570105
2010,13,"Biochemistry, Genetics and Molecular Biology",12,335570,6,173,335397,1.7889247667689337e-05,0.0005334207467890455
2010,13,"Biochemistry, Genetics and Molecular Biology",13,335570,9,179,335391,2.6834351547894844e-05,0.000560240784337098
2010,13,"Biochemistry, Genetics and Molecular Biology",14,335570,9,188,335382,2.6835071649641305e-05,0.0005870608218851507
2010,13,"Biochemistry, Genetics and Molecular Biology",15,335570,5,197,335373,1.4908773216687093e-05,0.0006019608427451799
2010,14,"Business, Management and Accounting",0,242423,268,0,242423,0.0011055056657165367,0.0011055056657165367
2010,14,"Business, Management and Accounting",1,242423,12,268,242155,4.9555037063038134e-05,0.001155005919405337
2010,14,"Business, Management and Accounting",2,242423,5,280,242143,2.0648955369347865e-05,0.0011756310251090038
2010,14,"Business, Management and Accounting",3,242423,4,285,242138,1.6519505406008144e-05,0.001192131109671937
2010,14,"Business, Management and Accounting",4,242423,1,289,242134,4.129944576143788e-06,0.0011962561308126705
2010,14,"Business, Management and Accounting",5,242423,3,290,242133,1.2389884897969298e-05,0.0012086311942348705
2010,14,"Business, Management and Accounting",6,242423,1,293,242130,4.13001280303969e-06,0.0012127562153756038
2010,14,"Business, Management and Accounting",7,242423,1,294,242129,4.130029860115888e-06,0.001216881236516337
2010,14,"Business, Management and Accounting",8,242423,0,295,242128,0.0,0.001216881236516337
2010,14,"Business, Management and Accounting",9,242423,0,295,242128,0.0,0.001216881236516337
2010,14,"Business, Management and Accounting",10,242423,0,295,242128,0.0,0.001216881236516337
2010,14,"Business, Management and Accounting",11,242423,6,295,242128,2.4780281503997887e-05,0.0012416313633607373
2010,14,"Business, Management and Accounting",12,242423,0,301,242122,0.0,0.0012416313633607373
2010,14,"Business, Management and Accounting",13,242423,0,301,242122,0.0,0.0012416313633607373
2010,14,"Business, Management and Accounting",14,242423,0,301,242122,0.0,0.0012416313633607373
2010,14,"Business, Management and Accounting",15,242423,0,301,242122,0.0,0.0012416313633607373
2010,15,Chemical Engineering,0,18161,8,0,18161,0.00044050437751225153,0.00044050437751225153
2010,15,Chemical Engineering,1,18161,3,8,18153,0.00016526194017517766,0.0006056935190793458
2010,15,Chemical Engineering,2,18161,0,11,18150,0.0,0.0006056935190793458
2010,15,Chemical Engineering,3,18161,0,11,18150,0.0,0.0006056935190793458
2010,15,Chemical Engineering,4,18161,0,11,18150,0.0,0.0006056935190793458
2010,15,Chemical Engineering,5,18161,0,11,18150,0.0,0.0006056935190793458
2010,15,Chemical Engineering,6,18161,0,11,18150,0.0,0.0006056935190793458
2010,15,Chemical Engineering,7,18161,0,11,18150,0.0,0.0006056935190793458
2010,15,Chemical Engineering,8,18161,0,11,18150,0.0,0.0006056935190793458
2010,15,Chemical Engineering,9,18161,0,11,18150,0.0,0.0006056935190793458
2010,15,Chemical Engineering,10,18161,0,11,18150,0.0,0.0006056935190793458
2010,15,Chemical Engineering,11,18161,0,11,18150,0.0,0.0006056935190793458
2010,15,Chemical Engineering,12,18161,0,11,18150,0.0,0.0006056935190793458
2010,15,Chemical Engineering,13,18161,0,11,18150,0.0,0.0006056935190793458
2010,15,Chemical Engineering,14,18161,0,11,18150,0.0,0.0006056935190793458
2010,15,Chemical Engineering,15,18161,0,11,18150,0.0,0.0006056935190793458
2010,16,Chemistry,0,130757,15,0,130757,0.00011471661173015594,0.00011471661173015594
2010,16,Chemistry,1,130757,3,15,130742,2.294595462819905e-05,0.00013765993407618713
2010,16,Chemistry,2,130757,4,18,130739,3.059530820948608e-05,0.00016825103053756205
2010,16,Chemistry,3,130757,3,22,130735,2.2947183233258118e-05,0.00019119435288359322
2010,16,Chemistry,4,130757,4,25,130732,3.059694642474681e-05,0.00022178544934496814
2010,16,Chemistry,5,130757,3,29,130728,2.2948411969891684e-05,0.00024472877169099934
2010,16,Chemistry,6,130757,0,32,130725,0.0,0.00024472877169099934
2010,16,Chemistry,7,130757,2,32,130725,1.5299292407726142e-05,0.0002600243199216868
2010,16,Chemistry,8,130757,2,34,130723,1.5299526479655455e-05,0.00027531986815237426
2010,16,Chemistry,9,130757,1,36,130721,7.649880279373627e-06,0.000282967642267718
2010,16,Chemistry,10,130757,0,37,130720,0.0,0.000282967642267718
2010,16,Chemistry,11,130757,0,37,130720,0.0,0.000282967642267718
2010,16,Chemistry,12,130757,0,37,130720,0.0,0.000282967642267718
2010,16,Chemistry,13,130757,0,37,130720,0.0,0.000282967642267718
2010,16,Chemistry,14,130757,1,37,130720,7.649938800489596e-06,0.0002906154163830617
2010,16,Chemistry,15,130757,0,38,130719,0.0,0.0002906154163830617
2010,17,Computer Science,0,470031,458,0,470031,0.0009744038159185246,0.0009744038159185246
2010,17,Computer Science,1,470031,19,458,469573,4.046229233793255e-05,0.001014826681644402
2010,17,Computer Science,2,470031,2,477,469554,4.25936101066118e-06,0.001019081720141863
2010,17,Computer Science,3,470031,2,479,469552,4.259379152894674e-06,0.0010233367586393238
2010,17,Computer Science,4,470031,2,481,469550,4.259397295282718e-06,0.0010275917971367845
2010,17,Computer Science,5,470031,0,483,469548,0.0,0.0010275917971367845
2010,17,Computer Science,6,470031,0,483,469548,0.0,0.0010275917971367845
2010,17,Computer Science,7,470031,1,483,469548,2.1297077189126564e-06,0.001029719316385515
2010,17,Computer Science,8,470031,0,484,469547,0.0,0.001029719316385515
2010,17,Computer Science,9,470031,0,484,469547,0.0,0.001029719316385515
2010,17,Computer Science,10,470031,0,484,469547,0.0,0.001029719316385515
2010,17,Computer Science,11,470031,16,484,469547,3.407539607323655e-05,0.0010637596243652015
2010,17,Computer Science,12,470031,0,500,469531,0.0,0.0010637596243652015
2010,17,Computer Science,13,470031,0,500,469531,0.0,0.0010637596243652015
2010,17,Computer Science,14,470031,0,500,469531,0.0,0.0010637596243652015
2010,17,Computer Science,15,470031,0,500,469531,0.0,0.0010637596243652015
2010,18,Decision Sciences,0,71535,66,0,71535,0.0009226252883204027,0.0009226252883204027
2010,18,Decision Sciences,1,71535,2,66,71469,2.798416096489387e-05,0.0009505836303907178
2010,18,Decision Sciences,2,71535,1,68,71467,1.3992472050037081e-05,0.0009645628014258754
2010,18,Decision Sciences,3,71535,2,69,71466,2.7985335684101532e-05,0.0009925211434961907
2010,18,Decision Sciences,4,71535,0,71,71464,0.0,0.0009925211434961907
2010,18,Decision Sciences,5,71535,1,71,71464,1.3993059442516511e-05,0.0010065003145313482
2010,18,Decision Sciences,6,71535,0,72,71463,0.0,0.0010065003145313482
2010,18,Decision Sciences,7,71535,0,72,71463,0.0,0.0010065003145313482
2010,18,Decision Sciences,8,71535,1,72,71463,1.3993255250969032e-05,0.001020479485566506
2010,18,Decision Sciences,9,71535,0,73,71462,0.0,0.001020479485566506
2010,18,Decision Sciences,10,71535,0,73,71462,0.0,0.001020479485566506
2010,18,Decision Sciences,11,71535,0,73,71462,0.0,0.001020479485566506
2010,18,Decision Sciences,12,71535,0,73,71462,0.0,0.001020479485566506
2010,18,Decision Sciences,13,71535,0,73,71462,0.0,0.001020479485566506
2010,18,Decision Sciences,14,71535,0,73,71462,0.0,0.001020479485566506
2010,18,Decision Sciences,15,71535,0,73,71462,0.0,0.001020479485566506
2010,19,Earth and Planetary Sciences,0,115661,32,0,115661,0.0002766706149869014,0.0002766706149869014
2010,19,Earth and Planetary Sciences,1,115661,4,32,115629,3.459339785002032e-05,0.00031125444186026405
2010,19,Earth and Planetary Sciences,2,115661,0,36,115625,0.0,0.00031125444186026405
2010,19,Earth and Planetary Sciences,3,115661,0,36,115625,0.0,0.00031125444186026405
2010,19,Earth and Planetary Sciences,4,115661,0,36,115625,0.0,0.00031125444186026405
2010,19,Earth and Planetary Sciences,5,115661,1,36,115625,8.64864864864865e-06,0.0003199003985786047
2010,19,Earth and Planetary Sciences,6,115661,0,37,115624,0.0,0.0003199003985786047
2010,19,Earth and Planetary Sciences,7,115661,0,37,115624,0.0,0.0003199003985786047
2010,19,Earth and Planetary Sciences,8,115661,0,37,115624,0.0,0.0003199003985786047
2010,19,Earth and Planetary Sciences,9,115661,0,37,115624,0.0,0.0003199003985786047
2010,19,Earth and Planetary Sciences,10,115661,0,37,115624,0.0,0.0003199003985786047
2010,19,Earth and Planetary Sciences,11,115661,0,37,115624,0.0,0.0003199003985786047
2010,19,Earth and Planetary Sciences,12,115661,0,37,115624,0.0,0.0003199003985786047
2010,19,Earth and Planetary Sciences,13,115661,0,37,115624,0.0,0.0003199003985786047
2010,19,Earth and Planetary Sciences,14,115661,0,37,115624,0.0,0.0003199003985786047
2010,19,Earth and Planetary Sciences,15,115661,0,37,115624,0.0,0.0003199003985786047
2010,20,"Economics, Econometrics and Finance",0,257941,114,0,257941,0.00044196153383913375,0.00044196153383913375
2010,20,"Economics, Econometrics and Finance",1,257941,6,114,257827,2.3271418431739112e-05,0.0004652226671990882
2010,20,"Economics, Econometrics and Finance",2,257941,0,120,257821,0.0,0.0004652226671990882
2010,20,"Economics, Econometrics and Finance",3,257941,0,120,257821,0.0,0.0004652226671990882
2010,20,"Economics, Econometrics and Finance",4,257941,0,120,257821,0.0,0.0004652226671990882
2010,20,"Economics, Econometrics and Finance",5,257941,1,120,257821,3.878660000543012e-06,0.00046909952275908055
2010,20,"Economics, Econometrics and Finance",6,257941,0,121,257820,0.0,0.00046909952275908055
2010,20,"Economics, Econometrics and Finance",7,257941,0,121,257820,0.0,0.00046909952275908055
2010,20,"Economics, Econometrics and Finance",8,257941,0,121,257820,0.0,0.00046909952275908055
2010,20,"Economics, Econometrics and Finance",9,257941,0,121,257820,0.0,0.00046909952275908055
2010,20,"Economics, Econometrics and Finance",10,257941,0,121,257820,0.0,0.00046909952275908055
2010,20,"Economics, Econometrics and Finance",11,257941,3,121,257820,1.1636025133814289e-05,0.0004807300894390578
2010,20,"Economics, Econometrics and Finance",12,257941,0,124,257817,0.0,0.0004807300894390578
2010,20,"Economics, Econometrics and Finance",13,257941,0,124,257817,0.0,0.0004807300894390578
2010,20,"Economics, Econometrics and Finance",14,257941,0,124,257817,0.0,0.0004807300894390578
2010,20,"Economics, Econometrics and Finance",15,257941,0,124,257817,0.0,0.0004807300894390578
2010,21,Energy,0,36904,30,0,36904,0.0008129200086711468,0.0008129200086711468
2010,21,Energy,1,36904,2,30,36874,5.4238759017193686e-05,0.0008671146759158899
2010,21,Energy,2,36904,1,32,36872,2.712085050987199e-05,0.0008942120095382615
2010,21,Energy,3,36904,2,33,36871,5.424317214070679e-05,0.0009484066767830046
2010,21,Energy,4,36904,0,35,36869,0.0,0.0009484066767830046
2010,21,Energy,5,36904,0,35,36869,0.0,0.0009484066767830046
2010,21,Energy,6,36904,0,35,36869,0.0,0.0009484066767830046
2010,21,Energy,7,36904,0,35,36869,0.0,0.0009484066767830046
2010,21,Energy,8,36904,0,35,36869,0.0,0.0009484066767830046
2010,21,Energy,9,36904,0,35,36869,0.0,0.0009484066767830046
2010,21,Energy,10,36904,0,35,36869,0.0,0.0009484066767830046
2010,21,Energy,11,36904,0,35,36869,0.0,0.0009484066767830046
2010,21,Energy,12,36904,0,35,36869,0.0,0.0009484066767830046
2010,21,Energy,13,36904,0,35,36869,0.0,0.0009484066767830046
2010,21,Energy,14,36904,1,35,36869,2.7123057311020097e-05,0.0009755040104053761
2010,21,Energy,15,36904,0,36,36868,0.0,0.0009755040104053761
2010,22,Engineering,0,1601674,727,0,1601674,0.0004539001070130376,0.0004539001070130376
2010,22,Engineering,1,1601674,25,727,1600947,1.5615757423574922e-05,0.0004695087764426469
2010,22,Engineering,2,1601674,6,752,1600922,3.747840307023078e-06,0.0004732548571057531
2010,22,Engineering,3,1601674,3,758,1600916,1.8739271766913441e-06,0.0004751278974373062
2010,22,Engineering,4,1601674,9,761,1600913,5.621792064902964e-06,0.00048074701843196555
2010,22,Engineering,5,1601674,9,770,1600904,5.621823669626661e-06,0.0004863661394266249
2010,22,Engineering,6,1601674,6,779,1600895,3.7479035164704745e-06,0.0004901122200897311
2010,22,Engineering,7,1601674,4,785,1600889,2.4986117088692593e-06,0.0004926096071984686
2010,22,Engineering,8,1601674,1,789,1600885,6.246544879863326e-07,0.000493233953975653
2010,22,Engineering,9,1601674,12,790,1600884,7.495858538157668e-06,0.0005007261153018654
2010,22,Engineering,10,1601674,0,802,1600872,0.0,0.0005007261153018654
2010,22,Engineering,11,1601674,8,802,1600872,4.997276484316048e-06,0.0005057208895193404
2010,22,Engineering,12,1601674,5,810,1600864,3.1233134107581906e-06,0.0005088426234052622
2010,22,Engineering,13,1601674,0,815,1600859,0.0,0.0005088426234052622
2010,22,Engineering,14,1601674,1,815,1600859,6.246646331750641e-07,0.0005094669701824466
2010,22,Engineering,15,1601674,1,816,1600858,6.246650233812118e-07,0.000510091316959631
2010,23,Environmental Science,0,307987,140,0,307987,0.00045456464071535487,0.00045456464071535487
2010,23,Environmental Science,1,307987,11,140,307847,3.573203571904225e-05,0.0004902804339144184
2010,23,Environmental Science,2,307987,3,151,307836,9.7454488753752e-06,0.0005000211047868903
2010,23,Environmental Science,3,307987,1,154,307833,3.2485146166915177e-06,0.0005032679950777143
2010,23,Environmental Science,4,307987,1,155,307832,3.248525169573014e-06,0.0005065148853685383
2010,23,Environmental Science,5,307987,1,156,307831,3.2485357225230726e-06,0.0005097617756593622
2010,23,Environmental Science,6,307987,0,157,307830,0.0,0.0005097617756593622
2010,23,Environmental Science,7,307987,5,157,307830,1.6242731377708475e-05,0.000525996227113482
2010,23,Environmental Science,8,307987,0,162,307825,0.0,0.000525996227113482
2010,23,Environmental Science,9,307987,0,162,307825,0.0,0.000525996227113482
2010,23,Environmental Science,10,307987,0,162,307825,0.0,0.000525996227113482
2010,23,Environmental Science,11,307987,1,162,307825,3.2485990416632826e-06,0.000529243117404306
2010,23,Environmental Science,12,307987,0,163,307824,0.0,0.000529243117404306
2010,23,Environmental Science,13,307987,0,163,307824,0.0,0.000529243117404306
2010,23,Environmental Science,14,307987,0,163,307824,0.0,0.000529243117404306
2010,23,Environmental Science,15,307987,2,163,307824,6.4972191901866e-06,0.0005357368979859539
2010,24,Immunology and Microbiology,0,57655,6,0,57655,0.00010406729685196427,0.00010406729685196427
2010,24,Immunology and Microbiology,1,57655,5,6,57649,8.673177331783726e-05,0.00019079004422860115
2010,24,Immunology and Microbiology,2,57655,5,11,57644,8.673929637082783e-05,0.00027751279160523806
2010,24,Immunology and Microbiology,3,57655,4,16,57639,6.939745658321622e-05,0.0003468909895065476
2010,24,Immunology and Microbiology,4,57655,5,20,57635,8.675284115554784e-05,0.0004336137368831845
2010,24,Immunology and Microbiology,5,57655,3,25,57630,5.2056220718375845e-05,0.0004856473853091666
2010,24,Immunology and Microbiology,6,57655,1,28,57627,1.735297690318774e-05,0.000502991934784494
2010,24,Immunology and Microbiology,7,57655,0,29,57626,0.0,0.000502991934784494
2010,24,Immunology and Microbiology,8,57655,0,29,57626,0.0,0.000502991934784494
2010,24,Immunology and Microbiology,9,57655,1,29,57626,1.7353278034220665e-05,0.0005203364842598213
2010,24,Immunology and Microbiology,10,57655,1,30,57625,1.735357917570499e-05,0.0005376810337351487
2010,24,Immunology and Microbiology,11,57655,0,31,57624,0.0,0.0005376810337351487
2010,24,Immunology and Microbiology,12,57655,1,31,57624,1.735388032764126e-05,0.0005550255832104761
2010,24,Immunology and Microbiology,13,57655,0,32,57623,0.0,0.0005550255832104761
2010,24,Immunology and Microbiology,14,57655,0,32,57623,0.0,0.0005550255832104761
2010,24,Immunology and Microbiology,15,57655,0,32,57623,0.0,0.0005550255832104761
2010,25,Materials Science,0,213272,20,0,213272,9.377696087625193e-05,9.377696087625193e-05
2010,25,Materials Science,1,213272,11,20,213252,5.158216570067338e-05,0.00014535428935819048
2010,25,Materials Science,2,213272,4,31,213241,1.8758118748270737e-05,0.00016410968153344086
2010,25,Materials Science,3,213272,2,35,213237,9.3792353109451e-06,0.00017348737762106606
2010,25,Materials Science,4,213272,3,37,213235,1.4068984922737825e-05,0.00018755392175250386
2010,25,Materials Science,5,213272,0,40,213232,0.0,0.00018755392175250386
2010,25,Materials Science,6,213272,2,40,213232,9.379455241239589e-06,0.00019693161784012904
2010,25,Materials Science,7,213272,1,42,213230,4.689771608122684e-06,0.00020162046588394162
2010,25,Materials Science,8,213272,1,43,213229,4.689793602183568e-06,0.00020630931392775424
2010,25,Materials Science,9,213272,1,44,213228,4.6898155964507475e-06,0.00021099816197156683
2010,25,Materials Science,10,213272,1,45,213227,4.689837590924226e-06,0.00021568701001537942
2010,25,Materials Science,11,213272,1,46,213226,4.689859585604007e-06,0.000220375858059192
2010,25,Materials Science,12,213272,1,47,213225,4.689881580490093e-06,0.00022506470610300462
2010,25,Materials Science,13,213272,1,48,213224,4.689903575582486e-06,0.0002297535541468172
2010,25,Materials Science,14,213272,2,49,213223,9.37985114176238e-06,0.0002391312502344424
2010,25,Materials Science,15,213272,0,51,213221,0.0,0.0002391312502344424
2010,26,Mathematics,0,85758,32,0,85758,0.0003731430303878355,0.0003731430303878355
2010,26,Mathematics,1,85758,3,32,85726,3.499521732029956e-05,0.0004081251894866951
2010,26,Mathematics,2,85758,3,35,85723,3.499644202839378e-05,0.0004431073485855547
2010,26,Mathematics,3,85758,0,38,85720,0.0,0.0004431073485855547
2010,26,Mathematics,4,85758,1,38,85720,1.1665888940737283e-05,0.0004547680682851746
2010,26,Mathematics,5,85758,0,39,85719,0.0,0.0004547680682851746
2010,26,Mathematics,6,85758,0,39,85719,0.0,0.0004547680682851746
2010,26,Mathematics,7,85758,1,39,85719,1.1666025035289725e-05,0.0004664287879847944
2010,26,Mathematics,8,85758,0,40,85718,0.0,0.0004664287879847944
2010,26,Mathematics,9,85758,1,40,85718,1.166616113301757e-05,0.00047808950768441427
2010,26,Mathematics,10,85758,0,41,85717,0.0,0.00047808950768441427
2010,26,Mathematics,11,85758,0,41,85717,0.0,0.00047808950768441427
2010,26,Mathematics,12,85758,0,41,85717,0.0,0.00047808950768441427
2010,26,Mathematics,13,85758,0,41,85717,0.0,0.00047808950768441427
2010,26,Mathematics,14,85758,0,41,85717,0.0,0.00047808950768441427
2010,26,Mathematics,15,85758,0,41,85717,0.0,0.00047808950768441427
2010,27,Medicine,0,1079234,56,0,1079234,5.1888654360407475e-05,5.1888654360407475e-05
2010,27,Medicine,1,1079234,62,56,1079178,5.745113410391983e-05,0.00010933680740228718
2010,27,Medicine,2,1079234,27,118,1079116,2.5020479725997948e-05,0.0001343545514689122
2010,27,Medicine,3,1079234,20,145,1079089,1.853415241930925e-05,0.0001528862137404863
2010,27,Medicine,4,1079234,17,165,1079069,1.5754321549409724e-05,0.0001686381266713243
2010,27,Medicine,5,1079234,14,182,1079052,1.2974351560443796e-05,0.00018161029026142616
2010,27,Medicine,6,1079234,20,196,1079038,1.8535028423466087e-05,0.00020014195253300026
2010,27,Medicine,7,1079234,5,216,1079018,4.63384299427813e-06,0.00020477486810089378
2010,27,Medicine,8,1079234,9,221,1079013,8.340956040381349e-06,0.00021311411612310213
2010,27,Medicine,9,1079234,10,230,1079004,9.26780623612146e-06,0.00022237994725888917
2010,27,Medicine,10,1079234,9,240,1078994,8.341102916234937e-06,0.00023071919528109752
2010,27,Medicine,11,1079234,8,249,1078985,7.414375547389445e-06,0.00023813186018972716
2010,27,Medicine,12,1079234,9,257,1078977,8.34123433585702e-06,0.0002464711082119355
2010,27,Medicine,13,1079234,10,266,1078968,9.268115458475136e-06,0.00025573693934772255
2010,27,Medicine,14,1079234,17,276,1078958,1.575594230730019e-05,0.0002714888522785605
2010,27,Medicine,15,1079234,3,293,1078941,2.7805042166346445e-06,0.00027426860161929663
2010,28,Neuroscience,0,96728,7,0,96728,7.236787693325615e-05,7.236787693325615e-05
2010,28,Neuroscience,1,96728,2,7,96721,2.0678032691969687e-05,9.304441319990075e-05
2010,28,Neuroscience,2,96728,2,9,96719,2.0678460281847414e-05,0.00011372094946654536
2010,28,Neuroscience,3,96728,3,11,96717,3.101833183411396e-05,0.0001447357538665123
2010,28,Neuroscience,4,96728,1,14,96714,1.033976466695618e-05,0.0001550740219998346
2010,28,Neuroscience,5,96728,0,15,96713,0.0,0.0001550740219998346
2010,28,Neuroscience,6,96728,0,15,96713,0.0,0.0001550740219998346
2010,28,Neuroscience,7,96728,0,15,96713,0.0,0.0001550740219998346
2010,28,Neuroscience,8,96728,0,15,96713,0.0,0.0001550740219998346
2010,28,Neuroscience,9,96728,0,15,96713,0.0,0.0001550740219998346
2010,28,Neuroscience,10,96728,2,15,96713,2.0679743157589984e-05,0.0001757505582664792
2010,28,Neuroscience,11,96728,1,17,96711,1.0340085409105479e-05,0.0001860888263998015
2010,28,Neuroscience,12,96728,1,18,96710,1.0340192327577293e-05,0.0001964270945331238
2010,28,Neuroscience,13,96728,2,19,96709,2.068059849652049e-05,0.00021710363079976842
2010,28,Neuroscience,14,96728,1,21,96707,1.0340513096259837e-05,0.00022744189893309072
2010,28,Neuroscience,15,96728,0,22,96706,0.0,0.00022744189893309072
2010,29,Nursing,0,29192,4,0,29192,0.00013702384214853386,0.00013702384214853386
2010,29,Nursing,1,29192,1,4,29188,3.4260655063724815e-05,0.0001712798026856673
2010,29,Nursing,2,29192,0,5,29187,0.0,0.0001712798026856673
2010,29,Nursing,3,29192,0,5,29187,0.0,0.0001712798026856673
2010,29,Nursing,4,29192,1,5,29187,3.426182889642649e-05,0.00020553576322280076
2010,29,Nursing,5,29192,0,6,29186,0.0,0.00020553576322280076
2010,29,Nursing,6,29192,0,6,29186,0.0,0.00020553576322280076
2010,29,Nursing,7,29192,1,6,29186,3.426300280956623e-05,0.00023979172375993422
2010,29,Nursing,8,29192,0,7,29185,0.0,0.00023979172375993422
2010,29,Nursing,9,29192,0,7,29185,0.0,0.00023979172375993422
2010,29,Nursing,10,29192,0,7,29185,0.0,0.00023979172375993422
2010,29,Nursing,11,29192,0,7,29185,0.0,0.00023979172375993422
2010,29,Nursing,12,29192,1,7,29185,3.42641768031523e-05,0.0002740476842970677
2010,29,Nursing,13,29192,1,8,29184,3.426535087719298e-05,0.0003083036448342011
2010,29,Nursing,14,29192,1,9,29183,3.426652503169654e-05,0.0003425596053713346
2010,29,Nursing,15,29192,0,10,29182,0.0,0.0003425596053713346
2010,30,"Pharmacology, Toxicology and Pharmaceutics",0,26772,2,0,26772,7.470491558344539e-05,7.470491558344539e-05
2010,30,"Pharmacology, Toxicology and Pharmaceutics",1,26772,1,2,26770,3.735524841240194e-05,0.00011205737337516809
2010,30,"Pharmacology, Toxicology and Pharmaceutics",2,26772,3,3,26769,0.0001120699316373417,0.00022411474675033618
2010,30,"Pharmacology, Toxicology and Pharmaceutics",3,26772,0,6,26766,0.0,0.00022411474675033618
2010,30,"Pharmacology, Toxicology and Pharmaceutics",4,26772,0,6,26766,0.0,0.00022411474675033618
2010,30,"Pharmacology, Toxicology and Pharmaceutics",5,26772,0,6,26766,0.0,0.00022411474675033618
2010,30,"Pharmacology, Toxicology and Pharmaceutics",6,26772,1,6,26766,3.7360830904879326e-05,0.0002614672045420589
2010,30,"Pharmacology, Toxicology and Pharmaceutics",7,26772,0,7,26765,0.0,0.0002614672045420589
2010,30,"Pharmacology, Toxicology and Pharmaceutics",8,26772,1,7,26765,3.736222678871661e-05,0.00029881966233378154
2010,30,"Pharmacology, Toxicology and Pharmaceutics",9,26772,0,8,26764,0.0,0.00029881966233378154
2010,30,"Pharmacology, Toxicology and Pharmaceutics",10,26772,1,8,26764,3.736362277686444e-05,0.00033617212012550425
2010,30,"Pharmacology, Toxicology and Pharmaceutics",11,26772,0,9,26763,0.0,0.00033617212012550425
2010,30,"Pharmacology, Toxicology and Pharmaceutics",12,26772,0,9,26763,0.0,0.00033617212012550425
2010,30,"Pharmacology, Toxicology and Pharmaceutics",13,26772,0,9,26763,0.0,0.00033617212012550425
2010,30,"Pharmacology, Toxicology and Pharmaceutics",14,26772,0,9,26763,0.0,0.00033617212012550425
2010,30,"Pharmacology, Toxicology and Pharmaceutics",15,26772,1,9,26763,3.736501886933453e-05,0.00037352457791722696
2010,31,Physics and Astronomy,0,194729,24,0,194729,0.00012324820648182858,0.00012324820648182858
2010,31,Physics and Astronomy,1,194729,7,24,194705,3.5951824555096173e-05,0.0001591956000390286
2010,31,Physics and Astronomy,2,194729,2,31,194698,1.0272319181501607e-05,0.00016946628391251433
2010,31,Physics and Astronomy,3,194729,0,33,194696,0.0,0.00016946628391251433
2010,31,Physics and Astronomy,4,194729,0,33,194696,0.0,0.00016946628391251433
2010,31,Physics and Astronomy,5,194729,0,33,194696,0.0,0.00016946628391251433
2010,31,Physics and Astronomy,6,194729,0,33,194696,0.0,0.00016946628391251433
2010,31,Physics and Astronomy,7,194729,2,33,194696,1.0272424703126926e-05,0.00017973696778600002
2010,31,Physics and Astronomy,8,194729,0,35,194694,0.0,0.00017973696778600002
2010,31,Physics and Astronomy,9,194729,0,35,194694,0.0,0.00017973696778600002
2010,31,Physics and Astronomy,10,194729,0,35,194694,0.0,0.00017973696778600002
2010,31,Physics and Astronomy,11,194729,0,35,194694,0.0,0.00017973696778600002
2010,31,Physics and Astronomy,12,194729,0,35,194694,0.0,0.00017973696778600002
2010,31,Physics and Astronomy,13,194729,1,35,194694,5.136265113460097e-06,0.00018487230972274288
2010,31,Physics and Astronomy,14,194729,4,36,194693,2.0545165979259654e-05,0.00020541367746971433
2010,31,Physics and Astronomy,15,194729,0,40,194689,0.0,0.00020541367746971433
2010,32,Psychology,0,195648,42,0,195648,0.00021467124631992148,0.00021467124631992148
2010,32,Psychology,1,195648,4,42,195606,2.04492704722759e-05,0.0002351161269218188
2010,32,Psychology,2,195648,7,46,195602,3.5786955143607936e-05,0.000270894667975139
2010,32,Psychology,3,195648,3,53,195595,1.533781538382883e-05,0.000286228328426562
2010,32,Psychology,4,195648,1,56,195592,5.1126835453392775e-06,0.00029133954857703633
2010,32,Psychology,5,195648,1,57,195591,5.112709685005956e-06,0.00029645076872751065
2010,32,Psychology,6,195648,0,58,195590,0.0,0.00029645076872751065
2010,32,Psychology,7,195648,0,58,195590,0.0,0.00029645076872751065
2010,32,Psychology,8,195648,1,58,195590,5.112735824939925e-06,0.00030156198887798497
2010,32,Psychology,9,195648,0,59,195589,0.0,0.00030156198887798497
2010,32,Psychology,10,195648,0,59,195589,0.0,0.00030156198887798497
2010,32,Psychology,11,195648,0,59,195589,0.0,0.00030156198887798497
2010,32,Psychology,12,195648,0,59,195589,0.0,0.00030156198887798497
2010,32,Psychology,13,195648,0,59,195589,0.0,0.00030156198887798497
2010,32,Psychology,14,195648,1,59,195589,5.112761965141189e-06,0.0003066732090284593
2010,32,Psychology,15,195648,0,60,195588,0.0,0.0003066732090284593
2010,33,Social Sciences,0,1193239,148,0,1193239,0.00012403215114490895,0.00012403215114490895
2010,33,Social Sciences,1,1193239,4,148,1193091,3.352636135885695e-06,0.0001273843714461227
2010,33,Social Sciences,2,1193239,5,152,1193087,4.190809220115549e-06,0.00013157464682263988
2010,33,Social Sciences,3,1193239,5,157,1193082,4.190826783071071e-06,0.0001357649221991571
2010,33,Social Sciences,4,1193239,0,162,1193077,0.0,0.0001357649221991571
2010,33,Social Sciences,5,1193239,1,162,1193077,8.381688692347602e-07,0.0001366029772744605
2010,33,Social Sciences,6,1193239,1,163,1193076,8.381695717624024e-07,0.00013744103234976395
2010,33,Social Sciences,7,1193239,0,164,1193075,0.0,0.00013744103234976395
2010,33,Social Sciences,8,1193239,0,164,1193075,0.0,0.00013744103234976395
2010,33,Social Sciences,9,1193239,0,164,1193075,0.0,0.00013744103234976395
2010,33,Social Sciences,10,1193239,0,164,1193075,0.0,0.00013744103234976395
2010,33,Social Sciences,11,1193239,2,164,1193075,1.6763405485824445e-06,0.00013911714250037084
2010,33,Social Sciences,12,1193239,0,166,1193073,0.0,0.00013911714250037084
2010,33,Social Sciences,13,1193239,0,166,1193073,0.0,0.00013911714250037084
2010,33,Social Sciences,14,1193239,0,166,1193073,0.0,0.00013911714250037084
2010,33,Social Sciences,15,1193239,0,166,1193073,0.0,0.00013911714250037084
2010,34,Veterinary,0,11088,0,0,11088,0.0,0.0
2010,34,Veterinary,1,11088,0,0,11088,0.0,0.0
2010,34,Veterinary,2,11088,0,0,11088,0.0,0.0
2010,34,Veterinary,3,11088,0,0,11088,0.0,0.0
2010,34,Veterinary,4,11088,0,0,11088,0.0,0.0
2010,34,Veterinary,5,11088,0,0,11088,0.0,0.0
2010,34,Veterinary,6,11088,0,0,11088,0.0,0.0
2010,34,Veterinary,7,11088,0,0,11088,0.0,0.0
2010,34,Veterinary,8,11088,0,0,11088,0.0,0.0
2010,34,Veterinary,9,11088,0,0,11088,0.0,0.0
2010,34,Veterinary,10,11088,0,0,11088,0.0,0.0
2010,34,Veterinary,11,11088,0,0,11088,0.0,0.0
2010,34,Veterinary,12,11088,0,0,11088,0.0,0.0
2010,34,Veterinary,13,11088,0,0,11088,0.0,0.0
2010,34,Veterinary,14,11088,0,0,11088,0.0,0.0
2010,34,Veterinary,15,11088,0,0,11088,0.0,0.0
2010,35,Dentistry,0,22514,1,0,22514,4.441680731988984e-05,4.441680731988984e-05
2010,35,Dentistry,1,22514,3,1,22513,0.00013325634078088216,0.00017766722927955937
2010,35,Dentistry,2,22514,1,4,22510,4.4424700133274104e-05,0.00022208403659944924
2010,35,Dentistry,3,22514,0,5,22509,0.0,0.00022208403659944924
2010,35,Dentistry,4,22514,0,5,22509,0.0,0.00022208403659944924
2010,35,Dentistry,5,22514,1,5,22509,4.442667377493447e-05,0.00026650084391933906
2010,35,Dentistry,6,22514,2,6,22508,8.885729518393461e-05,0.00035533445855911875
2010,35,Dentistry,7,22514,0,8,22506,0.0,0.00035533445855911875
2010,35,Dentistry,8,22514,1,8,22506,4.443259575224385e-05,0.0003997512658790086
2010,35,Dentistry,9,22514,2,9,22505,8.886914019106865e-05,0.0004885848805187883
2010,35,Dentistry,10,22514,0,11,22503,0.0,0.0004885848805187883
2010,35,Dentistry,11,22514,0,11,22503,0.0,0.0004885848805187883
2010,35,Dentistry,12,22514,0,11,22503,0.0,0.0004885848805187883
2010,35,Dentistry,13,22514,0,11,22503,0.0,0.0004885848805187883
2010,35,Dentistry,14,22514,1,11,22503,4.443851930853664e-05,0.0005330016878386781
2010,35,Dentistry,15,22514,0,12,22502,0.0,0.0005330016878386781
2010,36,Health Professions,0,175788,11,0,175788,6.257537488338226e-05,6.257537488338226e-05
2010,36,Health Professions,1,175788,1,11,175777,5.6890264369058524e-06,6.82640453273261e-05
2010,36,Health Professions,2,175788,0,12,175776,0.0,6.82640453273261e-05
2010,36,Health Professions,3,175788,1,12,175776,5.689058802111778e-06,7.395271577126994e-05
2010,36,Health Professions,4,175788,0,13,175775,0.0,7.395271577126994e-05
2010,36,Health Professions,5,175788,2,13,175775,1.1378182335371924e-05,8.533005665915762e-05
2010,36,Health Professions,6,175788,0,15,175773,0.0,8.533005665915762e-05
2010,36,Health Professions,7,175788,0,15,175773,0.0,8.533005665915762e-05
2010,36,Health Professions,8,175788,0,15,175773,0.0,8.533005665915762e-05
2010,36,Health Professions,9,175788,0,15,175773,0.0,8.533005665915762e-05
2010,36,Health Professions,10,175788,0,15,175773,0.0,8.533005665915762e-05
2010,36,Health Professions,11,175788,0,15,175773,0.0,8.533005665915762e-05
2010,36,Health Professions,12,175788,0,15,175773,0.0,8.533005665915762e-05
2010,36,Health Professions,13,175788,1,15,175773,5.689155899939126e-06,9.101872710310146e-05
2010,36,Health Professions,14,175788,0,16,175772,0.0,9.101872710310146e-05
2010,36,Health Professions,15,175788,0,16,175772,0.0,9.101872710310146e-05
2011,11,Agricultural and Biological Sciences,0,321984,127,0,321984,0.00039442953687139734,0.00039442953687139734
2011,11,Agricultural and Biological Sciences,1,321984,9,127,321857,2.796272878949347e-05,0.00042238123633472473
2011,11,Agricultural and Biological Sciences,2,321984,5,136,321848,1.553528373642216e-05,0.00043790995825879545
2011,11,Agricultural and Biological Sciences,3,321984,1,141,321843,3.107105017042471e-06,0.00044101570264360964
2011,11,Agricultural and Biological Sciences,4,321984,4,142,321842,1.2428458684696218e-05,0.0004534386801828662
2011,11,Agricultural and Biological Sciences,5,321984,0,146,321838,0.0,0.0004534386801828662
2011,11,Agricultural and Biological Sciences,6,321984,1,146,321838,3.107153288300325e-06,0.0004565444245676804
2011,11,Agricultural and Biological Sciences,7,321984,2,147,321837,6.2143258854637596e-06,0.0004627559133373087
2011,11,Agricultural and Biological Sciences,8,321984,0,149,321835,0.0,0.0004627559133373087
2011,11,Agricultural and Biological Sciences,9,321984,1,149,321835,3.1071822517749777e-06,0.00046586165772212284
2011,11,Agricultural and Biological Sciences,10,321984,2,150,321834,6.214383812773044e-06,0.0004720731464917511
2011,11,Agricultural and Biological Sciences,11,321984,1,152,321832,3.1072112157896043e-06,0.0004751788908765653
2011,11,Agricultural and Biological Sciences,12,321984,0,153,321831,0.0,0.0004751788908765653
2011,11,Agricultural and Biological Sciences,13,321984,2,153,321831,6.214441741162287e-06,0.0004813903796461936
2011,11,Agricultural and Biological Sciences,14,321984,0,155,321829,0.0,0.0004813903796461936
2011,11,Agricultural and Biological Sciences,15,321984,0,155,321829,0.0,0.0004813903796461936
2011,12,Arts and Humanities,0,590143,42,0,590143,7.116919119603215e-05,7.116919119603215e-05
2011,12,Arts and Humanities,1,590143,1,42,590101,1.6946251573883116e-06,7.286369574831863e-05
2011,12,Arts and Humanities,2,590143,1,43,590100,1.694628029147602e-06,7.455820030060511e-05
2011,12,Arts and Humanities,3,590143,0,44,590099,0.0,7.455820030060511e-05
2011,12,Arts and Humanities,4,590143,1,44,590099,1.694630900916626e-06,7.625270485289159e-05
2011,12,Arts and Humanities,5,590143,0,45,590098,0.0,7.625270485289159e-05
2011,12,Arts and Humanities,6,590143,0,45,590098,0.0,7.625270485289159e-05
2011,12,Arts and Humanities,7,590143,0,45,590098,0.0,7.625270485289159e-05
2011,12,Arts and Humanities,8,590143,0,45,590098,0.0,7.625270485289159e-05
2011,12,Arts and Humanities,9,590143,0,45,590098,0.0,7.625270485289159e-05
2011,12,Arts and Humanities,10,590143,0,45,590098,0.0,7.625270485289159e-05
2011,12,Arts and Humanities,11,590143,0,45,590098,0.0,7.625270485289159e-05
2011,12,Arts and Humanities,12,590143,0,45,590098,0.0,7.625270485289159e-05
2011,12,Arts and Humanities,13,590143,0,45,590098,0.0,7.625270485289159e-05
2011,12,Arts and Humanities,14,590143,0,45,590098,0.0,7.625270485289159e-05
2011,12,Arts and Humanities,15,590143,0,45,590098,0.0,7.625270485289159e-05
2011,13,"Biochemistry, Genetics and Molecular Biology",0,349777,104,0,349777,0.00029733230029418744,0.00029733230029418744
2011,13,"Biochemistry, Genetics and Molecular Biology",1,349777,34,104,349673,9.723370120083621e-05,0.0003945370907749795
2011,13,"Biochemistry, Genetics and Molecular Biology",2,349777,18,138,349639,5.1481671095043744e-05,0.00044599845044128114
2011,13,"Biochemistry, Genetics and Molecular Biology",3,349777,8,156,349621,2.2881920708424266e-05,0.00046887016584852635
2011,13,"Biochemistry, Genetics and Molecular Biology",4,349777,9,164,349613,2.5742749840537967e-05,0.0004946008456816772
2011,13,"Biochemistry, Genetics and Molecular Biology",5,349777,9,173,349604,2.57434125467672e-05,0.000520331525514828
2011,13,"Biochemistry, Genetics and Molecular Biology",6,349777,12,182,349595,3.432543371615727e-05,0.0005546390986256958
2011,13,"Biochemistry, Genetics and Molecular Biology",7,349777,14,194,349583,4.004771399066888e-05,0.0005946646005883749
2011,13,"Biochemistry, Genetics and Molecular Biology",8,349777,12,208,349569,3.4327986749397115e-05,0.0006289721736992427
2011,13,"Biochemistry, Genetics and Molecular Biology",9,349777,7,220,349557,2.0025346366973056e-05,0.0006489849246805822
2011,13,"Biochemistry, Genetics and Molecular Biology",10,349777,10,227,349550,2.8608210556429694e-05,0.0006775745689396387
2011,13,"Biochemistry, Genetics and Molecular Biology",11,349777,10,237,349540,2.8609029009555415e-05,0.0007061642131986951
2011,13,"Biochemistry, Genetics and Molecular Biology",12,349777,8,247,349530,2.288787800761022e-05,0.0007290359286059404
2011,13,"Biochemistry, Genetics and Molecular Biology",13,349777,12,255,349522,3.433260281184017e-05,0.0007633435017168082
2011,13,"Biochemistry, Genetics and Molecular Biology",14,349777,10,267,349510,2.8611484649938486e-05,0.0007919331459758646
2011,13,"Biochemistry, Genetics and Molecular Biology",15,349777,4,277,349500,1.144492131616595e-05,0.0008033690036794872
2011,14,"Business, Management and Accounting",0,267207,773,0,267207,0.002892888285112291,0.002892888285112291
2011,14,"Business, Management and Accounting",1,267207,4,773,266434,1.5013098928815391e-05,0.0029078579528230924
2011,14,"Business, Management and Accounting",2,267207,4,777,266430,1.5013324325338738e-05,0.002922827620533893
2011,14,"Business, Management and Accounting",3,267207,6,781,266426,2.2520324592945134e-05,0.002945282122100095
2011,14,"Business, Management and Accounting",4,267207,1,787,266420,3.753471961564447e-06,0.002949024539027795
2011,14,"Business, Management and Accounting",5,267207,1,788,266419,3.7534860501690946e-06,0.002952766955955495
2011,14,"Business, Management and Accounting",6,267207,0,789,266418,0.0,0.002952766955955495
2011,14,"Business, Management and Accounting",7,267207,0,789,266418,0.0,0.002952766955955495
2011,14,"Business, Management and Accounting",8,267207,0,789,266418,0.0,0.002952766955955495
2011,14,"Business, Management and Accounting",9,267207,0,789,266418,0.0,0.002952766955955495
2011,14,"Business, Management and Accounting",10,267207,0,789,266418,0.0,0.002952766955955495
2011,14,"Business, Management and Accounting",11,267207,0,789,266418,0.0,0.002952766955955495
2011,14,"Business, Management and Accounting",12,267207,1,789,266418,3.7535001388795052e-06,0.0029565093728831956
2011,14,"Business, Management and Accounting",13,267207,0,790,266417,0.0,0.0029565093728831956
2011,14,"Business, Management and Accounting",14,267207,0,790,266417,0.0,0.0029565093728831956
2011,14,"Business, Management and Accounting",15,267207,0,790,266417,0.0,0.0029565093728831956
2011,15,Chemical Engineering,0,20087,12,0,20087,0.0005974013043261811,0.0005974013043261811
2011,15,Chemical Engineering,1,20087,1,12,20075,4.9813200498132005e-05,0.0006471847463533629
2011,15,Chemical Engineering,2,20087,1,13,20074,4.981568197668626e-05,0.0006969681883805446
2011,15,Chemical Engineering,3,20087,0,14,20073,0.0,0.0006969681883805446
2011,15,Chemical Engineering,4,20087,0,14,20073,0.0,0.0006969681883805446
2011,15,Chemical Engineering,5,20087,1,14,20073,4.981816370248592e-05,0.0007467516304077264
2011,15,Chemical Engineering,6,20087,0,15,20072,0.0,0.0007467516304077264
2011,15,Chemical Engineering,7,20087,0,15,20072,0.0,0.0007467516304077264
2011,15,Chemical Engineering,8,20087,0,15,20072,0.0,0.0007467516304077264
2011,15,Chemical Engineering,9,20087,0,15,20072,0.0,0.0007467516304077264
2011,15,Chemical Engineering,10,20087,0,15,20072,0.0,0.0007467516304077264
2011,15,Chemical Engineering,11,20087,0,15,20072,0.0,0.0007467516304077264
2011,15,Chemical Engineering,12,20087,0,15,20072,0.0,0.0007467516304077264
2011,15,Chemical Engineering,13,20087,0,15,20072,0.0,0.0007467516304077264
2011,15,Chemical Engineering,14,20087,1,15,20072,4.982064567556796e-05,0.0007965350724349081
2011,15,Chemical Engineering,15,20087,0,16,20071,0.0,0.0007965350724349081
2011,16,Chemistry,0,140854,41,0,140854,0.0002910815454300197,0.0002910815454300197
2011,16,Chemistry,1,140854,7,41,140813,4.9711319267397187e-05,0.0003407783946497792
2011,16,Chemistry,2,140854,4,48,140806,2.8407880346007983e-05,0.00036917659420392747
2011,16,Chemistry,3,140854,2,52,140802,1.4204343688299882e-05,0.0003833756939810016
2011,16,Chemistry,4,140854,3,54,140800,2.1306818181818183e-05,0.0004046743436466128
2011,16,Chemistry,5,140854,2,57,140797,1.4204848114661533e-05,0.00041887344342368693
2011,16,Chemistry,6,140854,0,59,140795,0.0,0.00041887344342368693
2011,16,Chemistry,7,140854,0,59,140795,0.0,0.00041887344342368693
2011,16,Chemistry,8,140854,1,59,140795,7.102524947618879e-06,0.000425972993312224
2011,16,Chemistry,9,140854,0,60,140794,0.0,0.000425972993312224
2011,16,Chemistry,10,140854,0,60,140794,0.0,0.000425972993312224
2011,16,Chemistry,11,140854,0,60,140794,0.0,0.000425972993312224
2011,16,Chemistry,12,140854,1,60,140794,7.102575393837806e-06,0.00043307254320076107
2011,16,Chemistry,13,140854,0,61,140793,0.0,0.00043307254320076107
2011,16,Chemistry,14,140854,1,61,140793,7.1026258407733336e-06,0.00044017209308929816
2011,16,Chemistry,15,140854,0,62,140792,0.0,0.00044017209308929816
2011,17,Computer Science,0,500569,294,0,500569,0.0005873316166202862,0.0005873316166202862
2011,17,Computer Science,1,500569,12,294,500275,2.3986807256009194e-05,0.000611304335666012
2011,17,Computer Science,2,500569,4,306,500263,7.99579421224436e-06,0.0006192952420145874
2011,17,Computer Science,3,500569,4,310,500259,7.99585814548064e-06,0.0006272861483631627
2011,17,Computer Science,4,500569,3,314,500255,5.9969415598045e-06,0.0006332793281245942
2011,17,Computer Science,5,500569,1,317,500252,1.9989925077760807e-06,0.000635277054711738
2011,17,Computer Science,6,500569,0,318,500251,0.0,0.000635277054711738
2011,17,Computer Science,7,500569,0,318,500251,0.0,0.000635277054711738
2011,17,Computer Science,8,500569,0,318,500251,0.0,0.000635277054711738
2011,17,Computer Science,9,500569,0,318,500251,0.0,0.000635277054711738
2011,17,Computer Science,10,500569,8,318,500251,1.599197203004092e-05,0.0006512588674088887
2011,17,Computer Science,11,500569,0,326,500243,0.0,0.0006512588674088887
2011,17,Computer Science,12,500569,0,326,500243,0.0,0.0006512588674088887
2011,17,Computer Science,13,500569,0,326,500243,0.0,0.0006512588674088887
2011,17,Computer Science,14,500569,0,326,500243,0.0,0.0006512588674088887
2011,17,Computer Science,15,500569,0,326,500243,0.0,0.0006512588674088887
2011,18,Decision Sciences,0,79463,98,0,79463,0.0012332783811333577,0.0012332783811333577
2011,18,Decision Sciences,1,79463,2,98,79365,2.52000252000252e-05,0.0012584473276870997
2011,18,Decision Sciences,2,79463,2,100,79363,2.520066025729874e-05,0.0012836162742408416
2011,18,Decision Sciences,3,79463,1,102,79361,1.2600647673290408e-05,0.0012962007475177126
2011,18,Decision Sciences,4,79463,0,103,79360,0.0,0.0012962007475177126
2011,18,Decision Sciences,5,79463,2,103,79360,2.5201612903225806e-05,0.0013213696940714546
2011,18,Decision Sciences,6,79463,0,105,79358,0.0,0.0013213696940714546
2011,18,Decision Sciences,7,79463,0,105,79358,0.0,0.0013213696940714546
2011,18,Decision Sciences,8,79463,0,105,79358,0.0,0.0013213696940714546
2011,18,Decision Sciences,9,79463,0,105,79358,0.0,0.0013213696940714546
2011,18,Decision Sciences,10,79463,0,105,79358,0.0,0.0013213696940714546
2011,18,Decision Sciences,11,79463,0,105,79358,0.0,0.0013213696940714546
2011,18,Decision Sciences,12,79463,0,105,79358,0.0,0.0013213696940714546
2011,18,Decision Sciences,13,79463,0,105,79358,0.0,0.0013213696940714546
2011,18,Decision Sciences,14,79463,0,105,79358,0.0,0.0013213696940714546
2011,18,Decision Sciences,15,79463,0,105,79358,0.0,0.0013213696940714546
2011,19,Earth and Planetary Sciences,0,118717,58,0,118717,0.0004885568200005054,0.0004885568200005054
2011,19,Earth and Planetary Sciences,1,118717,1,58,118659,8.427510766145003e-06,0.00049698021344879
2011,19,Earth and Planetary Sciences,2,118717,1,59,118658,8.427581789681268e-06,0.0005054036068970746
2011,19,Earth and Planetary Sciences,3,118717,4,60,118657,3.371061125765863e-05,0.0005390971806902129
2011,19,Earth and Planetary Sciences,4,118717,0,64,118653,0.0,0.0005390971806902129
2011,19,Earth and Planetary Sciences,5,118717,1,64,118653,8.427936925320052e-06,0.0005475205741384974
2011,19,Earth and Planetary Sciences,6,118717,1,65,118652,8.42800795603951e-06,0.000555943967586782
2011,19,Earth and Planetary Sciences,7,118717,0,66,118651,0.0,0.000555943967586782
2011,19,Earth and Planetary Sciences,8,118717,0,66,118651,0.0,0.000555943967586782
2011,19,Earth and Planetary Sciences,9,118717,0,66,118651,0.0,0.000555943967586782
2011,19,Earth and Planetary Sciences,10,118717,0,66,118651,0.0,0.000555943967586782
2011,19,Earth and Planetary Sciences,11,118717,0,66,118651,0.0,0.000555943967586782
2011,19,Earth and Planetary Sciences,12,118717,0,66,118651,0.0,0.000555943967586782
2011,19,Earth and Planetary Sciences,13,118717,0,66,118651,0.0,0.000555943967586782
2011,19,Earth and Planetary Sciences,14,118717,0,66,118651,0.0,0.000555943967586782
2011,19,Earth and Planetary Sciences,15,118717,0,66,118651,0.0,0.000555943967586782
2011,20,"Economics, Econometrics and Finance",0,278158,409,0,278158,0.0014703873338174707,0.0014703873338174707
2011,20,"Economics, Econometrics and Finance",1,278158,0,409,277749,0.0,0.0014703873338174707
2011,20,"Economics, Econometrics and Finance",2,278158,1,409,277749,3.6003729986426595e-06,0.001473982412873259
2011,20,"Economics, Econometrics and Finance",3,278158,0,410,277748,0.0,0.001473982412873259
2011,20,"Economics, Econometrics and Finance",4,278158,0,410,277748,0.0,0.001473982412873259
2011,20,"Economics, Econometrics and Finance",5,278158,0,410,277748,0.0,0.001473982412873259
2011,20,"Economics, Econometrics and Finance",6,278158,0,410,277748,0.0,0.001473982412873259
2011,20,"Economics, Econometrics and Finance",7,278158,0,410,277748,0.0,0.001473982412873259
2011,20,"Economics, Econometrics and Finance",8,278158,0,410,277748,0.0,0.001473982412873259
2011,20,"Economics, Econometrics and Finance",9,278158,0,410,277748,0.0,0.001473982412873259
2011,20,"Economics, Econometrics and Finance",10,278158,0,410,277748,0.0,0.001473982412873259
2011,20,"Economics, Econometrics and Finance",11,278158,0,410,277748,0.0,0.001473982412873259
2011,20,"Economics, Econometrics and Finance",12,278158,0,410,277748,0.0,0.001473982412873259
2011,20,"Economics, Econometrics and Finance",13,278158,0,410,277748,0.0,0.001473982412873259
2011,20,"Economics, Econometrics and Finance",14,278158,0,410,277748,0.0,0.001473982412873259
2011,20,"Economics, Econometrics and Finance",15,278158,0,410,277748,0.0,0.001473982412873259
2011,21,Energy,0,42644,44,0,42644,0.001031798142763343,0.001031798142763343
2011,21,Energy,1,42644,10,44,42600,0.00023474178403755868,0.0012662977206641028
2011,21,Energy,2,42644,1,54,42590,2.3479690068091102e-05,0.0012897476784541788
2011,21,Energy,3,42644,0,55,42589,0.0,0.0012897476784541788
2011,21,Energy,4,42644,0,55,42589,0.0,0.0012897476784541788
2011,21,Energy,5,42644,0,55,42589,0.0,0.0012897476784541788
2011,21,Energy,6,42644,0,55,42589,0.0,0.0012897476784541788
2011,21,Energy,7,42644,0,55,42589,0.0,0.0012897476784541788
2011,21,Energy,8,42644,0,55,42589,0.0,0.0012897476784541788
2011,21,Energy,9,42644,1,55,42589,2.3480241376881355e-05,0.0013131976362442547
2011,21,Energy,10,42644,2,56,42588,4.6961585423123884e-05,0.0013600975518244067
2011,21,Energy,11,42644,1,58,42586,2.3481895458601418e-05,0.0013835475096144827
2011,21,Energy,12,42644,0,59,42585,0.0,0.0013835475096144827
2011,21,Energy,13,42644,1,59,42585,2.3482446870963955e-05,0.0014069974674045587
2011,21,Energy,14,42644,0,60,42584,0.0,0.0014069974674045587
2011,21,Energy,15,42644,0,60,42584,0.0,0.0014069974674045587
2011,22,Engineering,0,1694955,648,0,1694955,0.0003823110348062338,0.0003823110348062338
2011,22,Engineering,1,1694955,85,648,1694307,5.0168003791520664e-05,0.00043245985881631077
2011,22,Engineering,2,1694955,20,733,1694222,1.1804828410916632e-05,0.00044425958211279944
2011,22,Engineering,3,1694955,15,753,1694202,8.853725824901635e-06,0.000453109374585166
2011,22,Engineering,4,1694955,3,768,1694187,1.7707608428113308e-06,0.0004548793330796393
2011,22,Engineering,5,1694955,7,771,1694184,4.131782616291973e-06,0.00045900923623341035
2011,22,Engineering,6,1694955,5,778,1694177,2.9512854914214984e-06,0.0004619591670575325
2011,22,Engineering,7,1694955,2,783,1694172,1.1805176806133026e-06,0.0004631391393871814
2011,22,Engineering,8,1694955,15,785,1694170,8.853893056777065e-06,0.00047198893185954787
2011,22,Engineering,9,1694955,6,800,1694155,3.5415885795573603e-06,0.0004755288488484945
2011,22,Engineering,10,1694955,13,806,1694149,7.673469098644807e-06,0.00048319866899121215
2011,22,Engineering,11,1694955,8,819,1694136,4.722171065369014e-06,0.0004879185583098076
2011,22,Engineering,12,1694955,1,827,1694128,5.902741705467355e-07,0.0004885085444746321
2011,22,Engineering,13,1694955,1,828,1694127,5.902745189705376e-07,0.0004890985306394565
2011,22,Engineering,14,1694955,1,829,1694126,5.90274867394751e-07,0.000489688516804281
2011,22,Engineering,15,1694955,0,830,1694125,0.0,0.000489688516804281
2011,23,Environmental Science,0,323375,655,0,323375,0.002025512176265945,0.002025512176265945
2011,23,Environmental Science,1,323375,10,655,322720,3.098661378284581e-05,0.0020564360262852726
2011,23,Environmental Science,2,323375,2,665,322710,6.197514796566577e-06,0.002062620796289138
2011,23,Environmental Science,3,323375,2,667,322708,6.197553205994274e-06,0.0020688055662930033
2011,23,Environmental Science,4,323375,4,669,322706,1.2395183231796124e-05,0.0020811751063007345
2011,23,Environmental Science,5,323375,6,673,322702,1.859300531140185e-05,0.002099729416312331
2011,23,Environmental Science,6,323375,3,679,322696,9.29667550883804e-06,0.002109006571318129
2011,23,Environmental Science,7,323375,0,682,322693,0.0,0.002109006571318129
2011,23,Environmental Science,8,323375,1,682,322693,3.0989206459390194e-06,0.002112098956320062
2011,23,Environmental Science,9,323375,0,683,322692,0.0,0.002112098956320062
2011,23,Environmental Science,10,323375,1,683,322692,3.0989302492779492e-06,0.0021151913413219947
2011,23,Environmental Science,11,323375,1,684,322691,3.0989398526763992e-06,0.0021182837263239275
2011,23,Environmental Science,12,323375,0,685,322690,0.0,0.0021182837263239275
2011,23,Environmental Science,13,323375,1,685,322690,3.0989494561343703e-06,0.00212137611132586
2011,23,Environmental Science,14,323375,0,686,322689,0.0,0.00212137611132586
2011,23,Environmental Science,15,323375,1,686,322689,3.098959059651863e-06,0.0021244684963277927
2011,24,Immunology and Microbiology,0,60296,18,0,60296,0.0002985272654902481,0.0002985272654902481
2011,24,Immunology and Microbiology,1,60296,5,18,60278,8.29490029529845e-05,0.00038145150590420594
2011,24,Immunology and Microbiology,2,60296,2,23,60273,3.318235362434257e-05,0.000414621202069789
2011,24,Immunology and Microbiology,3,60296,5,25,60271,8.295863682367971e-05,0.0004975454424837469
2011,24,Immunology and Microbiology,4,60296,4,30,60266,6.637241562406664e-05,0.0005638848348149131
2011,24,Immunology and Microbiology,5,60296,2,34,60262,3.318841060701603e-05,0.0005970545309804962
2011,24,Immunology and Microbiology,6,60296,2,36,60260,3.318951211417192e-05,0.0006302242271460794
2011,24,Immunology and Microbiology,7,60296,1,38,60258,1.6595306847223604e-05,0.0006468090752288709
2011,24,Immunology and Microbiology,8,60296,1,39,60257,1.659558225600345e-05,0.0006633939233116624
2011,24,Immunology and Microbiology,9,60296,1,40,60256,1.6595857673924587e-05,0.000679978771394454
2011,24,Immunology and Microbiology,10,60296,0,41,60255,0.0,0.000679978771394454
2011,24,Immunology and Microbiology,11,60296,4,41,60255,6.638453240394989e-05,0.0007463181637256202
2011,24,Immunology and Microbiology,12,60296,0,45,60251,0.0,0.0007463181637256202
2011,24,Immunology and Microbiology,13,60296,0,45,60251,0.0,0.0007463181637256202
2011,24,Immunology and Microbiology,14,60296,1,45,60251,1.659723490066555e-05,0.0007629030118084119
2011,24,Immunology and Microbiology,15,60296,0,46,60250,0.0,0.0007629030118084119
2011,25,Materials Science,0,243036,63,0,243036,0.00025922085616945635,0.00025922085616945635
2011,25,Materials Science,1,243036,11,63,242973,4.5272519991933263e-05,0.0003044816405799964
2011,25,Materials Science,2,243036,7,74,242962,2.8811089800051038e-05,0.0003332839579321582
2011,25,Materials Science,3,243036,4,81,242955,1.646395423020724e-05,0.00034974242499053636
2011,25,Materials Science,4,243036,2,85,242951,8.232112648229478e-06,0.00035797165851972546
2011,25,Materials Science,5,243036,3,87,242949,1.234827062469901e-05,0.0003703155088135091
2011,25,Materials Science,6,243036,5,90,242946,2.0580705177282195e-05,0.0003908885926364818
2011,25,Materials Science,7,243036,3,95,242941,1.2348677250855146e-05,0.0004032324429302655
2011,25,Materials Science,8,243036,2,98,242938,8.232553161712042e-06,0.00041146167645945454
2011,25,Materials Science,9,243036,1,100,242936,4.116310468600784e-06,0.0004155762932240491
2011,25,Materials Science,10,243036,8,101,242935,3.293061930145924e-05,0.00044849322734080547
2011,25,Materials Science,11,243036,4,109,242927,1.64658518814294e-05,0.0004649516943991837
2011,25,Materials Science,12,243036,4,113,242923,1.646612301017195e-05,0.0004814101614575618
2011,25,Materials Science,13,243036,4,117,242919,1.6466394147843518e-05,0.00049786862851594
2011,25,Materials Science,14,243036,2,121,242915,8.23333264722228e-06,0.0005060978620451291
2011,25,Materials Science,15,243036,0,123,242913,0.0,0.0005060978620451291
2011,26,Mathematics,0,94317,8,0,94317,8.482033991751222e-05,8.482033991751222e-05
2011,26,Mathematics,1,94317,4,8,94309,4.24137675089334e-05,0.00012723050987626834
2011,26,Mathematics,2,94317,2,12,94305,2.120778325645512e-05,0.0001484355948556464
2011,26,Mathematics,3,94317,1,14,94303,1.06041165180323e-05,0.0001590381373453354
2011,26,Mathematics,4,94317,0,15,94302,0.0,0.0001590381373453354
2011,26,Mathematics,5,94317,0,15,94302,0.0,0.0001590381373453354
2011,26,Mathematics,6,94317,2,15,94302,2.120845793302369e-05,0.00018024322232471348
2011,26,Mathematics,7,94317,0,17,94300,0.0,0.00018024322232471348
2011,26,Mathematics,8,94317,0,17,94300,0.0,0.00018024322232471348
2011,26,Mathematics,9,94317,0,17,94300,0.0,0.00018024322232471348
2011,26,Mathematics,10,94317,0,17,94300,0.0,0.00018024322232471348
2011,26,Mathematics,11,94317,0,17,94300,0.0,0.00018024322232471348
2011,26,Mathematics,12,94317,0,17,94300,0.0,0.00018024322232471348
2011,26,Mathematics,13,94317,0,17,94300,0.0,0.00018024322232471348
2011,26,Mathematics,14,94317,1,17,94300,1.0604453870625662e-05,0.0001908457648144025
2011,26,Mathematics,15,94317,0,18,94299,0.0,0.0001908457648144025
2011,27,Medicine,0,1141283,146,0,1141283,0.00012792620235296592,0.00012792620235296592
2011,27,Medicine,1,1141283,72,146,1141137,6.30949658104154e-05,0.0001910130966640176
2011,27,Medicine,2,1141283,29,218,1141065,2.5414853667407204e-05,0.00021642309576152454
2011,27,Medicine,3,1141283,17,247,1141036,1.4898741144012985e-05,0.0002313186124738562
2011,27,Medicine,4,1141283,18,264,1141019,1.5775372715090633e-05,0.0002470903360516191
2011,27,Medicine,5,1141283,19,282,1141001,1.6652045002589833e-05,0.0002637382664948133
2011,27,Medicine,6,1141283,11,301,1140982,9.640818172416392e-06,0.0002733765420145573
2011,27,Medicine,7,1141283,12,312,1140971,1.0517357584022732e-05,0.0002838910243997326
2011,27,Medicine,8,1141283,13,324,1140959,1.1393923883329726e-05,0.0002952817136503391
2011,27,Medicine,9,1141283,18,337,1140946,1.5776382054891294e-05,0.0003110534372281021
2011,27,Medicine,10,1141283,8,355,1140928,7.011835979132776e-06,0.0003180630921515522
2011,27,Medicine,11,1141283,8,363,1140920,7.01188514532132e-06,0.0003250727470750024
2011,27,Medicine,12,1141283,9,371,1140912,7.888426101224284e-06,0.0003329586088638839
2011,27,Medicine,13,1141283,13,380,1140903,1.1394483141862192e-05,0.00034434929811449043
2011,27,Medicine,14,1141283,6,393,1140890,5.2590521435020025e-06,0.0003496065393070781
2011,27,Medicine,15,1141283,6,399,1140884,5.2590798012769045e-06,0.00035486378049966573
2011,28,Neuroscience,0,96225,18,0,96225,0.00018706157443491815,0.00018706157443491815
2011,28,Neuroscience,1,96225,4,18,96207,4.1577016225430584e-05,0.00022863081319823332
2011,28,Neuroscience,2,96225,2,22,96203,2.078937247279191e-05,0.00024941543257989086
2011,28,Neuroscience,3,96225,5,24,96201,5.197451169946258e-05,0.00030137698103403483
2011,28,Neuroscience,4,96225,3,29,96196,3.118632791384257e-05,0.00033255391010652115
2011,28,Neuroscience,5,96225,2,32,96193,2.0791533687482456e-05,0.00035333852948817875
2011,28,Neuroscience,6,96225,2,34,96191,2.079196598434365e-05,0.0003741231488698363
2011,28,Neuroscience,7,96225,1,36,96189,1.039619914959091e-05,0.0003845154585606651
2011,28,Neuroscience,8,96225,1,37,96188,1.039630723167131e-05,0.0003949077682514939
2011,28,Neuroscience,9,96225,4,38,96187,4.158566126399617e-05,0.00043647700701480904
2011,28,Neuroscience,10,96225,2,42,96183,2.0793695351569404e-05,0.00045726162639646664
2011,28,Neuroscience,11,96225,2,44,96181,2.0794127738326696e-05,0.0004780462457781242
2011,28,Neuroscience,12,96225,1,46,96179,1.0397280071533287e-05,0.000488438555468953
2011,28,Neuroscience,13,96225,0,47,96178,0.0,0.000488438555468953
2011,28,Neuroscience,14,96225,0,47,96178,0.0,0.000488438555468953
2011,28,Neuroscience,15,96225,1,47,96178,1.0397388176090166e-05,0.0004988308651597817
2011,29,Nursing,0,31435,13,0,31435,0.0004135517735008748,0.0004135517735008748
2011,29,Nursing,1,31435,1,13,31422,3.182483610209407e-05,0.0004453634483855575
2011,29,Nursing,2,31435,0,14,31421,0.0,0.0004453634483855575
2011,29,Nursing,3,31435,2,14,31421,6.365169790904172e-05,0.0005089867981549228
2011,29,Nursing,4,31435,1,16,31419,3.182787485279608e-05,0.0005407984730396055
2011,29,Nursing,5,31435,1,17,31418,3.182888789865682e-05,0.0005726101479242883
2011,29,Nursing,6,31435,1,18,31417,3.1829901009007864e-05,0.0006044218228089709
2011,29,Nursing,7,31435,0,19,31416,0.0,0.0006044218228089709
2011,29,Nursing,8,31435,1,19,31416,3.183091418385536e-05,0.0006362334976936536
2011,29,Nursing,9,31435,0,20,31415,0.0,0.0006362334976936536
2011,29,Nursing,10,31435,0,20,31415,0.0,0.0006362334976936536
2011,29,Nursing,11,31435,0,20,31415,0.0,0.0006362334976936536
2011,29,Nursing,12,31435,1,20,31415,3.1831927423205473e-05,0.0006680451725783362
2011,29,Nursing,13,31435,0,21,31414,0.0,0.0006680451725783362
2011,29,Nursing,14,31435,0,21,31414,0.0,0.0006680451725783362
2011,29,Nursing,15,31435,1,21,31414,3.1832940727064365e-05,0.0006998568474630189
2011,30,"Pharmacology, Toxicology and Pharmaceutics",0,30816,7,0,30816,0.00022715472481827623,0.00022715472481827623
2011,30,"Pharmacology, Toxicology and Pharmaceutics",1,30816,4,7,30809,0.00012983219189197963,0.00035695742471443406
2011,30,"Pharmacology, Toxicology and Pharmaceutics",2,30816,0,11,30805,0.0,0.00035695742471443406
2011,30,"Pharmacology, Toxicology and Pharmaceutics",3,30816,0,11,30805,0.0,0.00035695742471443406
2011,30,"Pharmacology, Toxicology and Pharmaceutics",4,30816,0,11,30805,0.0,0.00035695742471443406
2011,30,"Pharmacology, Toxicology and Pharmaceutics",5,30816,0,11,30805,0.0,0.00035695742471443406
2011,30,"Pharmacology, Toxicology and Pharmaceutics",6,30816,0,11,30805,0.0,0.00035695742471443406
2011,30,"Pharmacology, Toxicology and Pharmaceutics",7,30816,1,11,30805,3.246226261970459e-05,0.0003894080996884735
2011,30,"Pharmacology, Toxicology and Pharmaceutics",8,30816,1,12,30804,3.2463316452408776e-05,0.00042185877466251295
2011,30,"Pharmacology, Toxicology and Pharmaceutics",9,30816,0,13,30803,0.0,0.00042185877466251295
2011,30,"Pharmacology, Toxicology and Pharmaceutics",10,30816,0,13,30803,0.0,0.00042185877466251295
2011,30,"Pharmacology, Toxicology and Pharmaceutics",11,30816,1,13,30803,3.2464370353536995e-05,0.00045430944963655245
2011,30,"Pharmacology, Toxicology and Pharmaceutics",12,30816,0,14,30802,0.0,0.00045430944963655245
2011,30,"Pharmacology, Toxicology and Pharmaceutics",13,30816,1,14,30802,3.24654243230959e-05,0.0004867601246105919
2011,30,"Pharmacology, Toxicology and Pharmaceutics",14,30816,2,15,30801,6.493295672218434e-05,0.0005516614745586708
2011,30,"Pharmacology, Toxicology and Pharmaceutics",15,30816,0,17,30799,0.0,0.0005516614745586708
2011,31,Physics and Astronomy,0,242629,25,0,242629,0.00010303797155327682,0.00010303797155327682
2011,31,Physics and Astronomy,1,242629,9,25,242604,3.709749220952664e-05,0.00014013164131245647
2011,31,Physics and Astronomy,2,242629,1,34,242595,4.122096498279025e-06,0.00014425316017458754
2011,31,Physics and Astronomy,3,242629,2,35,242594,8.244226980057214e-06,0.0001524961978988497
2011,31,Physics and Astronomy,4,242629,0,37,242592,0.0,0.0001524961978988497
2011,31,Physics and Astronomy,5,242629,1,37,242592,4.122147473948028e-06,0.00015661771676098076
2011,31,Physics and Astronomy,6,242629,0,38,242591,0.0,0.00015661771676098076
2011,31,Physics and Astronomy,7,242629,0,38,242591,0.0,0.00015661771676098076
2011,31,Physics and Astronomy,8,242629,0,38,242591,0.0,0.00015661771676098076
2011,31,Physics and Astronomy,9,242629,0,38,242591,0.0,0.00015661771676098076
2011,31,Physics and Astronomy,10,242629,0,38,242591,0.0,0.00015661771676098076
2011,31,Physics and Astronomy,11,242629,0,38,242591,0.0,0.00015661771676098076
2011,31,Physics and Astronomy,12,242629,0,38,242591,0.0,0.00015661771676098076
2011,31,Physics and Astronomy,13,242629,1,38,242591,4.1221644661178695e-06,0.00016073923562311184
2011,31,Physics and Astronomy,14,242629,0,39,242590,0.0,0.00016073923562311184
2011,31,Physics and Astronomy,15,242629,0,39,242590,0.0,0.00016073923562311184
2011,32,Psychology,0,214877,73,0,214877,0.0003397292404491872,0.0003397292404491872
2011,32,Psychology,1,214877,3,73,214804,1.3966220368335785e-05,0.0003536907160840853
2011,32,Psychology,2,214877,4,76,214801,1.862188723516185e-05,0.0003723060169306161
2011,32,Psychology,3,214877,1,80,214797,4.655558504075942e-06,0.00037695984214224885
2011,32,Psychology,4,214877,1,81,214796,4.655580178401832e-06,0.0003816136673538815
2011,32,Psychology,5,214877,1,82,214795,4.655601852929538e-06,0.00038626749256551423
2011,32,Psychology,6,214877,2,83,214794,9.31124705531812e-06,0.0003955751429887796
2011,32,Psychology,7,214877,0,85,214792,0.0,0.0003955751429887796
2011,32,Psychology,8,214877,0,85,214792,0.0,0.0003955751429887796
2011,32,Psychology,9,214877,0,85,214792,0.0,0.0003955751429887796
2011,32,Psychology,10,214877,1,85,214792,4.655666877723565e-06,0.00040022896820041234
2011,32,Psychology,11,214877,0,86,214791,0.0,0.00040022896820041234
2011,32,Psychology,12,214877,0,86,214791,0.0,0.00040022896820041234
2011,32,Psychology,13,214877,0,86,214791,0.0,0.00040022896820041234
2011,32,Psychology,14,214877,1,86,214791,4.655688553058555e-06,0.000404882793412045
2011,32,Psychology,15,214877,0,87,214790,0.0,0.000404882793412045
2011,33,Social Sciences,0,1278158,362,0,1278158,0.000283220071383976,0.000283220071383976
2011,33,Social Sciences,1,1278158,7,362,1277796,5.478182745915624e-06,0.0002886967025985833
2011,33,Social Sciences,2,1278158,9,369,1277789,7.043416401299432e-06,0.0002957380855887926
2011,33,Social Sciences,3,1278158,5,378,1277780,3.913036672979699e-06,0.00029964996502779783
2011,33,Social Sciences,4,1278158,0,383,1277775,0.0,0.00029964996502779783
2011,33,Social Sciences,5,1278158,1,383,1277775,7.826103969791239e-07,0.00030043234091559886
2011,33,Social Sciences,6,1278158,2,384,1277774,1.5652220189172733e-06,0.00030199709269120094
2011,33,Social Sciences,7,1278158,0,386,1277772,0.0,0.00030199709269120094
2011,33,Social Sciences,8,1278158,1,386,1277772,7.826122344205382e-07,0.00030277946857900197
2011,33,Social Sciences,9,1278158,2,387,1277771,1.565225693805854e-06,0.00030434422035460404
2011,33,Social Sciences,10,1278158,2,389,1277769,1.5652281437411614e-06,0.0003059089721302061
2011,33,Social Sciences,11,1278158,0,391,1277767,0.0,0.0003059089721302061
2011,33,Social Sciences,12,1278158,0,391,1277767,0.0,0.0003059089721302061
2011,33,Social Sciences,13,1278158,1,391,1277767,7.826152968420691e-07,0.00030669134801800715
2011,33,Social Sciences,14,1278158,0,392,1277766,0.0,0.00030669134801800715
2011,33,Social Sciences,15,1278158,0,392,1277766,0.0,0.00030669134801800715
2011,34,Veterinary,0,10532,0,0,10532,0.0,0.0
2011,34,Veterinary,1,10532,2,0,10532,0.00018989745537409798,0.00018989745537409798
2011,34,Veterinary,2,10532,0,2,10530,0.0,0.00018989745537409798
2011,34,Veterinary,3,10532,0,2,10530,0.0,0.00018989745537409798
2011,34,Veterinary,4,10532,0,2,10530,0.0,0.00018989745537409798
2011,34,Veterinary,5,10532,0,2,10530,0.0,0.00018989745537409798
2011,34,Veterinary,6,10532,0,2,10530,0.0,0.00018989745537409798
2011,34,Veterinary,7,10532,0,2,10530,0.0,0.00018989745537409798
2011,34,Veterinary,8,10532,0,2,10530,0.0,0.00018989745537409798
2011,34,Veterinary,9,10532,0,2,10530,0.0,0.00018989745537409798
2011,34,Veterinary,10,10532,0,2,10530,0.0,0.00018989745537409798
2011,34,Veterinary,11,10532,0,2,10530,0.0,0.00018989745537409798
2011,34,Veterinary,12,10532,0,2,10530,0.0,0.00018989745537409798
2011,34,Veterinary,13,10532,0,2,10530,0.0,0.00018989745537409798
2011,34,Veterinary,14,10532,0,2,10530,0.0,0.00018989745537409798
2011,34,Veterinary,15,10532,0,2,10530,0.0,0.00018989745537409798
2011,35,Dentistry,0,24770,1,0,24770,4.037141703673799e-05,4.037141703673799e-05
2011,35,Dentistry,1,24770,2,1,24769,8.074609390770722e-05,0.00012111425111021397
2011,35,Dentistry,2,24770,3,3,24767,0.00012112892154883515,0.00024222850222042794
2011,35,Dentistry,3,24770,0,6,24764,0.0,0.00024222850222042794
2011,35,Dentistry,4,24770,0,6,24764,0.0,0.00024222850222042794
2011,35,Dentistry,5,24770,1,6,24764,4.0381198513971895e-05,0.0002825999192571659
2011,35,Dentistry,6,24770,0,7,24763,0.0,0.0002825999192571659
2011,35,Dentistry,7,24770,4,7,24763,0.0001615313168840609,0.0004440855874041179
2011,35,Dentistry,8,24770,1,11,24759,4.0389353366452604e-05,0.00048445700444085587
2011,35,Dentistry,9,24770,1,12,24758,4.039098473220777e-05,0.0005248284214775939
2011,35,Dentistry,10,24770,0,13,24757,0.0,0.0005248284214775939
2011,35,Dentistry,11,24770,0,13,24757,0.0,0.0005248284214775939
2011,35,Dentistry,12,24770,0,13,24757,0.0,0.0005248284214775939
2011,35,Dentistry,13,24770,1,13,24757,4.03926162297532e-05,0.0005651998385143318
2011,35,Dentistry,14,24770,0,14,24756,0.0,0.0005651998385143318
2011,35,Dentistry,15,24770,0,14,24756,0.0,0.0005651998385143318
2011,36,Health Professions,0,186931,22,0,186931,0.00011769048472431004,0.00011769048472431004
2011,36,Health Professions,1,186931,4,22,186909,2.1400788619060613e-05,0.0001390887546741846
2011,36,Health Professions,2,186931,3,26,186905,1.6050934966961827e-05,0.0001551374571365905
2011,36,Health Professions,3,186931,0,29,186902,0.0,0.0001551374571365905
2011,36,Health Professions,4,186931,0,29,186902,0.0,0.0001551374571365905
2011,36,Health Professions,5,186931,0,29,186902,0.0,0.0001551374571365905
2011,36,Health Professions,6,186931,2,29,186902,1.0700795069073632e-05,0.0001658365921115278
2011,36,Health Professions,7,186931,0,31,186900,0.0,0.0001658365921115278
2011,36,Health Professions,8,186931,1,31,186900,5.350454788657036e-06,0.0001711861595989964
2011,36,Health Professions,9,186931,0,32,186899,0.0,0.0001711861595989964
2011,36,Health Professions,10,186931,1,32,186899,5.350483416176652e-06,0.00017653572708646505
2011,36,Health Professions,11,186931,0,33,186898,0.0,0.00017653572708646505
2011,36,Health Professions,12,186931,0,33,186898,0.0,0.00017653572708646505
2011,36,Health Professions,13,186931,0,33,186898,0.0,0.00017653572708646505
2011,36,Health Professions,14,186931,0,33,186898,0.0,0.00017653572708646505
2011,36,Health Professions,15,186931,0,33,186898,0.0,0.00017653572708646505
2012,11,Agricultural and Biological Sciences,0,346375,11,0,346375,3.175748827138217e-05,3.175748827138217e-05
2012,11,Agricultural and Biological Sciences,1,346375,10,11,346364,2.8871360764975573e-05,6.0627932154456875e-05
2012,11,Agricultural and Biological Sciences,2,346375,3,21,346354,8.661658303354371e-06,6.928906531937928e-05
2012,11,Agricultural and Biological Sciences,3,346375,5,24,346351,1.4436222213881294e-05,8.372428726091663e-05
2012,11,Agricultural and Biological Sciences,4,346375,1,29,346346,2.887286124280344e-06,8.66113316492241e-05
2012,11,Agricultural and Biological Sciences,5,346375,1,30,346345,2.887294460725577e-06,8.949837603753157e-05
2012,11,Agricultural and Biological Sciences,6,346375,0,31,346344,0.0,8.949837603753157e-05
2012,11,Agricultural and Biological Sciences,7,346375,0,31,346344,0.0,8.949837603753157e-05
2012,11,Agricultural and Biological Sciences,8,346375,0,31,346344,0.0,8.949837603753157e-05
2012,11,Agricultural and Biological Sciences,9,346375,1,31,346344,2.88730279721895e-06,9.238542042583904e-05
2012,11,Agricultural and Biological Sciences,10,346375,1,32,346343,2.8873111337604627e-06,9.527246481414651e-05
2012,11,Agricultural and Biological Sciences,11,346375,0,33,346342,0.0,9.527246481414651e-05
2012,11,Agricultural and Biological Sciences,12,346375,2,33,346342,5.774638940700233e-06,0.00010104655359076146
2012,11,Agricultural and Biological Sciences,13,346375,1,35,346340,2.8873361436738467e-06,0.00010393359797906893
2012,11,Agricultural and Biological Sciences,14,346375,0,36,346339,0.0,0.00010393359797906893
2012,12,Arts and Humanities,0,561869,5,0,561869,8.89887144512333e-06,8.89887144512333e-06
2012,12,Arts and Humanities,1,561869,2,5,561864,3.559580254296413e-06,1.2458420023172662e-05
2012,12,Arts and Humanities,2,561869,0,7,561862,0.0,1.2458420023172662e-05
2012,12,Arts and Humanities,3,561869,1,7,561862,1.779796462476551e-06,1.4238194312197327e-05
2012,12,Arts and Humanities,4,561869,0,8,561861,0.0,1.4238194312197327e-05
2012,12,Arts and Humanities,5,561869,0,8,561861,0.0,1.4238194312197327e-05
2012,12,Arts and Humanities,6,561869,2,8,561861,3.5595992603152738e-06,1.779774289024666e-05
2012,12,Arts and Humanities,7,561869,0,10,561859,0.0,1.779774289024666e-05
2012,12,Arts and Humanities,8,561869,0,10,561859,0.0,1.779774289024666e-05
2012,12,Arts and Humanities,9,561869,0,10,561859,0.0,1.779774289024666e-05
2012,12,Arts and Humanities,10,561869,0,10,561859,0.0,1.779774289024666e-05
2012,12,Arts and Humanities,11,561869,0,10,561859,0.0,1.779774289024666e-05
2012,12,Arts and Humanities,12,561869,0,10,561859,0.0,1.779774289024666e-05
2012,12,Arts and Humanities,13,561869,0,10,561859,0.0,1.779774289024666e-05
2012,12,Arts and Humanities,14,561869,0,10,561859,0.0,1.779774289024666e-05
2012,13,"Biochemistry, Genetics and Molecular Biology",0,363044,37,0,363044,0.00010191602119853241,0.00010191602119853241
2012,13,"Biochemistry, Genetics and Molecular Biology",1,363044,36,37,363007,9.91716413182115e-05,0.00020107755533764504
2012,13,"Biochemistry, Genetics and Molecular Biology",2,363044,15,73,362971,4.132561554504354e-05,0.00024239486122894195
2012,13,"Biochemistry, Genetics and Molecular Biology",3,363044,15,88,362956,4.132732342212279e-05,0.00028371216712023885
2012,13,"Biochemistry, Genetics and Molecular Biology",4,363044,21,103,362941,5.786064401652059e-05,0.00034155639536805456
2012,13,"Biochemistry, Genetics and Molecular Biology",5,363044,24,124,362920,6.613027664499063e-05,0.00040766408479412964
2012,13,"Biochemistry, Genetics and Molecular Biology",6,363044,12,148,362896,3.306732507385036e-05,0.0004407179295071672
2012,13,"Biochemistry, Genetics and Molecular Biology",7,363044,11,160,362884,3.0312717011496787e-05,0.0004710172871607849
2012,13,"Biochemistry, Genetics and Molecular Biology",8,363044,11,171,362873,3.0313635900163417e-05,0.0005013166448144026
2012,13,"Biochemistry, Genetics and Molecular Biology",9,363044,9,182,362862,2.480281760007937e-05,0.0005261070283491808
2012,13,"Biochemistry, Genetics and Molecular Biology",10,363044,8,191,362853,2.2047495817865637e-05,0.0005481429248245392
2012,13,"Biochemistry, Genetics and Molecular Biology",11,363044,8,199,362845,2.2047981920654826e-05,0.0005701788212998975
2012,13,"Biochemistry, Genetics and Molecular Biology",12,363044,7,207,362837,1.92924095392697e-05,0.0005894602307158361
2012,13,"Biochemistry, Genetics and Molecular Biology",13,363044,9,214,362830,2.4805005098806604e-05,0.0006142506142506142
2012,13,"Biochemistry, Genetics and Molecular Biology",14,363044,3,223,362821,8.26854013411572e-06,0.0006225140754288737
2012,14,"Business, Management and Accounting",0,287336,23,0,287336,8.004566082913384e-05,8.004566082913384e-05
2012,14,"Business, Management and Accounting",1,287336,7,23,287313,2.4363673067351633e-05,0.00010440738369017457
2012,14,"Business, Management and Accounting",2,287336,4,30,287306,1.392243809735961e-05,0.00011832836818219785
2012,14,"Business, Management and Accounting",3,287336,1,34,287302,3.480657983585217e-06,0.00012180861430520367
2012,14,"Business, Management and Accounting",4,287336,0,35,287301,0.0,0.00012180861430520367
2012,14,"Business, Management and Accounting",5,287336,0,35,287301,0.0,0.00012180861430520367
2012,14,"Business, Management and Accounting",6,287336,0,35,287301,0.0,0.00012180861430520367
2012,14,"Business, Management and Accounting",7,287336,0,35,287301,0.0,0.00012180861430520367
2012,14,"Business, Management and Accounting",8,287336,0,35,287301,0.0,0.00012180861430520367
2012,14,"Business, Management and Accounting",9,287336,0,35,287301,0.0,0.00012180861430520367
2012,14,"Business, Management and Accounting",10,287336,0,35,287301,0.0,0.00012180861430520367
2012,14,"Business, Management and Accounting",11,287336,0,35,287301,0.0,0.00012180861430520367
2012,14,"Business, Management and Accounting",12,287336,0,35,287301,0.0,0.00012180861430520367
2012,14,"Business, Management and Accounting",13,287336,0,35,287301,0.0,0.00012180861430520367
2012,14,"Business, Management and Accounting",14,287336,0,35,287301,0.0,0.00012180861430520367
2012,15,Chemical Engineering,0,21433,3,0,21433,0.0001399710726449867,0.0001399710726449867
2012,15,Chemical Engineering,1,21433,1,3,21430,4.6663555762949134e-05,0.00018662809685998226
2012,15,Chemical Engineering,2,21433,0,4,21429,0.0,0.00018662809685998226
2012,15,Chemical Engineering,3,21433,1,4,21429,4.6665733351999625e-05,0.00023328512107497783
2012,15,Chemical Engineering,4,21433,0,5,21428,0.0,0.00023328512107497783
2012,15,Chemical Engineering,5,21433,0,5,21428,0.0,0.00023328512107497783
2012,15,Chemical Engineering,6,21433,0,5,21428,0.0,0.00023328512107497783
2012,15,Chemical Engineering,7,21433,0,5,21428,0.0,0.00023328512107497783
2012,15,Chemical Engineering,8,21433,1,5,21428,4.666791114429718e-05,0.0002799421452899734
2012,15,Chemical Engineering,9,21433,0,6,21427,0.0,0.0002799421452899734
2012,15,Chemical Engineering,10,21433,0,6,21427,0.0,0.0002799421452899734
2012,15,Chemical Engineering,11,21433,0,6,21427,0.0,0.0002799421452899734
2012,15,Chemical Engineering,12,21433,0,6,21427,0.0,0.0002799421452899734
2012,15,Chemical Engineering,13,21433,0,6,21427,0.0,0.0002799421452899734
2012,15,Chemical Engineering,14,21433,0,6,21427,0.0,0.0002799421452899734
2012,16,Chemistry,0,142346,7,0,142346,4.917595155466258e-05,4.917595155466258e-05
2012,16,Chemistry,1,142346,10,7,142339,7.025481421114381e-05,0.00011942731091846627
2012,16,Chemistry,2,142346,5,17,142329,3.512987514842372e-05,0.0001545529906003681
2012,16,Chemistry,3,142346,8,22,142324,5.6209774879851605e-05,0.00021075407809141106
2012,16,Chemistry,4,142346,2,30,142316,1.405323364906265e-05,0.00022480434996417182
2012,16,Chemistry,5,142346,1,32,142314,7.026715572607052e-06,0.00023182948590055218
2012,16,Chemistry,6,142346,0,33,142313,0.0,0.00023182948590055218
2012,16,Chemistry,7,142346,0,33,142313,0.0,0.00023182948590055218
2012,16,Chemistry,8,142346,1,33,142313,7.026764947685735e-06,0.00023885462183693255
2012,16,Chemistry,9,142346,0,34,142312,0.0,0.00023885462183693255
2012,16,Chemistry,10,142346,1,34,142312,7.026814323458317e-06,0.0002458797577733129
2012,16,Chemistry,11,142346,0,35,142311,0.0,0.0002458797577733129
2012,16,Chemistry,12,142346,0,35,142311,0.0,0.0002458797577733129
2012,16,Chemistry,13,142346,0,35,142311,0.0,0.0002458797577733129
2012,16,Chemistry,14,142346,0,35,142311,0.0,0.0002458797577733129
2012,17,Computer Science,0,511610,28,0,511610,5.4729188248861436e-05,5.4729188248861436e-05
2012,17,Computer Science,1,511610,20,28,511582,3.9094416926318755e-05,9.382146556947675e-05
2012,17,Computer Science,2,511610,11,48,511562,2.150276994772872e-05,0.00011532221809581518
2012,17,Computer Science,3,511610,4,59,511551,7.819357209740573e-06,0.00012314067355993823
2012,17,Computer Science,4,511610,1,63,511547,1.954854588141461e-06,0.000125095287425969
2012,17,Computer Science,5,511610,3,64,511546,5.8645752288161765e-06,0.0001309591290240613
2012,17,Computer Science,6,511610,0,67,511543,0.0,0.0001309591290240613
2012,17,Computer Science,7,511610,1,67,511543,1.9548698740868314e-06,0.00013291374289009207
2012,17,Computer Science,8,511610,1,68,511542,1.9548736956105266e-06,0.00013486835675612284
2012,17,Computer Science,9,511610,8,69,511541,1.5639020137193305e-05,0.00015050526768436894
2012,17,Computer Science,10,511610,0,77,511533,0.0,0.00015050526768436894
2012,17,Computer Science,11,511610,0,77,511533,0.0,0.00015050526768436894
2012,17,Computer Science,12,511610,0,77,511533,0.0,0.00015050526768436894
2012,17,Computer Science,13,511610,0,77,511533,0.0,0.00015050526768436894
2012,17,Computer Science,14,511610,0,77,511533,0.0,0.00015050526768436894
2012,18,Decision Sciences,0,84187,6,0,84187,7.126991103139439e-05,7.126991103139439e-05
2012,18,Decision Sciences,1,84187,3,6,84181,3.563749539682351e-05,0.00010690486654709159
2012,18,Decision Sciences,2,84187,1,9,84178,1.187958849105467e-05,0.00011878318505232399
2012,18,Decision Sciences,3,84187,0,10,84177,0.0,0.00011878318505232399
2012,18,Decision Sciences,4,84187,2,10,84177,2.3759459234707818e-05,0.00014253982206278878
2012,18,Decision Sciences,5,84187,1,12,84175,1.188001188001188e-05,0.0001544181405680212
2012,18,Decision Sciences,6,84187,0,13,84174,0.0,0.0001544181405680212
2012,18,Decision Sciences,7,84187,0,13,84174,0.0,0.0001544181405680212
2012,18,Decision Sciences,8,84187,1,13,84174,1.1880153016370851e-05,0.00016629645907325358
2012,18,Decision Sciences,9,84187,0,14,84173,0.0,0.00016629645907325358
2012,18,Decision Sciences,10,84187,0,14,84173,0.0,0.00016629645907325358
2012,18,Decision Sciences,11,84187,0,14,84173,0.0,0.00016629645907325358
2012,18,Decision Sciences,12,84187,0,14,84173,0.0,0.00016629645907325358
2012,18,Decision Sciences,13,84187,1,14,84173,1.1880294156083304e-05,0.000178174777578486
2012,18,Decision Sciences,14,84187,0,15,84172,0.0,0.000178174777578486
2012,19,Earth and Planetary Sciences,0,126873,1,0,126873,7.881897645677173e-06,7.881897645677173e-06
2012,19,Earth and Planetary Sciences,1,126873,3,1,126872,2.3645879311431994e-05,3.152759058270869e-05
2012,19,Earth and Planetary Sciences,2,126873,3,4,126869,2.3646438452261782e-05,5.517328351974021e-05
2012,19,Earth and Planetary Sciences,3,126873,1,7,126866,7.882332539845192e-06,6.305518116541738e-05
2012,19,Earth and Planetary Sciences,4,126873,0,8,126865,0.0,6.305518116541738e-05
2012,19,Earth and Planetary Sciences,5,126873,1,8,126865,7.882394671501203e-06,7.093707881109456e-05
2012,19,Earth and Planetary Sciences,6,126873,0,9,126864,0.0,7.093707881109456e-05
2012,19,Earth and Planetary Sciences,7,126873,0,9,126864,0.0,7.093707881109456e-05
2012,19,Earth and Planetary Sciences,8,126873,0,9,126864,0.0,7.093707881109456e-05
2012,19,Earth and Planetary Sciences,9,126873,0,9,126864,0.0,7.093707881109456e-05
2012,19,Earth and Planetary Sciences,10,126873,0,9,126864,0.0,7.093707881109456e-05
2012,19,Earth and Planetary Sciences,11,126873,0,9,126864,0.0,7.093707881109456e-05
2012,19,Earth and Planetary Sciences,12,126873,0,9,126864,0.0,7.093707881109456e-05
2012,19,Earth and Planetary Sciences,13,126873,0,9,126864,0.0,7.093707881109456e-05
2012,19,Earth and Planetary Sciences,14,126873,0,9,126864,0.0,7.093707881109456e-05
2012,20,"Economics, Econometrics and Finance",0,295190,7,0,295190,2.3713540431586436e-05,2.3713540431586436e-05
2012,20,"Economics, Econometrics and Finance",1,295190,2,7,295183,6.775457936263267e-06,3.0488837697753988e-05
2012,20,"Economics, Econometrics and Finance",2,295190,0,9,295181,0.0,3.0488837697753988e-05
2012,20,"Economics, Econometrics and Finance",3,295190,5,9,295181,1.693875960851139e-05,4.742708086317287e-05
2012,20,"Economics, Econometrics and Finance",4,295190,0,14,295176,0.0,4.742708086317287e-05
2012,20,"Economics, Econometrics and Finance",5,295190,0,14,295176,0.0,4.742708086317287e-05
2012,20,"Economics, Econometrics and Finance",6,295190,0,14,295176,0.0,4.742708086317287e-05
2012,20,"Economics, Econometrics and Finance",7,295190,0,14,295176,0.0,4.742708086317287e-05
2012,20,"Economics, Econometrics and Finance",8,295190,0,14,295176,0.0,4.742708086317287e-05
2012,20,"Economics, Econometrics and Finance",9,295190,0,14,295176,0.0,4.742708086317287e-05
2012,20,"Economics, Econometrics and Finance",10,295190,0,14,295176,0.0,4.742708086317287e-05
2012,20,"Economics, Econometrics and Finance",11,295190,0,14,295176,0.0,4.742708086317287e-05
2012,20,"Economics, Econometrics and Finance",12,295190,0,14,295176,0.0,4.742708086317287e-05
2012,20,"Economics, Econometrics and Finance",13,295190,0,14,295176,0.0,4.742708086317287e-05
2012,20,"Economics, Econometrics and Finance",14,295190,0,14,295176,0.0,4.742708086317287e-05
2012,21,Energy,0,46376,5,0,46376,0.00010781438675176815,0.00010781438675176815
2012,21,Energy,1,46376,5,5,46371,0.00010782601194712212,0.0002156287735035363
2012,21,Energy,2,46376,1,10,46366,2.156752792994867e-05,0.00023719165085388995
2012,21,Energy,3,46376,1,11,46365,2.156799309824221e-05,0.00025875452820424356
2012,21,Energy,4,46376,2,12,46364,4.313691657320335e-05,0.00030188028290495085
2012,21,Energy,5,46376,0,14,46362,0.0,0.00030188028290495085
2012,21,Energy,6,46376,1,14,46362,2.1569388723523574e-05,0.00032344316025530444
2012,21,Energy,7,46376,0,15,46361,0.0,0.00032344316025530444
2012,21,Energy,8,46376,0,15,46361,0.0,0.00032344316025530444
2012,21,Energy,9,46376,0,15,46361,0.0,0.00032344316025530444
2012,21,Energy,10,46376,0,15,46361,0.0,0.00032344316025530444
2012,21,Energy,11,46376,0,15,46361,0.0,0.00032344316025530444
2012,21,Energy,12,46376,0,15,46361,0.0,0.00032344316025530444
2012,21,Energy,13,46376,1,15,46361,2.156985397208861e-05,0.0003450060376056581
2012,21,Energy,14,46376,0,16,46360,0.0,0.0003450060376056581
2012,22,Engineering,0,1730981,45,0,1730981,2.5996819144750867e-05,2.5996819144750867e-05
2012,22,Engineering,1,1730981,34,45,1730936,1.964255177545559e-05,4.563886027634041e-05
2012,22,Engineering,2,1730981,38,79,1730902,2.195387144968346e-05,6.759172977635225e-05
2012,22,Engineering,3,1730981,11,117,1730864,6.355207572634245e-06,7.394650778951358e-05
2012,22,Engineering,4,1730981,5,128,1730853,2.8887490734337347e-06,7.683504325004145e-05
2012,22,Engineering,5,1730981,2,133,1730848,1.15550296733162e-06,7.79904574342526e-05
2012,22,Engineering,6,1730981,3,135,1730846,1.7332564537804056e-06,7.972357871056933e-05
2012,22,Engineering,7,1730981,6,138,1730843,3.4665189159270944e-06,8.318982126320277e-05
2012,22,Engineering,8,1730981,20,144,1730837,1.1555103109073819e-05,9.474396310531427e-05
2012,22,Engineering,9,1730981,12,164,1730817,6.933141978614723e-06,0.00010167644821058117
2012,22,Engineering,10,1730981,3,176,1730805,1.7332975118514218e-06,0.00010340956948689789
2012,22,Engineering,11,1730981,1,179,1730802,5.777668387256312e-07,0.00010398727657900347
2012,22,Engineering,12,1730981,2,180,1730801,1.155534345080688e-06,0.00010514269076321462
2012,22,Engineering,13,1730981,0,182,1730799,0.0,0.00010514269076321462
2012,22,Engineering,14,1730981,0,182,1730799,0.0,0.00010514269076321462
2012,23,Environmental Science,0,345749,9,0,345749,2.6030444050452787e-05,2.6030444050452787e-05
2012,23,Environmental Science,1,345749,10,9,345740,2.89234685023428e-05,5.495315966206699e-05
2012,23,Environmental Science,2,345749,7,19,345730,2.0247013565499087e-05,7.519906059019693e-05
2012,23,Environmental Science,3,345749,2,26,345723,5.7849781472450485e-06,8.098360371251977e-05
2012,23,Environmental Science,4,345749,2,28,345721,5.785011613410814e-06,8.676814683484262e-05
2012,23,Environmental Science,5,345749,6,30,345719,1.7355135239891357e-05,0.00010412177620181115
2012,23,Environmental Science,6,345749,2,36,345713,5.785145481946007e-06,0.00010990631932413398
2012,23,Environmental Science,7,345749,0,38,345711,0.0,0.00010990631932413398
2012,23,Environmental Science,8,345749,3,38,345711,8.677768425071808e-06,0.00011858313400761825
2012,23,Environmental Science,9,345749,2,41,345708,5.785229152926747e-06,0.00012436767712994108
2012,23,Environmental Science,10,345749,0,43,345706,0.0,0.00012436767712994108
2012,23,Environmental Science,11,345749,0,43,345706,0.0,0.00012436767712994108
2012,23,Environmental Science,12,345749,0,43,345706,0.0,0.00012436767712994108
2012,23,Environmental Science,13,345749,1,43,345706,2.892631310998363e-06,0.0001272599486911025
2012,23,Environmental Science,14,345749,1,44,345705,2.892639678338468e-06,0.00013015222025226393
2012,24,Immunology and Microbiology,0,62859,4,0,62859,6.363448352662307e-05,6.363448352662307e-05
2012,24,Immunology and Microbiology,1,62859,4,4,62855,6.363853313181131e-05,0.00012726896705324614
2012,24,Immunology and Microbiology,2,62859,3,8,62851,4.7731937439340666e-05,0.00017499482969821347
2012,24,Immunology and Microbiology,3,62859,3,11,62848,4.7734215885947046e-05,0.00022272069234318076
2012,24,Immunology and Microbiology,4,62859,2,14,62845,3.1824329700055694e-05,0.0002545379341064923
2012,24,Immunology and Microbiology,5,62859,1,16,62843,1.5912671260124436e-05,0.0002704465549881481
2012,24,Immunology and Microbiology,6,62859,1,17,62842,1.591292447726043e-05,0.0002863551758698039
2012,24,Immunology and Microbiology,7,62859,1,18,62841,1.5913177702455403e-05,0.0003022637967514596
2012,24,Immunology and Microbiology,8,62859,1,19,62840,1.591343093570974e-05,0.0003181724176331154
2012,24,Immunology and Microbiology,9,62859,1,20,62839,1.5913684177023824e-05,0.00033408103851477114
2012,24,Immunology and Microbiology,10,62859,0,21,62838,0.0,0.00033408103851477114
2012,24,Immunology and Microbiology,11,62859,2,21,62838,3.182787485279608e-05,0.00036589828027808267
2012,24,Immunology and Microbiology,12,62859,0,23,62836,0.0,0.00036589828027808267
2012,24,Immunology and Microbiology,13,62859,0,23,62836,0.0,0.00036589828027808267
2012,24,Immunology and Microbiology,14,62859,3,23,62836,4.7743331847985235e-05,0.00041362414292305
2012,25,Materials Science,0,239871,22,0,239871,9.171596399731523e-05,9.171596399731523e-05
2012,25,Materials Science,1,239871,13,22,239849,5.420076798318942e-05,0.00014591176090481968
2012,25,Materials Science,2,239871,5,35,239836,2.0847579179105722e-05,0.00016675629817693678
2012,25,Materials Science,3,239871,4,40,239831,1.6678411047779478e-05,0.00018343192799463045
2012,25,Materials Science,4,239871,3,44,239827,1.2509016916360543e-05,0.0001959386503579007
2012,25,Materials Science,5,239871,2,47,239824,8.339448929214757e-06,0.00020427646526674755
2012,25,Materials Science,6,239871,1,49,239822,4.169759238101592e-06,0.00020844537272117096
2012,25,Materials Science,7,239871,4,50,239821,1.667910650026478e-05,0.00022512100253886463
2012,25,Materials Science,8,239871,6,54,239817,2.5019077046247765e-05,0.00025013444726540516
2012,25,Materials Science,9,239871,4,60,239811,1.6679802010750133e-05,0.00026681007708309883
2012,25,Materials Science,10,239871,2,64,239807,8.340040115592956e-06,0.0002751478919919457
2012,25,Materials Science,11,239871,1,66,239805,4.170054836221096e-06,0.00027931679944636907
2012,25,Materials Science,12,239871,3,67,239804,1.2510216676952844e-05,0.00029182352180963936
2012,25,Materials Science,13,239871,1,70,239801,4.170124394810697e-06,0.0002959924292640628
2012,25,Materials Science,14,239871,0,71,239800,0.0,0.0002959924292640628
2012,26,Mathematics,0,94850,6,0,94850,6.325777543489721e-05,6.325777543489721e-05
2012,26,Mathematics,1,94850,5,6,94844,5.2718147695162584e-05,0.00011597258829731155
2012,26,Mathematics,2,94850,2,11,94839,2.1088370817912464e-05,0.0001370585134422773
2012,26,Mathematics,3,94850,2,13,94837,2.108881554667482e-05,0.000158144438587243
2012,26,Mathematics,4,94850,0,15,94835,0.0,0.000158144438587243
2012,26,Mathematics,5,94850,0,15,94835,0.0,0.000158144438587243
2012,26,Mathematics,6,94850,0,15,94835,0.0,0.000158144438587243
2012,26,Mathematics,7,94850,1,15,94835,1.0544630147097591e-05,0.00016868740115972587
2012,26,Mathematics,8,94850,1,16,94834,1.0544741337494992e-05,0.00017923036373220874
2012,26,Mathematics,9,94850,0,17,94833,0.0,0.00017923036373220874
2012,26,Mathematics,10,94850,0,17,94833,0.0,0.00017923036373220874
2012,26,Mathematics,11,94850,0,17,94833,0.0,0.00017923036373220874
2012,26,Mathematics,12,94850,0,17,94833,0.0,0.00017923036373220874
2012,26,Mathematics,13,94850,0,17,94833,0.0,0.00017923036373220874
2012,26,Mathematics,14,94850,0,17,94833,0.0,0.00017923036373220874
2012,27,Medicine,0,1209916,55,0,1209916,4.545770119578549e-05,4.545770119578549e-05
2012,27,Medicine,1,1209916,69,55,1209861,5.703134492309447e-05,0.00010248645360504366
2012,27,Medicine,2,1209916,32,124,1209792,2.6450827910913612e-05,0.00012893457066440975
2012,27,Medicine,3,1209916,24,156,1209760,1.9838645681788122e-05,0.00014877065845893435
2012,27,Medicine,4,1209916,27,180,1209736,2.2318919169141037e-05,0.0001710862572277745
2012,27,Medicine,5,1209916,16,207,1209709,1.3226321371503394e-05,0.00018431031575745754
2012,27,Medicine,6,1209916,12,223,1209693,9.919872232045651e-06,0.00019422835965471984
2012,27,Medicine,7,1209916,21,235,1209681,1.73599486145521e-05,0.00021158493647492884
2012,27,Medicine,8,1209916,17,256,1209660,1.4053535704247474e-05,0.0002256354986627171
2012,27,Medicine,9,1209916,11,273,1209643,9.093592076339878e-06,0.00023472703890187418
2012,27,Medicine,10,1209916,9,284,1209632,7.44027935768895e-06,0.0002421655718248209
2012,27,Medicine,11,1209916,8,293,1209623,6.613630858540223e-06,0.0002487776010896624
2012,27,Medicine,12,1209916,21,301,1209615,1.7360895822224428e-05,0.0002661341779098714
2012,27,Medicine,13,1209916,8,322,1209594,6.613789420251754e-06,0.00027274620717471297
2012,27,Medicine,14,1209916,5,330,1209586,4.13364572671972e-06,0.0002768787254652389
2012,28,Neuroscience,0,99744,4,0,99744,4.0102662816811036e-05,4.0102662816811036e-05
2012,28,Neuroscience,1,99744,3,4,99740,3.00782033286545e-05,7.017965992941932e-05
2012,28,Neuroscience,2,99744,1,7,99737,1.0026369351394167e-05,8.020532563362207e-05
2012,28,Neuroscience,3,99744,5,8,99736,5.0132349402422394e-05,0.00013033365415463587
2012,28,Neuroscience,4,99744,3,13,99731,3.008091766852834e-05,0.00016041065126724414
2012,28,Neuroscience,5,99744,7,16,99728,7.019091930049736e-05,0.00023059031119666346
2012,28,Neuroscience,6,99744,0,23,99721,0.0,0.00023059031119666346
2012,28,Neuroscience,7,99744,1,23,99721,1.0027978058784008e-05,0.00024061597690086623
2012,28,Neuroscience,8,99744,7,24,99720,7.019655034095467e-05,0.00031079563683028555
2012,28,Neuroscience,9,99744,4,31,99713,4.0115130424317794e-05,0.00035089829964709656
2012,28,Neuroscience,10,99744,3,35,99709,3.008755478442267e-05,0.00038097529675970484
2012,28,Neuroscience,11,99744,2,38,99706,2.005897338174232e-05,0.0004010266281681104
2012,28,Neuroscience,12,99744,3,40,99704,3.0089063628339887e-05,0.00043110362528071865
2012,28,Neuroscience,13,99744,0,43,99701,0.0,0.00043110362528071865
2012,28,Neuroscience,14,99744,0,43,99701,0.0,0.00043110362528071865
2012,29,Nursing,0,33141,2,0,33141,6.034820916689297e-05,6.034820916689297e-05
2012,29,Nursing,1,33141,0,2,33139,0.0,6.034820916689297e-05
2012,29,Nursing,2,33141,2,2,33139,6.0351851293038414e-05,0.00012069641833378594
2012,29,Nursing,3,33141,1,4,33137,3.017774692941425e-05,0.00015087052291723243
2012,29,Nursing,4,33141,0,5,33136,0.0,0.00015087052291723243
2012,29,Nursing,5,33141,1,5,33136,3.017865765330758e-05,0.0001810446275006789
2012,29,Nursing,6,33141,0,6,33135,0.0,0.0001810446275006789
2012,29,Nursing,7,33141,0,6,33135,0.0,0.0001810446275006789
2012,29,Nursing,8,33141,0,6,33135,0.0,0.0001810446275006789
2012,29,Nursing,9,33141,1,6,33135,3.017956843217142e-05,0.0002112187320841254
2012,29,Nursing,10,33141,2,7,33134,6.036095853202149e-05,0.00027156694125101837
2012,29,Nursing,11,33141,0,9,33132,0.0,0.00027156694125101837
2012,29,Nursing,12,33141,0,9,33132,0.0,0.00027156694125101837
2012,29,Nursing,13,33141,0,9,33132,0.0,0.00027156694125101837
2012,29,Nursing,14,33141,1,9,33132,3.018230109863576e-05,0.00030174104583446487
2012,30,"Pharmacology, Toxicology and Pharmaceutics",0,30462,0,0,30462,0.0,0.0
2012,30,"Pharmacology, Toxicology and Pharmaceutics",1,30462,1,0,30462,3.282778543759438e-05,3.282778543759438e-05
2012,30,"Pharmacology, Toxicology and Pharmaceutics",2,30462,0,1,30461,0.0,3.282778543759438e-05
2012,30,"Pharmacology, Toxicology and Pharmaceutics",3,30462,2,1,30461,6.565772627293917e-05,9.848335631278314e-05
2012,30,"Pharmacology, Toxicology and Pharmaceutics",4,30462,1,3,30459,3.2831018746511706e-05,0.00013131114175037753
2012,30,"Pharmacology, Toxicology and Pharmaceutics",5,30462,1,4,30458,3.283209665769256e-05,0.0001641389271879719
2012,30,"Pharmacology, Toxicology and Pharmaceutics",6,30462,2,5,30457,6.566634927931182e-05,0.00022979449806316066
2012,30,"Pharmacology, Toxicology and Pharmaceutics",7,30462,0,7,30455,0.0,0.00022979449806316066
2012,30,"Pharmacology, Toxicology and Pharmaceutics",8,30462,2,7,30455,6.567066163191595e-05,0.00029545006893834944
2012,30,"Pharmacology, Toxicology and Pharmaceutics",9,30462,1,9,30453,3.283748727547368e-05,0.0003282778543759438
2012,30,"Pharmacology, Toxicology and Pharmaceutics",10,30462,0,10,30452,0.0,0.0003282778543759438
2012,30,"Pharmacology, Toxicology and Pharmaceutics",11,30462,1,10,30452,3.283856561145409e-05,0.00036110563981353816
2012,30,"Pharmacology, Toxicology and Pharmaceutics",12,30462,0,11,30451,0.0,0.00036110563981353816
2012,30,"Pharmacology, Toxicology and Pharmaceutics",13,30462,0,11,30451,0.0,0.00036110563981353816
2012,30,"Pharmacology, Toxicology and Pharmaceutics",14,30462,0,11,30451,0.0,0.00036110563981353816
2012,31,Physics and Astronomy,0,210141,16,0,210141,7.613935405275506e-05,7.613935405275506e-05
2012,31,Physics and Astronomy,1,210141,13,16,210125,6.186793575252826e-05,0.00013800257922061854
2012,31,Physics and Astronomy,2,210141,2,29,210112,9.518732866280841e-06,0.00014751999847721292
2012,31,Physics and Astronomy,3,210141,4,31,210110,1.903764694683737e-05,0.00016655483699040167
2012,31,Physics and Astronomy,4,210141,2,35,210106,9.519004692869313e-06,0.00017607225624699605
2012,31,Physics and Astronomy,5,210141,0,37,210104,0.0,0.00017607225624699605
2012,31,Physics and Astronomy,6,210141,0,37,210104,0.0,0.00017607225624699605
2012,31,Physics and Astronomy,7,210141,0,37,210104,0.0,0.00017607225624699605
2012,31,Physics and Astronomy,8,210141,0,37,210104,0.0,0.00017607225624699605
2012,31,Physics and Astronomy,9,210141,0,37,210104,0.0,0.00017607225624699605
2012,31,Physics and Astronomy,10,210141,0,37,210104,0.0,0.00017607225624699605
2012,31,Physics and Astronomy,11,210141,1,37,210104,4.759547652591098e-06,0.00018083096587529325
2012,31,Physics and Astronomy,12,210141,1,38,210103,4.759570305992775e-06,0.00018558967550359046
2012,31,Physics and Astronomy,13,210141,2,39,210102,9.519185919220188e-06,0.00019510709476018483
2012,31,Physics and Astronomy,14,210141,0,41,210100,0.0,0.00019510709476018483
2012,32,Psychology,0,223371,13,0,223371,5.8199139548106065e-05,5.8199139548106065e-05
2012,32,Psychology,1,223371,6,13,223358,2.6862704716195526e-05,8.506028087800117e-05
2012,32,Psychology,2,223371,2,19,223352,8.954475446828325e-06,9.401399465463288e-05
2012,32,Psychology,3,223371,1,21,223350,4.477277815088426e-06,9.849085154294873e-05
2012,32,Psychology,4,223371,3,22,223349,1.3431893583584435e-05,0.00011192142220789628
2012,32,Psychology,5,223371,2,25,223346,8.954716001182022e-06,0.00012087513598452798
2012,32,Psychology,6,223371,1,27,223344,4.477398094419371e-06,0.00012535199287284384
2012,32,Psychology,7,223371,0,28,223343,0.0,0.00012535199287284384
2012,32,Psychology,8,223371,1,28,223343,4.477418141602826e-06,0.00012982884976115968
2012,32,Psychology,9,223371,1,29,223342,4.477438188965801e-06,0.00013430570664947554
2012,32,Psychology,10,223371,0,30,223341,0.0,0.00013430570664947554
2012,32,Psychology,11,223371,1,30,223341,4.477458236508299e-06,0.00013878256353779138
2012,32,Psychology,12,223371,0,31,223340,0.0,0.00013878256353779138
2012,32,Psychology,13,223371,0,31,223340,0.0,0.00013878256353779138
2012,32,Psychology,14,223371,0,31,223340,0.0,0.00013878256353779138
2012,33,Social Sciences,0,1352607,15,0,1352607,1.1089695676571244e-05,1.1089695676571244e-05
2012,33,Social Sciences,1,1352607,9,15,1352592,6.65389119557117e-06,1.774351308251399e-05
2012,33,Social Sciences,2,1352607,3,24,1352583,2.2179784900446034e-06,1.9961452217828238e-05
2012,33,Social Sciences,3,1352607,4,27,1352580,2.957311212645463e-06,2.2918704398247237e-05
2012,33,Social Sciences,4,1352607,11,31,1352576,8.132629885492571e-06,3.1051147894399484e-05
2012,33,Social Sciences,5,1352607,0,42,1352565,0.0,3.1051147894399484e-05
2012,33,Social Sciences,6,1352607,2,42,1352565,1.4786720046726035e-06,3.252977398460898e-05
2012,33,Social Sciences,7,1352607,2,44,1352563,1.478674191146734e-06,3.400840007481848e-05
2012,33,Social Sciences,8,1352607,0,46,1352561,0.0,3.400840007481848e-05
2012,33,Social Sciences,9,1352607,1,46,1352561,7.393381888136653e-07,3.474771311992323e-05
2012,33,Social Sciences,10,1352607,0,47,1352560,0.0,3.474771311992323e-05
2012,33,Social Sciences,11,1352607,0,47,1352560,0.0,3.474771311992323e-05
2012,33,Social Sciences,12,1352607,0,47,1352560,0.0,3.474771311992323e-05
2012,33,Social Sciences,13,1352607,0,47,1352560,0.0,3.474771311992323e-05
2012,33,Social Sciences,14,1352607,0,47,1352560,0.0,3.474771311992323e-05
2012,34,Veterinary,0,11172,1,0,11172,8.950948800572861e-05,8.950948800572861e-05
2012,34,Veterinary,1,11172,0,1,11171,0.0,8.950948800572861e-05
2012,34,Veterinary,2,11172,0,1,11171,0.0,8.950948800572861e-05
2012,34,Veterinary,3,11172,0,1,11171,0.0,8.950948800572861e-05
2012,34,Veterinary,4,11172,0,1,11171,0.0,8.950948800572861e-05
2012,34,Veterinary,5,11172,0,1,11171,0.0,8.950948800572861e-05
2012,34,Veterinary,6,11172,0,1,11171,0.0,8.950948800572861e-05
2012,34,Veterinary,7,11172,0,1,11171,0.0,8.950948800572861e-05
2012,34,Veterinary,8,11172,0,1,11171,0.0,8.950948800572861e-05
2012,34,Veterinary,9,11172,0,1,11171,0.0,8.950948800572861e-05
2012,34,Veterinary,10,11172,0,1,11171,0.0,8.950948800572861e-05
2012,34,Veterinary,11,11172,0,1,11171,0.0,8.950948800572861e-05
2012,34,Veterinary,12,11172,0,1,11171,0.0,8.950948800572861e-05
2012,34,Veterinary,13,11172,0,1,11171,0.0,8.950948800572861e-05
2012,34,Veterinary,14,11172,0,1,11171,0.0,8.950948800572861e-05
2012,35,Dentistry,0,26274,5,0,26274,0.00019030219989343077,0.00019030219989343077
2012,35,Dentistry,1,26274,2,5,26269,7.613536868552285e-05,0.00026642307985080306
2012,35,Dentistry,2,26274,2,7,26267,7.614116572124719e-05,0.0003425439598081754
2012,35,Dentistry,3,26274,1,9,26265,3.807348181991243e-05,0.00038060439978686154
2012,35,Dentistry,4,26274,1,10,26264,3.8074931465123364e-05,0.0004186648397655477
2012,35,Dentistry,5,26274,1,11,26263,3.8076381220728785e-05,0.00045672527974423386
2012,35,Dentistry,6,26274,1,12,26262,3.80778310867413e-05,0.00049478571972292
2012,35,Dentistry,7,26274,4,13,26261,0.0001523171242526941,0.0006470274796376647
2012,35,Dentistry,8,26274,0,17,26257,0.0,0.0006470274796376647
2012,35,Dentistry,9,26274,0,17,26257,0.0,0.0006470274796376647
2012,35,Dentistry,10,26274,0,17,26257,0.0,0.0006470274796376647
2012,35,Dentistry,11,26274,0,17,26257,0.0,0.0006470274796376647
2012,35,Dentistry,12,26274,3,17,26257,0.0001142552462200556,0.0007612087995737231
2012,35,Dentistry,13,26274,0,20,26254,0.0,0.0007612087995737231
2012,35,Dentistry,14,26274,0,20,26254,0.0,0.0007612087995737231
2012,36,Health Professions,0,204826,6,0,204826,2.9293156142286623e-05,2.9293156142286623e-05
2012,36,Health Professions,1,204826,5,6,204820,2.441167854701689e-05,5.370411959419214e-05
2012,36,Health Professions,2,204826,2,11,204815,9.764909796645754e-06,6.346850497495436e-05
2012,36,Health Professions,3,204826,0,13,204813,0.0,6.346850497495436e-05
2012,36,Health Professions,4,204826,1,13,204813,4.882502575520109e-06,6.835069766533545e-05
2012,36,Health Professions,5,204826,0,14,204812,0.0,6.835069766533545e-05
2012,36,Health Professions,6,204826,0,14,204812,0.0,6.835069766533545e-05
2012,36,Health Professions,7,204826,1,14,204812,4.8825264144679024e-06,7.323289035571656e-05
2012,36,Health Professions,8,204826,0,15,204811,0.0,7.323289035571656e-05
2012,36,Health Professions,9,204826,0,15,204811,0.0,7.323289035571656e-05
2012,36,Health Professions,10,204826,0,15,204811,0.0,7.323289035571656e-05
2012,36,Health Professions,11,204826,0,15,204811,0.0,7.323289035571656e-05
2012,36,Health Professions,12,204826,0,15,204811,0.0,7.323289035571656e-05
2012,36,Health Professions,13,204826,0,15,204811,0.0,7.323289035571656e-05
2012,36,Health Professions,14,204826,0,15,204811,0.0,7.323289035571656e-05
2013,11,Agricultural and Biological Sciences,0,358179,13,0,358179,3.629470181110562e-05,3.629470181110562e-05
2013,11,Agricultural and Biological Sciences,1,358179,9,13,358166,2.5128013267591006e-05,6.142180306494798e-05
2013,11,Agricultural and Biological Sciences,2,358179,6,22,358157,1.6752429800338957e-05,7.817320390084288e-05
2013,11,Agricultural and Biological Sciences,3,358179,8,28,358151,2.2336947265259624e-05,0.00010050840501536941
2013,11,Agricultural and Biological Sciences,4,358179,3,36,358143,8.376542330856668e-06,0.00010888410543331686
2013,11,Agricultural and Biological Sciences,5,358179,4,39,358140,1.1168816663874462e-05,0.00012005170599058013
2013,11,Agricultural and Biological Sciences,6,358179,1,43,358136,2.7922353519333436e-06,0.00012284360612989595
2013,11,Agricultural and Biological Sciences,7,358179,4,44,358135,1.1168972594133498e-05,0.0001340112066871592
2013,11,Agricultural and Biological Sciences,8,358179,4,48,358131,1.1169097341475605e-05,0.00014517880724442247
2013,11,Agricultural and Biological Sciences,9,358179,4,52,358127,1.1169222091604375e-05,0.00015634640780168575
2013,11,Agricultural and Biological Sciences,10,358179,0,56,358123,0.0,0.00015634640780168575
2013,11,Agricultural and Biological Sciences,11,358179,0,56,358123,0.0,0.00015634640780168575
2013,11,Agricultural and Biological Sciences,12,358179,0,56,358123,0.0,0.00015634640780168575
2013,11,Agricultural and Biological Sciences,13,358179,1,56,358123,2.792336711129975e-06,0.00015913830794100158
2013,12,Arts and Humanities,0,598708,5,0,598708,8.351316501533302e-06,8.351316501533302e-06
2013,12,Arts and Humanities,1,598708,1,5,598703,1.6702772493206148e-06,1.0021579801839962e-05
2013,12,Arts and Humanities,2,598708,2,6,598702,3.3405600783027284e-06,1.3362106402453283e-05
2013,12,Arts and Humanities,3,598708,1,8,598700,1.6702856188408217e-06,1.5032369702759943e-05
2013,12,Arts and Humanities,4,598708,0,9,598699,0.0,1.5032369702759943e-05
2013,12,Arts and Humanities,5,598708,0,9,598699,0.0,1.5032369702759943e-05
2013,12,Arts and Humanities,6,598708,0,9,598699,0.0,1.5032369702759943e-05
2013,12,Arts and Humanities,7,598708,0,9,598699,0.0,1.5032369702759943e-05
2013,12,Arts and Humanities,8,598708,1,9,598699,1.6702884086995302e-06,1.6702633003066603e-05
2013,12,Arts and Humanities,9,598708,1,10,598698,1.6702911985675582e-06,1.8372896303373263e-05
2013,12,Arts and Humanities,10,598708,0,11,598697,0.0,1.8372896303373263e-05
2013,12,Arts and Humanities,11,598708,0,11,598697,0.0,1.8372896303373263e-05
2013,12,Arts and Humanities,12,598708,0,11,598697,0.0,1.8372896303373263e-05
2013,12,Arts and Humanities,13,598708,0,11,598697,0.0,1.8372896303373263e-05
2013,13,"Biochemistry, Genetics and Molecular Biology",0,369824,23,0,369824,6.21917452626114e-05,6.21917452626114e-05
2013,13,"Biochemistry, Genetics and Molecular Biology",1,369824,24,23,369801,6.489977041706215e-05,0.00012708747944968418
2013,13,"Biochemistry, Genetics and Molecular Biology",2,369824,23,47,369777,6.21996500593601e-05,0.00018927922471229558
2013,13,"Biochemistry, Genetics and Molecular Biology",3,369824,12,70,369754,3.245400996338106e-05,0.00022172709180583197
2013,13,"Biochemistry, Genetics and Molecular Biology",4,369824,29,82,369742,7.84330695457914e-05,0.00030014277061521155
2013,13,"Biochemistry, Genetics and Molecular Biology",5,369824,14,111,369713,3.7867210511937636e-05,0.0003379986155576707
2013,13,"Biochemistry, Genetics and Molecular Biology",6,369824,13,125,369699,3.516374131387967e-05,0.0003731504715756684
2013,13,"Biochemistry, Genetics and Molecular Biology",7,369824,20,138,369686,5.4099965917021475e-05,0.0004272302500648957
2013,13,"Biochemistry, Genetics and Molecular Biology",8,369824,17,158,369666,4.5987458949430027e-05,0.0004731980617807389
2013,13,"Biochemistry, Genetics and Molecular Biology",9,369824,18,175,369649,4.8694842945605155e-05,0.0005218698624210435
2013,13,"Biochemistry, Genetics and Molecular Biology",10,369824,31,193,369631,8.386742453960843e-05,0.0006056935190793458
2013,13,"Biochemistry, Genetics and Molecular Biology",11,369824,26,224,369600,7.034632034632035e-05,0.0006759972311153414
2013,13,"Biochemistry, Genetics and Molecular Biology",12,369824,18,250,369574,4.8704724899478856e-05,0.0007246690317556459
2013,13,"Biochemistry, Genetics and Molecular Biology",13,369824,8,268,369556,2.1647598740109753e-05,0.0007463009431513368
2013,14,"Business, Management and Accounting",0,298980,24,0,298980,8.027292795504716e-05,8.027292795504716e-05
2013,14,"Business, Management and Accounting",1,298980,2,24,298956,6.689947684609106e-06,8.696233861796776e-05
2013,14,"Business, Management and Accounting",2,298980,2,26,298954,6.689992440308543e-06,9.365174928088835e-05
2013,14,"Business, Management and Accounting",3,298980,0,28,298952,0.0,9.365174928088835e-05
2013,14,"Business, Management and Accounting",4,298980,0,28,298952,0.0,9.365174928088835e-05
2013,14,"Business, Management and Accounting",5,298980,0,28,298952,0.0,9.365174928088835e-05
2013,14,"Business, Management and Accounting",6,298980,0,28,298952,0.0,9.365174928088835e-05
2013,14,"Business, Management and Accounting",7,298980,0,28,298952,0.0,9.365174928088835e-05
2013,14,"Business, Management and Accounting",8,298980,0,28,298952,0.0,9.365174928088835e-05
2013,14,"Business, Management and Accounting",9,298980,1,28,298952,3.3450185983034064e-06,9.699645461234865e-05
2013,14,"Business, Management and Accounting",10,298980,0,29,298951,0.0,9.699645461234865e-05
2013,14,"Business, Management and Accounting",11,298980,0,29,298951,0.0,9.699645461234865e-05
2013,14,"Business, Management and Accounting",12,298980,0,29,298951,0.0,9.699645461234865e-05
2013,14,"Business, Management and Accounting",13,298980,0,29,298951,0.0,9.699645461234865e-05
2013,15,Chemical Engineering,0,20756,1,0,20756,4.8178839853536324e-05,4.8178839853536324e-05
2013,15,Chemical Engineering,1,20756,0,1,20755,0.0,4.8178839853536324e-05
2013,15,Chemical Engineering,2,20756,1,1,20755,4.81811611659841e-05,9.635767970707265e-05
2013,15,Chemical Engineering,3,20756,0,2,20754,0.0,9.635767970707265e-05
2013,15,Chemical Engineering,4,20756,1,2,20754,4.818348270212971e-05,0.00014453651956060899
2013,15,Chemical Engineering,5,20756,2,3,20753,9.637160892401099e-05,0.00024089419926768163
2013,15,Chemical Engineering,6,20756,0,5,20751,0.0,0.00024089419926768163
2013,15,Chemical Engineering,7,20756,0,5,20751,0.0,0.00024089419926768163
2013,15,Chemical Engineering,8,20756,0,5,20751,0.0,0.00024089419926768163
2013,15,Chemical Engineering,9,20756,0,5,20751,0.0,0.00024089419926768163
2013,15,Chemical Engineering,10,20756,0,5,20751,0.0,0.00024089419926768163
2013,15,Chemical Engineering,11,20756,0,5,20751,0.0,0.00024089419926768163
2013,15,Chemical Engineering,12,20756,0,5,20751,0.0,0.00024089419926768163
2013,15,Chemical Engineering,13,20756,0,5,20751,0.0,0.00024089419926768163
2013,16,Chemistry,0,136534,7,0,136534,5.12692809117143e-05,5.12692809117143e-05
2013,16,Chemistry,1,136534,0,7,136527,0.0,5.12692809117143e-05
2013,16,Chemistry,2,136534,4,7,136527,2.92982340489427e-05,8.056601286126533e-05
2013,16,Chemistry,3,136534,2,11,136523,1.4649546230305516e-05,9.521437883604084e-05
2013,16,Chemistry,4,136534,0,13,136521,0.0,9.521437883604084e-05
2013,16,Chemistry,5,136534,0,13,136521,0.0,9.521437883604084e-05
2013,16,Chemistry,6,136534,1,13,136521,7.3248804213271216e-06,0.0001025385618234286
2013,16,Chemistry,7,136534,2,14,136520,1.4649868151186639e-05,0.00011718692779820411
2013,16,Chemistry,8,136534,1,16,136518,7.325041386483834e-06,0.00012451111078559186
2013,16,Chemistry,9,136534,3,17,136517,2.1975285129324552e-05,0.00014648365974775514
2013,16,Chemistry,10,136534,0,20,136514,0.0,0.00014648365974775514
2013,16,Chemistry,11,136534,0,20,136514,0.0,0.00014648365974775514
2013,16,Chemistry,12,136534,0,20,136514,0.0,0.00014648365974775514
2013,16,Chemistry,13,136534,1,20,136514,7.325256017697819e-06,0.0001538078427351429
2013,17,Computer Science,0,526247,35,0,526247,6.650869268613407e-05,6.650869268613407e-05
2013,17,Computer Science,1,526247,8,35,526212,1.5202998031211754e-05,8.171067958582186e-05
2013,17,Computer Science,2,526247,2,43,526204,3.8008072914687078e-06,8.551117631074381e-05
2013,17,Computer Science,3,526247,0,45,526202,0.0,8.551117631074381e-05
2013,17,Computer Science,4,526247,1,45,526202,1.900410868829841e-06,8.741142467320479e-05
2013,17,Computer Science,5,526247,1,46,526201,1.9004144803981748e-06,8.931167303566576e-05
2013,17,Computer Science,6,526247,1,47,526200,1.9004180919802356e-06,9.121192139812673e-05
2013,17,Computer Science,7,526247,4,48,526199,7.601686814304094e-06,9.881291484797063e-05
2013,17,Computer Science,8,526247,12,52,526195,2.2805233801157365e-05,0.00012161589519750232
2013,17,Computer Science,9,526247,0,64,526183,0.0,0.00012161589519750232
2013,17,Computer Science,10,526247,0,64,526183,0.0,0.00012161589519750232
2013,17,Computer Science,11,526247,0,64,526183,0.0,0.00012161589519750232
2013,17,Computer Science,12,526247,0,64,526183,0.0,0.00012161589519750232
2013,17,Computer Science,13,526247,0,64,526183,0.0,0.00012161589519750232
2013,18,Decision Sciences,0,89300,25,0,89300,0.0002799552071668533,0.0002799552071668533
2013,18,Decision Sciences,1,89300,2,25,89275,2.240268832259871e-05,0.00030235162374020154
2013,18,Decision Sciences,2,89300,0,27,89273,0.0,0.00030235162374020154
2013,18,Decision Sciences,3,89300,0,27,89273,0.0,0.00030235162374020154
2013,18,Decision Sciences,4,89300,0,27,89273,0.0,0.00030235162374020154
2013,18,Decision Sciences,5,89300,0,27,89273,0.0,0.00030235162374020154
2013,18,Decision Sciences,6,89300,0,27,89273,0.0,0.00030235162374020154
2013,18,Decision Sciences,7,89300,0,27,89273,0.0,0.00030235162374020154
2013,18,Decision Sciences,8,89300,0,27,89273,0.0,0.00030235162374020154
2013,18,Decision Sciences,9,89300,0,27,89273,0.0,0.00030235162374020154
2013,18,Decision Sciences,10,89300,0,27,89273,0.0,0.00030235162374020154
2013,18,Decision Sciences,11,89300,0,27,89273,0.0,0.00030235162374020154
2013,18,Decision Sciences,12,89300,0,27,89273,0.0,0.00030235162374020154
2013,18,Decision Sciences,13,89300,0,27,89273,0.0,0.00030235162374020154
2013,19,Earth and Planetary Sciences,0,131372,3,0,131372,2.283591632920257e-05,2.283591632920257e-05
2013,19,Earth and Planetary Sciences,1,131372,2,3,131369,1.5224291880123925e-05,3.805986054867095e-05
2013,19,Earth and Planetary Sciences,2,131372,2,5,131367,1.5224523662715902e-05,5.328380476813933e-05
2013,19,Earth and Planetary Sciences,3,131372,0,7,131365,0.0,5.328380476813933e-05
2013,19,Earth and Planetary Sciences,4,131372,0,7,131365,0.0,5.328380476813933e-05
2013,19,Earth and Planetary Sciences,5,131372,1,7,131365,7.612377726182773e-06,6.089577687787352e-05
2013,19,Earth and Planetary Sciences,6,131372,0,8,131364,0.0,6.089577687787352e-05
2013,19,Earth and Planetary Sciences,7,131372,0,8,131364,0.0,6.089577687787352e-05
2013,19,Earth and Planetary Sciences,8,131372,0,8,131364,0.0,6.089577687787352e-05
2013,19,Earth and Planetary Sciences,9,131372,0,8,131364,0.0,6.089577687787352e-05
2013,19,Earth and Planetary Sciences,10,131372,0,8,131364,0.0,6.089577687787352e-05
2013,19,Earth and Planetary Sciences,11,131372,0,8,131364,0.0,6.089577687787352e-05
2013,19,Earth and Planetary Sciences,12,131372,0,8,131364,0.0,6.089577687787352e-05
2013,19,Earth and Planetary Sciences,13,131372,0,8,131364,0.0,6.089577687787352e-05
2013,20,"Economics, Econometrics and Finance",0,311443,11,0,311443,3.531946455691732e-05,3.531946455691732e-05
2013,20,"Economics, Econometrics and Finance",1,311443,0,11,311432,0.0,3.531946455691732e-05
2013,20,"Economics, Econometrics and Finance",2,311443,2,11,311432,6.421947648282771e-06,4.174118538544774e-05
2013,20,"Economics, Econometrics and Finance",3,311443,0,13,311430,0.0,4.174118538544774e-05
2013,20,"Economics, Econometrics and Finance",4,311443,0,13,311430,0.0,4.174118538544774e-05
2013,20,"Economics, Econometrics and Finance",5,311443,0,13,311430,0.0,4.174118538544774e-05
2013,20,"Economics, Econometrics and Finance",6,311443,2,13,311430,6.42198888995922e-06,4.816290621397816e-05
2013,20,"Economics, Econometrics and Finance",7,311443,1,15,311428,3.21101506608269e-06,5.137376662824337e-05
2013,20,"Economics, Econometrics and Finance",8,311443,0,16,311427,0.0,5.137376662824337e-05
2013,20,"Economics, Econometrics and Finance",9,311443,0,16,311427,0.0,5.137376662824337e-05
2013,20,"Economics, Econometrics and Finance",10,311443,1,16,311427,3.211025376733552e-06,5.458462704250858e-05
2013,20,"Economics, Econometrics and Finance",11,311443,0,17,311426,0.0,5.458462704250858e-05
2013,20,"Economics, Econometrics and Finance",12,311443,0,17,311426,0.0,5.458462704250858e-05
2013,20,"Economics, Econometrics and Finance",13,311443,0,17,311426,0.0,5.458462704250858e-05
2013,21,Energy,0,51753,3,0,51753,5.796765404904064e-05,5.796765404904064e-05
2013,21,Energy,1,51753,2,3,51750,3.864734299516908e-05,9.661275674840106e-05
2013,21,Energy,2,51753,3,5,51748,5.797325500502435e-05,0.0001545804107974417
2013,21,Energy,3,51753,1,8,51745,1.9325538699391246e-05,0.0001739029621471219
2013,21,Energy,4,51753,1,9,51744,1.932591218305504e-05,0.00019322551349680212
2013,21,Energy,5,51753,0,10,51743,0.0,0.00019322551349680212
2013,21,Energy,6,51753,0,10,51743,0.0,0.00019322551349680212
2013,21,Energy,7,51753,0,10,51743,0.0,0.00019322551349680212
2013,21,Energy,8,51753,0,10,51743,0.0,0.00019322551349680212
2013,21,Energy,9,51753,0,10,51743,0.0,0.00019322551349680212
2013,21,Energy,10,51753,0,10,51743,0.0,0.00019322551349680212
2013,21,Energy,11,51753,0,10,51743,0.0,0.00019322551349680212
2013,21,Energy,12,51753,1,10,51743,1.932628568115494e-05,0.00021254806484648234
2013,21,Energy,13,51753,0,11,51742,0.0,0.00021254806484648234
2013,22,Engineering,0,1799377,218,0,1799377,0.00012115304352562025,0.00012115304352562025
2013,22,Engineering,1,1799377,24,218,1799159,1.3339565874944905e-05,0.0001344909932715601
2013,22,Engineering,2,1799377,15,242,1799135,8.337339888335228e-06,0.00014282721186277252
2013,22,Engineering,3,1799377,9,257,1799120,5.0024456400907114e-06,0.00014782894301749994
2013,22,Engineering,4,1799377,11,266,1799111,6.1141308123845614e-06,0.00015394216998438904
2013,22,Engineering,5,1799377,4,277,1799100,2.2233338891668057e-06,0.00015616516160871235
2013,22,Engineering,6,1799377,3,281,1799096,1.667504124293534e-06,0.00015783240532695484
2013,22,Engineering,7,1799377,2,284,1799093,1.1116712699121168e-06,0.0001589439011391165
2013,22,Engineering,8,1799377,1,286,1799091,5.558362528632514e-07,0.00015949964904519732
2013,22,Engineering,9,1799377,3,287,1799090,1.6675096854520897e-06,0.0001611668927634398
2013,22,Engineering,10,1799377,1,290,1799087,5.558374886817591e-07,0.00016172264066952063
2013,22,Engineering,11,1799377,1,291,1799086,5.558377976372447e-07,0.00016227838857560143
2013,22,Engineering,12,1799377,1,292,1799085,5.558381065930737e-07,0.00016283413648168226
2013,22,Engineering,13,1799377,1,293,1799084,5.558384155492462e-07,0.00016338988438776309
2013,23,Environmental Science,0,365172,13,0,365172,3.5599662624735744e-05,3.5599662624735744e-05
2013,23,Environmental Science,1,365172,12,13,365159,3.28623969284613e-05,6.846088966295335e-05
2013,23,Environmental Science,2,365172,6,25,365147,1.6431738450541837e-05,8.489150318206215e-05
2013,23,Environmental Science,3,365172,4,31,365141,1.0954672304671346e-05,9.584524552813469e-05
2013,23,Environmental Science,4,365172,5,35,365137,1.3693490388539096e-05,0.00010953742346072535
2013,23,Environmental Science,5,365172,3,40,365132,8.216206741671506e-06,0.00011775273022027976
2013,23,Environmental Science,6,365172,1,43,365129,2.7387580827597916e-06,0.00012049116580679789
2013,23,Environmental Science,7,365172,1,44,365128,2.7387655835761706e-06,0.00012322960139331601
2013,23,Environmental Science,8,365172,1,45,365127,2.7387730844336353e-06,0.00012596803697983416
2013,23,Environmental Science,9,365172,1,46,365126,2.7387805853321865e-06,0.00012870647256635229
2013,23,Environmental Science,10,365172,2,47,365125,5.47757617254365e-06,0.00013418334373938856
2013,23,Environmental Science,11,365172,1,49,365123,2.738803088274362e-06,0.0001369217793259067
2013,23,Environmental Science,12,365172,1,50,365122,2.738810589337263e-06,0.00013966021491242483
2013,23,Environmental Science,13,365172,2,51,365121,5.477636180882502e-06,0.0001451370860854611
2013,24,Immunology and Microbiology,0,64558,5,0,64558,7.744973512190588e-05,7.744973512190588e-05
2013,24,Immunology and Microbiology,1,64558,2,5,64553,3.0982293619196626e-05,0.00010842962917066823
2013,24,Immunology and Microbiology,2,64558,2,7,64551,3.098325355145544e-05,0.0001394095232194306
2013,24,Immunology and Microbiology,3,64558,1,9,64549,1.549210677159987e-05,0.00015489947024381175
2013,24,Immunology and Microbiology,4,64558,2,10,64548,3.098469356138068e-05,0.00018587936429257412
2013,24,Immunology and Microbiology,5,64558,1,12,64546,1.5492826821181793e-05,0.0002013693113169553
2013,24,Immunology and Microbiology,6,64558,1,13,64545,1.549306685258347e-05,0.00021685925834133646
2013,24,Immunology and Microbiology,7,64558,5,14,64544,7.746653445711453e-05,0.00029430899346324235
2013,24,Immunology and Microbiology,8,64558,3,19,64539,4.6483521591595777e-05,0.0003407788345363859
2013,24,Immunology and Microbiology,9,64558,1,22,64536,1.549522746993926e-05,0.0003562687815607671
2013,24,Immunology and Microbiology,10,64558,3,23,64535,4.6486402727202296e-05,0.0004027386226339106
2013,24,Immunology and Microbiology,11,64558,6,26,64532,9.297712762660385e-05,0.0004956783047801977
2013,24,Immunology and Microbiology,12,64558,2,32,64526,3.099525772556799e-05,0.00052665819882896
2013,24,Immunology and Microbiology,13,64558,0,34,64524,0.0,0.00052665819882896
2013,25,Materials Science,0,267146,13,0,267146,4.8662529103935676e-05,4.8662529103935676e-05
2013,25,Materials Science,1,267146,15,13,267133,5.615180453182497e-05,0.00010481160114693838
2013,25,Materials Science,2,267146,9,28,267118,3.3692974640421086e-05,0.00013850104437274
2013,25,Materials Science,3,267146,11,37,267109,4.1181689871924944e-05,0.00017967703053760865
2013,25,Materials Science,4,267146,3,48,267098,1.1231832510913598e-05,0.00019090684494620918
2013,25,Materials Science,5,267146,4,51,267095,1.497594488852281e-05,0.00020587993082434323
2013,25,Materials Science,6,267146,5,55,267091,1.872021146350869e-05,0.0002245962881720108
2013,25,Materials Science,7,267146,5,60,267086,1.8720561916386482e-05,0.00024331264551967838
2013,25,Materials Science,8,267146,6,65,267081,2.2465094858863043e-05,0.00026577227433687944
2013,25,Materials Science,9,267146,1,71,267075,3.744266591781335e-06,0.000269515545806413
2013,25,Materials Science,10,267146,3,72,267074,1.1232841834098414e-05,0.0002807453602150135
2013,25,Materials Science,11,267146,4,75,267071,1.4977290683001899e-05,0.00029571844609314755
2013,25,Materials Science,12,267146,1,79,267067,3.7443787513994614e-06,0.0002994617175626811
2013,25,Materials Science,13,267146,1,80,267066,3.7443927718241934e-06,0.0003032049890322146
2013,26,Mathematics,0,102708,10,0,102708,9.736339915099116e-05,9.736339915099116e-05
2013,26,Mathematics,1,102708,5,10,102698,4.868643985277221e-05,0.00014604509872648673
2013,26,Mathematics,2,102708,3,15,102693,2.9213286202564926e-05,0.0001752541184717841
2013,26,Mathematics,3,102708,1,18,102690,9.738046547862499e-06,0.0001849904583868832
2013,26,Mathematics,4,102708,0,19,102689,0.0,0.0001849904583868832
2013,26,Mathematics,5,102708,0,19,102689,0.0,0.0001849904583868832
2013,26,Mathematics,6,102708,0,19,102689,0.0,0.0001849904583868832
2013,26,Mathematics,7,102708,1,19,102689,9.73814137833653e-06,0.00019472679830198232
2013,26,Mathematics,8,102708,0,20,102688,0.0,0.00019472679830198232
2013,26,Mathematics,9,102708,0,20,102688,0.0,0.00019472679830198232
2013,26,Mathematics,10,102708,0,20,102688,0.0,0.00019472679830198232
2013,26,Mathematics,11,102708,0,20,102688,0.0,0.00019472679830198232
2013,26,Mathematics,12,102708,0,20,102688,0.0,0.00019472679830198232
2013,26,Mathematics,13,102708,1,20,102688,9.738236210657525e-06,0.00020446313821708144
2013,27,Medicine,0,1250400,48,0,1250400,3.838771593090211e-05,3.838771593090211e-05
2013,27,Medicine,1,1250400,73,48,1250352,5.838355918973217e-05,9.676903390914907e-05
2013,27,Medicine,2,1250400,54,121,1250279,4.3190359911667714e-05,0.00013995521433141396
2013,27,Medicine,3,1250400,35,175,1250225,2.7994960907036734e-05,0.00016794625719769674
2013,27,Medicine,4,1250400,23,210,1250190,1.8397203625048992e-05,0.000186340371081254
2013,27,Medicine,5,1250400,20,233,1250167,1.5997862685545212e-05,0.00020233525271912988
2013,27,Medicine,6,1250400,21,253,1250147,1.6798024552312648e-05,0.00021912987843889956
2013,27,Medicine,7,1250400,25,274,1250126,1.9997984203192318e-05,0.0002391234804862444
2013,27,Medicine,8,1250400,12,299,1250101,9.59922438266988e-06,0.0002487204094689699
2013,27,Medicine,9,1250400,27,311,1250089,2.1598462189492108e-05,0.00027031349968010236
2013,27,Medicine,10,1250400,24,338,1250062,1.919904772723273e-05,0.0002895073576455534
2013,27,Medicine,11,1250400,22,362,1250038,1.759946497626472e-05,0.0003071017274472169
2013,27,Medicine,12,1250400,31,384,1250016,2.479968256406318e-05,0.0003318937939859245
2013,27,Medicine,13,1250400,3,415,1249985,2.400028800345604e-06,0.0003342930262316059
2013,28,Neuroscience,0,106978,10,0,106978,9.347716352894988e-05,9.347716352894988e-05
2013,28,Neuroscience,1,106978,8,10,106968,7.47887218607434e-05,0.00016825889435210977
2013,28,Neuroscience,2,106978,4,18,106960,3.7397157816005985e-05,0.00020564975976368973
2013,28,Neuroscience,3,106978,5,22,106956,4.674819551965294e-05,0.0002523883415281647
2013,28,Neuroscience,4,106978,3,27,106951,2.8050228609363167e-05,0.0002804314905868496
2013,28,Neuroscience,5,106978,2,30,106948,1.8700676964506113e-05,0.0002991269232926396
2013,28,Neuroscience,6,106978,2,32,106946,1.8701026686365082e-05,0.00031782235599842957
2013,28,Neuroscience,7,106978,3,34,106944,2.8052064631956913e-05,0.00034586550505711456
2013,28,Neuroscience,8,106978,0,37,106941,0.0,0.00034586550505711456
2013,28,Neuroscience,9,106978,3,37,106941,2.805285157236233e-05,0.0003739086541157995
2013,28,Neuroscience,10,106978,12,40,106938,0.00011221455422768333,0.00048608125035053937
2013,28,Neuroscience,11,106978,3,52,106926,2.805678693676e-05,0.0005141243994092244
2013,28,Neuroscience,12,106978,3,55,106923,2.805757414213967e-05,0.0005421675484679093
2013,28,Neuroscience,13,106978,0,58,106920,0.0,0.0005421675484679093
2013,29,Nursing,0,34815,4,0,34815,0.00011489300588826656,0.00011489300588826656
2013,29,Nursing,1,34815,1,4,34811,2.8726551951969206e-05,0.0001436162573603332
2013,29,Nursing,2,34815,5,5,34810,0.00014363688595231256,0.0002872325147206664
2013,29,Nursing,3,34815,0,10,34805,0.0,0.0002872325147206664
2013,29,Nursing,4,34815,1,10,34805,2.8731504094239332e-05,0.000315955766192733
2013,29,Nursing,5,34815,0,11,34804,0.0,0.000315955766192733
2013,29,Nursing,6,34815,1,11,34804,2.873232961728537e-05,0.00034467901766479966
2013,29,Nursing,7,34815,0,12,34803,0.0,0.00034467901766479966
2013,29,Nursing,8,34815,0,12,34803,0.0,0.00034467901766479966
2013,29,Nursing,9,34815,0,12,34803,0.0,0.00034467901766479966
2013,29,Nursing,10,34815,0,12,34803,0.0,0.00034467901766479966
2013,29,Nursing,11,34815,0,12,34803,0.0,0.00034467901766479966
2013,29,Nursing,12,34815,1,12,34803,2.873315518777117e-05,0.0003734022691368663
2013,29,Nursing,13,34815,1,13,34802,2.873398080570082e-05,0.00040212552060893295
2013,30,"Pharmacology, Toxicology and Pharmaceutics",0,30845,0,0,30845,0.0,0.0
2013,30,"Pharmacology, Toxicology and Pharmaceutics",1,30845,4,0,30845,0.000129680661371373,0.000129680661371373
2013,30,"Pharmacology, Toxicology and Pharmaceutics",2,30845,0,4,30841,0.0,0.000129680661371373
2013,30,"Pharmacology, Toxicology and Pharmaceutics",3,30845,1,4,30841,3.242437015660971e-05,0.00016210082671421625
2013,30,"Pharmacology, Toxicology and Pharmaceutics",4,30845,1,5,30840,3.2425421530479896e-05,0.0001945209920570595
2013,30,"Pharmacology, Toxicology and Pharmaceutics",5,30845,1,6,30839,3.242647297253478e-05,0.00022694115739990274
2013,30,"Pharmacology, Toxicology and Pharmaceutics",6,30845,0,7,30838,0.0,0.00022694115739990274
2013,30,"Pharmacology, Toxicology and Pharmaceutics",7,30845,0,7,30838,0.0,0.00022694115739990274
2013,30,"Pharmacology, Toxicology and Pharmaceutics",8,30845,1,7,30838,3.2427524482780983e-05,0.000259361322742746
2013,30,"Pharmacology, Toxicology and Pharmaceutics",9,30845,0,8,30837,0.0,0.000259361322742746
2013,30,"Pharmacology, Toxicology and Pharmaceutics",10,30845,0,8,30837,0.0,0.000259361322742746
2013,30,"Pharmacology, Toxicology and Pharmaceutics",11,30845,0,8,30837,0.0,0.000259361322742746
2013,30,"Pharmacology, Toxicology and Pharmaceutics",12,30845,0,8,30837,0.0,0.000259361322742746
2013,30,"Pharmacology, Toxicology and Pharmaceutics",13,30845,0,8,30837,0.0,0.000259361322742746
2013,31,Physics and Astronomy,0,215975,11,0,215975,5.093182081259405e-05,5.093182081259405e-05
2013,31,Physics and Astronomy,1,215975,3,11,215964,1.3891204089570484e-05,6.482231739784698e-05
2013,31,Physics and Astronomy,2,215975,3,14,215961,1.3891397057802103e-05,7.871281398309989e-05
2013,31,Physics and Astronomy,3,215975,1,17,215958,4.6305300104649976e-06,8.334297951151754e-05
2013,31,Physics and Astronomy,4,215975,1,18,215957,4.630551452372463e-06,8.797314503993517e-05
2013,31,Physics and Astronomy,5,215975,2,19,215956,9.261145788957009e-06,9.723347609677046e-05
2013,31,Physics and Astronomy,6,215975,0,21,215954,0.0,9.723347609677046e-05
2013,31,Physics and Astronomy,7,215975,0,21,215954,0.0,9.723347609677046e-05
2013,31,Physics and Astronomy,8,215975,0,21,215954,0.0,9.723347609677046e-05
2013,31,Physics and Astronomy,9,215975,0,21,215954,0.0,9.723347609677046e-05
2013,31,Physics and Astronomy,10,215975,0,21,215954,0.0,9.723347609677046e-05
2013,31,Physics and Astronomy,11,215975,6,21,215954,2.7783694675717976e-05,0.0001250144692672763
2013,31,Physics and Astronomy,12,215975,1,27,215948,4.630744438475929e-06,0.00012964463479569395
2013,31,Physics and Astronomy,13,215975,0,28,215947,0.0,0.00012964463479569395
2013,32,Psychology,0,243300,7,0,243300,2.8771064529387587e-05,2.8771064529387587e-05
2013,32,Psychology,1,243300,4,7,243293,1.6441081329919068e-05,4.521167283189478e-05
2013,32,Psychology,2,243300,1,11,243289,4.110337910879654e-06,4.932182490752158e-05
2013,32,Psychology,3,243300,1,12,243288,4.110354805826839e-06,5.343197698314838e-05
2013,32,Psychology,4,243300,1,13,243287,4.110371700912913e-06,5.7542129058775174e-05
2013,32,Psychology,5,243300,0,14,243286,0.0,5.7542129058775174e-05
2013,32,Psychology,6,243300,1,14,243286,4.1103885961378785e-06,6.165228113440197e-05
2013,32,Psychology,7,243300,3,15,243285,1.233121647450521e-05,7.398273736128237e-05
2013,32,Psychology,8,243300,0,18,243282,0.0,7.398273736128237e-05
2013,32,Psychology,9,243300,0,18,243282,0.0,7.398273736128237e-05
2013,32,Psychology,10,243300,2,18,243282,8.220912356853364e-06,8.220304151253596e-05
2013,32,Psychology,11,243300,1,20,243280,4.110489970404472e-06,8.631319358816276e-05
2013,32,Psychology,12,243300,0,21,243279,0.0,8.631319358816276e-05
2013,32,Psychology,13,243300,0,21,243279,0.0,8.631319358816276e-05
2013,33,Social Sciences,0,1470615,11,0,1470615,7.47986386647763e-06,7.47986386647763e-06
2013,33,Social Sciences,1,1470615,11,11,1470604,7.479919815259581e-06,1.495972773295526e-05
2013,33,Social Sciences,2,1470615,6,22,1470593,4.07998678084283e-06,1.9039653478306696e-05
2013,33,Social Sciences,3,1470615,5,28,1470587,3.400002856002399e-06,2.243959159943289e-05
2013,33,Social Sciences,4,1470615,2,33,1470582,1.3600057664244495e-06,2.3799566847883367e-05
2013,33,Social Sciences,5,1470615,1,35,1470580,6.800038080213249e-07,2.447955447210861e-05
2013,33,Social Sciences,6,1470615,4,36,1470579,2.720017081707273e-06,2.7199504969009565e-05
2013,33,Social Sciences,7,1470615,2,40,1470575,1.360012240110161e-06,2.855948021746004e-05
2013,33,Social Sciences,8,1470615,1,42,1470573,6.800070448729849e-07,2.9239467841685283e-05
2013,33,Social Sciences,9,1470615,0,43,1470572,0.0,2.9239467841685283e-05
2013,33,Social Sciences,10,1470615,0,43,1470572,0.0,2.9239467841685283e-05
2013,33,Social Sciences,11,1470615,1,43,1470572,6.800075072828804e-07,2.991945546591052e-05
2013,33,Social Sciences,12,1470615,0,44,1470571,0.0,2.991945546591052e-05
2013,33,Social Sciences,13,1470615,0,44,1470571,0.0,2.991945546591052e-05
2013,34,Veterinary,0,11629,0,0,11629,0.0,0.0
2013,34,Veterinary,1,11629,0,0,11629,0.0,0.0
2013,34,Veterinary,2,11629,1,0,11629,8.599191675982457e-05,8.599191675982457e-05
2013,34,Veterinary,3,11629,0,1,11628,0.0,8.599191675982457e-05
2013,34,Veterinary,4,11629,0,1,11628,0.0,8.599191675982457e-05
2013,34,Veterinary,5,11629,0,1,11628,0.0,8.599191675982457e-05
2013,34,Veterinary,6,11629,0,1,11628,0.0,8.599191675982457e-05
2013,34,Veterinary,7,11629,0,1,11628,0.0,8.599191675982457e-05
2013,34,Veterinary,8,11629,0,1,11628,0.0,8.599191675982457e-05
2013,34,Veterinary,9,11629,0,1,11628,0.0,8.599191675982457e-05
2013,34,Veterinary,10,11629,0,1,11628,0.0,8.599191675982457e-05
2013,34,Veterinary,11,11629,0,1,11628,0.0,8.599191675982457e-05
2013,34,Veterinary,12,11629,0,1,11628,0.0,8.599191675982457e-05
2013,34,Veterinary,13,11629,1,1,11628,8.599931200550395e-05,0.00017198383351964914
2013,35,Dentistry,0,28109,2,0,28109,7.115158845921236e-05,7.115158845921236e-05
2013,35,Dentistry,1,28109,0,2,28107,0.0,7.115158845921236e-05
2013,35,Dentistry,2,28109,2,2,28107,7.115665136798663e-05,0.00014230317691842472
2013,35,Dentistry,3,28109,1,4,28105,3.558085749866572e-05,0.00017787897114803088
2013,35,Dentistry,4,28109,0,5,28104,0.0,0.00017787897114803088
2013,35,Dentistry,5,28109,1,5,28104,3.558212354113294e-05,0.00021345476537763705
2013,35,Dentistry,6,28109,2,6,28103,7.116677934740064e-05,0.00028460635383684943
2013,35,Dentistry,7,28109,2,8,28101,7.11718444183481e-05,0.00035575794229606177
2013,35,Dentistry,8,28109,0,10,28099,0.0,0.00035575794229606177
2013,35,Dentistry,9,28109,0,10,28099,0.0,0.00035575794229606177
2013,35,Dentistry,10,28109,0,10,28099,0.0,0.00035575794229606177
2013,35,Dentistry,11,28109,1,10,28099,3.558845510516389e-05,0.00039133373652566793
2013,35,Dentistry,12,28109,1,11,28098,3.55897216883764e-05,0.0004269095307552741
2013,35,Dentistry,13,28109,0,12,28097,0.0,0.0004269095307552741
2013,36,Health Professions,0,222939,7,0,222939,3.139872341761648e-05,3.139872341761648e-05
2013,36,Health Professions,1,222939,2,7,222932,8.97134552240145e-06,4.036978725122119e-05
2013,36,Health Professions,2,222939,1,9,222930,4.485713004081999e-06,4.485531916802354e-05
2013,36,Health Professions,3,222939,1,10,222929,4.485733125793414e-06,4.934085108482589e-05
2013,36,Health Professions,4,222939,0,11,222928,0.0,4.934085108482589e-05
2013,36,Health Professions,5,222939,2,11,222928,8.971506495370702e-06,5.83119149184306e-05
2013,36,Health Professions,6,222939,0,13,222926,0.0,5.83119149184306e-05
2013,36,Health Professions,7,222939,0,13,222926,0.0,5.83119149184306e-05
2013,36,Health Professions,8,222939,0,13,222926,0.0,5.83119149184306e-05
2013,36,Health Professions,9,222939,0,13,222926,0.0,5.83119149184306e-05
2013,36,Health Professions,10,222939,0,13,222926,0.0,5.83119149184306e-05
2013,36,Health Professions,11,222939,0,13,222926,0.0,5.83119149184306e-05
2013,36,Health Professions,12,222939,0,13,222926,0.0,5.83119149184306e-05
2013,36,Health Professions,13,222939,0,13,222926,0.0,5.83119149184306e-05
2014,11,Agricultural and Biological Sciences,0,379775,13,0,379775,3.423079454940425e-05,3.423079454940425e-05
2014,11,Agricultural and Biological Sciences,1,379775,9,13,379762,2.3699053617792197e-05,5.792903692976104e-05
2014,11,Agricultural and Biological Sciences,2,379775,11,22,379753,2.8966196448744316e-05,8.689355539464157e-05
2014,11,Agricultural and Biological Sciences,3,379775,3,33,379742,7.900100594614238e-06,9.479296952142717e-05
2014,11,Agricultural and Biological Sciences,4,379775,1,36,379739,2.6333876688989017e-06,9.742610756368902e-05
2014,11,Agricultural and Biological Sciences,5,379775,2,37,379738,5.2667892072955565e-06,0.00010269238364821275
2014,11,Agricultural and Biological Sciences,6,379775,10,39,379736,2.6334084732551036e-05,0.0001290237640708314
2014,11,Agricultural and Biological Sciences,7,379775,3,49,379726,7.900433470449746e-06,0.000136923178197617
2014,11,Agricultural and Biological Sciences,8,379775,2,52,379723,5.2669972585279266e-06,0.00014218945428214074
2014,11,Agricultural and Biological Sciences,9,379775,2,54,379721,5.2670249999341624e-06,0.00014745573036666448
2014,11,Agricultural and Biological Sciences,10,379775,3,56,379719,7.900579112448943e-06,0.00015535514449345006
2014,11,Agricultural and Biological Sciences,11,379775,1,59,379716,2.6335471773641354e-06,0.00015798828253571194
2014,11,Agricultural and Biological Sciences,12,379775,1,60,379715,2.6335541129531357e-06,0.0001606214205779738
2014,12,Arts and Humanities,0,693106,4,0,693106,5.771123031686351e-06,5.771123031686351e-06
2014,12,Arts and Humanities,1,693106,2,4,693102,2.885578168869806e-06,8.656684547529526e-06
2014,12,Arts and Humanities,2,693106,1,6,693100,1.4427932477276006e-06,1.0099465305451114e-05
2014,12,Arts and Humanities,3,693106,0,7,693099,0.0,1.0099465305451114e-05
2014,12,Arts and Humanities,4,693106,0,7,693099,0.0,1.0099465305451114e-05
2014,12,Arts and Humanities,5,693106,0,7,693099,0.0,1.0099465305451114e-05
2014,12,Arts and Humanities,6,693106,4,7,693099,5.771181317531839e-06,1.5870588337137464e-05
2014,12,Arts and Humanities,7,693106,0,11,693095,0.0,1.5870588337137464e-05
2014,12,Arts and Humanities,8,693106,0,11,693095,0.0,1.5870588337137464e-05
2014,12,Arts and Humanities,9,693106,0,11,693095,0.0,1.5870588337137464e-05
2014,12,Arts and Humanities,10,693106,0,11,693095,0.0,1.5870588337137464e-05
2014,12,Arts and Humanities,11,693106,0,11,693095,0.0,1.5870588337137464e-05
2014,12,Arts and Humanities,12,693106,0,11,693095,0.0,1.5870588337137464e-05
2014,13,"Biochemistry, Genetics and Molecular Biology",0,380290,28,0,380290,7.362802072102869e-05,7.362802072102869e-05
2014,13,"Biochemistry, Genetics and Molecular Biology",1,380290,68,28,380262,0.00017882407392797597,0.0002524389281863841
2014,13,"Biochemistry, Genetics and Molecular Biology",2,380290,25,96,380194,6.575590356502206e-05,0.0003181782324015883
2014,13,"Biochemistry, Genetics and Molecular Biology",3,380290,42,121,380169,0.00011047718251619674,0.0004286202634831313
2014,13,"Biochemistry, Genetics and Molecular Biology",4,380290,20,163,380127,5.2613994796475914e-05,0.0004812117068552946
2014,13,"Biochemistry, Genetics and Molecular Biology",5,380290,18,183,380107,4.735508685712181e-05,0.0005285440058902417
2014,13,"Biochemistry, Genetics and Molecular Biology",6,380290,27,201,380089,7.103599420135811e-05,0.0005995424544426622
2014,13,"Biochemistry, Genetics and Molecular Biology",7,380290,25,228,380062,6.577874136325126e-05,0.0006652817586578663
2014,13,"Biochemistry, Genetics and Molecular Biology",8,380290,30,253,380037,7.893968218883951e-05,0.0007441689237161114
2014,13,"Biochemistry, Genetics and Molecular Biology",9,380290,24,283,380007,6.315673132337035e-05,0.0008072786557627074
2014,13,"Biochemistry, Genetics and Molecular Biology",10,380290,15,307,379983,3.947545021750973e-05,0.0008467222382918299
2014,13,"Biochemistry, Genetics and Molecular Biology",11,380290,26,322,379968,6.842681488967492e-05,0.0009150911146756423
2014,13,"Biochemistry, Genetics and Molecular Biology",12,380290,6,348,379942,1.5791884024403724e-05,0.0009308685476872913
2014,14,"Business, Management and Accounting",0,313359,4,0,313359,1.276491181041553e-05,1.276491181041553e-05
2014,14,"Business, Management and Accounting",1,313359,1,4,313355,3.191268688867259e-06,1.5956139763019413e-05
2014,14,"Business, Management and Accounting",2,313359,1,5,313354,3.1912788730956044e-06,1.9147367715623296e-05
2014,14,"Business, Management and Accounting",3,313359,0,6,313353,0.0,1.9147367715623296e-05
2014,14,"Business, Management and Accounting",4,313359,1,6,313353,3.191289057388951e-06,2.233859566822718e-05
2014,14,"Business, Management and Accounting",5,313359,1,7,313352,3.1912992417473003e-06,2.552982362083106e-05
2014,14,"Business, Management and Accounting",6,313359,0,8,313351,0.0,2.552982362083106e-05
2014,14,"Business, Management and Accounting",7,313359,0,8,313351,0.0,2.552982362083106e-05
2014,14,"Business, Management and Accounting",8,313359,0,8,313351,0.0,2.552982362083106e-05
2014,14,"Business, Management and Accounting",9,313359,0,8,313351,0.0,2.552982362083106e-05
2014,14,"Business, Management and Accounting",10,313359,0,8,313351,0.0,2.552982362083106e-05
2014,14,"Business, Management and Accounting",11,313359,0,8,313351,0.0,2.552982362083106e-05
2014,14,"Business, Management and Accounting",12,313359,0,8,313351,0.0,2.552982362083106e-05
2014,15,Chemical Engineering,0,21426,3,0,21426,0.00014001680201624196,0.00014001680201624196
2014,15,Chemical Engineering,1,21426,0,3,21423,0.0,0.00014001680201624196
2014,15,Chemical Engineering,2,21426,0,3,21423,0.0,0.00014001680201624196
2014,15,Chemical Engineering,3,21426,2,3,21423,9.335760631097419e-05,0.00023336133669373658
2014,15,Chemical Engineering,4,21426,0,5,21421,0.0,0.00023336133669373658
2014,15,Chemical Engineering,5,21426,0,5,21421,0.0,0.00023336133669373658
2014,15,Chemical Engineering,6,21426,1,5,21421,4.6683161383688904e-05,0.0002800336040324839
2014,15,Chemical Engineering,7,21426,1,6,21420,4.668534080298786e-05,0.0003267058713712312
2014,15,Chemical Engineering,8,21426,1,7,21419,4.6687520425790186e-05,0.0003733781387099785
2014,15,Chemical Engineering,9,21426,0,8,21418,0.0,0.0003733781387099785
2014,15,Chemical Engineering,10,21426,0,8,21418,0.0,0.0003733781387099785
2014,15,Chemical Engineering,11,21426,0,8,21418,0.0,0.0003733781387099785
2014,15,Chemical Engineering,12,21426,0,8,21418,0.0,0.0003733781387099785
2014,16,Chemistry,0,172225,5,0,172225,2.9031789809841776e-05,2.9031789809841776e-05
2014,16,Chemistry,1,172225,10,5,172220,5.806526535826269e-05,8.709536942952533e-05
2014,16,Chemistry,2,172225,1,15,172210,5.806863712908658e-06,9.290172739149369e-05
2014,16,Chemistry,3,172225,1,16,172209,5.806897432770645e-06,9.870808535346204e-05
2014,16,Chemistry,4,172225,2,17,172208,1.16138623060485e-05,0.00011032080127739875
2014,16,Chemistry,5,172225,3,19,172206,1.742099578411902e-05,0.0001277398751633038
2014,16,Chemistry,6,172225,3,22,172203,1.742129928050034e-05,0.00014515894904920887
2014,16,Chemistry,7,172225,0,25,172200,0.0,0.00014515894904920887
2014,16,Chemistry,8,172225,2,25,172200,1.1614401858304297e-05,0.0001567716649731456
2014,16,Chemistry,9,172225,3,27,172198,1.7421805131302338e-05,0.00017419073885905067
2014,16,Chemistry,10,172225,2,30,172195,1.1614739103922878e-05,0.00018580345478298737
2014,16,Chemistry,11,172225,1,32,172193,5.807437003827101e-06,0.00019160981274495573
2014,16,Chemistry,12,172225,1,33,172192,5.807470730347519e-06,0.00019741617070692408
2014,17,Computer Science,0,541833,17,0,541833,3.1374980852033744e-05,3.1374980852033744e-05
2014,17,Computer Science,1,541833,17,17,541816,3.1375965272343376e-05,6.274996170406749e-05
2014,17,Computer Science,2,541833,6,34,541799,1.1074217560386786e-05,7.382348435772645e-05
2014,17,Computer Science,3,541833,3,40,541793,5.537170100019749e-06,7.936024568455594e-05
2014,17,Computer Science,4,541833,1,43,541790,1.8457335868140792e-06,8.12058327934991e-05
2014,17,Computer Science,5,541833,5,44,541789,9.228684967764204e-06,9.043376833821492e-05
2014,17,Computer Science,6,541833,3,49,541784,5.537262082305863e-06,9.59705296650444e-05
2014,17,Computer Science,7,541833,25,52,541781,4.6144106197891766e-05,0.00014211020738862342
2014,17,Computer Science,8,541833,0,77,541756,0.0,0.00014211020738862342
2014,17,Computer Science,9,541833,0,77,541756,0.0,0.00014211020738862342
2014,17,Computer Science,10,541833,5,77,541756,9.229247114937351e-06,0.00015133814293333923
2014,17,Computer Science,11,541833,1,82,541751,1.8458664589451611e-06,0.0001531837300422824
2014,17,Computer Science,12,541833,1,83,541750,1.8458698661744347e-06,0.00015502931715122555
2014,18,Decision Sciences,0,95810,4,0,95810,4.1749295480638766e-05,4.1749295480638766e-05
2014,18,Decision Sciences,1,95810,0,4,95806,0.0,4.1749295480638766e-05
2014,18,Decision Sciences,2,95810,0,4,95806,0.0,4.1749295480638766e-05
2014,18,Decision Sciences,3,95810,0,4,95806,0.0,4.1749295480638766e-05
2014,18,Decision Sciences,4,95810,0,4,95806,0.0,4.1749295480638766e-05
2014,18,Decision Sciences,5,95810,1,4,95806,1.0437759639271027e-05,5.2186619350798456e-05
2014,18,Decision Sciences,6,95810,0,5,95805,0.0,5.2186619350798456e-05
2014,18,Decision Sciences,7,95810,1,5,95805,1.0437868587234486e-05,6.262394322095815e-05
2014,18,Decision Sciences,8,95810,0,6,95804,0.0,6.262394322095815e-05
2014,18,Decision Sciences,9,95810,0,6,95804,0.0,6.262394322095815e-05
2014,18,Decision Sciences,10,95810,1,6,95804,1.0437977537472339e-05,7.306126709111784e-05
2014,18,Decision Sciences,11,95810,3,7,95803,3.131425946995397e-05,0.00010437323870159691
2014,18,Decision Sciences,12,95810,0,10,95800,0.0,0.00010437323870159691
2014,19,Earth and Planetary Sciences,0,137432,3,0,137432,2.1828977239653066e-05,2.1828977239653066e-05
2014,19,Earth and Planetary Sciences,1,137432,19,3,137429,0.00013825320711058074,0.00016007916642412249
2014,19,Earth and Planetary Sciences,2,137432,1,22,137410,7.2774907211993305e-06,0.0001673554921706735
2014,19,Earth and Planetary Sciences,3,137432,2,23,137409,1.455508736691192e-05,0.00018190814366377553
2014,19,Earth and Planetary Sciences,4,137432,0,25,137407,0.0,0.00018190814366377553
2014,19,Earth and Planetary Sciences,5,137432,0,25,137407,0.0,0.00018190814366377553
2014,19,Earth and Planetary Sciences,6,137432,0,25,137407,0.0,0.00018190814366377553
2014,19,Earth and Planetary Sciences,7,137432,0,25,137407,0.0,0.00018190814366377553
2014,19,Earth and Planetary Sciences,8,137432,1,25,137407,7.2776496102818635e-06,0.00018918446941032656
2014,19,Earth and Planetary Sciences,9,137432,0,26,137406,0.0,0.00018918446941032656
2014,19,Earth and Planetary Sciences,10,137432,0,26,137406,0.0,0.00018918446941032656
2014,19,Earth and Planetary Sciences,11,137432,0,26,137406,0.0,0.00018918446941032656
2014,19,Earth and Planetary Sciences,12,137432,0,26,137406,0.0,0.00018918446941032656
2014,20,"Economics, Econometrics and Finance",0,319286,8,0,319286,2.5055905990240725e-05,2.5055905990240725e-05
2014,20,"Economics, Econometrics and Finance",1,319286,2,8,319278,6.264133451099042e-06,3.13198824878009e-05
2014,20,"Economics, Econometrics and Finance",2,319286,3,10,319276,9.396259036069107e-06,4.071584723414118e-05
2014,20,"Economics, Econometrics and Finance",3,319286,0,13,319273,0.0,4.071584723414118e-05
2014,20,"Economics, Econometrics and Finance",4,319286,0,13,319273,0.0,4.071584723414118e-05
2014,20,"Economics, Econometrics and Finance",5,319286,1,13,319273,3.1321157755275264e-06,4.3847835482921266e-05
2014,20,"Economics, Econometrics and Finance",6,319286,0,14,319272,0.0,4.3847835482921266e-05
2014,20,"Economics, Econometrics and Finance",7,319286,0,14,319272,0.0,4.3847835482921266e-05
2014,20,"Economics, Econometrics and Finance",8,319286,1,14,319272,3.1321255857074847e-06,4.697982373170136e-05
2014,20,"Economics, Econometrics and Finance",9,319286,1,15,319271,3.132135395948896e-06,5.011181198048145e-05
2014,20,"Economics, Econometrics and Finance",10,319286,0,16,319270,0.0,5.011181198048145e-05
2014,20,"Economics, Econometrics and Finance",11,319286,0,16,319270,0.0,5.011181198048145e-05
2014,20,"Economics, Econometrics and Finance",12,319286,0,16,319270,0.0,5.011181198048145e-05
2014,21,Energy,0,54281,4,0,54281,7.369060997402406e-05,7.369060997402406e-05
2014,21,Energy,1,54281,2,4,54277,3.684802034010723e-05,0.00011053591496103609
2014,21,Energy,2,54281,1,6,54275,1.8424689083371718e-05,0.0001289585674545421
2014,21,Energy,3,54281,1,7,54274,1.8425028558794266e-05,0.00014738121994804811
2014,21,Energy,4,54281,0,8,54273,0.0,0.00014738121994804811
2014,21,Energy,5,54281,0,8,54273,0.0,0.00014738121994804811
2014,21,Energy,6,54281,1,8,54273,1.8425368046726732e-05,0.00016580387244155413
2014,21,Energy,7,54281,2,9,54272,3.685141509433962e-05,0.00020264917742856617
2014,21,Energy,8,54281,0,11,54270,0.0,0.00020264917742856617
2014,21,Energy,9,54281,1,11,54270,1.8426386585590565e-05,0.00022107182992207218
2014,21,Energy,10,54281,1,12,54269,1.8426726123569624e-05,0.0002394944824155782
2014,21,Energy,11,54281,0,13,54268,0.0,0.0002394944824155782
2014,21,Energy,12,54281,0,13,54268,0.0,0.0002394944824155782
2014,22,Engineering,0,1842094,32,0,1842094,1.7371534785955547e-05,1.7371534785955547e-05
2014,22,Engineering,1,1842094,41,32,1842062,2.2257665594317672e-05,3.962881373046109e-05
2014,22,Engineering,2,1842094,22,73,1842021,1.1943403468255791e-05,5.1571743895805535e-05
2014,22,Engineering,3,1842094,26,95,1841999,1.411509995390877e-05,6.568611590939442e-05
2014,22,Engineering,4,1842094,15,121,1841973,8.143441841981396e-06,7.382902284031108e-05
2014,22,Engineering,5,1842094,4,136,1841958,2.1716021755110595e-06,7.600046468855553e-05
2014,22,Engineering,6,1842094,7,140,1841954,3.8003120599102907e-06,7.98004879229833e-05
2014,22,Engineering,7,1842094,8,147,1841947,4.343230288385062e-06,8.414337161947218e-05
2014,22,Engineering,8,1842094,4,155,1841939,2.171624576058165e-06,8.631481346771664e-05
2014,22,Engineering,9,1842094,3,159,1841935,1.628721969016279e-06,8.794339485389996e-05
2014,22,Engineering,10,1842094,3,162,1841932,1.628724621755852e-06,8.957197624008329e-05
2014,22,Engineering,11,1842094,2,165,1841929,1.0858181830027108e-06,9.065769716420551e-05
2014,22,Engineering,12,1842094,0,167,1841927,0.0,9.065769716420551e-05
2014,23,Environmental Science,0,384278,14,0,384278,3.64319581136573e-05,3.64319581136573e-05
2014,23,Environmental Science,1,384278,11,14,384264,2.8626152853246726e-05,6.505706806010232e-05
2014,23,Environmental Science,2,384278,10,25,384253,2.6024520303029516e-05,9.107989528414325e-05
2014,23,Environmental Science,3,384278,5,35,384243,1.3012598798156376e-05,0.00010409130889616371
2014,23,Environmental Science,4,384278,5,40,384238,1.301276812808728e-05,0.00011710272250818419
2014,23,Environmental Science,5,384278,2,45,384233,5.205174984970057e-06,0.00012230728795299236
2014,23,Environmental Science,6,384278,3,47,384231,7.807803118436565e-06,0.00013011413612020465
2014,23,Environmental Science,7,384278,2,50,384228,5.205242720468056e-06,0.00013531870156501284
2014,23,Environmental Science,8,384278,1,52,384226,2.6026349075804344e-06,0.00013792098428741693
2014,23,Environmental Science,9,384278,0,53,384225,0.0,0.00013792098428741693
2014,23,Environmental Science,10,384278,2,53,384225,5.205283362613052e-06,0.0001431255497322251
2014,23,Environmental Science,11,384278,1,55,384223,2.6026552288644876e-06,0.0001457278324546292
2014,23,Environmental Science,12,384278,0,56,384222,0.0,0.0001457278324546292
2014,24,Immunology and Microbiology,0,66736,4,0,66736,5.9937664828578277e-05,5.9937664828578277e-05
2014,24,Immunology and Microbiology,1,66736,7,4,66732,0.0001048972007432716,0.00016482857827859027
2014,24,Immunology and Microbiology,2,66736,3,11,66725,4.496065942300487e-05,0.000209781826900024
2014,24,Immunology and Microbiology,3,66736,5,14,66722,7.493780162465154e-05,0.0002847039079357468
2014,24,Immunology and Microbiology,4,66736,0,19,66717,0.0,0.0002847039079357468
2014,24,Immunology and Microbiology,5,66736,6,19,66717,8.993210126354602e-05,0.00037461040517861423
2014,24,Immunology and Microbiology,6,66736,1,25,66711,1.4990031628966738e-05,0.00038959482138575883
2014,24,Immunology and Microbiology,7,66736,6,26,66710,8.99415380002998e-05,0.0004795013186286262
2014,24,Immunology and Microbiology,8,66736,4,32,66704,5.996641880546894e-05,0.0005394389834572045
2014,24,Immunology and Microbiology,9,66736,6,36,66700,8.995502248875562e-05,0.0006293454807000719
2014,24,Immunology and Microbiology,10,66736,1,42,66694,1.4993852520466609e-05,0.0006443298969072165
2014,24,Immunology and Microbiology,11,66736,0,43,66693,0.0,0.0006443298969072165
2014,24,Immunology and Microbiology,12,66736,1,43,66693,1.4994077339450917e-05,0.0006593143131143611
2014,25,Materials Science,0,261569,13,0,261569,4.9700079137818316e-05,4.9700079137818316e-05
2014,25,Materials Science,1,261569,17,13,261556,6.499564146874857e-05,0.00011469249031804228
2014,25,Materials Science,2,261569,10,30,261539,3.8235215398085946e-05,0.00015292332042405636
2014,25,Materials Science,3,261569,7,40,261529,2.6765674169977326e-05,0.00017968490149826622
2014,25,Materials Science,4,261569,8,47,261522,3.0590160674818946e-05,0.0002102695655830775
2014,25,Materials Science,5,261569,1,55,261514,3.823887057671865e-06,0.0002140926485936789
2014,25,Materials Science,6,261569,7,56,261513,2.6767311758880057e-05,0.00024085422966788877
2014,25,Materials Science,7,261569,3,63,261506,1.1472012114444792e-05,0.000252323478699693
2014,25,Materials Science,8,261569,3,66,261503,1.1472143723016562e-05,0.00026379272773149724
2014,25,Materials Science,9,261569,2,69,261500,7.648183556405354e-06,0.00027143889375270003
2014,25,Materials Science,10,261569,4,71,261498,1.5296484103128895e-05,0.0002867312257951057
2014,25,Materials Science,11,261569,6,75,261494,2.2945077133700965e-05,0.0003096697238587141
2014,25,Materials Science,12,261569,3,81,261488,1.147280181117298e-05,0.00032113897289051836
2014,26,Mathematics,0,108336,5,0,108336,4.6152710087136316e-05,4.6152710087136316e-05
2014,26,Mathematics,1,108336,7,5,108331,6.461677636133701e-05,0.00011076650420912716
2014,26,Mathematics,2,108336,1,12,108324,9.231564565562572e-06,0.00011999704622655443
2014,26,Mathematics,3,108336,2,13,108323,1.8463299576267275e-05,0.00013845813026140894
2014,26,Mathematics,4,108336,0,15,108321,0.0,0.00013845813026140894
2014,26,Mathematics,5,108336,1,15,108321,9.231820237996326e-06,0.0001476886722788362
2014,26,Mathematics,6,108336,1,16,108320,9.231905465288035e-06,0.00015691921429626348
2014,26,Mathematics,7,108336,0,17,108319,0.0,0.00015691921429626348
2014,26,Mathematics,8,108336,0,17,108319,0.0,0.00015691921429626348
2014,26,Mathematics,9,108336,0,17,108319,0.0,0.00015691921429626348
2014,26,Mathematics,10,108336,0,17,108319,0.0,0.00015691921429626348
2014,26,Mathematics,11,108336,0,17,108319,0.0,0.00015691921429626348
2014,26,Mathematics,12,108336,1,17,108319,9.23199069415338e-06,0.00016614975631369075
2014,27,Medicine,0,1297835,131,0,1297835,0.00010093733024614068,0.00010093733024614068
2014,27,Medicine,1,1297835,147,131,1297704,0.00011327698766436722,0.00021420288403379474
2014,27,Medicine,2,1297835,52,278,1297557,4.0075310757061155e-05,0.0002542696105437132
2014,27,Medicine,3,1297835,50,330,1297505,3.8535496973036714e-05,0.00029279530911094245
2014,27,Medicine,4,1297835,30,380,1297455,2.3122189208874297e-05,0.00031591072825128
2014,27,Medicine,5,1297835,25,410,1297425,1.926893654739195e-05,0.00033517357753489466
2014,27,Medicine,6,1297835,30,435,1297400,2.3123169415754587e-05,0.0003582889966752322
2014,27,Medicine,7,1297835,22,465,1297370,1.695738301332696e-05,0.0003752403040448131
2014,27,Medicine,8,1297835,38,487,1297348,2.929052189543592e-05,0.00040451983495590736
2014,27,Medicine,9,1297835,23,525,1297310,1.7728993070276186e-05,0.0004222416562968328
2014,27,Medicine,10,1297835,20,548,1297287,1.5416789037429652e-05,0.0004376519357237245
2014,27,Medicine,11,1297835,35,568,1297267,2.697979675733677e-05,0.000464619924720785
2014,27,Medicine,12,1297835,6,603,1297232,4.625232803384437e-06,0.00046924300854885254
2014,28,Neuroscience,0,109035,10,0,109035,9.171366992250195e-05,9.171366992250195e-05
2014,28,Neuroscience,1,109035,8,10,109025,7.337766567301077e-05,0.0001650846058605035
2014,28,Neuroscience,2,109035,2,18,109017,1.8345762587486354e-05,0.0001834273398450039
2014,28,Neuroscience,3,109035,5,20,109015,4.586524790166491e-05,0.00022928417480625488
2014,28,Neuroscience,4,109035,3,25,109010,2.7520410971470506e-05,0.00025679827578300546
2014,28,Neuroscience,5,109035,1,28,109007,9.17372278844478e-06,0.00026596964277525567
2014,28,Neuroscience,6,109035,5,29,109006,4.58690347320331e-05,0.0003118264777365066
2014,28,Neuroscience,7,109035,3,34,109001,2.7522683278135062e-05,0.0003393405787132572
2014,28,Neuroscience,8,109035,3,37,108998,2.7523440797078845e-05,0.0003668546796900078
2014,28,Neuroscience,9,109035,11,40,108995,0.00010092206064498371,0.00046773971660475996
2014,28,Neuroscience,10,109035,3,51,108984,2.752697643690817e-05,0.0004952538175815105
2014,28,Neuroscience,11,109035,1,54,108981,9.175911397399547e-06,0.0005044251845737608
2014,28,Neuroscience,12,109035,0,55,108980,0.0,0.0005044251845737608
2014,29,Nursing,0,36377,2,0,36377,5.497979492536493e-05,5.497979492536493e-05
2014,29,Nursing,1,36377,4,2,36375,0.00010996563573883161,0.0001649393847760948
2014,29,Nursing,2,36377,1,6,36371,2.7494432377443566e-05,0.00019242928223877725
2014,29,Nursing,3,36377,2,7,36370,5.4990376684080284e-05,0.0002474090771641422
2014,29,Nursing,4,36377,0,9,36368,0.0,0.0002474090771641422
2014,29,Nursing,5,36377,1,9,36368,2.7496700395952487e-05,0.00027489897462682465
2014,29,Nursing,6,36377,0,10,36367,0.0,0.00027489897462682465
2014,29,Nursing,7,36377,1,10,36367,2.749745648527511e-05,0.0003023888720895071
2014,29,Nursing,8,36377,0,11,36366,0.0,0.0003023888720895071
2014,29,Nursing,9,36377,0,11,36366,0.0,0.0003023888720895071
2014,29,Nursing,10,36377,0,11,36366,0.0,0.0003023888720895071
2014,29,Nursing,11,36377,0,11,36366,0.0,0.0003023888720895071
2014,29,Nursing,12,36377,0,11,36366,0.0,0.0003023888720895071
2014,30,"Pharmacology, Toxicology and Pharmaceutics",0,30580,0,0,30580,0.0,0.0
2014,30,"Pharmacology, Toxicology and Pharmaceutics",1,30580,2,0,30580,6.540222367560497e-05,6.540222367560497e-05
2014,30,"Pharmacology, Toxicology and Pharmaceutics",2,30580,1,2,30578,3.270325070311989e-05,9.810333551340745e-05
2014,30,"Pharmacology, Toxicology and Pharmaceutics",3,30580,0,3,30577,0.0,9.810333551340745e-05
2014,30,"Pharmacology, Toxicology and Pharmaceutics",4,30580,1,3,30577,3.27043202407038e-05,0.00013080444735120994
2014,30,"Pharmacology, Toxicology and Pharmaceutics",5,30580,1,4,30576,3.270538984824699e-05,0.00016350555918901244
2014,30,"Pharmacology, Toxicology and Pharmaceutics",6,30580,0,5,30575,0.0,0.00016350555918901244
2014,30,"Pharmacology, Toxicology and Pharmaceutics",7,30580,3,5,30575,9.811937857726901e-05,0.0002616088947024199
2014,30,"Pharmacology, Toxicology and Pharmaceutics",8,30580,1,8,30572,3.270966897814994e-05,0.00029431000654022235
2014,30,"Pharmacology, Toxicology and Pharmaceutics",9,30580,2,9,30571,6.542147787118511e-05,0.00035971223021582735
2014,30,"Pharmacology, Toxicology and Pharmaceutics",10,30580,0,11,30569,0.0,0.00035971223021582735
2014,30,"Pharmacology, Toxicology and Pharmaceutics",11,30580,0,11,30569,0.0,0.00035971223021582735
2014,30,"Pharmacology, Toxicology and Pharmaceutics",12,30580,0,11,30569,0.0,0.00035971223021582735
2014,31,Physics and Astronomy,0,231376,7,0,231376,3.0253786045225088e-05,3.0253786045225088e-05
2014,31,Physics and Astronomy,1,231376,5,7,231369,2.1610500974633595e-05,5.186363322038586e-05
2014,31,Physics and Astronomy,2,231376,1,12,231364,4.322193599695717e-06,5.618560265541802e-05
2014,31,Physics and Astronomy,3,231376,0,13,231363,0.0,5.618560265541802e-05
2014,31,Physics and Astronomy,4,231376,1,13,231363,4.322212281133976e-06,6.0507572090450176e-05
2014,31,Physics and Astronomy,5,231376,0,14,231362,0.0,6.0507572090450176e-05
2014,31,Physics and Astronomy,6,231376,0,14,231362,0.0,6.0507572090450176e-05
2014,31,Physics and Astronomy,7,231376,0,14,231362,0.0,6.0507572090450176e-05
2014,31,Physics and Astronomy,8,231376,0,14,231362,0.0,6.0507572090450176e-05
2014,31,Physics and Astronomy,9,231376,0,14,231362,0.0,6.0507572090450176e-05
2014,31,Physics and Astronomy,10,231376,4,14,231362,1.72889238509349e-05,7.77954498305788e-05
2014,31,Physics and Astronomy,11,231376,0,18,231358,0.0,7.77954498305788e-05
2014,31,Physics and Astronomy,12,231376,0,18,231358,0.0,7.77954498305788e-05
2014,32,Psychology,0,253021,9,0,253021,3.557017006493532e-05,3.557017006493532e-05
2014,32,Psychology,1,253021,6,9,253012,2.3714290231293378e-05,5.92836167748922e-05
2014,32,Psychology,2,253021,2,15,253006,7.904950870730338e-06,6.71880990115445e-05
2014,32,Psychology,3,253021,2,17,253004,7.905013359472577e-06,7.50925812481968e-05
2014,32,Psychology,4,253021,0,19,253002,0.0,7.50925812481968e-05
2014,32,Psychology,5,253021,2,19,253002,7.905075849202773e-06,8.299706348484908e-05
2014,32,Psychology,6,253021,1,21,253000,3.952569169960474e-06,8.694930460317523e-05
2014,32,Psychology,7,253021,1,22,252999,3.952584792825268e-06,9.090154572150138e-05
2014,32,Psychology,8,253021,0,23,252998,0.0,9.090154572150138e-05
2014,32,Psychology,9,253021,2,23,252998,7.905200831627127e-06,9.880602795815367e-05
2014,32,Psychology,10,253021,1,25,252996,3.952631662160667e-06,0.00010275826907647981
2014,32,Psychology,11,253021,0,26,252995,0.0,0.00010275826907647981
2014,32,Psychology,12,253021,0,26,252995,0.0,0.00010275826907647981
2014,33,Social Sciences,0,1608059,6,0,1608059,3.7312063798654156e-06,3.7312063798654156e-06
2014,33,Social Sciences,1,1608059,13,6,1608053,8.084310653939888e-06,1.1815486869573816e-05
2014,33,Social Sciences,2,1608059,9,19,1608040,5.596875699609463e-06,1.741229643937194e-05
2014,33,Social Sciences,3,1608059,1,28,1608031,6.218785583113758e-07,1.803416416934951e-05
2014,33,Social Sciences,4,1608059,2,29,1608030,1.2437578900891153e-06,1.9277899629304647e-05
2014,33,Social Sciences,5,1608059,4,31,1608028,2.487518874049457e-06,2.1765370549214924e-05
2014,33,Social Sciences,6,1608059,2,35,1608024,1.243762530907499e-06,2.3009106009170063e-05
2014,33,Social Sciences,7,1608059,1,37,1608022,6.218820389273281e-07,2.3630973739147632e-05
2014,33,Social Sciences,8,1608059,0,38,1608021,0.0,2.3630973739147632e-05
2014,33,Social Sciences,9,1608059,0,38,1608021,0.0,2.3630973739147632e-05
2014,33,Social Sciences,10,1608059,0,38,1608021,0.0,2.3630973739147632e-05
2014,33,Social Sciences,11,1608059,0,38,1608021,0.0,2.3630973739147632e-05
2014,33,Social Sciences,12,1608059,0,38,1608021,0.0,2.3630973739147632e-05
2014,34,Veterinary,0,12389,1,0,12389,8.071676487206392e-05,8.071676487206392e-05
2014,34,Veterinary,1,12389,0,1,12388,0.0,8.071676487206392e-05
2014,34,Veterinary,2,12389,2,1,12388,0.00016144656118824668,0.00024215029461619177
2014,34,Veterinary,3,12389,0,3,12386,0.0,0.00024215029461619177
2014,34,Veterinary,4,12389,0,3,12386,0.0,0.00024215029461619177
2014,34,Veterinary,5,12389,0,3,12386,0.0,0.00024215029461619177
2014,34,Veterinary,6,12389,0,3,12386,0.0,0.00024215029461619177
2014,34,Veterinary,7,12389,0,3,12386,0.0,0.00024215029461619177
2014,34,Veterinary,8,12389,0,3,12386,0.0,0.00024215029461619177
2014,34,Veterinary,9,12389,0,3,12386,0.0,0.00024215029461619177
2014,34,Veterinary,10,12389,0,3,12386,0.0,0.00024215029461619177
2014,34,Veterinary,11,12389,0,3,12386,0.0,0.00024215029461619177
2014,34,Veterinary,12,12389,0,3,12386,0.0,0.00024215029461619177
2014,35,Dentistry,0,29780,3,0,29780,0.00010073875083948959,0.00010073875083948959
2014,35,Dentistry,1,29780,2,3,29777,6.716593343855997e-05,0.000167897918065816
2014,35,Dentistry,2,29780,2,5,29775,6.717044500419816e-05,0.00023505708529214238
2014,35,Dentistry,3,29780,0,7,29773,0.0,0.00023505708529214238
2014,35,Dentistry,4,29780,2,7,29773,6.71749571759648e-05,0.00030221625251846876
2014,35,Dentistry,5,29780,1,9,29771,3.358973497699103e-05,0.000335795836131632
2014,35,Dentistry,6,29780,1,10,29770,3.359086328518643e-05,0.00036937541974479515
2014,35,Dentistry,7,29780,1,11,29769,3.359199166918607e-05,0.00040295500335795837
2014,35,Dentistry,8,29780,0,12,29768,0.0,0.00040295500335795837
2014,35,Dentistry,9,29780,2,12,29768,6.718624025799516e-05,0.00047011417058428475
2014,35,Dentistry,10,29780,2,14,29766,6.719075455217362e-05,0.0005372733378106112
2014,35,Dentistry,11,29780,0,16,29764,0.0,0.0005372733378106112
2014,35,Dentistry,12,29780,0,16,29764,0.0,0.0005372733378106112
2014,36,Health Professions,0,235939,6,0,235939,2.543030190006739e-05,2.543030190006739e-05
2014,36,Health Professions,1,235939,2,6,235933,8.476982872256107e-06,3.390706920008985e-05
2014,36,Health Professions,2,235939,1,8,235931,4.238527366051939e-06,3.814545285010109e-05
2014,36,Health Professions,3,235939,0,9,235930,0.0,3.814545285010109e-05
2014,36,Health Professions,4,235939,0,9,235930,0.0,3.814545285010109e-05
2014,36,Health Professions,5,235939,1,9,235930,4.238545331242318e-06,4.238383650011232e-05
2014,36,Health Professions,6,235939,1,10,235929,4.23856329658499e-06,4.662222015012355e-05
2014,36,Health Professions,7,235939,0,11,235928,0.0,4.662222015012355e-05
2014,36,Health Professions,8,235939,2,11,235928,8.477162524159914e-06,5.509898745014601e-05
2014,36,Health Professions,9,235939,0,13,235926,0.0,5.509898745014601e-05
2014,36,Health Professions,10,235939,0,13,235926,0.0,5.509898745014601e-05
2014,36,Health Professions,11,235939,0,13,235926,0.0,5.509898745014601e-05
2014,36,Health Professions,12,235939,0,13,235926,0.0,5.509898745014601e-05
2015,11,Agricultural and Biological Sciences,0,386908,26,0,386908,6.719943759239922e-05,6.719943759239922e-05
2015,11,Agricultural and Biological Sciences,1,386908,9,26,386882,2.3262907036253948e-05,9.046078137438357e-05
2015,11,Agricultural and Biological Sciences,2,386908,3,35,386873,7.754482737229013e-06,9.821456263504502e-05
2015,11,Agricultural and Biological Sciences,3,386908,6,38,386870,1.5509085739395662e-05,0.00011372212515636793
2015,11,Agricultural and Biological Sciences,4,386908,3,44,386864,7.754663137433309e-06,0.00012147590641702938
2015,11,Agricultural and Biological Sciences,5,386908,5,47,386861,1.2924538787833356e-05,0.00013439887518479845
2015,11,Agricultural and Biological Sciences,6,386908,1,52,386856,2.584941166739045e-06,0.00013698346893835226
2015,11,Agricultural and Biological Sciences,7,386908,1,53,386855,2.584947848677153e-06,0.0001395680626919061
2015,11,Agricultural and Biological Sciences,8,386908,2,54,386854,5.169909061299612e-06,0.00014473725019901372
2015,11,Agricultural and Biological Sciences,9,386908,3,56,386852,7.754903684096244e-06,0.00015249103145967516
2015,11,Agricultural and Biological Sciences,10,386908,4,59,386849,1.033995176412502e-05,0.00016282940647389043
2015,11,Agricultural and Biological Sciences,11,386908,2,63,386845,5.170029339916504e-06,0.00016799859398099805
2015,12,Arts and Humanities,0,662503,3,0,662503,4.52828138136733e-06,4.52828138136733e-06
2015,12,Arts and Humanities,1,662503,2,3,662500,3.0188679245283018e-06,7.547135635612216e-06
2015,12,Arts and Humanities,2,662503,0,5,662498,0.0,7.547135635612216e-06
2015,12,Arts and Humanities,3,662503,0,5,662498,0.0,7.547135635612216e-06
2015,12,Arts and Humanities,4,662503,1,5,662498,1.5094385190596802e-06,9.05656276273466e-06
2015,12,Arts and Humanities,5,662503,3,6,662497,4.528322392403286e-06,1.358484414410199e-05
2015,12,Arts and Humanities,6,662503,0,9,662494,0.0,1.358484414410199e-05
2015,12,Arts and Humanities,7,662503,0,9,662494,0.0,1.358484414410199e-05
2015,12,Arts and Humanities,8,662503,0,9,662494,0.0,1.358484414410199e-05
2015,12,Arts and Humanities,9,662503,0,9,662494,0.0,1.358484414410199e-05
2015,12,Arts and Humanities,10,662503,0,9,662494,0.0,1.358484414410199e-05
2015,12,Arts and Humanities,11,662503,0,9,662494,0.0,1.358484414410199e-05
2015,13,"Biochemistry, Genetics and Molecular Biology",0,403027,43,0,403027,0.00010669260372133876,0.00010669260372133876
2015,13,"Biochemistry, Genetics and Molecular Biology",1,403027,68,43,402984,0.00016874119071724931,0.00027541579100159543
2015,13,"Biochemistry, Genetics and Molecular Biology",2,403027,51,111,402916,0.0001265772518341292,0.00040195818146178793
2015,13,"Biochemistry, Genetics and Molecular Biology",3,403027,22,162,402865,5.4608864011517507e-05,0.00045654509499363567
2015,13,"Biochemistry, Genetics and Molecular Biology",4,403027,15,184,402843,3.723534975164022e-05,0.0004937634451289864
2015,13,"Biochemistry, Genetics and Molecular Biology",5,403027,17,199,402828,4.220163444447754e-05,0.0005359442419490505
2015,13,"Biochemistry, Genetics and Molecular Biology",6,403027,66,216,402811,0.00016384855428476383,0.0006997049825445937
2015,13,"Biochemistry, Genetics and Molecular Biology",7,403027,36,282,402745,8.938658456343344e-05,0.0007890290228694355
2015,13,"Biochemistry, Genetics and Molecular Biology",8,403027,40,318,402709,9.932730582132507e-05,0.0008882779565637041
2015,13,"Biochemistry, Genetics and Molecular Biology",9,403027,21,358,402669,5.215201567540586e-05,0.0009403836467531952
2015,13,"Biochemistry, Genetics and Molecular Biology",10,403027,18,379,402648,4.4704059128568874e-05,0.000985045666915616
2015,13,"Biochemistry, Genetics and Molecular Biology",11,403027,14,397,402630,3.4771378188411194e-05,0.00101978279370861
2015,14,"Business, Management and Accounting",0,324684,6,0,324684,1.84795062275936e-05,1.84795062275936e-05
2015,14,"Business, Management and Accounting",1,324684,8,6,324678,2.4639796968072983e-05,4.311884786438506e-05
2015,14,"Business, Management and Accounting",2,324684,1,14,324670,3.0800505128284105e-06,4.6198765568983994e-05
2015,14,"Business, Management and Accounting",3,324684,0,15,324669,0.0,4.6198765568983994e-05
2015,14,"Business, Management and Accounting",4,324684,2,15,324669,6.1601199991375835e-06,5.235860097818186e-05
2015,14,"Business, Management and Accounting",5,324684,3,17,324667,9.24023691967462e-06,6.159835409197867e-05
2015,14,"Business, Management and Accounting",6,324684,0,20,324664,0.0,6.159835409197867e-05
2015,14,"Business, Management and Accounting",7,324684,0,20,324664,0.0,6.159835409197867e-05
2015,14,"Business, Management and Accounting",8,324684,0,20,324664,0.0,6.159835409197867e-05
2015,14,"Business, Management and Accounting",9,324684,0,20,324664,0.0,6.159835409197867e-05
2015,14,"Business, Management and Accounting",10,324684,0,20,324664,0.0,6.159835409197867e-05
2015,14,"Business, Management and Accounting",11,324684,0,20,324664,0.0,6.159835409197867e-05
2015,15,Chemical Engineering,0,21450,3,0,21450,0.00013986013986013986,0.00013986013986013986
2015,15,Chemical Engineering,1,21450,1,3,21447,4.662656781834289e-05,0.00018648018648018648
2015,15,Chemical Engineering,2,21450,1,4,21446,4.662874195654201e-05,0.0002331002331002331
2015,15,Chemical Engineering,3,21450,0,5,21445,0.0,0.0002331002331002331
2015,15,Chemical Engineering,4,21450,0,5,21445,0.0,0.0002331002331002331
2015,15,Chemical Engineering,5,21450,0,5,21445,0.0,0.0002331002331002331
2015,15,Chemical Engineering,6,21450,1,5,21445,4.6630916297505244e-05,0.0002797202797202797
2015,15,Chemical Engineering,7,21450,0,6,21444,0.0,0.0002797202797202797
2015,15,Chemical Engineering,8,21450,0,6,21444,0.0,0.0002797202797202797
2015,15,Chemical Engineering,9,21450,0,6,21444,0.0,0.0002797202797202797
2015,15,Chemical Engineering,10,21450,1,6,21444,4.663309084126096e-05,0.00032634032634032634
2015,15,Chemical Engineering,11,21450,0,7,21443,0.0,0.00032634032634032634
2015,16,Chemistry,0,131222,6,0,131222,4.572404017618997e-05,4.572404017618997e-05
2015,16,Chemistry,1,131222,6,6,131216,4.572613095963907e-05,9.144808035237994e-05
2015,16,Chemistry,2,131222,1,12,131210,7.621370322383964e-06,9.906875371507826e-05
2015,16,Chemistry,3,131222,4,13,131209,3.0485713632448992e-05,0.00012955144716587157
2015,16,Chemistry,4,131222,1,17,131205,7.6216607598795775e-06,0.0001371721205285699
2015,16,Chemistry,5,131222,5,18,131204,3.81085942501753e-05,0.00017527548734206155
2015,16,Chemistry,6,131222,3,23,131199,2.2866027942286144e-05,0.00019813750743015652
2015,16,Chemistry,7,131222,6,26,131196,4.5733101618951796e-05,0.0002438615476063465
2015,16,Chemistry,8,131222,1,32,131190,7.622532205198567e-06,0.00025148222096904485
2015,16,Chemistry,9,131222,0,33,131189,0.0,0.00025148222096904485
2015,16,Chemistry,10,131222,2,33,131189,1.5245180617277364e-05,0.0002667235676944415
2015,16,Chemistry,11,131222,0,35,131187,0.0,0.0002667235676944415
2015,17,Computer Science,0,551686,16,0,551686,2.9002004763579282e-05,2.9002004763579282e-05
2015,17,Computer Science,1,551686,35,16,551670,6.34437254155564e-05,9.244389018390896e-05
2015,17,Computer Science,2,551686,4,51,551635,7.25117151739828e-06,9.969439137480378e-05
2015,17,Computer Science,3,551686,4,55,551631,7.25122409726792e-06,0.00010694489256569861
2015,17,Computer Science,4,551686,3,59,551627,5.438457508425077e-06,0.00011238276845886972
2015,17,Computer Science,5,551686,16,62,551624,2.9005264455498672e-05,0.000141384773222449
2015,17,Computer Science,6,551686,0,78,551608,0.0,0.000141384773222449
2015,17,Computer Science,7,551686,1,78,551608,1.8128816115792375e-06,0.00014319739852017272
2015,17,Computer Science,8,551686,0,79,551607,0.0,0.00014319739852017272
2015,17,Computer Science,9,551686,1,79,551607,1.8128848981249332e-06,0.0001450100238178964
2015,17,Computer Science,10,551686,4,80,551606,7.251552738730181e-06,0.00015226052500879122
2015,17,Computer Science,11,551686,0,84,551602,0.0,0.00015226052500879122
2015,18,Decision Sciences,0,96563,6,0,96563,6.213560059235939e-05,6.213560059235939e-05
2015,18,Decision Sciences,1,96563,2,6,96557,2.0713153888376813e-05,8.28474674564792e-05
2015,18,Decision Sciences,2,96563,0,8,96555,0.0,8.28474674564792e-05
2015,18,Decision Sciences,3,96563,0,8,96555,0.0,8.28474674564792e-05
2015,18,Decision Sciences,4,96563,0,8,96555,0.0,8.28474674564792e-05
2015,18,Decision Sciences,5,96563,0,8,96555,0.0,8.28474674564792e-05
2015,18,Decision Sciences,6,96563,0,8,96555,0.0,8.28474674564792e-05
2015,18,Decision Sciences,7,96563,0,8,96555,0.0,8.28474674564792e-05
2015,18,Decision Sciences,8,96563,0,8,96555,0.0,8.28474674564792e-05
2015,18,Decision Sciences,9,96563,0,8,96555,0.0,8.28474674564792e-05
2015,18,Decision Sciences,10,96563,4,8,96555,4.142716586401533e-05,0.00012427120118471878
2015,18,Decision Sciences,11,96563,0,12,96551,0.0,0.00012427120118471878
2015,19,Earth and Planetary Sciences,0,136568,10,0,136568,7.322359557143694e-05,7.322359557143694e-05
2015,19,Earth and Planetary Sciences,1,136568,7,10,136558,5.1260270361311674e-05,0.0001244801124714428
2015,19,Earth and Planetary Sciences,2,136568,2,17,136551,1.464654231752239e-05,0.00013912483158573017
2015,19,Earth and Planetary Sciences,3,136568,2,19,136549,1.464675684186629e-05,0.00015376955070001757
2015,19,Earth and Planetary Sciences,4,136568,0,21,136547,0.0,0.00015376955070001757
2015,19,Earth and Planetary Sciences,5,136568,1,21,136547,7.323485686247226e-06,0.00016109191025716127
2015,19,Earth and Planetary Sciences,6,136568,0,22,136546,0.0,0.00016109191025716127
2015,19,Earth and Planetary Sciences,7,136568,0,22,136546,0.0,0.00016109191025716127
2015,19,Earth and Planetary Sciences,8,136568,0,22,136546,0.0,0.00016109191025716127
2015,19,Earth and Planetary Sciences,9,136568,0,22,136546,0.0,0.00016109191025716127
2015,19,Earth and Planetary Sciences,10,136568,0,22,136546,0.0,0.00016109191025716127
2015,19,Earth and Planetary Sciences,11,136568,0,22,136546,0.0,0.00016109191025716127
2015,20,"Economics, Econometrics and Finance",0,324989,13,0,324989,4.000135389197788e-05,4.000135389197788e-05
2015,20,"Economics, Econometrics and Finance",1,324989,5,13,324976,1.538575156319236e-05,5.538649000427707e-05
2015,20,"Economics, Econometrics and Finance",2,324989,4,18,324971,1.2308790630548572e-05,6.769459889411642e-05
2015,20,"Economics, Econometrics and Finance",3,324989,1,22,324967,3.0772355346850602e-06,7.077162611657626e-05
2015,20,"Economics, Econometrics and Finance",4,324989,1,23,324966,3.077245004092736e-06,7.384865333903609e-05
2015,20,"Economics, Econometrics and Finance",5,324989,4,24,324965,1.2309017894234763e-05,8.615676222887544e-05
2015,20,"Economics, Econometrics and Finance",6,324989,0,28,324961,0.0,8.615676222887544e-05
2015,20,"Economics, Econometrics and Finance",7,324989,0,28,324961,0.0,8.615676222887544e-05
2015,20,"Economics, Econometrics and Finance",8,324989,0,28,324961,0.0,8.615676222887544e-05
2015,20,"Economics, Econometrics and Finance",9,324989,0,28,324961,0.0,8.615676222887544e-05
2015,20,"Economics, Econometrics and Finance",10,324989,0,28,324961,0.0,8.615676222887544e-05
2015,20,"Economics, Econometrics and Finance",11,324989,0,28,324961,0.0,8.615676222887544e-05
2015,21,Energy,0,56102,3,0,56102,5.347402944636555e-05,5.347402944636555e-05
2015,21,Energy,1,56102,2,3,56099,3.565125938073763e-05,8.912338241060925e-05
2015,21,Energy,2,56102,1,5,56097,1.7826265219173932e-05,0.0001069480588927311
2015,21,Energy,3,56102,2,6,56096,3.56531660011409e-05,0.0001425974118569748
2015,21,Energy,4,56102,1,8,56094,1.782721859735444e-05,0.00016042208833909663
2015,21,Energy,5,56102,2,9,56093,3.5655072825486245e-05,0.00019607144130334033
2015,21,Energy,6,56102,0,11,56091,0.0,0.00019607144130334033
2015,21,Energy,7,56102,1,11,56091,1.782817207751689e-05,0.0002138961177854622
2015,21,Energy,8,56102,0,12,56090,0.0,0.0002138961177854622
2015,21,Energy,9,56102,0,12,56090,0.0,0.0002138961177854622
2015,21,Energy,10,56102,0,12,56090,0.0,0.0002138961177854622
2015,21,Energy,11,56102,0,12,56090,0.0,0.0002138961177854622
2015,22,Engineering,0,1923007,60,0,1923007,3.1201134473249445e-05,3.1201134473249445e-05
2015,22,Engineering,1,1923007,58,60,1922947,3.0162037747270204e-05,6.136223113072391e-05
2015,22,Engineering,2,1923007,25,118,1922889,1.3001270484151712e-05,7.436270382791119e-05
2015,22,Engineering,3,1923007,25,143,1922864,1.3001439519383587e-05,8.736317652509845e-05
2015,22,Engineering,4,1923007,18,168,1922839,9.361158162487863e-06,9.672351686707329e-05
2015,22,Engineering,5,1923007,18,186,1922821,9.361245794590345e-06,0.00010608385720904812
2015,22,Engineering,6,1923007,16,204,1922803,8.321185269629806e-06,0.00011440415973524798
2015,22,Engineering,7,1923007,6,220,1922787,3.1204704421238546e-06,0.00011752427318257291
2015,22,Engineering,8,1923007,8,226,1922781,4.160640239320026e-06,0.00012168442444567285
2015,22,Engineering,9,1923007,5,234,1922773,2.600410968949533e-06,0.0001242845189851103
2015,22,Engineering,10,1923007,4,239,1922768,2.0803341848834597e-06,0.00012636459461666026
2015,22,Engineering,11,1923007,0,243,1922764,0.0,0.00012636459461666026
2015,23,Environmental Science,0,383630,20,0,383630,5.2133566196595675e-05,5.2133566196595675e-05
2015,23,Environmental Science,1,383630,18,20,383610,4.692265582231954e-05,9.905377577353179e-05
2015,23,Environmental Science,2,383630,3,38,383592,7.820809610210849e-06,0.00010687381070302114
2015,23,Environmental Science,3,383630,5,41,383589,1.303478462625362e-05,0.00011990720225217007
2015,23,Environmental Science,4,383630,7,46,383584,1.824893634771002e-05,0.00013815395042097853
2015,23,Environmental Science,5,383630,4,53,383577,1.042815392998016e-05,0.0001485806636602977
2015,23,Environmental Science,6,383630,3,57,383573,7.821197008131437e-06,0.00015640069858978705
2015,23,Environmental Science,7,383630,2,60,383570,5.2141721198216755e-06,0.0001616140552094466
2015,23,Environmental Science,8,383630,1,62,383568,2.607099653777166e-06,0.00016422073351927638
2015,23,Environmental Science,9,383630,1,63,383567,2.6071064507634912e-06,0.00016682741182910617
2015,23,Environmental Science,10,383630,0,64,383566,0.0,0.00016682741182910617
2015,23,Environmental Science,11,383630,0,64,383566,0.0,0.00016682741182910617
2015,24,Immunology and Microbiology,0,68260,8,0,68260,0.00011719894520949311,0.00011719894520949311
2015,24,Immunology and Microbiology,1,68260,13,8,68252,0.00019047060891988512,0.0003076472311749194
2015,24,Immunology and Microbiology,2,68260,4,21,68239,5.86175061182022e-05,0.000366246703779666
2015,24,Immunology and Microbiology,3,68260,1,25,68235,1.4655235582911995e-05,0.00038089657193085265
2015,24,Immunology and Microbiology,4,68260,1,26,68234,1.4655450361989624e-05,0.00039554644008203926
2015,24,Immunology and Microbiology,5,68260,2,27,68233,2.9311330294725426e-05,0.00042484617638441255
2015,24,Immunology and Microbiology,6,68260,3,29,68231,4.396828421098914e-05,0.00046879578083797245
2015,24,Immunology and Microbiology,7,68260,3,32,68228,4.3970217506009264e-05,0.0005127453852915324
2015,24,Immunology and Microbiology,8,68260,0,35,68225,0.0,0.0005127453852915324
2015,24,Immunology and Microbiology,9,68260,3,35,68225,4.3972150971051665e-05,0.0005566949897450922
2015,24,Immunology and Microbiology,10,68260,3,38,68222,4.397408460613878e-05,0.0006006445941986522
2015,24,Immunology and Microbiology,11,68260,0,41,68219,0.0,0.0006006445941986522
2015,25,Materials Science,0,274933,20,0,274933,7.274499605358397e-05,7.274499605358397e-05
2015,25,Materials Science,1,274933,13,20,274913,4.7287687377461235e-05,0.00012002924348841354
2015,25,Materials Science,2,274933,6,33,274900,2.1826118588577666e-05,0.00014185274230448872
2015,25,Materials Science,3,274933,11,39,274894,4.001542412711809e-05,0.00018186249013395992
2015,25,Materials Science,4,274933,2,50,274883,7.275822804611416e-06,0.0001891369897393183
2015,25,Materials Science,5,274933,5,52,274881,1.818968935648517e-05,0.0002073232387527143
2015,25,Materials Science,6,274933,4,57,274876,1.4552016181841995e-05,0.0002218722379634311
2015,25,Materials Science,7,274933,3,61,274872,1.0914170959573911e-05,0.00023278398737146868
2015,25,Materials Science,8,274933,14,64,274869,5.093335370667482e-05,0.00028370548460897744
2015,25,Materials Science,9,274933,6,78,274855,2.1829692019428425e-05,0.00030552898342505266
2015,25,Materials Science,10,274933,3,84,274849,1.091508428264247e-05,0.00031644073283309024
2015,25,Materials Science,11,274933,3,87,274846,1.0915203423007793e-05,0.00032735248224112783
2015,26,Mathematics,0,107168,5,0,107168,4.665571812481338e-05,4.665571812481338e-05
2015,26,Mathematics,1,107168,9,5,107163,8.398421096833795e-05,0.00013063601074947745
2015,26,Mathematics,2,107168,1,14,107154,9.332362767605502e-06,0.00013996715437444013
2015,26,Mathematics,3,107168,2,15,107153,1.866489972282624e-05,0.00015862944162436547
2015,26,Mathematics,4,107168,2,17,107151,1.8665248107810472e-05,0.00017729172887429083
2015,26,Mathematics,5,107168,10,19,107149,9.332798252900168e-05,0.0002706031651239176
2015,26,Mathematics,6,107168,1,29,107139,9.333669345429769e-06,0.00027993430874888027
2015,26,Mathematics,7,107168,1,30,107138,9.333756463626352e-06,0.00028926545237384295
2015,26,Mathematics,8,107168,0,31,107137,0.0,0.00028926545237384295
2015,26,Mathematics,9,107168,1,31,107137,9.333843583449228e-06,0.00029859659599880563
2015,26,Mathematics,10,107168,2,32,107136,1.8667861409796893e-05,0.00031725888324873094
2015,26,Mathematics,11,107168,0,34,107134,0.0,0.00031725888324873094
2015,27,Medicine,0,1356687,67,0,1356687,4.9385009217306574e-05,4.9385009217306574e-05
2015,27,Medicine,1,1356687,127,67,1356620,9.361501378425793e-05,0.0001429953998232459
2015,27,Medicine,2,1356687,52,194,1356493,3.833414547660769e-05,0.00018132406369339427
2015,27,Medicine,3,1356687,28,246,1356441,2.064225425212007e-05,0.00020196257500808957
2015,27,Medicine,4,1356687,19,274,1356413,1.4007533103855536e-05,0.00021596727911448992
2015,27,Medicine,5,1356687,30,293,1356394,2.2117467343559466e-05,0.0002380799698088063
2015,27,Medicine,6,1356687,21,323,1356364,1.5482569575718613e-05,0.0002535588532948278
2015,27,Medicine,7,1356687,28,344,1356343,2.064374571918755e-05,0.000274197364609523
2015,27,Medicine,8,1356687,28,372,1356315,2.0644171892222675e-05,0.0002948358759242183
2015,27,Medicine,9,1356687,27,400,1356287,1.9907291008466498e-05,0.0003147372975491031
2015,27,Medicine,10,1356687,28,427,1356260,2.0645009069057554e-05,0.0003353758088637984
2015,27,Medicine,11,1356687,11,455,1356232,8.110706722743601e-06,0.0003434837954517144
2015,28,Neuroscience,0,111380,4,0,111380,3.5913090321422155e-05,3.5913090321422155e-05
2015,28,Neuroscience,1,111380,4,4,111376,3.5914380117799164e-05,7.182618064284431e-05
2015,28,Neuroscience,2,111380,5,8,111372,4.489458750852997e-05,0.00011671754354462202
2015,28,Neuroscience,3,111380,1,13,111367,8.979320624601543e-06,0.00012569581612497754
2015,28,Neuroscience,4,111380,5,14,111366,4.4897006267622076e-05,0.00017058717902675526
2015,28,Neuroscience,5,111380,3,19,111361,2.6939413259579207e-05,0.00019752199676782188
2015,28,Neuroscience,6,111380,3,22,111358,2.6940139011117297e-05,0.0002244568145088885
2015,28,Neuroscience,7,111380,2,25,111355,1.7960576534506758e-05,0.00024241335966959958
2015,28,Neuroscience,8,111380,6,27,111353,5.3882697367830234e-05,0.0002962829951517328
2015,28,Neuroscience,9,111380,2,33,111347,1.7961866956451452e-05,0.0003142395403124439
2015,28,Neuroscience,10,111380,3,35,111345,2.69432843863667e-05,0.00034117435805351053
2015,28,Neuroscience,11,111380,0,38,111342,0.0,0.00034117435805351053
2015,29,Nursing,0,37930,2,0,37930,5.2728710783021356e-05,5.2728710783021356e-05
2015,29,Nursing,1,37930,5,2,37928,0.00013182872811643112,0.00018455048774057475
2015,29,Nursing,2,37930,0,7,37923,0.0,0.00018455048774057475
2015,29,Nursing,3,37930,0,7,37923,0.0,0.00018455048774057475
2015,29,Nursing,4,37930,1,7,37923,2.6369221844263375e-05,0.00021091484313208542
2015,29,Nursing,5,37930,0,8,37922,0.0,0.00021091484313208542
2015,29,Nursing,6,37930,1,8,37922,2.6369917198459995e-05,0.0002372791985235961
2015,29,Nursing,7,37930,1,9,37921,2.637061258933045e-05,0.0002636435539151068
2015,29,Nursing,8,37930,0,10,37920,0.0,0.0002636435539151068
2015,29,Nursing,9,37930,1,10,37920,2.6371308016877638e-05,0.0002900079093066175
2015,29,Nursing,10,37930,2,11,37919,5.274400696220892e-05,0.0003427366200896388
2015,29,Nursing,11,37930,0,13,37917,0.0,0.0003427366200896388
2015,30,"Pharmacology, Toxicology and Pharmaceutics",0,29379,3,0,29379,0.00010211375472276115,0.00010211375472276115
2015,30,"Pharmacology, Toxicology and Pharmaceutics",1,29379,1,3,29376,3.4041394335511986e-05,0.00013615167296368154
2015,30,"Pharmacology, Toxicology and Pharmaceutics",2,29379,1,4,29375,3.4042553191489365e-05,0.00017018959120460194
2015,30,"Pharmacology, Toxicology and Pharmaceutics",3,29379,1,5,29374,3.404371212637026e-05,0.0002042275094455223
2015,30,"Pharmacology, Toxicology and Pharmaceutics",4,29379,1,6,29373,3.4044871140162734e-05,0.0002382654276864427
2015,30,"Pharmacology, Toxicology and Pharmaceutics",5,29379,1,7,29372,3.4046030232874844e-05,0.0002723033459273631
2015,30,"Pharmacology, Toxicology and Pharmaceutics",6,29379,0,8,29371,0.0,0.0002723033459273631
2015,30,"Pharmacology, Toxicology and Pharmaceutics",7,29379,3,8,29371,0.00010214156821354398,0.00037441710065012424
2015,30,"Pharmacology, Toxicology and Pharmaceutics",8,29379,3,11,29368,0.00010215200217924271,0.0004765308553728854
2015,30,"Pharmacology, Toxicology and Pharmaceutics",9,29379,1,14,29365,3.4054146092286736e-05,0.0005105687736138058
2015,30,"Pharmacology, Toxicology and Pharmaceutics",10,29379,1,15,29364,3.4055305816646236e-05,0.0005446066918547262
2015,30,"Pharmacology, Toxicology and Pharmaceutics",11,29379,0,16,29363,0.0,0.0005446066918547262
2015,31,Physics and Astronomy,0,223595,9,0,223595,4.0251347302041636e-05,4.0251347302041636e-05
2015,31,Physics and Astronomy,1,223595,3,9,223586,1.3417655846072651e-05,5.366846306938885e-05
2015,31,Physics and Astronomy,2,223595,0,12,223583,0.0,5.366846306938885e-05
2015,31,Physics and Astronomy,3,223595,3,12,223583,1.3417835881976715e-05,6.708557883673607e-05
2015,31,Physics and Astronomy,4,223595,0,15,223580,0.0,6.708557883673607e-05
2015,31,Physics and Astronomy,5,223595,3,15,223580,1.3418015922712228e-05,8.050269460408327e-05
2015,31,Physics and Astronomy,6,223595,0,18,223577,0.0,8.050269460408327e-05
2015,31,Physics and Astronomy,7,223595,1,18,223577,4.472731989426462e-06,8.497506652653235e-05
2015,31,Physics and Astronomy,8,223595,2,19,223576,8.945503989694779e-06,9.391981037143049e-05
2015,31,Physics and Astronomy,9,223595,3,21,223574,1.3418376018678379e-05,0.0001073369261387777
2015,31,Physics and Astronomy,10,223595,0,24,223571,0.0,0.0001073369261387777
2015,31,Physics and Astronomy,11,223595,0,24,223571,0.0,0.0001073369261387777
2015,32,Psychology,0,263031,10,0,263031,3.801833243990252e-05,3.801833243990252e-05
2015,32,Psychology,1,263031,7,10,263021,2.6613844521920302e-05,6.463116514783429e-05
2015,32,Psychology,2,263031,6,17,263014,2.2812473860707036e-05,8.74421646117758e-05
2015,32,Psychology,3,263031,2,23,263008,7.604331427180922e-06,9.50458310997563e-05
2015,32,Psychology,4,263031,2,25,263006,7.604389253477107e-06,0.0001026494975877368
2015,32,Psychology,5,263031,0,27,263004,0.0,0.0001026494975877368
2015,32,Psychology,6,263031,1,27,263004,3.802223540326383e-06,0.00010645133083172706
2015,32,Psychology,7,263031,1,28,263003,3.8022379972852022e-06,0.00011025316407571732
2015,32,Psychology,8,263031,3,29,263002,1.1406757363061879e-05,0.00012165866380768806
2015,32,Psychology,9,263031,1,32,262999,3.8022958262198714e-06,0.0001254604970516783
2015,32,Psychology,10,263031,0,33,262998,0.0,0.0001254604970516783
2015,32,Psychology,11,263031,0,33,262998,0.0,0.0001254604970516783
2015,33,Social Sciences,0,1618419,17,0,1618419,1.0504078362896135e-05,1.0504078362896135e-05
2015,33,Social Sciences,1,1618419,11,17,1618402,6.796827982170066e-06,1.7300834950652458e-05
2015,33,Social Sciences,2,1618419,8,28,1618391,4.943181221348858e-06,2.2243930650838874e-05
2015,33,Social Sciences,3,1618419,7,36,1618383,4.325304949446453e-06,2.6569139388501988e-05
2015,33,Social Sciences,4,1618419,13,43,1618376,8.032743935896232e-06,3.4601669901304916e-05
2015,33,Social Sciences,5,1618419,4,56,1618363,2.4716333727352887e-06,3.7073217751398126e-05
2015,33,Social Sciences,6,1618419,0,60,1618359,0.0,3.7073217751398126e-05
2015,33,Social Sciences,7,1618419,0,60,1618359,0.0,3.7073217751398126e-05
2015,33,Social Sciences,8,1618419,0,60,1618359,0.0,3.7073217751398126e-05
2015,33,Social Sciences,9,1618419,0,60,1618359,0.0,3.7073217751398126e-05
2015,33,Social Sciences,10,1618419,0,60,1618359,0.0,3.7073217751398126e-05
2015,33,Social Sciences,11,1618419,0,60,1618359,0.0,3.7073217751398126e-05
2015,34,Veterinary,0,12522,0,0,12522,0.0,0.0
2015,34,Veterinary,1,12522,0,0,12522,0.0,0.0
2015,34,Veterinary,2,12522,0,0,12522,0.0,0.0
2015,34,Veterinary,3,12522,0,0,12522,0.0,0.0
2015,34,Veterinary,4,12522,0,0,12522,0.0,0.0
2015,34,Veterinary,5,12522,0,0,12522,0.0,0.0
2015,34,Veterinary,6,12522,0,0,12522,0.0,0.0
2015,34,Veterinary,7,12522,0,0,12522,0.0,0.0
2015,34,Veterinary,8,12522,0,0,12522,0.0,0.0
2015,34,Veterinary,9,12522,0,0,12522,0.0,0.0
2015,34,Veterinary,10,12522,0,0,12522,0.0,0.0
2015,34,Veterinary,11,12522,1,0,12522,7.985944737262418e-05,7.985944737262418e-05
2015,35,Dentistry,0,31606,1,0,31606,3.163956210846042e-05,3.163956210846042e-05
2015,35,Dentistry,1,31606,1,1,31605,3.1640563202025e-05,6.327912421692084e-05
2015,35,Dentistry,2,31606,0,2,31604,0.0,6.327912421692084e-05
2015,35,Dentistry,3,31606,1,2,31604,3.164156435894191e-05,9.491868632538125e-05
2015,35,Dentistry,4,31606,0,3,31603,0.0,9.491868632538125e-05
2015,35,Dentistry,5,31606,0,3,31603,0.0,9.491868632538125e-05
2015,35,Dentistry,6,31606,0,3,31603,0.0,9.491868632538125e-05
2015,35,Dentistry,7,31606,0,3,31603,0.0,9.491868632538125e-05
2015,35,Dentistry,8,31606,0,3,31603,0.0,9.491868632538125e-05
2015,35,Dentistry,9,31606,0,3,31603,0.0,9.491868632538125e-05
2015,35,Dentistry,10,31606,0,3,31603,0.0,9.491868632538125e-05
2015,35,Dentistry,11,31606,0,3,31603,0.0,9.491868632538125e-05
2015,36,Health Professions,0,250710,5,0,250710,1.9943360855171314e-05,1.9943360855171314e-05
2015,36,Health Professions,1,250710,2,5,250705,7.977503440298359e-06,2.792070519723984e-05
2015,36,Health Professions,2,250710,0,7,250703,0.0,2.792070519723984e-05
2015,36,Health Professions,3,250710,2,7,250703,7.977567081367196e-06,3.5898049539308366e-05
2015,36,Health Professions,4,250710,0,9,250701,0.0,3.5898049539308366e-05
2015,36,Health Professions,5,250710,3,9,250701,1.1966446085177163e-05,4.7864066052411155e-05
2015,36,Health Professions,6,250710,0,12,250698,0.0,4.7864066052411155e-05
2015,36,Health Professions,7,250710,0,12,250698,0.0,4.7864066052411155e-05
2015,36,Health Professions,8,250710,0,12,250698,0.0,4.7864066052411155e-05
2015,36,Health Professions,9,250710,0,12,250698,0.0,4.7864066052411155e-05
2015,36,Health Professions,10,250710,0,12,250698,0.0,4.7864066052411155e-05
2015,36,Health Professions,11,250710,0,12,250698,0.0,4.7864066052411155e-05
2016,11,Agricultural and Biological Sciences,0,408096,17,0,408096,4.165686505136046e-05,4.165686505136046e-05
2016,11,Agricultural and Biological Sciences,1,408096,17,17,408079,4.165860041805631e-05,8.331373010272092e-05
2016,11,Agricultural and Biological Sciences,2,408096,9,34,408062,2.205547196259392e-05,0.00010536736454167646
2016,11,Agricultural and Biological Sciences,3,408096,6,43,408053,1.4703972278110932e-05,0.00012006978750098016
2016,11,Agricultural and Biological Sciences,4,408096,6,49,408047,1.4704188488090833e-05,0.00013477221046028385
2016,11,Agricultural and Biological Sciences,5,408096,4,55,408041,9.802936469619475e-06,0.0001445738257664863
2016,11,Agricultural and Biological Sciences,6,408096,3,59,408037,7.352274426093712e-06,0.00015192503724613816
2016,11,Agricultural and Biological Sciences,7,408096,3,62,408034,7.3523284824303856e-06,0.00015927624872579002
2016,11,Agricultural and Biological Sciences,8,408096,5,65,408031,1.2253970899269909e-05,0.0001715282678585431
2016,11,Agricultural and Biological Sciences,9,408096,1,70,408026,2.450824212182557e-06,0.0001739786716850937
2016,11,Agricultural and Biological Sciences,10,408096,1,71,408025,2.450830218736597e-06,0.00017642907551164433
2016,12,Arts and Humanities,0,714483,3,0,714483,4.198840280314577e-06,4.198840280314577e-06
2016,12,Arts and Humanities,1,714483,3,3,714480,4.1988579106483035e-06,8.397680560629154e-06
2016,12,Arts and Humanities,2,714483,5,6,714477,6.9981259018834755e-06,1.5395747694486783e-05
2016,12,Arts and Humanities,3,714483,1,11,714472,1.3996349751984683e-06,1.6795361121258308e-05
2016,12,Arts and Humanities,4,714483,14,12,714471,1.9594917078509835e-05,3.638994909605967e-05
2016,12,Arts and Humanities,5,714483,1,26,714457,1.3996643604863553e-06,3.778956252283119e-05
2016,12,Arts and Humanities,6,714483,0,27,714456,0.0,3.778956252283119e-05
2016,12,Arts and Humanities,7,714483,0,27,714456,0.0,3.778956252283119e-05
2016,12,Arts and Humanities,8,714483,1,27,714456,1.3996663195494195e-06,3.918917594960272e-05
2016,12,Arts and Humanities,9,714483,0,28,714455,0.0,3.918917594960272e-05
2016,12,Arts and Humanities,10,714483,0,28,714455,0.0,3.918917594960272e-05
2016,13,"Biochemistry, Genetics and Molecular Biology",0,408758,54,0,408758,0.00013210750615278477,0.00013210750615278477
2016,13,"Biochemistry, Genetics and Molecular Biology",1,408758,44,54,408704,0.00010765737550892577,0.0002397506593143131
2016,13,"Biochemistry, Genetics and Molecular Biology",2,408758,28,98,408660,6.851661527920521e-05,0.00030825084768983113
2016,13,"Biochemistry, Genetics and Molecular Biology",3,408758,32,126,408632,7.83100687170853e-05,0.00038653677726185176
2016,13,"Biochemistry, Genetics and Molecular Biology",4,408758,23,158,408600,5.6289769946157614e-05,0.0004428047891417416
2016,13,"Biochemistry, Genetics and Molecular Biology",5,408758,44,181,408577,0.00010769083918086432,0.0005504479423032699
2016,13,"Biochemistry, Genetics and Molecular Biology",6,408758,23,225,408533,5.6299001549446434e-05,0.0006067159541831598
2016,13,"Biochemistry, Genetics and Molecular Biology",7,408758,36,248,408510,8.812513769552766e-05,0.000694787624951683
2016,13,"Biochemistry, Genetics and Molecular Biology",8,408758,40,284,408474,9.792544935540573e-05,0.0007926450369167086
2016,13,"Biochemistry, Genetics and Molecular Biology",9,408758,39,324,408434,9.548666369597047e-05,0.0008880560135826088
2016,13,"Biochemistry, Genetics and Molecular Biology",10,408758,14,363,408395,3.428053722499051e-05,0.0009223061077703678
2016,14,"Business, Management and Accounting",0,328978,7,0,328978,2.1278018590908813e-05,2.1278018590908813e-05
2016,14,"Business, Management and Accounting",1,328978,2,7,328971,6.079563244176538e-06,2.735745247402562e-05
2016,14,"Business, Management and Accounting",2,328978,6,9,328969,1.8238800616471462e-05,4.559575412337603e-05
2016,14,"Business, Management and Accounting",3,328978,2,15,328963,6.079711092128902e-06,5.1675188006492836e-05
2016,14,"Business, Management and Accounting",4,328978,3,17,328961,9.119622082860886e-06,6.079433883116804e-05
2016,14,"Business, Management and Accounting",5,328978,1,20,328958,3.039901750375428e-06,6.383405577272644e-05
2016,14,"Business, Management and Accounting",6,328978,1,21,328957,3.0399109914061714e-06,6.687377271428485e-05
2016,14,"Business, Management and Accounting",7,328978,0,22,328956,0.0,6.687377271428485e-05
2016,14,"Business, Management and Accounting",8,328978,0,22,328956,0.0,6.687377271428485e-05
2016,14,"Business, Management and Accounting",9,328978,0,22,328956,0.0,6.687377271428485e-05
2016,14,"Business, Management and Accounting",10,328978,0,22,328956,0.0,6.687377271428485e-05
2016,15,Chemical Engineering,0,25112,3,0,25112,0.00011946479770627588,0.00011946479770627588
2016,15,Chemical Engineering,1,25112,2,3,25109,7.965271416623521e-05,0.00019910799617712648
2016,15,Chemical Engineering,2,25112,1,5,25107,3.982952961325527e-05,0.00023892959541255176
2016,15,Chemical Engineering,3,25112,1,6,25106,3.9831116067872224e-05,0.0002787511946479771
2016,15,Chemical Engineering,4,25112,0,7,25105,0.0,0.0002787511946479771
2016,15,Chemical Engineering,5,25112,1,7,25105,3.983270264887473e-05,0.00031857279388340236
2016,15,Chemical Engineering,6,25112,1,8,25104,3.983428935627788e-05,0.00035839439311882764
2016,15,Chemical Engineering,7,25112,0,9,25103,0.0,0.00035839439311882764
2016,15,Chemical Engineering,8,25112,0,9,25103,0.0,0.00035839439311882764
2016,15,Chemical Engineering,9,25112,0,9,25103,0.0,0.00035839439311882764
2016,15,Chemical Engineering,10,25112,0,9,25103,0.0,0.00035839439311882764
2016,16,Chemistry,0,135476,7,0,135476,5.1669668428356315e-05,5.1669668428356315e-05
2016,16,Chemistry,1,135476,5,7,135469,3.6908813086388765e-05,8.857657444861082e-05
2016,16,Chemistry,2,135476,4,12,135464,2.952814031772279e-05,0.00011810209926481443
2016,16,Chemistry,3,135476,1,16,135460,7.3822530636350216e-06,0.00012548348046886534
2016,16,Chemistry,4,135476,9,17,135459,6.644076805527871e-05,0.00019191591130532346
2016,16,Chemistry,5,135476,3,26,135450,2.21483942414175e-05,0.00021406005491747616
2016,16,Chemistry,6,135476,1,29,135447,7.382961601216712e-06,0.00022144143612152706
2016,16,Chemistry,7,135476,2,30,135446,1.4766032219482303e-05,0.00023620419852962886
2016,16,Chemistry,8,135476,1,32,135444,7.383125129204689e-06,0.00024358557973367976
2016,16,Chemistry,9,135476,0,33,135443,0.0,0.00024358557973367976
2016,16,Chemistry,10,135476,0,33,135443,0.0,0.00024358557973367976
2016,17,Computer Science,0,566651,12,0,566651,2.1177056071550212e-05,2.1177056071550212e-05
2016,17,Computer Science,1,566651,14,12,566639,2.470708864021008e-05,4.58836214883588e-05
2016,17,Computer Science,2,566651,4,26,566625,7.059342598720494e-06,5.2942640178875537e-05
2016,17,Computer Science,3,566651,7,30,566621,1.2353936758432885e-05,6.529592288727983e-05
2016,17,Computer Science,4,566651,13,37,566614,2.2943308848704763e-05,8.823773363145923e-05
2016,17,Computer Science,5,566651,3,50,566601,5.2947312129699735e-06,9.353199764934677e-05
2016,17,Computer Science,6,566651,0,53,566598,0.0,9.353199764934677e-05
2016,17,Computer Science,7,566651,1,53,566598,1.7649197490990084e-06,9.529675232197596e-05
2016,17,Computer Science,8,566651,0,54,566597,0.0,9.529675232197596e-05
2016,17,Computer Science,9,566651,1,54,566597,1.7649228640462268e-06,9.706150699460515e-05
2016,17,Computer Science,10,566651,1,55,566596,1.7649259790044405e-06,9.882626166723433e-05
2016,18,Decision Sciences,0,100436,3,0,100436,2.9869767812338206e-05,2.9869767812338206e-05
2016,18,Decision Sciences,1,100436,2,3,100433,1.9913773361345375e-05,4.9782946353897006e-05
2016,18,Decision Sciences,2,100436,1,5,100431,9.957084963805996e-06,5.973953562467641e-05
2016,18,Decision Sciences,3,100436,1,6,100430,9.957184108334163e-06,6.969612489545581e-05
2016,18,Decision Sciences,4,100436,1,7,100429,9.95728325483675e-06,7.965271416623521e-05
2016,18,Decision Sciences,5,100436,1,8,100428,9.957382403313818e-06,8.960930343701461e-05
2016,18,Decision Sciences,6,100436,0,9,100427,0.0,8.960930343701461e-05
2016,18,Decision Sciences,7,100436,0,9,100427,0.0,8.960930343701461e-05
2016,18,Decision Sciences,8,100436,0,9,100427,0.0,8.960930343701461e-05
2016,18,Decision Sciences,9,100436,5,9,100427,4.978740776882711e-05,0.00013939224979091162
2016,18,Decision Sciences,10,100436,1,14,100422,9.957977335643584e-06,0.00014934883906169102
2016,19,Earth and Planetary Sciences,0,142858,10,0,142858,6.999958000251999e-05,6.999958000251999e-05
2016,19,Earth and Planetary Sciences,1,142858,7,10,142848,4.900313620071685e-05,0.00011899928600428398
2016,19,Earth and Planetary Sciences,2,142858,2,17,142841,1.4001582178786203e-05,0.00013299920200478797
2016,19,Earth and Planetary Sciences,3,142858,2,19,142839,1.4001778225834681e-05,0.00014699911800529196
2016,19,Earth and Planetary Sciences,4,142858,1,21,142837,7.0009871391866255e-06,0.00015399907600554397
2016,19,Earth and Planetary Sciences,5,142858,0,22,142836,0.0,0.00015399907600554397
2016,19,Earth and Planetary Sciences,6,142858,0,22,142836,0.0,0.00015399907600554397
2016,19,Earth and Planetary Sciences,7,142858,0,22,142836,0.0,0.00015399907600554397
2016,19,Earth and Planetary Sciences,8,142858,0,22,142836,0.0,0.00015399907600554397
2016,19,Earth and Planetary Sciences,9,142858,0,22,142836,0.0,0.00015399907600554397
2016,19,Earth and Planetary Sciences,10,142858,0,22,142836,0.0,0.00015399907600554397
2016,20,"Economics, Econometrics and Finance",0,371014,2,0,371014,5.390632159433337e-06,5.390632159433337e-06
2016,20,"Economics, Econometrics and Finance",1,371014,7,2,371012,1.8867314264767717e-05,2.4257844717450015e-05
2016,20,"Economics, Econometrics and Finance",2,371014,4,9,371005,1.0781525855446692e-05,3.5039109036316686e-05
2016,20,"Economics, Econometrics and Finance",3,371014,5,13,371001,1.347705262249967e-05,4.851568943490003e-05
2016,20,"Economics, Econometrics and Finance",4,371014,5,18,370996,1.3477234255894942e-05,6.199226983348337e-05
2016,20,"Economics, Econometrics and Finance",5,371014,0,23,370991,0.0,6.199226983348337e-05
2016,20,"Economics, Econometrics and Finance",6,371014,1,23,370991,2.6954831788372226e-06,6.468758591320004e-05
2016,20,"Economics, Econometrics and Finance",7,371014,0,24,370990,0.0,6.468758591320004e-05
2016,20,"Economics, Econometrics and Finance",8,371014,0,24,370990,0.0,6.468758591320004e-05
2016,20,"Economics, Econometrics and Finance",9,371014,0,24,370990,0.0,6.468758591320004e-05
2016,20,"Economics, Econometrics and Finance",10,371014,0,24,370990,0.0,6.468758591320004e-05
2016,21,Energy,0,57622,2,0,57622,3.470896532574364e-05,3.470896532574364e-05
2016,21,Energy,1,57622,2,2,57620,3.4710170079833394e-05,6.941793065148727e-05
2016,21,Energy,2,57622,1,4,57618,1.7355687458780242e-05,8.67724133143591e-05
2016,21,Energy,3,57622,2,5,57617,3.471197736779076e-05,0.00012148137864010274
2016,21,Energy,4,57622,1,7,57615,1.7356591165495098e-05,0.00013883586130297455
2016,21,Energy,5,57622,4,8,57614,6.942756968792307e-05,0.00020825379195446185
2016,21,Energy,6,57622,0,12,57610,0.0,0.00020825379195446185
2016,21,Energy,7,57622,0,12,57610,0.0,0.00020825379195446185
2016,21,Energy,8,57622,1,12,57610,1.7358097552508245e-05,0.00022560827461733365
2016,21,Energy,9,57622,0,13,57609,0.0,0.00022560827461733365
2016,21,Energy,10,57622,0,13,57609,0.0,0.00022560827461733365
2016,22,Engineering,0,1984130,42,0,1984130,2.1167967824688907e-05,2.1167967824688907e-05
2016,22,Engineering,1,1984130,30,42,1984088,1.5120297083597099e-05,3.628794484232384e-05
2016,22,Engineering,2,1984130,43,72,1984058,2.1672753518294326e-05,5.795991190093391e-05
2016,22,Engineering,3,1984130,26,115,1984015,1.3104739631504802e-05,7.106389198288418e-05
2016,22,Engineering,4,1984130,19,141,1983989,9.57666599966028e-06,8.063987742738631e-05
2016,22,Engineering,5,1984130,9,160,1983970,4.536358916717491e-06,8.517587053267678e-05
2016,22,Engineering,6,1984130,4,169,1983961,2.016168664605806e-06,8.719186746836145e-05
2016,22,Engineering,7,1984130,2,173,1983957,1.008086364775043e-06,8.819986593620378e-05
2016,22,Engineering,8,1984130,8,175,1983955,4.032349524056745e-06,9.22318598075731e-05
2016,22,Engineering,9,1984130,2,183,1983947,1.0080914459912487e-06,9.323985827541543e-05
2016,22,Engineering,10,1984130,0,185,1983945,0.0,9.323985827541543e-05
2016,23,Environmental Science,0,406802,14,0,406802,3.4414776721845024e-05,3.4414776721845024e-05
2016,23,Environmental Science,1,406802,10,14,406788,2.4582829385330935e-05,5.899676009459147e-05
2016,23,Environmental Science,2,406802,4,24,406778,9.833373486275068e-06,6.882955344369005e-05
2016,23,Environmental Science,3,406802,4,28,406774,9.83347018246004e-06,7.866234679278863e-05
2016,23,Environmental Science,4,406802,3,32,406770,7.3751751604100595e-06,8.603694180461257e-05
2016,23,Environmental Science,5,406802,1,35,406767,2.458409851339956e-06,8.84951401418872e-05
2016,23,Environmental Science,6,406802,2,36,406766,4.916831790267623e-06,9.34115368164365e-05
2016,23,Environmental Science,7,406802,2,38,406764,4.916855965621343e-06,9.832793349098579e-05
2016,23,Environmental Science,8,406802,1,40,406762,2.458440070606399e-06,0.00010078613182826043
2016,23,Environmental Science,9,406802,1,41,406761,2.458446114548838e-06,0.00010324433016553508
2016,23,Environmental Science,10,406802,1,42,406760,2.4584521585209953e-06,0.00010570252850280972
2016,24,Immunology and Microbiology,0,70707,4,0,70707,5.6571485142913714e-05,5.6571485142913714e-05
2016,24,Immunology and Microbiology,1,70707,7,4,70703,9.900569989957993e-05,0.0001555715841430127
2016,24,Immunology and Microbiology,2,70707,3,11,70696,4.24352155708951e-05,0.000198000198000198
2016,24,Immunology and Microbiology,3,70707,3,14,70693,4.2437016394834e-05,0.0002404288118573833
2016,24,Immunology and Microbiology,4,70707,3,17,70690,4.243881737162258e-05,0.0002828574257145686
2016,24,Immunology and Microbiology,5,70707,2,20,70687,2.8293745667520194e-05,0.0003111431682860254
2016,24,Immunology and Microbiology,6,70707,2,22,70685,2.8294546226214898e-05,0.0003394289108574823
2016,24,Immunology and Microbiology,7,70707,9,24,70683,0.00012732906073596197,0.00046671475242903815
2016,24,Immunology and Microbiology,8,70707,4,33,70674,5.659790021790192e-05,0.0005232862375719519
2016,24,Immunology and Microbiology,9,70707,3,37,70670,4.245082779114193e-05,0.0005657148514291372
2016,24,Immunology and Microbiology,10,70707,1,40,70667,1.415087664680827e-05,0.0005798577227148655
2016,25,Materials Science,0,275461,19,0,275461,6.897528143729965e-05,6.897528143729965e-05
2016,25,Materials Science,1,275461,21,19,275442,7.624109612913063e-05,0.0001452111188153677
2016,25,Materials Science,2,275461,14,40,275421,5.083127285138025e-05,0.00019603501040074637
2016,25,Materials Science,3,275461,12,54,275407,4.3571877258021766e-05,0.0002395983460453567
2016,25,Materials Science,4,275461,9,66,275395,3.268033188692605e-05,0.0002722708477788144
2016,25,Materials Science,5,275461,6,75,275386,2.1787599950614772e-05,0.0002940525156011196
2016,25,Materials Science,6,275461,8,81,275380,2.9050766213958893e-05,0.00032309473936419314
2016,25,Materials Science,7,275461,6,89,275372,2.1788707639120897e-05,0.00034487640718649826
2016,25,Materials Science,8,275461,4,95,275366,1.4526121598163899e-05,0.00035939751906803504
2016,25,Materials Science,9,275461,4,99,275362,1.4526332609437759e-05,0.0003739186309495718
2016,25,Materials Science,10,275461,2,103,275358,7.263271813421073e-06,0.0003811791868903402
2016,26,Mathematics,0,112862,0,0,112862,0.0,0.0
2016,26,Mathematics,1,112862,5,0,112862,4.4301890804699544e-05,4.4301890804699544e-05
2016,26,Mathematics,2,112862,2,5,112857,1.7721541419672684e-05,6.202264712657936e-05
2016,26,Mathematics,3,112862,1,7,112855,8.860927739134288e-06,7.088302528751928e-05
2016,26,Mathematics,4,112862,5,8,112854,4.4305031279352084e-05,0.00011518491609221882
2016,26,Mathematics,5,112862,2,13,112849,1.7722797720848214e-05,0.00013290567241409863
2016,26,Mathematics,6,112862,1,15,112847,8.861555911987027e-06,0.00014176605057503855
2016,26,Mathematics,7,112862,0,16,112846,0.0,0.00014176605057503855
2016,26,Mathematics,8,112862,0,16,112846,0.0,0.00014176605057503855
2016,26,Mathematics,9,112862,0,16,112846,0.0,0.00014176605057503855
2016,26,Mathematics,10,112862,0,16,112846,0.0,0.00014176605057503855
2016,27,Medicine,0,1364854,110,0,1364854,8.059470097167903e-05,8.059470097167903e-05
2016,27,Medicine,1,1364854,63,110,1364744,4.6162503736964586e-05,0.00012675348425545882
2016,27,Medicine,2,1364854,31,173,1364681,2.2715931415473654e-05,0.00014946653634747745
2016,27,Medicine,3,1364854,26,204,1364650,1.9052504305133186e-05,0.0001685161929407834
2016,27,Medicine,4,1364854,39,230,1364624,2.8579300964954448e-05,0.00019709067783074233
2016,27,Medicine,5,1364854,26,269,1364585,1.905341184316111e-05,0.0002161403344240483
2016,27,Medicine,6,1364854,56,295,1364559,4.103889974709778e-05,0.00025717036400963036
2016,27,Medicine,7,1364854,32,351,1364503,2.345176229000596e-05,0.0002806160952013915
2016,27,Medicine,8,1364854,26,383,1364471,1.9055003734047847e-05,0.00029966575179469747
2016,27,Medicine,9,1364854,29,409,1364445,2.1254063007303337e-05,0.000320913445687231
2016,27,Medicine,10,1364854,12,438,1364416,8.794971621558234e-06,0.0003297055948841415
2016,28,Neuroscience,0,110849,8,0,110849,7.217024961885087e-05,7.217024961885087e-05
2016,28,Neuroscience,1,110849,12,8,110841,0.00010826318780956505,0.00018042562404712716
2016,28,Neuroscience,2,110849,5,20,110829,4.511454583186711e-05,0.00022553203005890897
2016,28,Neuroscience,3,110849,2,25,110824,1.8046632498375804e-05,0.00024357459246362168
2016,28,Neuroscience,4,110849,2,27,110822,1.8046958185197886e-05,0.0002616171548683344
2016,28,Neuroscience,5,110849,2,29,110820,1.804728388377549e-05,0.00027965971727304714
2016,28,Neuroscience,6,110849,1,31,110818,9.02380479705463e-06,0.00028868099847540347
2016,28,Neuroscience,7,110849,2,32,110817,1.8047772453684904e-05,0.0003067235608801162
2016,28,Neuroscience,8,110849,3,34,110815,2.707214727248116e-05,0.0003337874044871853
2016,28,Neuroscience,9,110849,1,37,110812,9.02429339782695e-06,0.0003428086856895416
2016,28,Neuroscience,10,110849,2,38,110811,1.804874967286641e-05,0.0003608512480942543
2016,29,Nursing,0,38063,0,0,38063,0.0,0.0
2016,29,Nursing,1,38063,5,0,38063,0.00013136116438536112,0.00013136116438536112
2016,29,Nursing,2,38063,0,5,38058,0.0,0.00013136116438536112
2016,29,Nursing,3,38063,0,5,38058,0.0,0.00013136116438536112
2016,29,Nursing,4,38063,0,5,38058,0.0,0.00013136116438536112
2016,29,Nursing,5,38063,0,5,38058,0.0,0.00013136116438536112
2016,29,Nursing,6,38063,0,5,38058,0.0,0.00013136116438536112
2016,29,Nursing,7,38063,2,5,38058,5.255136896316149e-05,0.00018390563013950557
2016,29,Nursing,8,38063,0,7,38056,0.0,0.00018390563013950557
2016,29,Nursing,9,38063,2,7,38056,5.255413075467732e-05,0.00023645009589365
2016,29,Nursing,10,38063,0,9,38054,0.0,0.00023645009589365
2016,30,"Pharmacology, Toxicology and Pharmaceutics",0,29483,2,0,29483,6.783570192992571e-05,6.783570192992571e-05
2016,30,"Pharmacology, Toxicology and Pharmaceutics",1,29483,1,2,29481,3.392015196228079e-05,0.00010175355289488858
2016,30,"Pharmacology, Toxicology and Pharmaceutics",2,29483,3,3,29480,0.00010176390773405698,0.00020350710578977715
2016,30,"Pharmacology, Toxicology and Pharmaceutics",3,29483,2,6,29477,6.784950978729179e-05,0.00027134280771970285
2016,30,"Pharmacology, Toxicology and Pharmaceutics",4,29483,0,8,29475,0.0,0.00027134280771970285
2016,30,"Pharmacology, Toxicology and Pharmaceutics",5,29483,1,8,29475,3.392705682782019e-05,0.00030526065868466574
2016,30,"Pharmacology, Toxicology and Pharmaceutics",6,29483,0,9,29474,0.0,0.00030526065868466574
2016,30,"Pharmacology, Toxicology and Pharmaceutics",7,29483,1,9,29474,3.3928207912058085e-05,0.0003391785096496286
2016,30,"Pharmacology, Toxicology and Pharmaceutics",8,29483,1,10,29473,3.392935907440708e-05,0.00037309636061459147
2016,30,"Pharmacology, Toxicology and Pharmaceutics",9,29483,1,11,29472,3.393051031487514e-05,0.0004070142115795543
2016,30,"Pharmacology, Toxicology and Pharmaceutics",10,29483,1,12,29471,3.393166163347019e-05,0.0004409320625445172
2016,31,Physics and Astronomy,0,230401,7,0,230401,3.0381812578938458e-05,3.0381812578938458e-05
2016,31,Physics and Astronomy,1,230401,8,7,230394,3.4723126470307384e-05,6.510388409772528e-05
2016,31,Physics and Astronomy,2,230401,9,15,230386,3.906487373364701e-05,0.00010416621455636044
2016,31,Physics and Astronomy,3,230401,8,24,230377,3.4725688762333047e-05,0.00013888828607514726
2016,31,Physics and Astronomy,4,230401,4,32,230369,1.7363447338834652e-05,0.00015624932183454064
2016,31,Physics and Astronomy,5,230401,0,36,230365,0.0,0.00015624932183454064
2016,31,Physics and Astronomy,6,230401,1,36,230365,4.340937208343281e-06,0.000160589580774389
2016,31,Physics and Astronomy,7,230401,5,37,230364,2.170478026080464e-05,0.00018229087547363076
2016,31,Physics and Astronomy,8,230401,1,42,230359,4.34105027370322e-06,0.0001866311344134791
2016,31,Physics and Astronomy,9,230401,0,43,230358,0.0,0.0001866311344134791
2016,31,Physics and Astronomy,10,230401,0,43,230358,0.0,0.0001866311344134791
2016,32,Psychology,0,268992,2,0,268992,7.435165358077564e-06,7.435165358077564e-06
2016,32,Psychology,1,268992,5,2,268990,1.8588051600431243e-05,2.6023078753271473e-05
2016,32,Psychology,2,268992,4,7,268985,1.48707176980129e-05,4.08934094694266e-05
2016,32,Psychology,3,268992,2,11,268981,7.435469419773144e-06,4.832857482750416e-05
2016,32,Psychology,4,268992,0,13,268979,0.0,4.832857482750416e-05
2016,32,Psychology,5,268992,1,13,268979,3.717762353194859e-06,5.204615750654295e-05
2016,32,Psychology,6,268992,0,14,268978,0.0,5.204615750654295e-05
2016,32,Psychology,7,268992,0,14,268978,0.0,5.204615750654295e-05
2016,32,Psychology,8,268992,1,14,268978,3.71777617500316e-06,5.5763740185581726e-05
2016,32,Psychology,9,268992,1,15,268977,3.7177899969142344e-06,5.948132286462051e-05
2016,32,Psychology,10,268992,0,16,268976,0.0,5.948132286462051e-05
2016,33,Social Sciences,0,1744345,14,0,1744345,8.025935236435452e-06,8.025935236435452e-06
2016,33,Social Sciences,1,1744345,28,14,1744331,1.6051999305177743e-05,2.4077805709306358e-05
2016,33,Social Sciences,2,1744345,9,42,1744303,5.159654027998576e-06,2.923733550415772e-05
2016,33,Social Sciences,3,1744345,14,51,1744294,8.02616990025764e-06,3.726327074059317e-05
2016,33,Social Sciences,4,1744345,9,65,1744280,5.159722062971541e-06,4.2422800535444535e-05
2016,33,Social Sciences,5,1744345,1,74,1744271,5.733054095378528e-07,4.299608162376135e-05
2016,33,Social Sciences,6,1744345,2,75,1744270,1.1466114764342677e-06,4.414264380039499e-05
2016,33,Social Sciences,7,1744345,1,77,1744268,5.733063955768265e-07,4.471592488871181e-05
2016,33,Social Sciences,8,1744345,0,78,1744267,0.0,4.471592488871181e-05
2016,33,Social Sciences,9,1744345,1,78,1744267,5.733067242572381e-07,4.5289205977028625e-05
2016,33,Social Sciences,10,1744345,0,79,1744266,0.0,4.5289205977028625e-05
2016,34,Veterinary,0,12102,1,0,12102,8.263097008758883e-05,8.263097008758883e-05
2016,34,Veterinary,1,12102,1,1,12101,8.263779852904718e-05,0.00016526194017517766
2016,34,Veterinary,2,12102,0,2,12100,0.0,0.00016526194017517766
2016,34,Veterinary,3,12102,0,2,12100,0.0,0.00016526194017517766
2016,34,Veterinary,4,12102,0,2,12100,0.0,0.00016526194017517766
2016,34,Veterinary,5,12102,0,2,12100,0.0,0.00016526194017517766
2016,34,Veterinary,6,12102,0,2,12100,0.0,0.00016526194017517766
2016,34,Veterinary,7,12102,0,2,12100,0.0,0.00016526194017517766
2016,34,Veterinary,8,12102,0,2,12100,0.0,0.00016526194017517766
2016,34,Veterinary,9,12102,0,2,12100,0.0,0.00016526194017517766
2016,34,Veterinary,10,12102,0,2,12100,0.0,0.00016526194017517766
2016,35,Dentistry,0,31488,9,0,31488,0.0002858231707317073,0.0002858231707317073
2016,35,Dentistry,1,31488,2,9,31479,6.353441977191144e-05,0.00034933943089430895
2016,35,Dentistry,2,31488,4,11,31477,0.0001270769133017759,0.0004763719512195122
2016,35,Dentistry,3,31488,0,15,31473,0.0,0.0004763719512195122
2016,35,Dentistry,4,31488,1,15,31473,3.177326597400947e-05,0.0005081300813008131
2016,35,Dentistry,5,31488,0,16,31472,0.0,0.0005081300813008131
2016,35,Dentistry,6,31488,0,16,31472,0.0,0.0005081300813008131
2016,35,Dentistry,7,31488,0,16,31472,0.0,0.0005081300813008131
2016,35,Dentistry,8,31488,1,16,31472,3.177427554651754e-05,0.0005398882113821138
2016,35,Dentistry,9,31488,0,17,31471,0.0,0.0005398882113821138
2016,35,Dentistry,10,31488,0,17,31471,0.0,0.0005398882113821138
2016,36,Health Professions,0,256801,5,0,256801,1.947032916538487e-05,1.947032916538487e-05
2016,36,Health Professions,1,256801,5,5,256796,1.9470708266483902e-05,3.894065833076974e-05
2016,36,Health Professions,2,256801,3,10,256791,1.1682652429407572e-05,5.062285583000066e-05
2016,36,Health Professions,3,256801,1,13,256788,3.894262971789959e-06,5.4516921663077636e-05
2016,36,Health Professions,4,256801,1,14,256787,3.89427813713311e-06,5.841098749615461e-05
2016,36,Health Professions,5,256801,1,15,256786,3.894293302594378e-06,6.230505332923158e-05
2016,36,Health Professions,6,256801,2,16,256785,7.788616936347527e-06,7.009318499538553e-05
2016,36,Health Professions,7,256801,0,18,256783,0.0,7.009318499538553e-05
2016,36,Health Professions,8,256801,0,18,256783,0.0,7.009318499538553e-05
2016,36,Health Professions,9,256801,0,18,256783,0.0,7.009318499538553e-05
2016,36,Health Professions,10,256801,0,18,256783,0.0,7.009318499538553e-05
2017,11,Agricultural and Biological Sciences,0,409485,14,0,409485,3.4189286542852604e-05,3.4189286542852604e-05
2017,11,Agricultural and Biological Sciences,1,409485,9,14,409471,2.1979578529370823e-05,5.6168113606114995e-05
2017,11,Agricultural and Biological Sciences,2,409485,5,23,409462,1.2211145356589867e-05,6.837857308570521e-05
2017,11,Agricultural and Biological Sciences,3,409485,10,28,409457,2.4422588940963276e-05,9.279949204488565e-05
2017,11,Agricultural and Biological Sciences,4,409485,3,38,409447,7.326955625514413e-06,0.00010012576773263978
2017,11,Agricultural and Biological Sciences,5,409485,3,41,409444,7.327009310186497e-06,0.00010745204342039391
2017,11,Agricultural and Biological Sciences,6,409485,5,44,409441,1.2211771659408803e-05,0.00011966250289998413
2017,11,Agricultural and Biological Sciences,7,409485,7,49,409436,1.7096689104035797e-05,0.00013675714617141042
2017,11,Agricultural and Biological Sciences,8,409485,1,56,409429,2.44242591511593e-06,0.00013919923806732847
2017,11,Agricultural and Biological Sciences,9,409485,1,57,409428,2.442431880574851e-06,0.00014164132996324653
2017,12,Arts and Humanities,0,709903,4,0,709903,5.634572610624268e-06,5.634572610624268e-06
2017,12,Arts and Humanities,1,709903,5,4,709899,7.043255449014578e-06,1.2677788373904603e-05
2017,12,Arts and Humanities,2,709903,1,9,709894,1.4086610113622598e-06,1.408643152656067e-05
2017,12,Arts and Humanities,3,709903,4,10,709893,5.6346519827635995e-06,1.972100413718494e-05
2017,12,Arts and Humanities,4,709903,3,14,709889,4.226012799184098e-06,2.394693359515314e-05
2017,12,Arts and Humanities,5,709903,0,17,709886,0.0,2.394693359515314e-05
2017,12,Arts and Humanities,6,709903,0,17,709886,0.0,2.394693359515314e-05
2017,12,Arts and Humanities,7,709903,0,17,709886,0.0,2.394693359515314e-05
2017,12,Arts and Humanities,8,709903,1,17,709886,1.4086768861479167e-06,2.5355576747809207e-05
2017,12,Arts and Humanities,9,709903,0,18,709885,0.0,2.5355576747809207e-05
2017,13,"Biochemistry, Genetics and Molecular Biology",0,423542,44,0,423542,0.00010388580117202072,0.00010388580117202072
2017,13,"Biochemistry, Genetics and Molecular Biology",1,423542,43,44,423498,0.00010153530831314434,0.0002054105614083137
2017,13,"Biochemistry, Genetics and Molecular Biology",2,423542,25,87,423455,5.903815045282261e-05,0.0002644365848015073
2017,13,"Biochemistry, Genetics and Molecular Biology",3,423542,33,112,423430,7.793495973360414e-05,0.0003423509356805228
2017,13,"Biochemistry, Genetics and Molecular Biology",4,423542,126,145,423397,0.00029759303915710315,0.0006398420935822185
2017,13,"Biochemistry, Genetics and Molecular Biology",5,423542,86,271,423271,0.0002031795232841371,0.0008428916140548045
2017,13,"Biochemistry, Genetics and Molecular Biology",6,423542,89,357,423185,0.00021030991174072805,0.0010530242573345736
2017,13,"Biochemistry, Genetics and Molecular Biology",7,423542,78,446,423096,0.00018435532361449884,0.0012371854503213377
2017,13,"Biochemistry, Genetics and Molecular Biology",8,423542,51,524,423018,0.00012056224557820235,0.0013575985380434527
2017,13,"Biochemistry, Genetics and Molecular Biology",9,423542,9,575,422967,2.1278255750448616e-05,0.0013788479064650023
2017,14,"Business, Management and Accounting",0,339496,2,0,339496,5.891085609256073e-06,5.891085609256073e-06
2017,14,"Business, Management and Accounting",1,339496,4,2,339494,1.178224062870036e-05,1.767325682776822e-05
2017,14,"Business, Management and Accounting",2,339496,3,6,339490,8.836784588647677e-06,2.650988524165233e-05
2017,14,"Business, Management and Accounting",3,339496,0,9,339487,0.0,2.650988524165233e-05
2017,14,"Business, Management and Accounting",4,339496,0,9,339487,0.0,2.650988524165233e-05
2017,14,"Business, Management and Accounting",5,339496,2,9,339487,5.891241785399736e-06,3.24009708509084e-05
2017,14,"Business, Management and Accounting",6,339496,0,11,339485,0.0,3.24009708509084e-05
2017,14,"Business, Management and Accounting",7,339496,0,11,339485,0.0,3.24009708509084e-05
2017,14,"Business, Management and Accounting",8,339496,0,11,339485,0.0,3.24009708509084e-05
2017,14,"Business, Management and Accounting",9,339496,0,11,339485,0.0,3.24009708509084e-05
2017,15,Chemical Engineering,0,23393,3,0,23393,0.00012824349164279912,0.00012824349164279912
2017,15,Chemical Engineering,1,23393,0,3,23390,0.0,0.00012824349164279912
2017,15,Chemical Engineering,2,23393,0,3,23390,0.0,0.00012824349164279912
2017,15,Chemical Engineering,3,23393,0,3,23390,0.0,0.00012824349164279912
2017,15,Chemical Engineering,4,23393,0,3,23390,0.0,0.00012824349164279912
2017,15,Chemical Engineering,5,23393,0,3,23390,0.0,0.00012824349164279912
2017,15,Chemical Engineering,6,23393,0,3,23390,0.0,0.00012824349164279912
2017,15,Chemical Engineering,7,23393,0,3,23390,0.0,0.00012824349164279912
2017,15,Chemical Engineering,8,23393,1,3,23390,4.275331338178709e-05,0.00017099132219039885
2017,15,Chemical Engineering,9,23393,0,4,23389,0.0,0.00017099132219039885
2017,16,Chemistry,0,124546,8,0,124546,6.42332953286336e-05,6.42332953286336e-05
2017,16,Chemistry,1,124546,12,8,124538,9.635613226485088e-05,0.000160583238321584
2017,16,Chemistry,2,124546,3,20,124526,2.4091354415945265e-05,0.0001846707240698216
2017,16,Chemistry,3,124546,6,23,124523,4.818386964657132e-05,0.00023284569556629678
2017,16,Chemistry,4,124546,1,29,124517,8.031031907289768e-06,0.00024087485748237598
2017,16,Chemistry,5,124546,7,30,124516,5.621767483696874e-05,0.0002970789908949304
2017,16,Chemistry,6,124546,1,37,124509,8.031547920230666e-06,0.00030510815281100957
2017,16,Chemistry,7,124546,4,38,124508,3.2126449706042984e-05,0.0003372248004753264
2017,16,Chemistry,8,124546,2,42,124504,1.6063740923986378e-05,0.0003532831243074848
2017,16,Chemistry,9,124546,0,44,124502,0.0,0.0003532831243074848
2017,17,Computer Science,0,570181,25,0,570181,4.3845726181686165e-05,4.3845726181686165e-05
2017,17,Computer Science,1,570181,20,25,570156,3.50781189709483e-05,7.89223071270351e-05
2017,17,Computer Science,2,570181,23,45,570136,4.034125191182455e-05,0.00011926037521418637
2017,17,Computer Science,3,570181,11,68,570113,1.92944205797798e-05,0.0001385524947341283
2017,17,Computer Science,4,570181,3,79,570102,5.262216234989528e-06,0.00014381398187593062
2017,17,Computer Science,5,570181,20,82,570099,3.5081626173699655e-05,0.00017889056282127956
2017,17,Computer Science,6,570181,2,102,570079,3.508285693737184e-06,0.00018239822091581446
2017,17,Computer Science,7,570181,0,104,570077,0.0,0.00018239822091581446
2017,17,Computer Science,8,570181,4,104,570077,7.016596003697746e-06,0.00018941353710488423
2017,17,Computer Science,9,570181,1,108,570073,1.7541613091656682e-06,0.00019116736615215168
2017,18,Decision Sciences,0,102759,1,0,102759,9.731507702488346e-06,9.731507702488346e-06
2017,18,Decision Sciences,1,102759,3,1,102758,2.9194807216956345e-05,3.8926030809953384e-05
2017,18,Decision Sciences,2,102759,6,4,102755,5.839131915721863e-05,9.731507702488346e-05
2017,18,Decision Sciences,3,102759,0,10,102749,0.0,9.731507702488346e-05
2017,18,Decision Sciences,4,102759,1,10,102749,9.732454817078511e-06,0.0001070465847273718
2017,18,Decision Sciences,5,102759,2,11,102748,1.9465099077354303e-05,0.0001265096001323485
2017,18,Decision Sciences,6,102759,0,13,102746,0.0,0.0001265096001323485
2017,18,Decision Sciences,7,102759,0,13,102746,0.0,0.0001265096001323485
2017,18,Decision Sciences,8,102759,36,13,102746,0.0003503786035466101,0.00047684387742192897
2017,18,Decision Sciences,9,102759,0,49,102710,0.0,0.00047684387742192897
2017,19,Earth and Planetary Sciences,0,140020,7,0,140020,4.999285816311956e-05,4.999285816311956e-05
2017,19,Earth and Planetary Sciences,1,140020,6,7,140013,4.285316363480534e-05,9.284387944579346e-05
2017,19,Earth and Planetary Sciences,2,140020,1,13,140007,7.14250001785625e-06,9.998571632623911e-05
2017,19,Earth and Planetary Sciences,3,140020,8,14,140006,5.714040826821708e-05,0.0001571204113698043
2017,19,Earth and Planetary Sciences,4,140020,0,22,139998,0.0,0.0001571204113698043
2017,19,Earth and Planetary Sciences,5,140020,1,22,139998,7.142959185131216e-06,0.00016426224825024995
2017,19,Earth and Planetary Sciences,6,140020,0,23,139997,0.0,0.00016426224825024995
2017,19,Earth and Planetary Sciences,7,140020,0,23,139997,0.0,0.00016426224825024995
2017,19,Earth and Planetary Sciences,8,140020,1,23,139997,7.143010207361586e-06,0.00017140408513069563
2017,19,Earth and Planetary Sciences,9,140020,0,24,139996,0.0,0.00017140408513069563
2017,20,"Economics, Econometrics and Finance",0,348775,7,0,348775,2.0070245860511792e-05,2.0070245860511792e-05
2017,20,"Economics, Econometrics and Finance",1,348775,4,7,348768,1.1468942104780255e-05,3.153895778080424e-05
2017,20,"Economics, Econometrics and Finance",2,348775,4,11,348764,1.146907364292186e-05,4.300766970109669e-05
2017,20,"Economics, Econometrics and Finance",3,348775,1,15,348760,2.8673012960201857e-06,4.587484768116981e-05
2017,20,"Economics, Econometrics and Finance",4,348775,1,16,348759,2.867309517460481e-06,4.874202566124292e-05
2017,20,"Economics, Econometrics and Finance",5,348775,0,17,348758,0.0,4.874202566124292e-05
2017,20,"Economics, Econometrics and Finance",6,348775,0,17,348758,0.0,4.874202566124292e-05
2017,20,"Economics, Econometrics and Finance",7,348775,0,17,348758,0.0,4.874202566124292e-05
2017,20,"Economics, Econometrics and Finance",8,348775,0,17,348758,0.0,4.874202566124292e-05
2017,20,"Economics, Econometrics and Finance",9,348775,0,17,348758,0.0,4.874202566124292e-05
2017,21,Energy,0,59018,4,0,59018,6.77759327662747e-05,6.77759327662747e-05
2017,21,Energy,1,59018,4,4,59014,6.778052665469211e-05,0.0001355518655325494
2017,21,Energy,2,59018,3,8,59010,5.083884087442806e-05,0.0001863838151072554
2017,21,Energy,3,59018,3,11,59007,5.0841425593573645e-05,0.00023721576468196143
2017,21,Energy,4,59018,4,14,59004,6.779201410073893e-05,0.0003049916974482361
2017,21,Energy,5,59018,0,18,59000,0.0,0.0003049916974482361
2017,21,Energy,6,59018,1,18,59000,1.694915254237288e-05,0.0003219356806398048
2017,21,Energy,7,59018,3,19,58999,5.0848319463041746e-05,0.0003727676302145108
2017,21,Energy,8,59018,0,22,58996,0.0,0.0003727676302145108
2017,21,Energy,9,59018,0,22,58996,0.0,0.0003727676302145108
2017,22,Engineering,0,1697164,61,0,1697164,3.594231317656985e-05,3.594231317656985e-05
2017,22,Engineering,1,1697164,51,61,1697103,3.0051210798637444e-05,6.599244386517744e-05
2017,22,Engineering,2,1697164,28,112,1697052,1.6499199788810244e-05,8.24905548314718e-05
2017,22,Engineering,3,1697164,12,140,1697024,7.071202292955197e-06,8.956117381702652e-05
2017,22,Engineering,4,1697164,9,152,1697012,5.303439221407981e-06,9.486413805619257e-05
2017,22,Engineering,5,1697164,15,161,1697003,8.839112246707873e-06,0.00010370241178813597
2017,22,Engineering,6,1697164,10,176,1696988,5.8927935848691915e-06,0.00010959459427609824
2017,22,Engineering,7,1697164,11,186,1696978,6.4821111410990595e-06,0.00011607599501285674
2017,22,Engineering,8,1697164,4,197,1696967,2.3571466033222804e-06,0.00011843286800804164
2017,22,Engineering,9,1697164,0,201,1696963,0.0,0.00011843286800804164
2017,23,Environmental Science,0,396206,11,0,396206,2.776333523470114e-05,2.776333523470114e-05
2017,23,Environmental Science,1,396206,8,11,396195,2.019207713373465e-05,4.795485176902924e-05
2017,23,Environmental Science,2,396206,8,19,396187,2.0192484861946504e-05,6.814636830335734e-05
2017,23,Environmental Science,3,396206,3,27,396179,7.572334727484293e-06,7.571818700373038e-05
2017,23,Environmental Science,4,396206,3,30,396176,7.572392068171722e-06,8.329000570410342e-05
2017,23,Environmental Science,5,396206,1,33,396173,2.524149803242523e-06,8.581394527089444e-05
2017,23,Environmental Science,6,396206,2,34,396172,5.0483123491816685e-06,9.086182440447646e-05
2017,23,Environmental Science,7,396206,2,36,396170,5.0483378347679025e-06,9.590970353805848e-05
2017,23,Environmental Science,8,396206,2,38,396168,5.0483633206114576e-06,0.00010095758267164051
2017,23,Environmental Science,9,396206,1,40,396166,2.524194403356169e-06,0.00010348152223843152
2017,24,Immunology and Microbiology,0,69035,3,0,69035,4.345621786050554e-05,4.345621786050554e-05
2017,24,Immunology and Microbiology,1,69035,6,3,69032,8.691621277088886e-05,0.00013036865358151664
2017,24,Immunology and Microbiology,2,69035,4,9,69026,5.7949178570393766e-05,0.00018831027739552402
2017,24,Immunology and Microbiology,3,69035,8,13,69022,0.00011590507374460317,0.00030419352502353877
2017,24,Immunology and Microbiology,4,69035,5,21,69014,7.24490683049816e-05,0.00037662055479104804
2017,24,Immunology and Microbiology,5,69035,3,26,69009,4.347259053166978e-05,0.00042007677265155354
2017,24,Immunology and Microbiology,6,69035,2,29,69006,2.8982986986638843e-05,0.00044904758455855727
2017,24,Immunology and Microbiology,7,69035,6,31,69004,8.695148107356095e-05,0.0005359600202795683
2017,24,Immunology and Microbiology,8,69035,3,37,68998,4.3479521145540454e-05,0.0005794162381400739
2017,24,Immunology and Microbiology,9,69035,0,40,68995,0.0,0.0005794162381400739
2017,25,Materials Science,0,277432,19,0,277432,6.84852504397474e-05,6.84852504397474e-05
2017,25,Materials Science,1,277432,17,19,277413,6.128047351782361e-05,0.00012976152714899508
2017,25,Materials Science,2,277432,8,36,277396,2.8839637197364056e-05,0.00015859742207099397
2017,25,Materials Science,3,277432,9,44,277388,3.24455275642782e-05,0.00019103780385824274
2017,25,Materials Science,4,277432,7,53,277379,2.5236229130539802e-05,0.0002162692119149918
2017,25,Materials Science,5,277432,9,60,277372,3.244739916069394e-05,0.00024870959370224053
2017,25,Materials Science,6,277432,7,69,277363,2.523768491110927e-05,0.0002739410017589896
2017,25,Materials Science,7,277432,9,76,277356,3.2449270973045475e-05,0.0003063813835462384
2017,25,Materials Science,8,277432,6,85,277347,2.163354930826726e-05,0.00032800830473773756
2017,25,Materials Science,9,277432,4,91,277341,1.442267821923192e-05,0.000342426252198737
2017,26,Mathematics,0,111986,6,0,111986,5.357812583715821e-05,5.357812583715821e-05
2017,26,Mathematics,1,111986,5,6,111980,4.46508305054474e-05,9.822656403479007e-05
2017,26,Mathematics,2,111986,2,11,111975,1.7861129716454565e-05,0.0001160859393138428
2017,26,Mathematics,3,111986,3,13,111973,2.679217311316121e-05,0.00014287500223242192
2017,26,Mathematics,4,111986,3,16,111970,2.6792890952933822e-05,0.00016966406515100103
2017,26,Mathematics,5,111986,1,19,111967,8.93120294372449e-06,0.0001785937527905274
2017,26,Mathematics,6,111986,1,20,111966,8.931282710822929e-06,0.00018752344043005377
2017,26,Mathematics,7,111986,1,21,111965,8.931362479346224e-06,0.00019645312806958014
2017,26,Mathematics,8,111986,1,22,111964,8.931442249294416e-06,0.00020538281570910648
2017,26,Mathematics,9,111986,0,23,111963,0.0,0.00020538281570910648
2017,27,Medicine,0,1392124,84,0,1392124,6.033945252003413e-05,6.033945252003413e-05
2017,27,Medicine,1,1392124,90,84,1392040,6.465331455992644e-05,0.00012498886593435642
2017,27,Medicine,2,1392124,42,174,1391950,3.0173497611264772e-05,0.0001551585921943735
2017,27,Medicine,3,1392124,46,216,1391908,3.304816122904675e-05,0.00018820162571724932
2017,27,Medicine,4,1392124,62,262,1391862,4.454464594909553e-05,0.00023273788829156024
2017,27,Medicine,5,1392124,79,324,1391800,5.676102888346027e-05,0.0002894857067330209
2017,27,Medicine,6,1392124,56,403,1391721,4.023794999141351e-05,0.00032971200841304366
2017,27,Medicine,7,1392124,48,459,1391665,3.449105927072967e-05,0.0003641916955673489
2017,27,Medicine,8,1392124,34,507,1391617,2.443200966932712e-05,0.0003886148073016484
2017,27,Medicine,9,1392124,22,541,1391583,1.5809333686887523e-05,0.00040441799724737166
2017,28,Neuroscience,0,115658,5,0,115658,4.323090490930156e-05,4.323090490930156e-05
2017,28,Neuroscience,1,115658,12,5,115653,0.00010375865736297373,0.0001469850766916253
2017,28,Neuroscience,2,115658,7,17,115641,6.0532164197819115e-05,0.0002075083435646475
2017,28,Neuroscience,3,115658,6,24,115634,5.188785305360015e-05,0.00025938542945580934
2017,28,Neuroscience,4,115658,7,30,115628,6.0538969799702494e-05,0.00031990869632883155
2017,28,Neuroscience,5,115658,3,37,115621,2.594684356648014e-05,0.0003458472392744125
2017,28,Neuroscience,6,115658,9,40,115618,7.784255046792022e-05,0.0004236628681111553
2017,28,Neuroscience,7,115658,7,49,115609,6.054891920179225e-05,0.0004841861349841775
2017,28,Neuroscience,8,115658,11,56,115602,9.515406307849346e-05,0.0005792941257846409
2017,28,Neuroscience,9,115658,1,67,115591,8.651192566895346e-06,0.0005879403067665012
2017,29,Nursing,0,38840,4,0,38840,0.00010298661174047374,0.00010298661174047374
2017,29,Nursing,1,38840,8,4,38836,0.00020599443815016993,0.0003089598352214212
2017,29,Nursing,2,38840,1,12,38828,2.575461007520346e-05,0.00033470648815653965
2017,29,Nursing,3,38840,1,13,38827,2.575527339222706e-05,0.0003604531410916581
2017,29,Nursing,4,38840,0,14,38826,0.0,0.0003604531410916581
2017,29,Nursing,5,38840,1,14,38826,2.5755936743419358e-05,0.0003861997940267765
2017,29,Nursing,6,38840,0,15,38825,0.0,0.0003861997940267765
2017,29,Nursing,7,38840,3,15,38825,7.7269800386349e-05,0.0004634397528321318
2017,29,Nursing,8,38840,1,18,38822,2.575859048992839e-05,0.0004891864057672503
2017,29,Nursing,9,38840,0,19,38821,0.0,0.0004891864057672503
2017,30,"Pharmacology, Toxicology and Pharmaceutics",0,28491,0,0,28491,0.0,0.0
2017,30,"Pharmacology, Toxicology and Pharmaceutics",1,28491,3,0,28491,0.00010529640939243972,0.00010529640939243972
2017,30,"Pharmacology, Toxicology and Pharmaceutics",2,28491,0,3,28488,0.0,0.00010529640939243972
2017,30,"Pharmacology, Toxicology and Pharmaceutics",3,28491,2,3,28488,7.020499859590003e-05,0.0001754940156540662
2017,30,"Pharmacology, Toxicology and Pharmaceutics",4,28491,3,5,28486,0.00010531489152566173,0.0002807904250465059
2017,30,"Pharmacology, Toxicology and Pharmaceutics",5,28491,2,8,28483,7.021732261348875e-05,0.0003509880313081324
2017,30,"Pharmacology, Toxicology and Pharmaceutics",6,28491,1,10,28481,3.511112671605632e-05,0.0003860868344389456
2017,30,"Pharmacology, Toxicology and Pharmaceutics",7,28491,0,11,28480,0.0,0.0003860868344389456
2017,30,"Pharmacology, Toxicology and Pharmaceutics",8,28491,0,11,28480,0.0,0.0003860868344389456
2017,30,"Pharmacology, Toxicology and Pharmaceutics",9,28491,0,11,28480,0.0,0.0003860868344389456
2017,31,Physics and Astronomy,0,223393,11,0,223393,4.9240576025211175e-05,4.9240576025211175e-05
2017,31,Physics and Astronomy,1,223393,13,11,223382,5.8196273647831964e-05,0.0001074339840550062
2017,31,Physics and Astronomy,2,223393,3,24,223369,1.343069091950987e-05,0.00012086323206188197
2017,31,Physics and Astronomy,3,223393,1,27,223366,4.47695710179705e-06,0.0001253396480641739
2017,31,Physics and Astronomy,4,223393,1,28,223365,4.476977145031675e-06,0.00012981606406646583
2017,31,Physics and Astronomy,5,223393,4,29,223364,1.7907988753783062e-05,0.00014772172807563352
2017,31,Physics and Astronomy,6,223393,0,33,223360,0.0,0.00014772172807563352
2017,31,Physics and Astronomy,7,223393,0,33,223360,0.0,0.00014772172807563352
2017,31,Physics and Astronomy,8,223393,3,33,223360,1.3431232091690544e-05,0.0001611509760825093
2017,31,Physics and Astronomy,9,223393,0,36,223357,0.0,0.0001611509760825093
2017,32,Psychology,0,282637,7,0,282637,2.4766750283933102e-05,2.4766750283933102e-05
2017,32,Psychology,1,282637,10,7,282630,3.538194813006404e-05,6.0147822118123244e-05
2017,32,Psychology,2,282637,3,17,282620,1.0614960016983935e-05,7.076214366838029e-05
2017,32,Psychology,3,282637,3,20,282617,1.0615072695556176e-05,8.137646521863734e-05
2017,32,Psychology,4,282637,1,23,282614,3.538395125506875e-06,8.491457240205634e-05
2017,32,Psychology,5,282637,0,24,282613,0.0,8.491457240205634e-05
2017,32,Psychology,6,282637,5,24,282613,1.7692038228956204e-05,0.00010260510831915142
2017,32,Psychology,7,282637,1,29,282608,3.5384702485421504e-06,0.00010614321550257044
2017,32,Psychology,8,282637,0,30,282607,0.0,0.00010614321550257044
2017,32,Psychology,9,282637,0,30,282607,0.0,0.00010614321550257044
2017,33,Social Sciences,0,1797797,17,0,1797797,9.456017559268371e-06,9.456017559268371e-06
2017,33,Social Sciences,1,1797797,21,17,1797780,1.1681073323765978e-05,2.113698042659989e-05
2017,33,Social Sciences,2,1797797,5,38,1797759,2.7812404221032966e-06,2.3918162061678822e-05
2017,33,Social Sciences,3,1797797,12,43,1797754,6.674995577815429e-06,3.059299798586826e-05
2017,33,Social Sciences,4,1797797,2,55,1797742,1.1125066889464673e-06,3.170547063989983e-05
2017,33,Social Sciences,5,1797797,7,57,1797740,3.89377774316642e-06,3.5599124929010336e-05
2017,33,Social Sciences,6,1797797,1,64,1797733,5.562561292472241e-07,3.6155361256026126e-05
2017,33,Social Sciences,7,1797797,0,65,1797732,0.0,3.6155361256026126e-05
2017,33,Social Sciences,8,1797797,0,65,1797732,0.0,3.6155361256026126e-05
2017,33,Social Sciences,9,1797797,0,65,1797732,0.0,3.6155361256026126e-05
2017,34,Veterinary,0,12670,0,0,12670,0.0,0.0
2017,34,Veterinary,1,12670,0,0,12670,0.0,0.0
2017,34,Veterinary,2,12670,0,0,12670,0.0,0.0
2017,34,Veterinary,3,12670,0,0,12670,0.0,0.0
2017,34,Veterinary,4,12670,0,0,12670,0.0,0.0
2017,34,Veterinary,5,12670,0,0,12670,0.0,0.0
2017,34,Veterinary,6,12670,1,0,12670,7.892659826361483e-05,7.892659826361483e-05
2017,34,Veterinary,7,12670,0,1,12669,0.0,7.892659826361483e-05
2017,34,Veterinary,8,12670,0,1,12669,0.0,7.892659826361483e-05
2017,34,Veterinary,9,12670,0,1,12669,0.0,7.892659826361483e-05
2017,35,Dentistry,0,33126,3,0,33126,9.056330374932077e-05,9.056330374932077e-05
2017,35,Dentistry,1,33126,3,3,33123,9.057150620414818e-05,0.00018112660749864155
2017,35,Dentistry,2,33126,2,6,33120,6.038647342995169e-05,0.00024150214333152207
2017,35,Dentistry,3,33126,1,8,33118,3.0195060088169576e-05,0.0002716899112479623
2017,35,Dentistry,4,33126,0,9,33117,0.0,0.0002716899112479623
2017,35,Dentistry,5,33126,1,9,33117,3.0195971857354228e-05,0.0003018776791644026
2017,35,Dentistry,6,33126,0,10,33116,0.0,0.0003018776791644026
2017,35,Dentistry,7,33126,0,10,33116,0.0,0.0003018776791644026
2017,35,Dentistry,8,33126,0,10,33116,0.0,0.0003018776791644026
2017,35,Dentistry,9,33126,0,10,33116,0.0,0.0003018776791644026
2017,36,Health Professions,0,265424,5,0,265424,1.883778407378383e-05,1.883778407378383e-05
2017,36,Health Professions,1,265424,3,5,265419,1.1302883365546552e-05,3.0140454518054134e-05
2017,36,Health Professions,2,265424,4,8,265416,1.5070681496217258e-05,4.52106817770812e-05
2017,36,Health Professions,3,265424,1,12,265412,3.7677271562702516e-06,4.897823859183796e-05
2017,36,Health Professions,4,265424,0,13,265411,0.0,4.897823859183796e-05
2017,36,Health Professions,5,265424,5,13,265411,1.883870676045831e-05,6.78160226656218e-05
2017,36,Health Professions,6,265424,1,18,265406,3.7678123328033277e-06,7.158357948037857e-05
2017,36,Health Professions,7,265424,0,19,265405,0.0,7.158357948037857e-05
2017,36,Health Professions,8,265424,0,19,265405,0.0,7.158357948037857e-05
2017,36,Health Professions,9,265424,0,19,265405,0.0,7.158357948037857e-05
2018,11,Agricultural and Biological Sciences,0,426063,20,0,426063,4.694141476729967e-05,4.694141476729967e-05
2018,11,Agricultural and Biological Sciences,1,426063,15,20,426043,3.520771377537009e-05,8.214747584277443e-05
2018,11,Agricultural and Biological Sciences,2,426063,9,35,426028,2.1125372041274282e-05,0.00010327111248805928
2018,11,Agricultural and Biological Sciences,3,426063,8,44,426019,1.8778505184041086e-05,0.00012204767839497914
2018,11,Agricultural and Biological Sciences,4,426063,6,52,426011,1.4084143367190049e-05,0.00013613010282516905
2018,11,Agricultural and Biological Sciences,5,426063,3,58,426005,7.0421708665391255e-06,0.000143171315040264
2018,11,Agricultural and Biological Sciences,6,426063,7,61,426002,1.6431847737804047e-05,0.00015960081020881888
2018,11,Agricultural and Biological Sciences,7,426063,1,68,425995,2.3474453925515558e-06,0.00016194788094718387
2018,11,Agricultural and Biological Sciences,8,426063,1,69,425994,2.3474509030643625e-06,0.00016429495168554886
2018,12,Arts and Humanities,0,680605,8,0,680605,1.175424805871247e-05,1.175424805871247e-05
2018,12,Arts and Humanities,1,680605,3,8,680597,4.4078948335064655e-06,1.6162091080729644e-05
2018,12,Arts and Humanities,2,680605,6,11,680594,8.815828526257946e-06,2.4977777124763996e-05
2018,12,Arts and Humanities,3,680605,4,17,680588,5.8772708305171415e-06,3.085490115412023e-05
2018,12,Arts and Humanities,4,680605,1,21,680584,1.469326343258143e-06,3.232418216145929e-05
2018,12,Arts and Humanities,5,680605,0,22,680583,0.0,3.232418216145929e-05
2018,12,Arts and Humanities,6,680605,0,22,680583,0.0,3.232418216145929e-05
2018,12,Arts and Humanities,7,680605,0,22,680583,0.0,3.232418216145929e-05
2018,12,Arts and Humanities,8,680605,0,22,680583,0.0,3.232418216145929e-05
2018,13,"Biochemistry, Genetics and Molecular Biology",0,425595,41,0,425595,9.633571822977244e-05,9.633571822977244e-05
2018,13,"Biochemistry, Genetics and Molecular Biology",1,425595,47,41,425554,0.00011044426794249378,0.00020676934644438963
2018,13,"Biochemistry, Genetics and Molecular Biology",2,425595,66,88,425507,0.00015510908163672983,0.0003618463562776818
2018,13,"Biochemistry, Genetics and Molecular Biology",3,425595,193,154,425441,0.0004536469216648137,0.0008153291274568545
2018,13,"Biochemistry, Genetics and Molecular Biology",4,425595,136,347,425248,0.0003198133794867936,0.001134881753780002
2018,13,"Biochemistry, Genetics and Molecular Biology",5,425595,81,483,425112,0.00019053802292101846,0.0013252035385754061
2018,13,"Biochemistry, Genetics and Molecular Biology",6,425595,96,564,425031,0.00022586587801830924,0.0015507700983329222
2018,13,"Biochemistry, Genetics and Molecular Biology",7,425595,51,660,424935,0.00012001835574852625,0.0016706023332041025
2018,13,"Biochemistry, Genetics and Molecular Biology",8,425595,11,711,424884,2.588941922971917e-05,0.0016964485015096512
2018,14,"Business, Management and Accounting",0,337463,44,0,337463,0.00013038466439283715,0.00013038466439283715
2018,14,"Business, Management and Accounting",1,337463,7,44,337419,2.0745719713471974e-05,0.0001511276791826067
2018,14,"Business, Management and Accounting",2,337463,3,51,337412,8.891207188837386e-06,0.0001600175426639365
2018,14,"Business, Management and Accounting",3,337463,5,54,337409,1.4818810405175913e-05,0.00017483398179948616
2018,14,"Business, Management and Accounting",4,337463,22,59,337404,6.52037320245166e-05,0.00024002631399590473
2018,14,"Business, Management and Accounting",5,337463,6,81,337382,1.7783995589569095e-05,0.00025780604095856436
2018,14,"Business, Management and Accounting",6,337463,2,87,337376,5.928103955230959e-06,0.0002637326166127842
2018,14,"Business, Management and Accounting",7,337463,1,89,337374,2.964069548927896e-06,0.00026669590443989413
2018,14,"Business, Management and Accounting",8,337463,0,90,337373,0.0,0.00026669590443989413
2018,15,Chemical Engineering,0,21235,1,0,21235,4.709206498704968e-05,4.709206498704968e-05
2018,15,Chemical Engineering,1,21235,4,1,21234,0.00018837713101629462,0.0002354603249352484
2018,15,Chemical Engineering,2,21235,2,5,21230,9.420631182289213e-05,0.0003296444549093478
2018,15,Chemical Engineering,3,21235,1,7,21228,4.710759374411155e-05,0.00037673651989639744
2018,15,Chemical Engineering,4,21235,0,8,21227,0.0,0.00037673651989639744
2018,15,Chemical Engineering,5,21235,0,8,21227,0.0,0.00037673651989639744
2018,15,Chemical Engineering,6,21235,0,8,21227,0.0,0.00037673651989639744
2018,15,Chemical Engineering,7,21235,0,8,21227,0.0,0.00037673651989639744
2018,15,Chemical Engineering,8,21235,0,8,21227,0.0,0.00037673651989639744
2018,16,Chemistry,0,121667,7,0,121667,5.7534088947701514e-05,5.7534088947701514e-05
2018,16,Chemistry,1,121667,7,7,121660,5.7537399309551206e-05,0.00011506817789540303
2018,16,Chemistry,2,121667,11,14,121653,9.042111579656893e-05,0.00020547888909893398
2018,16,Chemistry,3,121667,6,25,121642,4.932506864405386e-05,0.0002547938224826781
2018,16,Chemistry,4,121667,3,31,121636,2.466375086323128e-05,0.0002794512891745502
2018,16,Chemistry,5,121667,3,34,121633,2.4664359178841268e-05,0.0003041087558664223
2018,16,Chemistry,6,121667,10,37,121630,8.221655841486475e-05,0.00038630031150599587
2018,16,Chemistry,7,121667,1,47,121620,8.222331853313599e-06,0.0003945194670699532
2018,16,Chemistry,8,121667,0,48,121619,0.0,0.0003945194670699532
2018,17,Computer Science,0,613392,68,0,613392,0.00011085896131674362,0.00011085896131674362
2018,17,Computer Science,1,613392,30,68,613324,4.891378781851028e-05,0.00015976732660354228
2018,17,Computer Science,2,613392,8,98,613294,1.3044314798449031e-05,0.00017280955734668858
2018,17,Computer Science,3,613392,11,106,613286,1.7936166812873602e-05,0.00019074262461851475
2018,17,Computer Science,4,613392,94,117,613275,0.00015327544739309444,0.00034398883585048387
2018,17,Computer Science,5,613392,14,211,613181,2.2831757670247447e-05,0.0003668127396509899
2018,17,Computer Science,6,613392,15,225,613167,2.4463156040687122e-05,0.0003912669222943892
2018,17,Computer Science,7,613392,18,240,613152,2.9356505401596995e-05,0.0004206119414664684
2018,17,Computer Science,8,613392,1,258,613134,1.6309648461837054e-06,0.0004222422203093617
2018,18,Decision Sciences,0,105488,17,0,105488,0.0001611557712725618,0.0001611557712725618
2018,18,Decision Sciences,1,105488,4,17,105471,3.7925116856766316e-05,0.00019907477627787047
2018,18,Decision Sciences,2,105488,1,21,105467,9.481638806451307e-06,0.00020855452752919763
2018,18,Decision Sciences,3,105488,3,22,105466,2.8445186126334552e-05,0.00023699378128317914
2018,18,Decision Sciences,4,105488,5,25,105463,4.7409992129941305e-05,0.00028439253753981497
2018,18,Decision Sciences,5,105488,2,30,105458,1.8964895977545564e-05,0.0003033520400424693
2018,18,Decision Sciences,6,105488,1,32,105456,9.482627825823092e-06,0.00031283179129379645
2018,18,Decision Sciences,7,105488,31,33,105455,0.0002939642501540942,0.0006067040800849386
2018,18,Decision Sciences,8,105488,0,64,105424,0.0,0.0006067040800849386
2018,19,Earth and Planetary Sciences,0,149589,4,0,149589,2.673993408606248e-05,2.673993408606248e-05
2018,19,Earth and Planetary Sciences,1,149589,5,4,149585,3.342581141157201e-05,6.0164851693640576e-05
2018,19,Earth and Planetary Sciences,2,149589,6,9,149580,4.0112314480545525e-05,0.0001002747528227343
2018,19,Earth and Planetary Sciences,3,149589,1,15,149574,6.685653923810288e-06,0.00010695973634424991
2018,19,Earth and Planetary Sciences,4,149589,1,16,149573,6.685698622077514e-06,0.00011364471986576553
2018,19,Earth and Planetary Sciences,5,149589,0,17,149572,0.0,0.00011364471986576553
2018,19,Earth and Planetary Sciences,6,149589,0,17,149572,0.0,0.00011364471986576553
2018,19,Earth and Planetary Sciences,7,149589,0,17,149572,0.0,0.00011364471986576553
2018,19,Earth and Planetary Sciences,8,149589,0,17,149572,0.0,0.00011364471986576553
2018,20,"Economics, Econometrics and Finance",0,350329,11,0,350329,3.1399056315634734e-05,3.1399056315634734e-05
2018,20,"Economics, Econometrics and Finance",1,350329,4,11,350318,1.1418197180847117e-05,4.2816894975865544e-05
2018,20,"Economics, Econometrics and Finance",2,350329,0,15,350314,0.0,4.2816894975865544e-05
2018,20,"Economics, Econometrics and Finance",3,350329,2,15,350314,5.709163778781322e-06,4.852581430598095e-05
2018,20,"Economics, Econometrics and Finance",4,350329,1,17,350312,2.8545981867592318e-06,5.138027397103865e-05
2018,20,"Economics, Econometrics and Finance",5,350329,0,18,350311,0.0,5.138027397103865e-05
2018,20,"Economics, Econometrics and Finance",6,350329,0,18,350311,0.0,5.138027397103865e-05
2018,20,"Economics, Econometrics and Finance",7,350329,0,18,350311,0.0,5.138027397103865e-05
2018,20,"Economics, Econometrics and Finance",8,350329,0,18,350311,0.0,5.138027397103865e-05
2018,21,Energy,0,62574,8,0,62574,0.00012784862722536517,0.00012784862722536517
2018,21,Energy,1,62574,2,8,62566,3.1966243646709076e-05,0.00015981078403170645
2018,21,Energy,2,62574,3,10,62564,4.795089828016112e-05,0.0002077540192412184
2018,21,Energy,3,62574,2,13,62561,3.1968798452710154e-05,0.0002397161760475597
2018,21,Energy,4,62574,4,15,62559,6.39396409789159e-05,0.0003036404896602423
2018,21,Energy,5,62574,3,19,62555,4.7957797138518105e-05,0.0003515837248697542
2018,21,Energy,6,62574,1,22,62552,1.5986699066376776e-05,0.00036756480327292487
2018,21,Energy,7,62574,0,23,62551,0.0,0.00036756480327292487
2018,21,Energy,8,62574,0,23,62551,0.0,0.00036756480327292487
2018,22,Engineering,0,1603856,134,0,1603856,8.354864775890105e-05,8.354864775890105e-05
2018,22,Engineering,1,1603856,57,134,1603722,3.554231967884708e-05,0.00011908799792500075
2018,22,Engineering,2,1603856,33,191,1603665,2.0577863830662887e-05,0.00013966341117905846
2018,22,Engineering,3,1603856,23,224,1603632,1.4342442655172758e-05,0.00015400385071976535
2018,22,Engineering,4,1603856,46,247,1603609,2.8685296727568878e-05,0.00018268472980117917
2018,22,Engineering,5,1603856,18,293,1603563,1.1225003320730149e-05,0.00019390768248521065
2018,22,Engineering,6,1603856,17,311,1603545,1.0601511027130515e-05,0.00020450713779790705
2018,22,Engineering,7,1603856,7,328,1603528,4.365374349559222e-06,0.00020887161939725263
2018,22,Engineering,8,1603856,4,335,1603521,2.4945105177917843e-06,0.00021136560888259295
2018,23,Environmental Science,0,419469,20,0,419469,4.767932791219375e-05,4.767932791219375e-05
2018,23,Environmental Science,1,419469,15,20,419449,3.5761201004174526e-05,8.343882384633906e-05
2018,23,Environmental Science,2,419469,5,35,419434,1.1920826637802373e-05,9.53586558243875e-05
2018,23,Environmental Science,3,419469,6,40,419429,1.430516249472497e-05,0.00010966245419804562
2018,23,Environmental Science,4,419469,11,46,419423,2.6226506414765048e-05,0.00013588608454975218
2018,23,Environmental Science,5,419469,1,57,419412,2.3842903874948737e-06,0.00013827005094536188
2018,23,Environmental Science,6,419469,1,58,419411,2.38429607234908e-06,0.00014065401734097155
2018,23,Environmental Science,7,419469,0,59,419410,0.0,0.00014065401734097155
2018,23,Environmental Science,8,419469,1,59,419410,2.384301757230395e-06,0.00014303798373658126
2018,24,Immunology and Microbiology,0,67765,6,0,67765,8.854128237290637e-05,8.854128237290637e-05
2018,24,Immunology and Microbiology,1,67765,9,6,67759,0.00013282368393866497,0.00022135320593226593
2018,24,Immunology and Microbiology,2,67765,4,15,67750,5.904059040590406e-05,0.0002803807275142035
2018,24,Immunology and Microbiology,3,67765,10,19,67746,0.00014761019100758717,0.00042794953146904743
2018,24,Immunology and Microbiology,4,67765,10,29,67736,0.00014763198299279557,0.0005755183354238914
2018,24,Immunology and Microbiology,5,67765,6,39,67726,8.85922688480052e-05,0.0006640596177967977
2018,24,Immunology and Microbiology,6,67765,2,45,67720,2.9533372711163615e-05,0.0006935733785877666
2018,24,Immunology and Microbiology,7,67765,5,47,67718,7.383561239256918e-05,0.0007673577805651885
2018,24,Immunology and Microbiology,8,67765,0,52,67713,0.0,0.0007673577805651885
2018,25,Materials Science,0,301030,19,0,301030,6.311663289373152e-05,6.311663289373152e-05
2018,25,Materials Science,1,301030,18,19,301011,5.979847912534758e-05,0.00012291133774042454
2018,25,Materials Science,2,301030,4,37,300993,1.3289345599399321e-05,0.00013619904992857854
2018,25,Materials Science,3,301030,9,41,300989,2.99014249690188e-05,0.00016609640235192507
2018,25,Materials Science,4,301030,10,50,300980,3.3224798989966113e-05,0.00019931568282231007
2018,25,Materials Science,5,301030,9,60,300970,2.9903312622520517e-05,0.00022921303524565657
2018,25,Materials Science,6,301030,12,69,300961,3.987227580982254e-05,0.0002690761718101186
2018,25,Materials Science,7,301030,6,81,300949,1.99369328357961e-05,0.0002890077400923496
2018,25,Materials Science,8,301030,1,87,300943,3.322888387501952e-06,0.0002923296681393881
2018,26,Mathematics,0,115833,9,0,115833,7.769806531817357e-05,7.769806531817357e-05
2018,26,Mathematics,1,115833,3,9,115824,2.5901367592208867e-05,0.00010359742042423143
2018,26,Mathematics,2,115833,2,12,115821,1.7268025660286133e-05,0.00012086365716160334
2018,26,Mathematics,3,115833,1,14,115819,8.634161925072743e-06,0.0001294967755302893
2018,26,Mathematics,4,115833,1,15,115818,8.634236474468563e-06,0.00013812989389897526
2018,26,Mathematics,5,115833,1,16,115817,8.634311025151749e-06,0.0001467630122676612
2018,26,Mathematics,6,115833,0,17,115816,0.0,0.0001467630122676612
2018,26,Mathematics,7,115833,0,17,115816,0.0,0.0001467630122676612
2018,26,Mathematics,8,115833,0,17,115816,0.0,0.0001467630122676612
2018,27,Medicine,0,1422243,108,0,1422243,7.593639061679333e-05,7.593639061679333e-05
2018,27,Medicine,1,1422243,96,108,1422135,6.750413990232995e-05,0.0001434354044983874
2018,27,Medicine,2,1422243,65,204,1422039,4.5709013606518526e-05,0.00018913786181405006
2018,27,Medicine,3,1422243,101,269,1421974,7.102802160939652e-05,0.0002601524493353105
2018,27,Medicine,4,1422243,106,370,1421873,7.454955541036365e-05,0.00033468261049623727
2018,27,Medicine,5,1422243,50,476,1421767,3.516750634949327e-05,0.00036983834689290084
2018,27,Medicine,6,1422243,66,526,1421717,4.6422740953368353e-05,0.0004162439189364968
2018,27,Medicine,7,1422243,39,592,1421651,2.743289316435609e-05,0.00044366539332589436
2018,27,Medicine,8,1422243,18,631,1421612,1.2661682653213395e-05,0.00045632145842869326
2018,28,Neuroscience,0,119897,15,0,119897,0.0001251073838377941,0.0001251073838377941
2018,28,Neuroscience,1,119897,9,15,119882,7.507382259221567e-05,0.00020017181414047058
2018,28,Neuroscience,2,119897,4,24,119873,3.3368648486314686e-05,0.00023353378316388234
2018,28,Neuroscience,3,119897,7,28,119869,5.839708348280206e-05,0.0002919172289548529
2018,28,Neuroscience,4,119897,6,35,119862,5.00575662011313e-05,0.00034196018248997055
2018,28,Neuroscience,5,119897,6,41,119856,5.0060072086503804e-05,0.0003920031360250882
2018,28,Neuroscience,6,119897,11,47,119850,9.17813934084272e-05,0.00048374855083947054
2018,28,Neuroscience,7,119897,7,58,119839,5.841170236734285e-05,0.0005421319966304411
2018,28,Neuroscience,8,119897,0,65,119832,0.0,0.0005421319966304411
2018,29,Nursing,0,39327,1,0,39327,2.5427823124062348e-05,2.5427823124062348e-05
2018,29,Nursing,1,39327,1,1,39326,2.542846971469257e-05,5.0855646248124696e-05
2018,29,Nursing,2,39327,2,2,39325,5.085823267641449e-05,0.00010171129249624939
2018,29,Nursing,3,39327,3,4,39323,7.629122905170002e-05,0.00017799476186843645
2018,29,Nursing,4,39327,0,7,39320,0.0,0.00017799476186843645
2018,29,Nursing,5,39327,1,7,39320,2.54323499491353e-05,0.00020342258499249878
2018,29,Nursing,6,39327,2,8,39319,5.086599354001882e-05,0.00025427823124062347
2018,29,Nursing,7,39327,1,10,39317,2.543429051046621e-05,0.00027970605436468583
2018,29,Nursing,8,39327,0,11,39316,0.0,0.00027970605436468583
2018,30,"Pharmacology, Toxicology and Pharmaceutics",0,27235,4,0,27235,0.00014686983660730678,0.00014686983660730678
2018,30,"Pharmacology, Toxicology and Pharmaceutics",1,27235,2,4,27231,7.344570526238479e-05,0.00022030475491096016
2018,30,"Pharmacology, Toxicology and Pharmaceutics",2,27235,4,6,27229,0.00014690219986044292,0.00036717459151826694
2018,30,"Pharmacology, Toxicology and Pharmaceutics",3,27235,3,10,27225,0.00011019283746556474,0.00047732696897374703
2018,30,"Pharmacology, Toxicology and Pharmaceutics",4,27235,5,13,27222,0.00018367496877525532,0.0006609142647328804
2018,30,"Pharmacology, Toxicology and Pharmaceutics",5,27235,2,18,27217,7.348348458683911e-05,0.0007343491830365339
2018,30,"Pharmacology, Toxicology and Pharmaceutics",6,27235,2,20,27215,7.348888480617307e-05,0.0008077841013401873
2018,30,"Pharmacology, Toxicology and Pharmaceutics",7,27235,1,22,27213,3.674714290963877e-05,0.0008445015604920139
2018,30,"Pharmacology, Toxicology and Pharmaceutics",8,27235,1,23,27212,3.674849331177422e-05,0.0008812190196438406
2018,31,Physics and Astronomy,0,225891,8,0,225891,3.541531092429535e-05,3.541531092429535e-05
2018,31,Physics and Astronomy,1,225891,7,8,225883,3.0989494561343705e-05,6.640370798305377e-05
2018,31,Physics and Astronomy,2,225891,3,15,225876,1.3281623545662222e-05,7.968444957966453e-05
2018,31,Physics and Astronomy,3,225891,4,18,225873,1.7709066599372213e-05,9.73921050418122e-05
2018,31,Physics and Astronomy,4,225891,0,22,225869,0.0,9.73921050418122e-05
2018,31,Physics and Astronomy,5,225891,1,22,225869,4.427345053991473e-06,0.00010181901890734912
2018,31,Physics and Astronomy,6,225891,2,23,225868,8.854729310924966e-06,0.00011067284663842296
2018,31,Physics and Astronomy,7,225891,0,25,225866,0.0,0.00011067284663842296
2018,31,Physics and Astronomy,8,225891,0,25,225866,0.0,0.00011067284663842296
2018,32,Psychology,0,290647,19,0,290647,6.537139554167082e-05,6.537139554167082e-05
2018,32,Psychology,1,290647,14,19,290628,4.817154575608682e-05,0.00011353979225658617
2018,32,Psychology,2,290647,5,33,290614,1.7204952273462392e-05,0.00013074279108334165
2018,32,Psychology,3,290647,5,38,290609,1.7205248288938057e-05,0.00014794578991009712
2018,32,Psychology,4,290647,4,43,290604,1.3764435451679949e-05,0.00016170818897150152
2018,32,Psychology,5,290647,4,47,290600,1.3764624913971094e-05,0.0001754705880329059
2018,32,Psychology,6,290647,1,51,290596,3.4412035953695166e-06,0.000178911187798257
2018,32,Psychology,7,290647,1,52,290595,3.441215437292452e-06,0.00018235178756360808
2018,32,Psychology,8,290647,0,53,290594,0.0,0.00018235178756360808
2018,33,Social Sciences,0,1752706,52,0,1752706,2.9668409875928992e-05,2.9668409875928992e-05
2018,33,Social Sciences,1,1752706,15,52,1752654,8.558449072092951e-06,3.822660503244697e-05
2018,33,Social Sciences,2,1752706,5,67,1752639,2.852840773256786e-06,4.10793367512863e-05
2018,33,Social Sciences,3,1752706,7,72,1752634,3.993988476772675e-06,4.5073161157661353e-05
2018,33,Social Sciences,4,1752706,13,79,1752627,7.417436796306345e-06,5.24902636266436e-05
2018,33,Social Sciences,5,1752706,10,92,1752614,5.705762934679285e-06,5.8195727064322255e-05
2018,33,Social Sciences,6,1752706,5,102,1752604,2.852897745297854e-06,6.104845878316158e-05
2018,33,Social Sciences,7,1752706,2,107,1752599,1.1411623537386476e-06,6.218955147069731e-05
2018,33,Social Sciences,8,1752706,0,109,1752597,0.0,6.218955147069731e-05
2018,34,Veterinary,0,12436,2,0,12436,0.0001608234158893535,0.0001608234158893535
2018,34,Veterinary,1,12436,1,2,12434,8.042464211034261e-05,0.00024123512383403023
2018,34,Veterinary,2,12436,0,3,12433,0.0,0.00024123512383403023
2018,34,Veterinary,3,12436,0,3,12433,0.0,0.00024123512383403023
2018,34,Veterinary,4,12436,1,3,12433,8.043111075363951e-05,0.000321646831778707
2018,34,Veterinary,5,12436,0,4,12432,0.0,0.000321646831778707
2018,34,Veterinary,6,12436,0,4,12432,0.0,0.000321646831778707
2018,34,Veterinary,7,12436,0,4,12432,0.0,0.000321646831778707
2018,34,Veterinary,8,12436,0,4,12432,0.0,0.000321646831778707
2018,35,Dentistry,0,35032,4,0,35032,0.00011418131993605846,0.00011418131993605846
2018,35,Dentistry,1,35032,3,4,35028,8.564576909900651e-05,0.0001998173098881023
2018,35,Dentistry,2,35032,1,7,35025,2.8551034975017845e-05,0.00022836263987211693
2018,35,Dentistry,3,35032,1,8,35024,2.855185015989036e-05,0.00025690796985613156
2018,35,Dentistry,4,35032,0,9,35023,0.0,0.00025690796985613156
2018,35,Dentistry,5,35032,0,9,35023,0.0,0.00025690796985613156
2018,35,Dentistry,6,35032,1,9,35023,2.855266539131428e-05,0.00028545329984014617
2018,35,Dentistry,7,35032,0,10,35022,0.0,0.00028545329984014617
2018,35,Dentistry,8,35032,0,10,35022,0.0,0.00028545329984014617
2018,36,Health Professions,0,267254,11,0,267254,4.115934653924731e-05,4.115934653924731e-05
2018,36,Health Professions,1,267254,9,11,267243,3.367721511882444e-05,7.483517552590419e-05
2018,36,Health Professions,2,267254,3,20,267234,1.1226116437279688e-05,8.606045185478983e-05
2018,36,Health Professions,3,267254,1,23,267231,3.742080821461582e-06,8.980221063108503e-05
2018,36,Health Professions,4,267254,6,24,267230,2.2452568948097146e-05,0.0001122527632888563
2018,36,Health Professions,5,267254,1,30,267224,3.7421788462114182e-06,0.0001159945220651515
2018,36,Health Professions,6,267254,0,31,267223,0.0,0.0001159945220651515
2018,36,Health Professions,7,267254,0,31,267223,0.0,0.0001159945220651515
2018,36,Health Professions,8,267254,0,31,267223,0.0,0.0001159945220651515
2019,11,Agricultural and Biological Sciences,0,457216,22,0,457216,4.811730123180291e-05,4.811730123180291e-05
2019,11,Agricultural and Biological Sciences,1,457216,22,22,457194,4.811961661789087e-05,9.623460246360582e-05
2019,11,Agricultural and Biological Sciences,2,457216,9,44,457172,1.968624500188113e-05,0.0001159189529675252
2019,11,Agricultural and Biological Sciences,3,457216,7,53,457163,1.531182532269672e-05,0.0001312290033594625
2019,11,Agricultural and Biological Sciences,4,457216,4,60,457156,8.749748444732214e-06,0.00013997760358342665
2019,11,Agricultural and Biological Sciences,5,457216,13,64,457152,2.8436931261374774e-05,0.0001684105543113102
2019,11,Agricultural and Biological Sciences,6,457216,4,77,457139,8.75007382874793e-06,0.00017715915453527436
2019,11,Agricultural and Biological Sciences,7,457216,2,81,457135,4.375075196604942e-06,0.00018153345464725645
2019,12,Arts and Humanities,0,646836,4,0,646836,6.183947708538177e-06,6.183947708538177e-06
2019,12,Arts and Humanities,1,646836,10,4,646832,1.5459964874959806e-05,2.164381697988362e-05
2019,12,Arts and Humanities,2,646836,1,14,646822,1.546020388916889e-06,2.318980390701816e-05
2019,12,Arts and Humanities,3,646836,1,15,646821,1.5460227790996272e-06,2.4735790834152707e-05
2019,12,Arts and Humanities,4,646836,0,16,646820,0.0,2.4735790834152707e-05
2019,12,Arts and Humanities,5,646836,0,16,646820,0.0,2.4735790834152707e-05
2019,12,Arts and Humanities,6,646836,0,16,646820,0.0,2.4735790834152707e-05
2019,12,Arts and Humanities,7,646836,0,16,646820,0.0,2.4735790834152707e-05
2019,13,"Biochemistry, Genetics and Molecular Biology",0,447549,37,0,447549,8.267251183669274e-05,8.267251183669274e-05
2019,13,"Biochemistry, Genetics and Molecular Biology",1,447549,164,37,447512,0.0003664706197822628,0.00044911283457230384
2019,13,"Biochemistry, Genetics and Molecular Biology",2,447549,236,201,447348,0.0005275534930300348,0.0009764293965576953
2019,13,"Biochemistry, Genetics and Molecular Biology",3,447549,195,437,447112,0.00043613233373293494,0.0014121358778591841
2019,13,"Biochemistry, Genetics and Molecular Biology",4,447549,128,632,446917,0.0002864066482143217,0.001698138080969905
2019,13,"Biochemistry, Genetics and Molecular Biology",5,447549,112,760,446789,0.00025067761292243095,0.0019483900086917857
2019,13,"Biochemistry, Genetics and Molecular Biology",6,447549,57,872,446677,0.00012760898815027415,0.0020757503647645284
2019,13,"Biochemistry, Genetics and Molecular Biology",7,447549,6,929,446620,1.3434239398146074e-05,0.0020891567180353434
2019,14,"Business, Management and Accounting",0,346932,4,0,346932,1.152963693173302e-05,1.152963693173302e-05
2019,14,"Business, Management and Accounting",1,346932,2,4,346928,5.764884932896739e-06,1.729445539759953e-05
2019,14,"Business, Management and Accounting",2,346932,11,6,346926,3.170704991842641e-05,4.900095695986533e-05
2019,14,"Business, Management and Accounting",3,346932,28,17,346915,8.07114134586282e-05,0.00012970841548199646
2019,14,"Business, Management and Accounting",4,346932,7,45,346887,2.0179482079178522e-05,0.00014988528011252925
2019,14,"Business, Management and Accounting",5,346932,0,52,346880,0.0,0.00014988528011252925
2019,14,"Business, Management and Accounting",6,346932,6,52,346880,1.7297047970479704e-05,0.0001671797355101288
2019,14,"Business, Management and Accounting",7,346932,0,58,346874,0.0,0.0001671797355101288
2019,15,Chemical Engineering,0,21467,3,0,21467,0.00013974938277355942,0.00013974938277355942
2019,15,Chemical Engineering,1,21467,0,3,21464,0.0,0.00013974938277355942
2019,15,Chemical Engineering,2,21467,2,3,21464,9.317927692881103e-05,0.00023291563795593237
2019,15,Chemical Engineering,3,21467,0,5,21462,0.0,0.00023291563795593237
2019,15,Chemical Engineering,4,21467,0,5,21462,0.0,0.00023291563795593237
2019,15,Chemical Engineering,5,21467,0,5,21462,0.0,0.00023291563795593237
2019,15,Chemical Engineering,6,21467,1,5,21462,4.659398005777654e-05,0.00027949876554711885
2019,15,Chemical Engineering,7,21467,0,6,21461,0.0,0.00027949876554711885
2019,16,Chemistry,0,123654,6,0,123654,4.852249017419574e-05,4.852249017419574e-05
2019,16,Chemistry,1,123654,13,6,123648,0.00010513716356107661,0.0001536545522182865
2019,16,Chemistry,2,123654,6,19,123635,4.85299470214745e-05,0.00020217704239248224
2019,16,Chemistry,3,123654,10,25,123629,8.088717048588923e-05,0.0002830478593494751
2019,16,Chemistry,4,123654,22,35,123619,0.00017796617024890996,0.00046096365665485955
2019,16,Chemistry,5,123654,27,57,123597,0.00021845190417243136,0.0006793148624387403
2019,16,Chemistry,6,123654,3,84,123570,2.4277737314882253e-05,0.0007035761075258382
2019,16,Chemistry,7,123654,1,87,123567,8.092775579240413e-06,0.0007116631892215375
2019,17,Computer Science,0,647262,32,0,647262,4.94390216017625e-05,4.94390216017625e-05
2019,17,Computer Science,1,647262,24,32,647230,3.7081099454598826e-05,8.651828780308437e-05
2019,17,Computer Science,2,647262,31,56,647206,4.789819624663554e-05,0.0001344123399797918
2019,17,Computer Science,3,647262,63,87,647175,9.734615830339552e-05,0.00023174541375826173
2019,17,Computer Science,4,647262,26,150,647112,4.017851623830187e-05,0.00027191461880969375
2019,17,Computer Science,5,647262,38,176,647086,5.872480628540874e-05,0.0003306234569617867
2019,17,Computer Science,6,647262,66,214,647048,0.00010200170621035842,0.0004325914390154219
2019,17,Computer Science,7,647262,1,280,646982,1.5456380548454207e-06,0.000434136408440477
2019,18,Decision Sciences,0,109207,2,0,109207,1.8313844350636865e-05,1.8313844350636865e-05
2019,18,Decision Sciences,1,109207,0,2,109205,0.0,1.8313844350636865e-05
2019,18,Decision Sciences,2,109207,3,2,109205,2.7471269630511425e-05,4.578461087659216e-05
2019,18,Decision Sciences,3,109207,11,5,109202,0.00010073075584696251,0.00014651075480509492
2019,18,Decision Sciences,4,109207,1,16,109191,9.15826395948384e-06,0.00015566767698041334
2019,18,Decision Sciences,5,109207,2,17,109190,1.8316695668101476e-05,0.00017398152133105022
2019,18,Decision Sciences,6,109207,54,19,109188,0.0004945598417408506,0.0006684553187982455
2019,18,Decision Sciences,7,109207,0,73,109134,0.0,0.0006684553187982455
2019,19,Earth and Planetary Sciences,0,160361,5,0,160361,3.1179650912628384e-05,3.1179650912628384e-05
2019,19,Earth and Planetary Sciences,1,160361,6,5,160356,3.741674773628676e-05,6.859523200778244e-05
2019,19,Earth and Planetary Sciences,2,160361,3,11,160350,1.8709073900841907e-05,8.730302255535946e-05
2019,19,Earth and Planetary Sciences,3,160361,0,14,160347,0.0,8.730302255535946e-05
2019,19,Earth and Planetary Sciences,4,160361,0,14,160347,0.0,8.730302255535946e-05
2019,19,Earth and Planetary Sciences,5,160361,1,14,160347,6.236474645612328e-06,9.353895273788515e-05
2019,19,Earth and Planetary Sciences,6,160361,1,15,160346,6.236513539470894e-06,9.977488292041083e-05
2019,19,Earth and Planetary Sciences,7,160361,0,16,160345,0.0,9.977488292041083e-05
2019,20,"Economics, Econometrics and Finance",0,337381,16,0,337381,4.742412880393383e-05,4.742412880393383e-05
2019,20,"Economics, Econometrics and Finance",1,337381,6,16,337365,1.7784891734471567e-05,6.520817710540902e-05
2019,20,"Economics, Econometrics and Finance",2,337381,1,22,337359,2.964201340411846e-06,6.817218515565488e-05
2019,20,"Economics, Econometrics and Finance",3,337381,1,23,337358,2.964210126927478e-06,7.113619320590075e-05
2019,20,"Economics, Econometrics and Finance",4,337381,0,24,337357,0.0,7.113619320590075e-05
2019,20,"Economics, Econometrics and Finance",5,337381,1,24,337357,2.9642189134951994e-06,7.410020125614661e-05
2019,20,"Economics, Econometrics and Finance",6,337381,1,25,337356,2.964227700115012e-06,7.706420930639248e-05
2019,20,"Economics, Econometrics and Finance",7,337381,2,26,337355,5.928472973573832e-06,8.29922254068842e-05
2019,21,Energy,0,66578,2,0,66578,3.0039953137673105e-05,3.0039953137673105e-05
2019,21,Energy,1,66578,3,2,66576,4.506128334534967e-05,7.509988284418276e-05
2019,21,Energy,2,66578,6,5,66573,9.012662791221666e-05,0.00016521974225720208
2019,21,Energy,3,66578,3,11,66567,4.5067375726711436e-05,0.00021027967196371174
2019,21,Energy,4,66578,3,14,66564,4.506940688660537e-05,0.0002553396016702214
2019,21,Energy,5,66578,5,17,66561,7.511906371598984e-05,0.00033043948451440416
2019,21,Energy,6,66578,4,22,66556,6.009976561091412e-05,0.00039051939078975037
2019,21,Energy,7,66578,4,26,66552,6.0103377809832915e-05,0.0004505992970650966
2019,22,Engineering,0,1644607,57,0,1644607,3.465873609926262e-05,3.465873609926262e-05
2019,22,Engineering,1,1644607,64,57,1644550,3.8916420905414856e-05,7.357380821071539e-05
2019,22,Engineering,2,1644607,62,121,1644486,3.770174996929132e-05,0.00011127278431868525
2019,22,Engineering,3,1644607,51,183,1644424,3.101389909171844e-05,0.0001422832324074992
2019,22,Engineering,4,1644607,25,234,1644373,1.5203363227199667e-05,0.0001574844324510354
2019,22,Engineering,5,1644607,35,259,1644348,2.128503212215419e-05,0.00017876611251198615
2019,22,Engineering,6,1644607,29,294,1644313,1.7636544867066062e-05,0.0001963995045624882
2019,22,Engineering,7,1644607,5,323,1644284,3.0408372276322095e-06,0.00019943974457119543
2019,23,Environmental Science,0,469501,19,0,469501,4.046849740469136e-05,4.046849740469136e-05
2019,23,Environmental Science,1,469501,16,19,469482,3.4080113827580187e-05,7.454723206127356e-05
2019,23,Environmental Science,2,469501,8,35,469466,1.7040637660661262e-05,9.158659938956466e-05
2019,23,Environmental Science,3,469501,3,43,469458,6.39034801835308e-06,9.797636213767382e-05
2019,23,Environmental Science,4,469501,3,46,469455,6.390388855161836e-06,0.00010436612488578299
2019,23,Environmental Science,5,469501,8,49,469452,1.704114584664673e-05,0.00012140549221407409
2019,23,Environmental Science,6,469501,7,57,469444,1.4911256720716422e-05,0.0001363149386263288
2019,23,Environmental Science,7,469501,7,64,469437,1.4911479069608914e-05,0.00015122438503858352
2019,24,Immunology and Microbiology,0,74445,9,0,74445,0.00012089462018940157,0.00012089462018940157
2019,24,Immunology and Microbiology,1,74445,11,9,74436,0.00014777795690257403,0.0002686547115320035
2019,24,Immunology and Microbiology,2,74445,10,20,74425,0.0001343634531407457,0.00040298206729800525
2019,24,Immunology and Microbiology,3,74445,7,30,74415,9.406705637304307e-05,0.0004970112163342064
2019,24,Immunology and Microbiology,4,74445,4,37,74408,5.375766046661649e-05,0.0005507421586406072
2019,24,Immunology and Microbiology,5,74445,5,41,74404,6.72006881350465e-05,0.0006179058365236081
2019,24,Immunology and Microbiology,6,74445,4,46,74399,5.376416349682119e-05,0.0006716367788300087
2019,24,Immunology and Microbiology,7,74445,1,50,74395,1.344176355937899e-05,0.000685069514406609
2019,25,Materials Science,0,298134,15,0,298134,5.031294652740043e-05,5.031294652740043e-05
2019,25,Materials Science,1,298134,20,15,298119,6.708730406314257e-05,0.000117396875230601
2019,25,Materials Science,2,298134,18,35,298099,6.038262456432259e-05,0.00017777241106348152
2019,25,Materials Science,3,298134,8,53,298081,2.683834259815285e-05,0.00020460598254476176
2019,25,Materials Science,4,298134,2,61,298073,6.709765728529589e-06,0.0002113143754150818
2019,25,Materials Science,5,298134,11,63,298071,3.690395912383291e-05,0.0002482105362018421
2019,25,Materials Science,6,298134,11,74,298060,3.690532107629337e-05,0.00028510669698860244
2019,25,Materials Science,7,298134,4,85,298049,1.3420612047012403e-05,0.00029852348272924257
2019,26,Mathematics,0,119855,6,0,119855,5.006048975845814e-05,5.006048975845814e-05
2019,26,Mathematics,1,119855,8,6,119849,6.6750661248738e-05,0.00011680780943640233
2019,26,Mathematics,2,119855,6,14,119841,5.006633789771447e-05,0.00016686829919486046
2019,26,Mathematics,3,119855,0,20,119835,0.0,0.00016686829919486046
2019,26,Mathematics,4,119855,3,20,119835,2.5034422330704718e-05,0.00019189854407408952
2019,26,Mathematics,5,119855,0,23,119832,0.0,0.00019189854407408952
2019,26,Mathematics,6,119855,1,23,119832,8.345016356232058e-06,0.00020024195903383256
2019,26,Mathematics,7,119855,1,24,119831,8.34508599611119e-06,0.00020858537399357557
2019,27,Medicine,0,1498614,122,0,1498614,8.140855483800364e-05,8.140855483800364e-05
2019,27,Medicine,1,1498614,129,122,1498492,8.608654567391751e-05,0.00016748809233064685
2019,27,Medicine,2,1498614,103,251,1498363,6.874168676081831e-05,0.00023621826567748599
2019,27,Medicine,3,1498614,101,354,1498260,6.741153070895573e-05,0.000303613872551571
2019,27,Medicine,4,1498614,80,455,1498159,5.339887154834701e-05,0.0003569965314617373
2019,27,Medicine,5,1498614,82,535,1498079,5.473676621860396e-05,0.0004117137568446578
2019,27,Medicine,6,1498614,56,617,1497997,3.73832524364201e-05,0.00044908161808177423
2019,27,Medicine,7,1498614,6,673,1497941,4.005498213881588e-06,0.0004530853175000367
2019,28,Neuroscience,0,124970,14,0,124970,0.00011202688645274866,0.00011202688645274866
2019,28,Neuroscience,1,124970,21,14,124956,0.00016805915682320178,0.0002800672161318716
2019,28,Neuroscience,2,124970,11,35,124935,8.804578380757994e-05,0.00036808834120188844
2019,28,Neuroscience,3,124970,10,46,124924,8.00486695911114e-05,0.00044810754581099465
2019,28,Neuroscience,4,124970,8,56,124914,6.404406231487263e-05,0.0005121229094982796
2019,28,Neuroscience,5,124970,7,64,124906,5.6042143692056426e-05,0.000568136352724654
2019,28,Neuroscience,6,124970,6,71,124899,4.803881536281315e-05,0.0006161478754901176
2019,28,Neuroscience,7,124970,0,77,124893,0.0,0.0006161478754901176
2019,29,Nursing,0,41162,3,0,41162,7.28827559399446e-05,7.28827559399446e-05
2019,29,Nursing,1,41162,0,3,41159,0.0,7.28827559399446e-05
2019,29,Nursing,2,41162,2,3,41159,4.8592045482154574e-05,0.00012147125989990768
2019,29,Nursing,3,41162,1,5,41157,2.4297203391889595e-05,0.0001457655118798892
2019,29,Nursing,4,41162,1,6,41156,2.4297793760326562e-05,0.00017005976385987075
2019,29,Nursing,5,41162,1,7,41155,2.429838415745353e-05,0.0001943540158398523
2019,29,Nursing,6,41162,0,8,41154,0.0,0.0001943540158398523
2019,29,Nursing,7,41162,0,8,41154,0.0,0.0001943540158398523
2019,30,"Pharmacology, Toxicology and Pharmaceutics",0,28809,2,0,28809,6.942274983512097e-05,6.942274983512097e-05
2019,30,"Pharmacology, Toxicology and Pharmaceutics",1,28809,4,2,28807,0.00013885513937584614,0.0002082682495053629
2019,30,"Pharmacology, Toxicology and Pharmaceutics",2,28809,5,6,28803,0.0001735930285039753,0.00038182512409316535
2019,30,"Pharmacology, Toxicology and Pharmaceutics",3,28809,4,11,28798,0.00013889853462045976,0.0005206706237634072
2019,30,"Pharmacology, Toxicology and Pharmaceutics",4,28809,2,15,28794,6.94589150517469e-05,0.0005900933735985283
2019,30,"Pharmacology, Toxicology and Pharmaceutics",5,28809,2,17,28792,6.94637399277577e-05,0.0006595161234336492
2019,30,"Pharmacology, Toxicology and Pharmaceutics",6,28809,3,19,28790,0.00010420284821118444,0.0007636502481863307
2019,30,"Pharmacology, Toxicology and Pharmaceutics",7,28809,0,22,28787,0.0,0.0007636502481863307
2019,31,Physics and Astronomy,0,234382,9,0,234382,3.839885315425246e-05,3.839885315425246e-05
2019,31,Physics and Astronomy,1,234382,12,9,234373,5.1200436910394966e-05,8.959732402658908e-05
2019,31,Physics and Astronomy,2,234382,4,21,234361,1.7067686176454274e-05,0.00010666348098403462
2019,31,Physics and Astronomy,3,234382,2,25,234357,8.533988743668846e-06,0.00011519655946275738
2019,31,Physics and Astronomy,4,234382,1,27,234355,4.267030786627126e-06,0.00011946309870211876
2019,31,Physics and Astronomy,5,234382,0,28,234354,0.0,0.00011946309870211876
2019,31,Physics and Astronomy,6,234382,1,28,234354,4.267048994256552e-06,0.00012372963794148015
2019,31,Physics and Astronomy,7,234382,0,29,234353,0.0,0.00012372963794148015
2019,32,Psychology,0,293910,6,0,293910,2.0414412575278145e-05,2.0414412575278145e-05
2019,32,Psychology,1,293910,15,6,293904,5.103707333006696e-05,7.14504440134735e-05
2019,32,Psychology,2,293910,6,21,293889,2.0415871298347335e-05,9.186485658875166e-05
2019,32,Psychology,3,293910,3,27,293883,1.0208144057328937e-05,0.00010207206287639073
2019,32,Psychology,4,293910,2,30,293880,6.805498843065197e-06,0.00010887686706815011
2019,32,Psychology,5,293910,2,32,293878,6.805545158194897e-06,0.00011568167125990949
2019,32,Psychology,6,293910,2,34,293876,6.805591473955001e-06,0.00012248647545166889
2019,32,Psychology,7,293910,0,36,293874,0.0,0.00012248647545166889
2019,33,Social Sciences,0,1792679,20,0,1792679,1.1156487023053206e-05,1.1156487023053206e-05
2019,33,Social Sciences,1,1792679,31,20,1792659,1.729274781204903e-05,2.8449041908785678e-05
2019,33,Social Sciences,2,1792679,16,51,1792628,8.925443538759855e-06,3.737423152722824e-05
2019,33,Social Sciences,3,1792679,8,67,1792612,4.462761601506628e-06,4.183682633644953e-05
2019,33,Social Sciences,4,1792679,5,75,1792604,2.7892384486478888e-06,4.4625948092212825e-05
2019,33,Social Sciences,5,1792679,2,80,1792599,1.1156984914082848e-06,4.574159679451815e-05
2019,33,Social Sciences,6,1792679,6,82,1792597,3.347099208578392e-06,4.908854290143411e-05
2019,33,Social Sciences,7,1792679,0,88,1792591,0.0,4.908854290143411e-05
2019,34,Veterinary,0,12931,0,0,12931,0.0,0.0
2019,34,Veterinary,1,12931,1,0,12931,7.733353955610548e-05,7.733353955610548e-05
2019,34,Veterinary,2,12931,0,1,12930,0.0,7.733353955610548e-05
2019,34,Veterinary,3,12931,0,1,12930,0.0,7.733353955610548e-05
2019,34,Veterinary,4,12931,0,1,12930,0.0,7.733353955610548e-05
2019,34,Veterinary,5,12931,1,1,12930,7.733952049497293e-05,0.00015466707911221097
2019,34,Veterinary,6,12931,0,2,12929,0.0,0.00015466707911221097
2019,34,Veterinary,7,12931,0,2,12929,0.0,0.00015466707911221097
2019,35,Dentistry,0,35813,1,0,35813,2.792282132186636e-05,2.792282132186636e-05
2019,35,Dentistry,1,35813,1,1,35812,2.7923601027588518e-05,5.584564264373272e-05
2019,35,Dentistry,2,35813,1,2,35811,2.7924380776856273e-05,8.376846396559908e-05
2019,35,Dentistry,3,35813,0,3,35810,0.0,8.376846396559908e-05
2019,35,Dentistry,4,35813,0,3,35810,0.0,8.376846396559908e-05
2019,35,Dentistry,5,35813,2,3,35810,5.585032113934655e-05,0.0001396141066093318
2019,35,Dentistry,6,35813,1,5,35808,2.7926720285969615e-05,0.00016753692793119817
2019,35,Dentistry,7,35813,0,6,35807,0.0,0.00016753692793119817
2019,36,Health Professions,0,275241,9,0,275241,3.269861684850731e-05,3.269861684850731e-05
2019,36,Health Professions,1,275241,8,9,275232,2.9066387629345423e-05,6.176405404718047e-05
2019,36,Health Professions,2,275241,3,17,275224,1.0900212190797314e-05,7.26635929966829e-05
2019,36,Health Professions,3,275241,6,20,275221,2.1800662013436476e-05,9.446267089568778e-05
2019,36,Health Professions,4,275241,4,26,275215,1.45340915284414e-05,0.00010899538949502436
2019,36,Health Professions,5,275241,2,30,275211,7.2671513856640906e-06,0.00011626174879469265
2019,36,Health Professions,6,275241,5,32,275209,1.816801049384286e-05,0.00013442764704386337
2019,36,Health Professions,7,275241,1,37,275204,3.633668115289022e-06,0.00013806082669369754
2020,11,Agricultural and Biological Sciences,0,455904,21,0,455904,4.6062328911349756e-05,4.6062328911349756e-05
2020,11,Agricultural and Biological Sciences,1,455904,24,21,455883,5.264508656826422e-05,9.870499052432091e-05
2020,11,Agricultural and Biological Sciences,2,455904,22,45,455859,4.826053670104133e-05,0.00014696076366954447
2020,11,Agricultural and Biological Sciences,3,455904,7,67,455837,1.5356366420452926e-05,0.00016231487330666105
2020,11,Agricultural and Biological Sciences,4,455904,24,74,455830,5.265120768707632e-05,0.0002149575349196322
2020,11,Agricultural and Biological Sciences,5,455904,6,98,455806,1.3163494995677985e-05,0.000228118200322875
2020,11,Agricultural and Biological Sciences,6,455904,2,104,455800,4.387889425186485e-06,0.0002325050887906226
2020,12,Arts and Humanities,0,657178,5,0,657178,7.608288774122079e-06,7.608288774122079e-06
2020,12,Arts and Humanities,1,657178,4,5,657173,6.086677328496454e-06,1.3694919793419743e-05
2020,12,Arts and Humanities,2,657178,3,9,657169,4.56503578227214e-06,1.825989305789299e-05
2020,12,Arts and Humanities,3,657178,0,12,657166,0.0,1.825989305789299e-05
2020,12,Arts and Humanities,4,657178,0,12,657166,0.0,1.825989305789299e-05
2020,12,Arts and Humanities,5,657178,0,12,657166,0.0,1.825989305789299e-05
2020,12,Arts and Humanities,6,657178,3,12,657166,4.565056621918967e-06,2.2824866322366238e-05
2020,13,"Biochemistry, Genetics and Molecular Biology",0,506429,138,0,506429,0.00027249624330360226,0.00027249624330360226
2020,13,"Biochemistry, Genetics and Molecular Biology",1,506429,194,138,506291,0.0003831788437874661,0.0006555706722956229
2020,13,"Biochemistry, Genetics and Molecular Biology",2,506429,182,332,506097,0.0003596148564405638,0.0010149497757829824
2020,13,"Biochemistry, Genetics and Molecular Biology",3,506429,152,514,505915,0.00030044572704901023,0.0013150905655086892
2020,13,"Biochemistry, Genetics and Molecular Biology",4,506429,170,666,505763,0.000336125813869342,0.0016507743434913877
2020,13,"Biochemistry, Genetics and Molecular Biology",5,506429,49,836,505593,9.691589875650969e-05,0.0017475302559687537
2020,13,"Biochemistry, Genetics and Molecular Biology",6,506429,5,885,505544,9.890335954931717e-06,0.0017574033082623625
2020,14,"Business, Management and Accounting",0,339377,6,0,339377,1.7679453822739904e-05,1.7679453822739904e-05
2020,14,"Business, Management and Accounting",1,339377,23,6,339371,6.777243783352143e-05,8.54506934765762e-05
2020,14,"Business, Management and Accounting",2,339377,57,29,339348,0.00016796916439760953,0.0002534055047926053
2020,14,"Business, Management and Accounting",3,339377,14,86,339291,4.126251506818631e-05,0.00029465756371233173
2020,14,"Business, Management and Accounting",4,339377,15,100,339277,4.421166185742034e-05,0.00033885619826918146
2020,14,"Business, Management and Accounting",5,339377,6,115,339262,1.7685446645955045e-05,0.00035653565209192137
2020,14,"Business, Management and Accounting",6,339377,0,121,339256,0.0,0.00035653565209192137
2020,15,Chemical Engineering,0,23822,3,0,23822,0.00012593401057845688,0.00012593401057845688
2020,15,Chemical Engineering,1,23822,4,3,23819,0.0001679331626012847,0.0002938460246830661
2020,15,Chemical Engineering,2,23822,2,7,23815,8.398068444257821e-05,0.0003778020317353707
2020,15,Chemical Engineering,3,23822,0,9,23813,0.0,0.0003778020317353707
2020,15,Chemical Engineering,4,23822,2,9,23813,8.398773779028262e-05,0.00046175803878767527
2020,15,Chemical Engineering,5,23822,0,11,23811,0.0,0.00046175803878767527
2020,15,Chemical Engineering,6,23822,1,11,23811,4.199739616143799e-05,0.0005037360423138275
2020,16,Chemistry,0,141796,12,0,141796,8.462862139975739e-05,8.462862139975739e-05
2020,16,Chemistry,1,141796,10,12,141784,7.052982000789934e-05,0.0001551524725662219
2020,16,Chemistry,2,141796,14,22,141774,9.874871273999464e-05,0.0002538858641992722
2020,16,Chemistry,3,141796,58,36,141760,0.0004091422121896162,0.0006629242009647663
2020,16,Chemistry,4,141796,51,94,141702,0.0003599102341533641,0.0010225958419137352
2020,16,Chemistry,5,141796,3,145,141651,2.1178812715759155e-05,0.0010437529972636746
2020,16,Chemistry,6,141796,2,148,141648,1.4119507511577997e-05,0.0010578577674969674
2020,17,Computer Science,0,688986,44,0,688986,6.386196526489653e-05,6.386196526489653e-05
2020,17,Computer Science,1,688986,65,44,688942,9.434756481677703e-05,0.0001582035048607664
2020,17,Computer Science,2,688986,337,109,688877,0.00048920199106662,0.0006473281024578148
2020,17,Computer Science,3,688986,48,446,688540,6.971272547709646e-05,0.000716995700928611
2020,17,Computer Science,4,688986,88,494,688492,0.00012781557374668114,0.0008447196314584041
2020,17,Computer Science,5,688986,31,582,688404,4.5031696503797186e-05,0.0008897132888041266
2020,17,Computer Science,6,688986,6,613,688373,8.71620473202755e-06,0.0008984217386129762
2020,18,Decision Sciences,0,110414,4,0,110414,3.622729001757024e-05,3.622729001757024e-05
2020,18,Decision Sciences,1,110414,7,4,110410,6.340005434290372e-05,9.962504754831814e-05
2020,18,Decision Sciences,2,110414,20,11,110403,0.0001811544976132895,0.00028076149763616934
2020,18,Decision Sciences,3,110414,6,31,110383,5.435619615339318e-05,0.00033510243266252467
2020,18,Decision Sciences,4,110414,7,37,110377,6.341900939507324e-05,0.00039850019019327257
2020,18,Decision Sciences,5,110414,32,44,110370,0.0002899338588384525,0.0006883185103338345
2020,18,Decision Sciences,6,110414,1,76,110338,9.06306077688557e-06,0.000697375332838227
2020,19,Earth and Planetary Sciences,0,178301,9,0,178301,5.0476441523042495e-05,5.0476441523042495e-05
2020,19,Earth and Planetary Sciences,1,178301,5,9,178292,2.8043883068225158e-05,7.851890903584388e-05
2020,19,Earth and Planetary Sciences,2,178301,4,14,178287,2.2435735639726958e-05,0.00010095288304608499
2020,19,Earth and Planetary Sciences,3,178301,2,18,178283,1.1218119506627105e-05,0.00011216987005120555
2020,19,Earth and Planetary Sciences,4,178301,3,20,178281,1.6827368031366213e-05,0.00012899535055888638
2020,19,Earth and Planetary Sciences,5,178301,1,23,178278,5.609217065482e-06,0.00013460384406144664
2020,19,Earth and Planetary Sciences,6,178301,1,24,178277,5.6092485289745735e-06,0.00014021233756400693
2020,20,"Economics, Econometrics and Finance",0,363193,3,0,363193,8.26007109167853e-06,8.26007109167853e-06
2020,20,"Economics, Econometrics and Finance",1,363193,10,3,363190,2.7533797736721826e-05,3.5793641397273625e-05
2020,20,"Economics, Econometrics and Finance",2,363193,7,13,363180,1.92741891073297e-05,5.506714061119019e-05
2020,20,"Economics, Econometrics and Finance",3,363193,5,20,363173,1.3767543292039882e-05,6.883392576398774e-05
2020,20,"Economics, Econometrics and Finance",4,363193,8,25,363168,2.202837254383646e-05,9.086078200846382e-05
2020,20,"Economics, Econometrics and Finance",5,363193,0,33,363160,0.0,9.086078200846382e-05
2020,20,"Economics, Econometrics and Finance",6,363193,2,33,363160,5.507214450930719e-06,9.636749606958284e-05
2020,21,Energy,0,68931,2,0,68931,2.9014521768144956e-05,2.9014521768144956e-05
2020,21,Energy,1,68931,7,2,68929,0.00010155377272265665,0.0001305653479566523
2020,21,Energy,2,68931,9,9,68922,0.00013058239749281798,0.0002611306959133046
2020,21,Energy,3,68931,3,18,68913,4.3533150494101256e-05,0.00030465247856552205
2020,21,Energy,4,68931,10,21,68910,0.00014511681903932666,0.00044972508740624684
2020,21,Energy,5,68931,4,31,68900,5.8055152394775034e-05,0.0005077541309425368
2020,21,Energy,6,68931,3,35,68896,4.354389224338133e-05,0.0005512759135947542
2020,22,Engineering,0,1620113,73,0,1620113,4.5058585419659e-05,4.5058585419659e-05
2020,22,Engineering,1,1620113,107,73,1620040,6.604775190736031e-05,0.00011110336130874822
2020,22,Engineering,2,1620113,140,180,1619933,8.642332738452763e-05,0.00019751708677110793
2020,22,Engineering,3,1620113,59,320,1619793,3.6424407316243494e-05,0.00023393429964453096
2020,22,Engineering,4,1620113,82,379,1619734,5.0625596548569085e-05,0.00028454805312962735
2020,22,Engineering,5,1620113,66,461,1619652,4.074949433582029e-05,0.0003252859522761684
2020,22,Engineering,6,1620113,6,527,1619586,3.7046504477070068e-06,0.00032898939765312664
2020,23,Environmental Science,0,563593,26,0,563593,4.613258149054371e-05,4.613258149054371e-05
2020,23,Environmental Science,1,563593,30,26,563567,5.3232357465926855e-05,9.936248321040183e-05
2020,23,Environmental Science,2,563593,23,56,563537,4.081364666383929e-05,0.00014017207452895973
2020,23,Environmental Science,3,563593,9,79,563514,1.5971209233488432e-05,0.00015614104504491717
2020,23,Environmental Science,4,563593,14,88,563505,2.4844500048801697e-05,0.00018098166584751762
2020,23,Environmental Science,5,563593,7,102,563491,1.242255865666e-05,0.00019340197624881784
2020,23,Environmental Science,6,563593,5,109,563484,8.873366413243322e-06,0.00020227362653546088
2020,24,Immunology and Microbiology,0,80520,9,0,80520,0.00011177347242921013,0.00011177347242921013
2020,24,Immunology and Microbiology,1,80520,6,9,80511,7.452397808995044e-05,0.00018628912071535022
2020,24,Immunology and Microbiology,2,80520,9,15,80505,0.00011179429849077697,0.00029806259314456036
2020,24,Immunology and Microbiology,3,80520,8,24,80496,9.938382031405287e-05,0.0003974167908594138
2020,24,Immunology and Microbiology,4,80520,7,32,80488,8.696948613457907e-05,0.0004843517138599106
2020,24,Immunology and Microbiology,5,80520,1,39,80481,1.2425292926280737e-05,0.0004967709885742673
2020,24,Immunology and Microbiology,6,80520,0,40,80480,0.0,0.0004967709885742673
2020,25,Materials Science,0,316986,22,0,316986,6.940369606228667e-05,6.940369606228667e-05
2020,25,Materials Science,1,316986,28,22,316964,8.833810779773097e-05,0.00015773567286883332
2020,25,Materials Science,2,316986,8,50,316936,2.5241689173839512e-05,0.00018297338052784666
2020,25,Materials Science,3,316986,11,58,316928,3.4708198707592895e-05,0.00021767522855898998
2020,25,Materials Science,4,316986,14,69,316917,4.4175604338044346e-05,0.00026184121696226333
2020,25,Materials Science,5,316986,20,83,316903,6.311079415467824e-05,0.00032493548610979667
2020,25,Materials Science,6,316986,8,103,316883,2.52459109513606e-05,0.00035017319376881
2020,26,Mathematics,0,145139,11,0,145139,7.578941566360524e-05,7.578941566360524e-05
2020,26,Mathematics,1,145139,19,11,145128,0.00013091891295959429,0.000206698406355287
2020,26,Mathematics,2,145139,2,30,145109,1.3782742627955537e-05,0.00022047830011230613
2020,26,Mathematics,3,145139,3,32,145107,2.067439889185222e-05,0.00024114814074783483
2020,26,Mathematics,4,145139,4,35,145104,2.7566435108611755e-05,0.0002687079282618731
2020,26,Mathematics,5,145139,3,39,145100,2.067539627842867e-05,0.0002893777688974018
2020,26,Mathematics,6,145139,0,42,145097,0.0,0.0002893777688974018
2020,27,Medicine,0,1697807,266,0,1697807,0.0001566726960131511,0.0001566726960131511
2020,27,Medicine,1,1697807,146,266,1697541,8.60067591887324e-05,0.00024266598029104605
2020,27,Medicine,2,1697807,137,412,1697395,8.071191443358794e-05,0.0003233583086887968
2020,27,Medicine,3,1697807,96,549,1697258,5.6561819122372676e-05,0.0003799018380770017
2020,27,Medicine,4,1697807,145,645,1697162,8.543674675723355e-05,0.0004653061272571028
2020,27,Medicine,5,1697807,55,790,1697017,3.24098108622365e-05,0.0004977008576357619
2020,27,Medicine,6,1697807,21,845,1696962,1.2375056129718873e-05,0.0005100697546894318
2020,28,Neuroscience,0,130785,7,0,130785,5.3522957525710136e-05,5.3522957525710136e-05
2020,28,Neuroscience,1,130785,22,7,130778,0.00016822401321323158,0.0002217379668922277
2020,28,Neuroscience,2,130785,29,29,130756,0.0002217871455229588,0.0004434759337844554
2020,28,Neuroscience,3,130785,13,58,130727,9.944387922923344e-05,0.0005428757120464885
2020,28,Neuroscience,4,130785,17,71,130714,0.0001300549290818122,0.0006728600374660702
2020,28,Neuroscience,5,130785,2,88,130697,1.530257006664269e-05,0.0006881523110448446
2020,28,Neuroscience,6,130785,0,90,130695,0.0,0.0006881523110448446
2020,29,Nursing,0,44195,1,0,44195,2.262699400384659e-05,2.262699400384659e-05
2020,29,Nursing,1,44195,3,1,44194,6.788251798886726e-05,9.050797601538636e-05
2020,29,Nursing,2,44195,5,4,44191,0.00011314521056323685,0.0002036429460346193
2020,29,Nursing,3,44195,1,9,44186,2.263160277010818e-05,0.00022626994003846588
2020,29,Nursing,4,44195,6,10,44185,0.0001357926898268643,0.0003620319040615454
2020,29,Nursing,5,44195,1,16,44179,2.2635188664297515e-05,0.00038465889806539203
2020,29,Nursing,6,44195,0,17,44178,0.0,0.00038465889806539203
2020,30,"Pharmacology, Toxicology and Pharmaceutics",0,31926,5,0,31926,0.00015661216563302638,0.00015661216563302638
2020,30,"Pharmacology, Toxicology and Pharmaceutics",1,31926,2,5,31921,6.265467873813477e-05,0.00021925703188623691
2020,30,"Pharmacology, Toxicology and Pharmaceutics",2,31926,3,7,31919,9.398790688931357e-05,0.00031322433126605275
2020,30,"Pharmacology, Toxicology and Pharmaceutics",3,31926,6,10,31916,0.00018799348289259306,0.0005011589300256844
2020,30,"Pharmacology, Toxicology and Pharmaceutics",4,31926,6,16,31910,0.0001880288310874334,0.0006890935287853161
2020,30,"Pharmacology, Toxicology and Pharmaceutics",5,31926,2,22,31904,6.268806419257773e-05,0.0007517383950385266
2020,30,"Pharmacology, Toxicology and Pharmaceutics",6,31926,0,24,31902,0.0,0.0007517383950385266
2020,31,Physics and Astronomy,0,226785,5,0,226785,2.204731353484578e-05,2.204731353484578e-05
2020,31,Physics and Astronomy,1,226785,10,5,226780,4.4095599259193934e-05,6.614194060453734e-05
2020,31,Physics and Astronomy,2,226785,4,15,226770,1.7639017506724875e-05,8.377979143241396e-05
2020,31,Physics and Astronomy,3,226785,2,19,226766,8.819664323575845e-06,9.259871684635227e-05
2020,31,Physics and Astronomy,4,226785,0,21,226764,0.0,9.259871684635227e-05
2020,31,Physics and Astronomy,5,226785,2,21,226764,8.819742110740682e-06,0.00010141764226029059
2020,31,Physics and Astronomy,6,226785,1,23,226762,4.409909949638828e-06,0.00010582710496725974
2020,32,Psychology,0,321634,19,0,321634,5.907335667249109e-05,5.907335667249109e-05
2020,32,Psychology,1,321634,18,19,321615,5.596753882748006e-05,0.00011503758930958792
2020,32,Psychology,2,321634,10,37,321597,3.109481742677948e-05,0.0001461288296635306
2020,32,Psychology,3,321634,11,47,321587,3.4205362778968055e-05,0.00018032919405286754
2020,32,Psychology,4,321634,7,58,321576,2.1767793616439038e-05,0.00020209306230062742
2020,32,Psychology,5,321634,3,65,321569,9.329257484396817e-06,0.00021142043440681023
2020,32,Psychology,6,321634,2,68,321566,6.219563013502671e-06,0.00021763868247759877
2020,33,Social Sciences,0,1858193,37,0,1858193,1.991181755608809e-05,1.991181755608809e-05
2020,33,Social Sciences,1,1858193,34,37,1858156,1.8297710203018476e-05,3.820916341843931e-05
2020,33,Social Sciences,2,1858193,49,71,1858122,2.6370711933877323e-05,6.457886774947489e-05
2020,33,Social Sciences,3,1858193,14,120,1858073,7.5346878190469375e-06,7.211306898691363e-05
2020,33,Social Sciences,4,1858193,7,134,1858059,3.7673722954976133e-06,7.5880169605633e-05
2020,33,Social Sciences,5,1858193,7,141,1858052,3.767386488645097e-06,7.964727022435237e-05
2020,33,Social Sciences,6,1858193,0,148,1858045,0.0,7.964727022435237e-05
2020,34,Veterinary,0,13090,0,0,13090,0.0,0.0
2020,34,Veterinary,1,13090,1,0,13090,7.639419404125286e-05,7.639419404125286e-05
2020,34,Veterinary,2,13090,0,1,13089,0.0,7.639419404125286e-05
2020,34,Veterinary,3,13090,0,1,13089,0.0,7.639419404125286e-05
2020,34,Veterinary,4,13090,0,1,13089,0.0,7.639419404125286e-05
2020,34,Veterinary,5,13090,1,1,13089,7.640003056001223e-05,0.00015278838808250572
2020,34,Veterinary,6,13090,0,2,13088,0.0,0.00015278838808250572
2020,35,Dentistry,0,42773,2,0,42773,4.6758469127720756e-05,4.6758469127720756e-05
2020,35,Dentistry,1,42773,7,2,42771,0.00016366229454536953,0.0002104131110747434
2020,35,Dentistry,2,42773,2,9,42764,4.6768309793284074e-05,0.0002571715802024642
2020,35,Dentistry,3,42773,0,11,42762,0.0,0.0002571715802024642
2020,35,Dentistry,4,42773,2,11,42762,4.677049717038492e-05,0.00030393004933018496
2020,35,Dentistry,5,42773,0,13,42760,0.0,0.00030393004933018496
2020,35,Dentistry,6,42773,0,13,42760,0.0,0.00030393004933018496
2020,36,Health Professions,0,292025,10,0,292025,3.424364352367092e-05,3.424364352367092e-05
2020,36,Health Professions,1,292025,5,10,292015,1.7122408095474548e-05,5.136546528550638e-05
2020,36,Health Professions,2,292025,21,15,292010,7.191534536488477e-05,0.00012327711668521532
2020,36,Health Professions,3,292025,5,36,291989,1.71239327508913e-05,0.00014039893844705077
2020,36,Health Professions,4,292025,7,41,291984,2.397391637897967e-05,0.0001643694889136204
2020,36,Health Professions,5,292025,1,48,291977,3.424927305917932e-06,0.0001677938532659875
2020,36,Health Professions,6,292025,1,49,291976,3.4249390360851575e-06,0.0001712182176183546
2021,11,Agricultural and Biological Sciences,0,425354,28,0,425354,6.582752248715188e-05,6.582752248715188e-05
2021,11,Agricultural and Biological Sciences,1,425354,76,28,425326,0.00017868646638108181,0.00024450222638084984
2021,11,Agricultural and Biological Sciences,2,425354,48,104,425250,0.00011287477954144621,0.0003573494077873959
2021,11,Agricultural and Biological Sciences,3,425354,39,152,425202,9.172111137765109e-05,0.0004490377426802146
2021,11,Agricultural and Biological Sciences,4,425354,6,191,425163,1.411223460178802e-05,0.00046314364035603286
2021,11,Agricultural and Biological Sciences,5,425354,8,197,425157,1.8816578346352052e-05,0.00048195150392379055
2021,12,Arts and Humanities,0,543881,7,0,543881,1.2870462472489387e-05,1.2870462472489387e-05
2021,12,Arts and Humanities,1,543881,14,7,543874,2.5741256246851293e-05,3.861138741746816e-05
2021,12,Arts and Humanities,2,543881,8,21,543860,1.4709667929246498e-05,5.3320487386027456e-05
2021,12,Arts and Humanities,3,543881,0,29,543852,0.0,5.3320487386027456e-05
2021,12,Arts and Humanities,4,543881,2,29,543852,3.6774710766899817e-06,5.6997762378167286e-05
2021,12,Arts and Humanities,5,543881,0,31,543850,0.0,5.6997762378167286e-05
2021,13,"Biochemistry, Genetics and Molecular Biology",0,475273,70,0,475273,0.00014728377164282424,0.00014728377164282424
2021,13,"Biochemistry, Genetics and Molecular Biology",1,475273,128,70,475203,0.0002693585688642538,0.0004166026683611314
2021,13,"Biochemistry, Genetics and Molecular Biology",2,475273,237,198,475075,0.000498868599694785,0.000915263438066122
2021,13,"Biochemistry, Genetics and Molecular Biology",3,475273,171,435,474838,0.00036012282083573764,0.0012750566516507354
2021,13,"Biochemistry, Genetics and Molecular Biology",4,475273,47,606,474667,9.901678439832556e-05,0.0013739471840394889
2021,13,"Biochemistry, Genetics and Molecular Biology",5,475273,9,653,474620,1.8962538451814083e-05,0.0013928836689649949
2021,14,"Business, Management and Accounting",0,294407,22,0,294407,7.472648408495722e-05,7.472648408495722e-05
2021,14,"Business, Management and Accounting",1,294407,143,22,294385,0.00048575844557297417,0.0005604486306371792
2021,14,"Business, Management and Accounting",2,294407,134,165,294242,0.0004554074537285636,0.0010156008518819185
2021,14,"Business, Management and Accounting",3,294407,30,299,294108,0.00010200334570973928,0.0011175006029068603
2021,14,"Business, Management and Accounting",4,294407,8,329,294078,2.7203667054318923e-05,0.0011446738698468446
2021,14,"Business, Management and Accounting",5,294407,8,337,294070,2.720440711395246e-05,0.0011718471367868292
2021,15,Chemical Engineering,0,21220,0,0,21220,0.0,0.0
2021,15,Chemical Engineering,1,21220,0,0,21220,0.0,0.0
2021,15,Chemical Engineering,2,21220,2,0,21220,9.425070688030161e-05,9.425070688030161e-05
2021,15,Chemical Engineering,3,21220,1,2,21218,4.712979545668772e-05,0.0001413760603204524
2021,15,Chemical Engineering,4,21220,1,3,21217,4.713201677899797e-05,0.00018850141376060322
2021,15,Chemical Engineering,5,21220,0,4,21216,0.0,0.00018850141376060322
2021,16,Chemistry,0,128445,17,0,128445,0.00013235236871812837,0.00013235236871812837
2021,16,Chemistry,1,128445,9,17,128428,7.007817609867007e-05,0.00020242126980419634
2021,16,Chemistry,2,128445,37,26,128419,0.000288119359284841,0.0004904823076024758
2021,16,Chemistry,3,128445,31,63,128382,0.00024146687230297082,0.0007318307446767099
2021,16,Chemistry,4,128445,6,94,128351,4.674681147790044e-05,0.0007785433454007552
2021,16,Chemistry,5,128445,2,100,128345,1.558299894814757e-05,0.0007941142123087703
2021,17,Computer Science,0,650193,97,0,650193,0.0001491864723243714,0.0001491864723243714
2021,17,Computer Science,1,650193,644,97,650096,0.0009906229233836233,0.0011396616081686514
2021,17,Computer Science,2,650193,620,741,649452,0.0009546509980722209,0.0020932246271491697
2021,17,Computer Science,3,650193,188,1361,648832,0.00028975143026237915,0.0023823695425819716
2021,17,Computer Science,4,650193,24,1549,648644,3.700026516856704e-05,0.002419281659445734
2021,17,Computer Science,5,650193,16,1573,648620,2.4667756159230367e-05,0.0024438897373549083
2021,18,Decision Sciences,0,97642,6,0,97642,6.144896663321112e-05,6.144896663321112e-05
2021,18,Decision Sciences,1,97642,37,6,97636,0.00037895858085132536,0.0004403842608713463
2021,18,Decision Sciences,2,97642,87,43,97599,0.000891402575846064,0.0013313942770529076
2021,18,Decision Sciences,3,97642,14,130,97512,0.00014357207318073674,0.0014747751991970668
2021,18,Decision Sciences,4,97642,30,144,97498,0.0003076986194588607,0.0017820200323631224
2021,18,Decision Sciences,5,97642,19,174,97468,0.00019493577379242418,0.0019766084267016245
2021,19,Earth and Planetary Sciences,0,192302,76,0,192302,0.00039521169826626867,0.00039521169826626867
2021,19,Earth and Planetary Sciences,1,192302,10,76,192226,5.2022098987649957e-05,0.00044721323751183037
2021,19,Earth and Planetary Sciences,2,192302,14,86,192216,7.283472759811879e-05,0.0005200153924556167
2021,19,Earth and Planetary Sciences,3,192302,3,100,192202,1.560857847472971e-05,0.0005356158542292852
2021,19,Earth and Planetary Sciences,4,192302,2,103,192199,1.0405881404169637e-05,0.0005460161620783975
2021,19,Earth and Planetary Sciences,5,192302,1,105,192197,5.20299484383211e-06,0.0005512163160029537
2021,20,"Economics, Econometrics and Finance",0,323622,13,0,323622,4.0170322165983774e-05,4.0170322165983774e-05
2021,20,"Economics, Econometrics and Finance",1,323622,29,13,323609,8.96143185140092e-05,0.00012978104084394756
2021,20,"Economics, Econometrics and Finance",2,323622,45,42,323580,0.0001390691637307621,0.0002688321560338914
2021,20,"Economics, Econometrics and Finance",3,323622,44,87,323535,0.0001359976509496654,0.0004047932464418365
2021,20,"Economics, Econometrics and Finance",4,323622,13,131,323491,4.018658942598094e-05,0.0004449635686078202
2021,20,"Economics, Econometrics and Finance",5,323622,2,144,323478,6.182800685054316e-06,0.00045114361817181776
2021,21,Energy,0,68013,3,0,68013,4.410921441489127e-05,4.410921441489127e-05
2021,21,Energy,1,68013,8,3,68010,0.00011762976032936333,0.00016173378618793466
2021,21,Energy,2,68013,9,11,68002,0.00013234904855739536,0.0002940614294326085
2021,21,Energy,3,68013,1,20,67993,1.4707396349624226e-05,0.0003087645009042389
2021,21,Energy,4,68013,13,21,67992,0.00019119896458406871,0.0004999044300354344
2021,21,Energy,5,68013,4,34,67979,5.8841701113579196e-05,0.0005587167159219561
2021,22,Engineering,0,1361963,101,0,1361963,7.415766801300769e-05,7.415766801300769e-05
2021,22,Engineering,1,1361963,233,101,1361862,0.0001710892880482751,0.0002452342684786591
2021,22,Engineering,2,1361963,338,334,1361629,0.00024823208083846627,0.0004934054743043681
2021,22,Engineering,3,1361963,100,672,1361291,7.345967908404596e-05,0.0005668289079806132
2021,22,Engineering,4,1361963,56,772,1361191,4.114044245076554e-05,0.0006079460308393106
2021,22,Engineering,5,1361963,17,828,1361135,1.2489576713551559e-05,0.0006204280145642723
2021,23,Environmental Science,0,573804,166,0,573804,0.00028929739074666613,0.00028929739074666613
2021,23,Environmental Science,1,573804,72,166,573638,0.00012551469742241622,0.0004147757770946177
2021,23,Environmental Science,2,573804,52,238,573566,9.066088296726095e-05,0.0005053990561236938
2021,23,Environmental Science,3,573804,40,290,573514,6.974546392938969e-05,0.0005751092707614447
2021,23,Environmental Science,4,573804,9,330,573474,1.56938239571454e-05,0.0005907940690549386
2021,23,Environmental Science,5,573804,7,339,573465,1.2206499088872033e-05,0.000602993356616545
2021,24,Immunology and Microbiology,0,74144,10,0,74144,0.00013487268018990073,0.00013487268018990073
2021,24,Immunology and Microbiology,1,74144,7,10,74134,9.442361129845955e-05,0.00022928355632283125
2021,24,Immunology and Microbiology,2,74144,22,17,74127,0.000296787945013288,0.0005260034527406128
2021,24,Immunology and Microbiology,3,74144,14,39,74105,0.00018892112543013293,0.0007148252050064739
2021,24,Immunology and Microbiology,4,74144,5,53,74091,6.748457977352175e-05,0.0007822615451014243
2021,24,Immunology and Microbiology,5,74144,1,58,74086,1.349782684987717e-05,0.0007957488131204143
2021,25,Materials Science,0,285109,21,0,285109,7.365604032142093e-05,7.365604032142093e-05
2021,25,Materials Science,1,285109,36,21,285088,0.0001262767987428443,0.0001999235380152854
2021,25,Materials Science,2,285109,31,57,285052,0.00010875208733845052,0.0003086538832516687
2021,25,Materials Science,3,285109,20,88,285021,7.017026815567975e-05,0.0003788024930815934
2021,25,Materials Science,4,285109,28,108,285001,9.82452693148445e-05,0.0004770105468434879
2021,25,Materials Science,5,285109,5,136,284973,1.7545521856456576e-05,0.0004945476993009691
2021,26,Mathematics,0,139497,9,0,139497,6.451751650573131e-05,6.451751650573131e-05
2021,26,Mathematics,1,139497,6,9,139488,4.301445285615967e-05,0.00010752919417621884
2021,26,Mathematics,2,139497,27,15,139482,0.00019357336430507162,0.00030108174369341276
2021,26,Mathematics,3,139497,8,42,139455,5.736617546878922e-05,0.0003584306472540628
2021,26,Mathematics,4,139497,3,50,139447,2.1513549950877395e-05,0.0003799364860893066
2021,26,Mathematics,5,139497,0,53,139444,0.0,0.0003799364860893066
2021,27,Medicine,0,1632379,168,0,1632379,0.00010291727595123436,0.00010291727595123436
2021,27,Medicine,1,1632379,237,168,1632211,0.00014520181520648984,0.00024810414738244
2021,27,Medicine,2,1632379,661,405,1631974,0.0004050309625030791,0.0006530346200239038
2021,27,Medicine,3,1632379,272,1066,1631313,0.00016673685552680571,0.0008196625906116166
2021,27,Medicine,4,1632379,50,1338,1631041,3.065526862905347e-05,0.0008502927322637696
2021,27,Medicine,5,1632379,18,1388,1630991,1.10362350252086e-05,0.0008613195832585447
2021,28,Neuroscience,0,128943,13,0,128943,0.00010081974205656763,0.00010081974205656763
2021,28,Neuroscience,1,128943,27,13,128930,0.0002094159621500039,0.00031021459094328504
2021,28,Neuroscience,2,128943,57,40,128903,0.00044219296680449643,0.0007522703830374662
2021,28,Neuroscience,3,128943,32,97,128846,0.00024835850550269315,0.001000442055792094
2021,28,Neuroscience,4,128943,6,129,128814,4.657878801993572e-05,0.0010469742444335869
2021,28,Neuroscience,5,128943,3,135,128808,2.32904788522452e-05,0.0010702403387543333
2021,29,Nursing,0,40775,3,0,40775,7.357449417535255e-05,7.357449417535255e-05
2021,29,Nursing,1,40775,1,3,40772,2.4526635926616306e-05,9.809932556713672e-05
2021,29,Nursing,2,40775,9,4,40771,0.00022074513747516618,0.0003188228080931944
2021,29,Nursing,3,40775,4,13,40762,9.813061184436484e-05,0.0004169221336603311
2021,29,Nursing,4,40775,1,17,40758,2.4535060601599685e-05,0.0004414469650521153
2021,29,Nursing,5,40775,0,18,40757,0.0,0.0004414469650521153
2021,30,"Pharmacology, Toxicology and Pharmaceutics",0,29431,2,0,29431,6.795555706567905e-05,6.795555706567905e-05
2021,30,"Pharmacology, Toxicology and Pharmaceutics",1,29431,7,2,29429,0.0002378606136803833,0.0003058000067955557
2021,30,"Pharmacology, Toxicology and Pharmaceutics",2,29431,11,9,29422,0.0003738698932771396,0.0006795555706567905
2021,30,"Pharmacology, Toxicology and Pharmaceutics",3,29431,1,20,29411,3.4000884022984596e-05,0.0007135333491896299
2021,30,"Pharmacology, Toxicology and Pharmaceutics",4,29431,0,21,29410,0.0,0.0007135333491896299
2021,30,"Pharmacology, Toxicology and Pharmaceutics",5,29431,0,21,29410,0.0,0.0007135333491896299
2021,31,Physics and Astronomy,0,214442,5,0,214442,2.3316327958142528e-05,2.3316327958142528e-05
2021,31,Physics and Astronomy,1,214442,7,5,214437,3.264362027075551e-05,5.595918709954207e-05
2021,31,Physics and Astronomy,2,214442,18,12,214430,8.394347805810754e-05,0.00013989796774885517
2021,31,Physics and Astronomy,3,214442,3,30,214412,1.3991754192862339e-05,0.0001538877645237407
2021,31,Physics and Astronomy,4,214442,0,33,214409,0.0,0.0001538877645237407
2021,31,Physics and Astronomy,5,214442,0,33,214409,0.0,0.0001538877645237407
2021,32,Psychology,0,304463,24,0,304463,7.882731234994072e-05,7.882731234994072e-05
2021,32,Psychology,1,304463,43,24,304439,0.00014124340179806136,0.00022005958031025118
2021,32,Psychology,2,304463,71,67,304396,0.00023324879433369688,0.00045325704601215913
2021,32,Psychology,3,304463,11,138,304325,3.614556806046168e-05,0.0004893862308392152
2021,32,Psychology,4,304463,8,149,304314,2.6288636079838587e-05,0.0005156620016225289
2021,32,Psychology,5,304463,3,157,304306,9.858497696397705e-06,0.0005255154156662714
2021,33,Social Sciences,0,1599582,42,0,1599582,2.6256859604571694e-05,2.6256859604571694e-05
2021,33,Social Sciences,1,1599582,141,42,1599540,8.81503432236768e-05,0.00011440488827706238
2021,33,Social Sciences,2,1599582,146,183,1599399,9.128428866092827e-05,0.00020567873356914493
2021,33,Social Sciences,3,1599582,22,329,1599253,1.3756422529768586e-05,0.00021943232669534917
2021,33,Social Sciences,4,1599582,9,351,1599231,5.627704815627011e-06,0.00022505879661061454
2021,33,Social Sciences,5,1599582,1,360,1599222,6.253040540963043e-07,0.0002256839599345329
2021,34,Veterinary,0,12431,0,0,12431,0.0,0.0
2021,34,Veterinary,1,12431,1,0,12431,8.044405116241654e-05,8.044405116241654e-05
2021,34,Veterinary,2,12431,0,1,12430,0.0,8.044405116241654e-05
2021,34,Veterinary,3,12431,0,1,12430,0.0,8.044405116241654e-05
2021,34,Veterinary,4,12431,0,1,12430,0.0,8.044405116241654e-05
2021,34,Veterinary,5,12431,0,1,12430,0.0,8.044405116241654e-05
2021,35,Dentistry,0,42351,3,0,42351,7.083658000991713e-05,7.083658000991713e-05
2021,35,Dentistry,1,42351,1,3,42348,2.3613866062151694e-05,9.444877334655616e-05
2021,35,Dentistry,2,42351,11,4,42347,0.0002597586605898883,0.0003541829000495856
2021,35,Dentistry,3,42351,2,15,42336,4.72411186696901e-05,0.00040140728672286366
2021,35,Dentistry,4,42351,1,17,42334,2.3621675249208673e-05,0.00042501948005950273
2021,35,Dentistry,5,42351,0,18,42333,0.0,0.00042501948005950273
2021,36,Health Professions,0,252199,11,0,252199,4.361635058029572e-05,4.361635058029572e-05
2021,36,Health Professions,1,252199,20,11,252188,7.930591463511348e-05,0.0001229188061808334
2021,36,Health Professions,2,252199,65,31,252168,0.0002577646648266235,0.0003806517868825808
2021,36,Health Professions,3,252199,10,96,252103,3.966632685846658e-05,0.0004203030146828497
2021,36,Health Professions,4,252199,3,106,252093,1.1900370101510156e-05,0.0004321983830229303
2021,36,Health Professions,5,252199,4,109,252090,1.586734896267206e-05,0.00044805887414303783
2022,11,Agricultural and Biological Sciences,0,407133,54,0,407133,0.00013263479010544466,0.00013263479010544466
2022,11,Agricultural and Biological Sciences,1,407133,88,54,407079,0.0002161742561026238,0.0003487803739809841
2022,11,Agricultural and Biological Sciences,2,407133,62,142,406991,0.00015233752097712234,0.0005010647626205688
2022,11,Agricultural and Biological Sciences,3,407133,23,204,406929,5.652091642522406e-05,0.000557557358406221
2022,11,Agricultural and Biological Sciences,4,407133,9,227,406906,2.2118130477309255e-05,0.0005796631567571286
2022,12,Arts and Humanities,0,540519,3,0,540519,5.550221176313876e-06,5.550221176313876e-06
2022,12,Arts and Humanities,1,540519,76,3,540516,0.00014060638352981225,0.00014615582430959874
2022,12,Arts and Humanities,2,540519,2,79,540440,3.7006883280290134e-06,0.00014985597176047467
2022,12,Arts and Humanities,3,540519,0,81,540438,0.0,0.00014985597176047467
2022,12,Arts and Humanities,4,540519,0,81,540438,0.0,0.00014985597176047467
2022,13,"Biochemistry, Genetics and Molecular Biology",0,488842,63,0,488842,0.00012887599674332403,0.00012887599674332403
2022,13,"Biochemistry, Genetics and Molecular Biology",1,488842,469,63,488779,0.0009595338588605485,0.0010882861947214028
2022,13,"Biochemistry, Genetics and Molecular Biology",2,488842,144,532,488310,0.0002948946366037968,0.0013828599015632862
2022,13,"Biochemistry, Genetics and Molecular Biology",3,488842,38,676,488166,7.784237329105263e-05,0.0014605946297576722
2022,13,"Biochemistry, Genetics and Molecular Biology",4,488842,11,714,488128,2.253507276779861e-05,0.001483096787919205
2022,14,"Business, Management and Accounting",0,263443,23,0,263443,8.73054133152143e-05,8.73054133152143e-05
2022,14,"Business, Management and Accounting",1,263443,326,23,263420,0.0012375673828866449,0.001324764749869991
2022,14,"Business, Management and Accounting",2,263443,61,349,263094,0.0002318562947083552,0.001556313889532081
2022,14,"Business, Management and Accounting",3,263443,30,410,263033,0.00011405413009014078,0.001670190515595404
2022,14,"Business, Management and Accounting",4,263443,15,440,263003,5.703356995927803e-05,0.0017271288286270655
2022,15,Chemical Engineering,0,21236,0,0,21236,0.0,0.0
2022,15,Chemical Engineering,1,21236,0,0,21236,0.0,0.0
2022,15,Chemical Engineering,2,21236,4,0,21236,0.00018835938971557733,0.00018835938971557733
2022,15,Chemical Engineering,3,21236,3,4,21232,0.00014129615674453655,0.0003296289320022603
2022,15,Chemical Engineering,4,21236,1,7,21229,4.710537472325592e-05,0.00037671877943115466
2022,16,Chemistry,0,125454,5,0,125454,3.985524574744528e-05,3.985524574744528e-05
2022,16,Chemistry,1,125454,32,5,125449,0.00025508373920876215,0.0002949288185310951
2022,16,Chemistry,2,125454,17,37,125417,0.00013554781249750831,0.000430436654072409
2022,16,Chemistry,3,125454,10,54,125400,7.974481658692185e-05,0.0005101471455672996
2022,16,Chemistry,4,125454,3,64,125390,2.392535289895526e-05,0.0005340602930157668
2022,17,Computer Science,0,627882,103,0,627882,0.0001640435623254051,0.0001640435623254051
2022,17,Computer Science,1,627882,1757,103,627779,0.002798755613042169,0.002962340057526733
2022,17,Computer Science,2,627882,330,1860,626022,0.0005271380239033133,0.0034879165193459918
2022,17,Computer Science,3,627882,51,2190,625692,8.150975240214036e-05,0.003569141972536241
2022,17,Computer Science,4,627882,74,2241,625641,0.0001182786933720776,0.0036869985124593475
2022,18,Decision Sciences,0,92304,5,0,92304,5.416883342000347e-05,5.416883342000347e-05
2022,18,Decision Sciences,1,92304,98,5,92299,0.001061766649692846,0.0011158779684520715
2022,18,Decision Sciences,2,92304,48,103,92201,0.0005206017288315745,0.0016358987692841047
2022,18,Decision Sciences,3,92304,72,151,92153,0.0007813093442427268,0.0024159299705321545
2022,18,Decision Sciences,4,92304,5,223,92081,5.4300018462006275e-05,0.002470098803952158
2022,19,Earth and Planetary Sciences,0,267311,5,0,267311,1.8704804516088e-05,1.8704804516088e-05
2022,19,Earth and Planetary Sciences,1,267311,35,5,267306,0.0001309360807464105,0.000149638436128704
2022,19,Earth and Planetary Sciences,2,267311,4,40,267271,1.4966083114142574e-05,0.0001646022797415744
2022,19,Earth and Planetary Sciences,3,267311,0,44,267267,0.0,0.0001646022797415744
2022,19,Earth and Planetary Sciences,4,267311,2,44,267267,7.483153550569281e-06,0.00017208420154800962
2022,20,"Economics, Econometrics and Finance",0,288775,8,0,288775,2.770322915764869e-05,2.770322915764869e-05
2022,20,"Economics, Econometrics and Finance",1,288775,156,8,288767,0.00054022793463242,0.0005679161977317981
2022,20,"Economics, Econometrics and Finance",2,288775,58,164,288611,0.00020096254127528057,0.0007687646091247511
2022,20,"Economics, Econometrics and Finance",3,288775,58,222,288553,0.00020100293533596947,0.0009696130205177041
2022,20,"Economics, Econometrics and Finance",4,288775,4,280,288495,1.3865058319901558e-05,0.0009834646350965284
2022,21,Energy,0,70634,12,0,70634,0.0001698898547441742,0.0001698898547441742
2022,21,Energy,1,70634,15,12,70622,0.00021239840276401122,0.00038225217317439195
2022,21,Energy,2,70634,23,27,70607,0.00032574673899188463,0.0007078743947673924
2022,21,Energy,3,70634,22,50,70584,0.000311685367788734,0.0010193391284650452
2022,21,Energy,4,70634,0,72,70562,0.0,0.0010193391284650452
2022,22,Engineering,0,1174731,80,0,1174731,6.810069709576065e-05,6.810069709576065e-05
2022,22,Engineering,1,1174731,1180,80,1174651,0.0010045536929692309,0.00107258597925823
2022,22,Engineering,2,1174731,211,1260,1173471,0.00017980844861100105,0.0012522015678482989
2022,22,Engineering,3,1174731,86,1471,1173260,7.33000357976919e-05,0.0013254098172262416
2022,22,Engineering,4,1174731,49,1557,1173174,4.176703540992214e-05,0.001367121494197395
2022,23,Environmental Science,0,613604,25,0,613604,4.074288955091557e-05,4.074288955091557e-05
2022,23,Environmental Science,1,613604,198,25,613579,0.0003226968328446704,0.00036342657479416693
2022,23,Environmental Science,2,613604,54,223,613381,8.803663628315843e-05,0.00045143121622414457
2022,23,Environmental Science,3,613604,34,277,613327,5.543535503899225e-05,0.0005068415460133897
2022,23,Environmental Science,4,613604,29,311,613293,4.7285718245602024e-05,0.0005541032978924518
2022,24,Immunology and Microbiology,0,73230,7,0,73230,9.558923938276663e-05,9.558923938276663e-05
2022,24,Immunology and Microbiology,1,73230,73,7,73223,0.000996954508829193,0.0010924484500887614
2022,24,Immunology and Microbiology,2,73230,15,80,73150,0.0002050580997949419,0.0012972825344804042
2022,24,Immunology and Microbiology,3,73230,8,95,73135,0.00010938675052984208,0.0014065273794892804
2022,24,Immunology and Microbiology,4,73230,1,103,73127,1.3674839662504958e-05,0.00142018298511539
2022,25,Materials Science,0,286750,20,0,286750,6.974716652136006e-05,6.974716652136006e-05
2022,25,Materials Science,1,286750,109,20,286730,0.00038014857182715444,0.00044986922406277244
2022,25,Materials Science,2,286750,53,129,286621,0.00018491317802952332,0.0006346992153443766
2022,25,Materials Science,3,286750,34,182,286568,0.00011864548728399542,0.0007532693984306887
2022,25,Materials Science,4,286750,10,216,286534,3.48998722664675e-05,0.0007881429816913687
2022,26,Mathematics,0,126593,4,0,126593,3.159732370668205e-05,3.159732370668205e-05
2022,26,Mathematics,1,126593,52,4,126589,0.00041077818767823427,0.0004423625318935486
2022,26,Mathematics,2,126593,32,56,126537,0.0002528904589171547,0.000695141121547005
2022,26,Mathematics,3,126593,2,88,126505,1.5809651792419273e-05,0.000710939783400346
2022,26,Mathematics,4,126593,1,90,126503,7.904950870730338e-06,0.0007188391143270165
2022,27,Medicine,0,1553508,204,0,1553508,0.00013131570613089858,0.00013131570613089858
2022,27,Medicine,1,1553508,2205,204,1553304,0.0014195547040373295,0.001550684000339876
2022,27,Medicine,2,1553508,289,2409,1551099,0.00018631950636290785,0.0017367145840253156
2022,27,Medicine,3,1553508,82,2698,1550810,5.28755940444026e-05,0.0017894983482544024
2022,27,Medicine,4,1553508,21,2780,1550728,1.3542026712614978e-05,0.0018030161415325831
2022,28,Neuroscience,0,122923,17,0,122923,0.00013829795888483035,0.00013829795888483035
2022,28,Neuroscience,1,122923,165,17,122906,0.0013424893821294321,0.0014806016774728894
2022,28,Neuroscience,2,122923,37,182,122741,0.00030144776399084253,0.0017816031173986968
2022,28,Neuroscience,3,122923,6,219,122704,4.889816142913027e-05,0.00183041416171099
2022,28,Neuroscience,4,122923,5,225,122698,4.075046048020343e-05,0.001871090031971234
2022,29,Nursing,0,36462,6,0,36462,0.0001645548790521639,0.0001645548790521639
2022,29,Nursing,1,36462,21,6,36456,0.000576036866359447,0.0007404969557347375
2022,29,Nursing,2,36462,8,27,36435,0.0002195690956497873,0.0009599034611376227
2022,29,Nursing,3,36462,1,35,36427,2.745216460317896e-05,0.0009873292743129835
2022,29,Nursing,4,36462,0,36,36426,0.0,0.0009873292743129835
2022,30,"Pharmacology, Toxicology and Pharmaceutics",0,28793,1,0,28793,3.473066370298336e-05,3.473066370298336e-05
2022,30,"Pharmacology, Toxicology and Pharmaceutics",1,28793,19,1,28792,0.0006599055293136983,0.0006946132740596673
2022,30,"Pharmacology, Toxicology and Pharmaceutics",2,28793,15,20,28773,0.0005213220727765613,0.0012155732296044177
2022,30,"Pharmacology, Toxicology and Pharmaceutics",3,28793,1,35,28758,3.4772932749148066e-05,0.001250303893307401
2022,30,"Pharmacology, Toxicology and Pharmaceutics",4,28793,0,36,28757,0.0,0.001250303893307401
2022,31,Physics and Astronomy,0,214826,8,0,214826,3.7239440291212425e-05,3.7239440291212425e-05
2022,31,Physics and Astronomy,1,214826,22,8,214818,0.00010241227457661834,0.0001396479010920466
2022,31,Physics and Astronomy,2,214826,15,30,214796,6.983370267602749e-05,0.00020947185163806988
2022,31,Physics and Astronomy,3,214826,3,45,214781,1.396771595252839e-05,0.00022343664174727455
2022,31,Physics and Astronomy,4,214826,3,48,214778,1.3967911052342419e-05,0.0002374014318564792
2022,32,Psychology,0,276863,14,0,276863,5.05665256823772e-05,5.05665256823772e-05
2022,32,Psychology,1,276863,178,14,276849,0.0006429497668404076,0.0006934837807868873
2022,32,Psychology,2,276863,41,192,276671,0.00014819045002909594,0.0008415714631424206
2022,32,Psychology,3,276863,7,233,276630,2.53045584354553e-05,0.0008668547259836092
2022,32,Psychology,4,276863,5,240,276623,1.8075141980240253e-05,0.000884914199441601
2022,33,Social Sciences,0,1438770,28,0,1438770,1.9461067439549058e-05,1.9461067439549058e-05
2022,33,Social Sciences,1,1438770,516,28,1438742,0.00035864665103263823,0.0003781007388255246
2022,33,Social Sciences,2,1438770,50,544,1438226,3.476505083345733e-05,0.0004128526449675765
2022,33,Social Sciences,3,1438770,17,594,1438176,1.18205282246401e-05,0.0004246682930558741
2022,33,Social Sciences,4,1438770,9,611,1438159,6.258000680036074e-06,0.00043092363616144345
2022,34,Veterinary,0,11681,1,0,11681,8.56091088091773e-05,8.56091088091773e-05
2022,34,Veterinary,1,11681,0,1,11680,0.0,8.56091088091773e-05
2022,34,Veterinary,2,11681,1,1,11680,8.561643835616438e-05,0.0001712182176183546
2022,34,Veterinary,3,11681,0,2,11679,0.0,0.0001712182176183546
2022,34,Veterinary,4,11681,0,2,11679,0.0,0.0001712182176183546
2022,35,Dentistry,0,38839,5,0,38839,0.00012873657921161718,0.00012873657921161718
2022,35,Dentistry,1,38839,37,5,38834,0.0009527733429469022,0.0010813872653775843
2022,35,Dentistry,2,38839,3,42,38797,7.732556640977395e-05,0.0011586292129045547
2022,35,Dentistry,3,38839,0,45,38794,0.0,0.0011586292129045547
2022,35,Dentistry,4,38839,0,45,38794,0.0,0.0011586292129045547
2022,36,Health Professions,0,225556,5,0,225556,2.2167444005036442e-05,2.2167444005036442e-05
2022,36,Health Professions,1,225556,167,5,225551,0.000740409042744213,0.0007625600737732537
2022,36,Health Professions,2,225556,20,172,225384,8.873744365172328e-05,0.0008512298497933994
2022,36,Health Professions,3,225556,10,192,225364,4.43726593422197e-05,0.0008955647378034723
2022,36,Health Professions,4,225556,1,202,225354,4.437462836248746e-06,0.0008999982266044796
2023,11,Agricultural and Biological Sciences,0,435825,13,0,435825,2.982848620432513e-05,2.982848620432513e-05
2023,11,Agricultural and Biological Sciences,1,435825,22,13,435812,5.048048240984645e-05,8.030746285779842e-05
2023,11,Agricultural and Biological Sciences,2,435825,90,35,435790,0.00020652148970834577,0.0002868123673492801
2023,11,Agricultural and Biological Sciences,3,435825,11,125,435700,2.5246729400963967e-05,0.00031205185567601673
2023,12,Arts and Humanities,0,497648,1,0,497648,2.0094524643925023e-06,2.0094524643925023e-06
2023,12,Arts and Humanities,1,497648,1,1,497647,2.009456502299823e-06,4.0189049287850046e-06
2023,12,Arts and Humanities,2,497648,7,2,497646,1.4066223781563601e-05,1.808507217953252e-05
2023,12,Arts and Humanities,3,497648,2,9,497639,4.018977612285211e-06,2.2103977108317527e-05
2023,13,"Biochemistry, Genetics and Molecular Biology",0,614669,41,0,614669,6.670256674730627e-05,6.670256674730627e-05
2023,13,"Biochemistry, Genetics and Molecular Biology",1,614669,56,41,614628,9.111202223133342e-05,0.00015780851157289532
2023,13,"Biochemistry, Genetics and Molecular Biology",2,614669,65,97,614572,0.00010576466223648327,0.00026355648324545404
2023,13,"Biochemistry, Genetics and Molecular Biology",3,614669,7,162,614507,1.1391245339760165e-05,0.00027494472634865267
2023,14,"Business, Management and Accounting",0,304688,5,0,304688,1.6410229480649056e-05,1.6410229480649056e-05
2023,14,"Business, Management and Accounting",1,304688,51,5,304683,0.0001673870875631394,0.00018379457018326945
2023,14,"Business, Management and Accounting",2,304688,47,56,304632,0.00015428451377399617,0.0003380507273013706
2023,14,"Business, Management and Accounting",3,304688,5,103,304585,1.6415778846627377e-05,0.0003544609567820196
2023,15,Chemical Engineering,0,23312,0,0,23312,0.0,0.0
2023,15,Chemical Engineering,1,23312,1,0,23312,4.2896362388469456e-05,4.2896362388469456e-05
2023,15,Chemical Engineering,2,23312,0,1,23311,0.0,4.2896362388469456e-05
2023,15,Chemical Engineering,3,23312,0,1,23311,0.0,4.2896362388469456e-05
2023,16,Chemistry,0,216009,2,0,216009,9.258873472864557e-06,9.258873472864557e-06
2023,16,Chemistry,1,216009,6,2,216007,2.777687760118885e-05,3.703549389145823e-05
2023,16,Chemistry,2,216009,30,8,216001,0.00013888824588775053,0.00017591859598442658
2023,16,Chemistry,3,216009,1,38,215971,4.6302512837371685e-06,0.00018054803272085887
2023,17,Computer Science,0,706222,37,0,706222,5.239145764363047e-05,5.239145764363047e-05
2023,17,Computer Science,1,706222,203,37,706185,0.00028746008482196593,0.0003398364820127382
2023,17,Computer Science,2,706222,222,240,705982,0.00031445560934981344,0.0006541852278745211
2023,17,Computer Science,3,706222,136,462,705760,0.00019270006801178871,0.000846759234348406
2023,18,Decision Sciences,0,98353,5,0,98353,5.083729016908483e-05,5.083729016908483e-05
2023,18,Decision Sciences,1,98353,32,5,98348,0.00032537519827551144,0.0003761959472512277
2023,18,Decision Sciences,2,98353,150,37,98316,0.0015256926644696693,0.0019013146523237726
2023,18,Decision Sciences,3,98353,5,187,98166,5.093413198052279e-05,0.0019521519424928573
2023,19,Earth and Planetary Sciences,0,244922,6,0,244922,2.4497595152742507e-05,2.4497595152742507e-05
2023,19,Earth and Planetary Sciences,1,244922,5,6,244916,2.041516274967744e-05,4.491225778002793e-05
2023,19,Earth and Planetary Sciences,2,244922,10,11,244911,4.0831159074112636e-05,8.574158303459877e-05
2023,19,Earth and Planetary Sciences,3,244922,2,21,244901,8.166565265147958e-06,9.390744808551294e-05
2023,20,"Economics, Econometrics and Finance",0,361934,9,0,361934,2.4866412108284935e-05,2.4866412108284935e-05
2023,20,"Economics, Econometrics and Finance",1,361934,79,9,361925,0.00021827726738965256,0.0002431382517254527
2023,20,"Economics, Econometrics and Finance",2,361934,60,88,361846,0.00016581639703078105,0.0004089143324473523
2023,20,"Economics, Econometrics and Finance",3,361934,7,148,361786,1.9348454611289546e-05,0.0004282548751982406
2023,21,Energy,0,78451,5,0,78451,6.37340505538489e-05,6.37340505538489e-05
2023,21,Energy,1,78451,7,5,78446,8.923335797873696e-05,0.00015296172132923735
2023,21,Energy,2,78451,35,12,78439,0.0004462066064075269,0.0005991000752061797
2023,21,Energy,3,78451,3,47,78404,3.826335391051477e-05,0.000637340505538489
2023,22,Engineering,0,1274921,72,0,1274921,5.647408741404369e-05,5.647408741404369e-05
2023,22,Engineering,1,1274921,136,72,1274849,0.00010667930084268804,0.00016314736364057066
2023,22,Engineering,2,1274921,281,208,1274713,0.0002204417778747059,0.0003835531770203801
2023,22,Engineering,3,1274921,45,489,1274432,3.5309847838095713e-05,0.00041884948165415737
2023,23,Environmental Science,0,627861,9,0,627861,1.4334382928705557e-05,1.4334382928705557e-05
2023,23,Environmental Science,1,627861,51,9,627852,8.122933430171442e-05,9.556255285803705e-05
2023,23,Environmental Science,2,627861,90,60,627801,0.00014335752889848853,0.00023890638214509263
2023,23,Environmental Science,3,627861,13,150,627711,2.0710167577117496e-05,0.0002596116019310006
2023,24,Immunology and Microbiology,0,91792,4,0,91792,4.3576782290395675e-05,4.3576782290395675e-05
2023,24,Immunology and Microbiology,1,91792,6,4,91788,6.536802196365538e-05,0.00010894195572598919
2023,24,Immunology and Microbiology,2,91792,14,10,91782,0.00015253535551633217,0.0002614606937423741
2023,24,Immunology and Microbiology,3,91792,3,24,91768,3.2691134164414613e-05,0.00029414328046017084
2023,25,Materials Science,0,302843,12,0,302843,3.962449189844243e-05,3.962449189844243e-05
2023,25,Materials Science,1,302843,20,12,302831,6.604343676836256e-05,0.00010566531172917981
2023,25,Materials Science,2,302843,70,32,302811,0.00023116729577195015,0.0003368081811367606
2023,25,Materials Science,3,302843,24,102,302741,7.927568449598832e-05,0.00041605716493364547
2023,26,Mathematics,0,127299,4,0,127299,3.1422085012451e-05,3.1422085012451e-05
2023,26,Mathematics,1,127299,8,4,127295,6.284614478180604e-05,9.426625503735301e-05
2023,26,Mathematics,2,127299,35,12,127287,0.00027496916417230354,0.0003692094988962993
2023,26,Mathematics,3,127299,0,47,127252,0.0,0.0003692094988962993
2023,27,Medicine,0,1724812,138,0,1724812,8.000871979091055e-05,8.000871979091055e-05
2023,27,Medicine,1,1724812,235,138,1724674,0.00013625763477619537,0.00021625545276818576
2023,27,Medicine,2,1724812,331,373,1724439,0.00019194648230525985,0.0004081604256000074
2023,27,Medicine,3,1724812,35,704,1724108,2.030035241411791e-05,0.00042845249221364415
2023,28,Neuroscience,0,132362,14,0,132362,0.00010577053837204032,0.00010577053837204032
2023,28,Neuroscience,1,132362,23,14,132348,0.00017378426572369813,0.00027953642284039225
2023,28,Neuroscience,2,132362,16,37,132325,0.00012091441526544493,0.000400417038122724
2023,28,Neuroscience,3,132362,6,53,132309,4.534838899848083e-05,0.0004457472688535985
2023,29,Nursing,0,38789,1,0,38789,2.5780504782283637e-05,2.5780504782283637e-05
2023,29,Nursing,1,38789,3,1,38788,7.734350830153656e-05,0.00010312201912913455
2023,29,Nursing,2,38789,8,4,38785,0.00020626530875338404,0.00030936605738740363
2023,29,Nursing,3,38789,0,12,38777,0.0,0.00030936605738740363
2023,30,"Pharmacology, Toxicology and Pharmaceutics",0,32226,1,0,32226,3.103084465959163e-05,3.103084465959163e-05
2023,30,"Pharmacology, Toxicology and Pharmaceutics",1,32226,7,1,32225,0.00021722265321955003,0.00024824675727673306
2023,30,"Pharmacology, Toxicology and Pharmaceutics",2,32226,11,8,32218,0.00034142404866844623,0.0005895860485322411
2023,30,"Pharmacology, Toxicology and Pharmaceutics",3,32226,3,19,32207,9.314745241717639e-05,0.0006826785825110159
2023,31,Physics and Astronomy,0,233292,6,0,233292,2.5718841623373285e-05,2.5718841623373285e-05
2023,31,Physics and Astronomy,1,233292,10,6,233286,4.286583849866687e-05,6.858357766232876e-05
2023,31,Physics and Astronomy,2,233292,17,16,233276,7.287504929782747e-05,0.00014145362892855305
2023,31,Physics and Astronomy,3,233292,2,33,233259,8.574160053845726e-06,0.00015002657613634416
2023,32,Psychology,0,293665,8,0,293665,2.724192532307221e-05,2.724192532307221e-05
2023,32,Psychology,1,293665,21,8,293657,7.151200209768539e-05,9.875197929613675e-05
2023,32,Psychology,2,293665,36,29,293636,0.00012260077102262666,0.0002213406432499617
2023,32,Psychology,3,293665,4,65,293600,1.3623978201634877e-05,0.0002349616059114978
2023,33,Social Sciences,0,1558775,18,0,1558775,1.154752930987474e-05,1.154752930987474e-05
2023,33,Social Sciences,1,1558775,34,18,1558757,2.1812251685156827e-05,3.335952911741592e-05
2023,33,Social Sciences,2,1558775,89,52,1558723,5.709802190639389e-05,9.045564626068547e-05
2023,33,Social Sciences,3,1558775,9,141,1558634,5.774286971797099e-06,9.622941091562285e-05
2023,34,Veterinary,0,12514,0,0,12514,0.0,0.0
2023,34,Veterinary,1,12514,1,0,12514,7.99105002397315e-05,7.99105002397315e-05
2023,34,Veterinary,2,12514,0,1,12513,0.0,7.99105002397315e-05
2023,34,Veterinary,3,12514,0,1,12513,0.0,7.99105002397315e-05
2023,35,Dentistry,0,39742,7,0,39742,0.00017613607770117256,0.00017613607770117256
2023,35,Dentistry,1,39742,7,7,39735,0.0001761671070844344,0.0003522721554023451
2023,35,Dentistry,2,39742,5,14,39728,0.00012585581957309707,0.00047808363947461125
2023,35,Dentistry,3,39742,0,19,39723,0.0,0.00047808363947461125
2023,36,Health Professions,0,243045,11,0,243045,4.525910839556461e-05,4.525910839556461e-05
2023,36,Health Professions,1,243045,18,11,243034,7.406371125027773e-05,0.0001193194675883067
2023,36,Health Professions,2,243045,30,29,243016,0.0001234486618165059,0.00024275339957621016
2023,36,Health Professions,3,243045,7,59,242986,2.880824409636769e-05,0.00027155465037338765
2024,11,Agricultural and Biological Sciences,0,426865,10,0,426865,2.3426610286624576e-05,2.3426610286624576e-05
2024,11,Agricultural and Biological Sciences,1,426865,58,10,426855,0.0001358775228121962,0.00015930094994904713
2024,11,Agricultural and Biological Sciences,2,426865,20,68,426797,4.6860685524968546e-05,0.00020615417052229627
2024,12,Arts and Humanities,0,490002,0,0,490002,0.0,0.0
2024,12,Arts and Humanities,1,490002,7,0,490002,1.428565597691438e-05,1.428565597691438e-05
2024,12,Arts and Humanities,2,490002,2,7,489995,4.081674302799008e-06,1.8367271970318488e-05
2024,13,"Biochemistry, Genetics and Molecular Biology",0,440662,23,0,440662,5.2194198728277e-05,5.2194198728277e-05
2024,13,"Biochemistry, Genetics and Molecular Biology",1,440662,98,23,440639,0.00022240428105546717,0.0002745868715705007
2024,13,"Biochemistry, Genetics and Molecular Biology",2,440662,55,121,440541,0.00012484649555886967,0.00039939908592072837
2024,14,"Business, Management and Accounting",0,339421,18,0,339421,5.3031485971698864e-05,5.3031485971698864e-05
2024,14,"Business, Management and Accounting",1,339421,49,18,339403,0.0001443711458060182,0.00019739497556132355
2024,14,"Business, Management and Accounting",2,339421,12,67,339354,3.536130412489613e-05,0.00023274929954245614
2024,15,Chemical Engineering,0,26338,0,0,26338,0.0,0.0
2024,15,Chemical Engineering,1,26338,4,0,26338,0.0001518718201837649,0.0001518718201837649
2024,15,Chemical Engineering,2,26338,0,4,26334,0.0,0.0001518718201837649
2024,16,Chemistry,0,126848,5,0,126848,3.9417255297679114e-05,3.9417255297679114e-05
2024,16,Chemistry,1,126848,20,5,126843,0.00015767523631576044,0.00019708627648839556
2024,16,Chemistry,2,126848,3,25,126823,2.365501525748484e-05,0.00022073662966700302
2024,17,Computer Science,0,733071,127,0,733071,0.0001732437922111228,0.0001732437922111228
2024,17,Computer Science,1,733071,180,127,732944,0.0002455849287257962,0.0004187861748725567
2024,17,Computer Science,2,733071,42,307,732764,5.731722628295058e-05,0.00047607939749355795
2024,18,Decision Sciences,0,107080,17,0,107080,0.00015875980575270825,0.00015875980575270825
2024,18,Decision Sciences,1,107080,46,17,107063,0.00042965356845969197,0.0005883451624953306
2024,18,Decision Sciences,2,107080,12,63,107017,0.00011213171739069493,0.0007004109077325364
2024,19,Earth and Planetary Sciences,0,188807,3,0,188807,1.588924139465168e-05,1.588924139465168e-05
2024,19,Earth and Planetary Sciences,1,188807,12,3,188804,6.355797546662147e-05,7.944620697325841e-05
2024,19,Earth and Planetary Sciences,2,188807,2,15,188792,1.0593669223272173e-05,9.003903456969286e-05
2024,20,"Economics, Econometrics and Finance",0,367688,55,0,367688,0.00014958334239899046,0.00014958334239899046
2024,20,"Economics, Econometrics and Finance",1,367688,90,55,367633,0.00024480936150998413,0.00039435608450642936
2024,20,"Economics, Econometrics and Finance",2,367688,12,145,367543,3.26492410411843e-05,0.00042699245012075453
2024,21,Energy,0,85500,14,0,85500,0.00016374269005847952,0.00016374269005847952
2024,21,Energy,1,85500,18,14,85486,0.00021056079358023537,0.00037426900584795324
2024,21,Energy,2,85500,5,32,85468,5.850142743482941e-05,0.0004327485380116959
2024,22,Engineering,0,1414559,77,0,1414559,5.4433926050451056e-05,5.4433926050451056e-05
2024,22,Engineering,1,1414559,229,77,1414482,0.00016189672261647726,0.0002163218359927016
2024,22,Engineering,2,1414559,52,306,1414253,3.6768527271994476e-05,0.00025308240942936987
2024,23,Environmental Science,0,498056,26,0,498056,5.2202965128419294e-05,5.2202965128419294e-05
2024,23,Environmental Science,1,498056,73,26,498030,0.00014657751541071823,0.00019877282875821193
2024,23,Environmental Science,2,498056,20,99,497957,4.016411055573072e-05,0.0002389289557800729
2024,24,Immunology and Microbiology,0,78670,8,0,78670,0.00010169060633024024,0.00010169060633024024
2024,24,Immunology and Microbiology,1,78670,18,8,78662,0.0002288271338130228,0.0003304944705732808
2024,24,Immunology and Microbiology,2,78670,13,26,78644,0.0001653018666395402,0.0004957417058599211
2024,25,Materials Science,0,269458,13,0,269458,4.8244995509504266e-05,4.8244995509504266e-05
2024,25,Materials Science,1,269458,77,13,269445,0.00028577260665441925,0.00033400381506579874
2024,25,Materials Science,2,269458,16,90,269368,5.939829526892578e-05,0.0003933822710774963
2024,26,Mathematics,0,120899,4,0,120899,3.308546803530219e-05,3.308546803530219e-05
2024,26,Mathematics,1,120899,14,4,120895,0.00011580296951900409,0.00014888460615885987
2024,26,Mathematics,2,120899,3,18,120881,2.481779601426196e-05,0.0001736987071853365
2024,27,Medicine,0,1658585,127,0,1658585,7.657129420560296e-05,7.657129420560296e-05
2024,27,Medicine,1,1658585,378,127,1658458,0.00022792256421326316,0.0003044764060931457
2024,27,Medicine,2,1658585,65,505,1658080,3.9201968541928015e-05,0.0003436664385605803
2024,28,Neuroscience,0,135540,4,0,135540,2.9511583296443853e-05,2.9511583296443853e-05
2024,28,Neuroscience,1,135540,22,4,135536,0.00016231849840632747,0.00019182529142688505
2024,28,Neuroscience,2,135540,6,26,135514,4.4275868175981815e-05,0.00023609266637155082
2024,29,Nursing,0,46215,5,0,46215,0.00010818998160770312,0.00010818998160770312
2024,29,Nursing,1,46215,2,5,46210,4.3280675178532785e-05,0.0001514659742507844
2024,29,Nursing,2,46215,2,7,46208,4.3282548476454294e-05,0.00019474196689386563
2024,30,"Pharmacology, Toxicology and Pharmaceutics",0,29832,0,0,29832,0.0,0.0
2024,30,"Pharmacology, Toxicology and Pharmaceutics",1,29832,4,0,29832,0.00013408420488066506,0.00013408420488066506
2024,30,"Pharmacology, Toxicology and Pharmaceutics",2,29832,1,4,29828,3.3525546466407405e-05,0.00016760525610083133
2024,31,Physics and Astronomy,0,217902,7,0,217902,3.212453304696607e-05,3.212453304696607e-05
2024,31,Physics and Astronomy,1,217902,11,7,217895,5.048303081759563e-05,8.260594212076989e-05
2024,31,Physics and Astronomy,2,217902,2,18,217884,9.179196269574637e-06,9.178438013418876e-05
2024,32,Psychology,0,313273,8,0,313273,2.553683209213689e-05,2.553683209213689e-05
2024,32,Psychology,1,313273,30,8,313265,9.57655658946898e-05,0.00012129995243765022
2024,32,Psychology,2,313273,8,38,313235,2.5539930084441393e-05,0.00014683678452978712
2024,33,Social Sciences,0,1536367,15,0,1536367,9.763292234212269e-06,9.763292234212269e-06
2024,33,Social Sciences,1,1536367,86,15,1536352,5.5976755326904254e-05,6.573950104369594e-05
2024,33,Social Sciences,2,1536367,10,101,1536266,6.509289406912605e-06,7.224836253317079e-05
2024,34,Veterinary,0,12336,0,0,12336,0.0,0.0
2024,34,Veterinary,1,12336,0,0,12336,0.0,0.0
2024,34,Veterinary,2,12336,0,0,12336,0.0,0.0
2024,35,Dentistry,0,40887,2,0,40887,4.891530315259129e-05,4.891530315259129e-05
2024,35,Dentistry,1,40887,5,2,40885,0.00012229423994129877,0.0001712035610340695
2024,35,Dentistry,2,40887,1,7,40880,2.446183953033268e-05,0.00019566121261036515
2024,36,Health Professions,0,256815,13,0,256815,5.062009617818274e-05,5.062009617818274e-05
2024,36,Health Professions,1,256815,22,13,256802,8.566911472652083e-05,0.00013628487432587662
2024,36,Health Professions,2,256815,3,35,256780,1.1683152893527533e-05,0.0001479664349823803
2025,11,Agricultural and Biological Sciences,0,475886,10,0,475886,2.1013435990972627e-05,2.1013435990972627e-05
2025,11,Agricultural and Biological Sciences,1,475886,9,10,475876,1.891248980826938e-05,3.9925528382847995e-05
2025,12,Arts and Humanities,0,573379,2,0,573379,3.488094262259343e-06,3.488094262259343e-06
2025,12,Arts and Humanities,1,573379,1,2,573377,1.7440532145516824e-06,5.232141393389015e-06
2025,13,"Biochemistry, Genetics and Molecular Biology",0,462011,16,0,462011,3.463121007941369e-05,3.463121007941369e-05
2025,13,"Biochemistry, Genetics and Molecular Biology",1,462011,45,16,461995,9.74036515546705e-05,0.00013203148842776471
2025,14,"Business, Management and Accounting",0,397149,6,0,397149,1.510767998912247e-05,1.510767998912247e-05
2025,14,"Business, Management and Accounting",1,397149,2,6,397143,5.035969411521794e-06,2.014357331882996e-05
2025,15,Chemical Engineering,0,29170,0,0,29170,0.0,0.0
2025,15,Chemical Engineering,1,29170,0,0,29170,0.0,0.0
2025,16,Chemistry,0,140713,5,0,140713,3.553331959378309e-05,3.553331959378309e-05
2025,16,Chemistry,1,140713,3,5,140708,2.1320749353270603e-05,5.6853311350052944e-05
2025,17,Computer Science,0,851555,41,0,851555,4.8147213039674475e-05,4.8147213039674475e-05
2025,17,Computer Science,1,851555,24,41,851514,2.8185091495853268e-05,7.633094750192296e-05
2025,18,Decision Sciences,0,126875,1,0,126875,7.881773399014778e-06,7.881773399014778e-06
2025,18,Decision Sciences,1,126875,5,1,126874,3.940917760928165e-05,4.729064039408867e-05
2025,19,Earth and Planetary Sciences,0,151101,3,0,151101,1.9854269660690533e-05,1.9854269660690533e-05
2025,19,Earth and Planetary Sciences,1,151101,2,3,151098,1.3236442573693895e-05,3.309044943448422e-05
2025,20,"Economics, Econometrics and Finance",0,321440,7,0,321440,2.1777003484320557e-05,2.1777003484320557e-05
2025,20,"Economics, Econometrics and Finance",1,321440,3,7,321433,9.333204742512436e-06,3.1110004977600795e-05
2025,21,Energy,0,90730,1,0,90730,1.1021712774165106e-05,1.1021712774165106e-05
2025,21,Energy,1,90730,2,1,90729,2.204366850731299e-05,3.306513832249531e-05
2025,22,Engineering,0,1577285,35,0,1577285,2.219002906893808e-05,2.219002906893808e-05
2025,22,Engineering,1,1577285,22,35,1577250,1.3948327785702965e-05,3.613804734084202e-05
2025,23,Environmental Science,0,538595,13,0,538595,2.4136874646069866e-05,2.4136874646069866e-05
2025,23,Environmental Science,1,538595,12,13,538582,2.2280729768169007e-05,4.6417066627057434e-05
2025,24,Immunology and Microbiology,0,86723,1,0,86723,1.1530966410294847e-05,1.1530966410294847e-05
2025,24,Immunology and Microbiology,1,86723,1,1,86722,1.1531099375014414e-05,2.3061932820589694e-05
2025,25,Materials Science,0,287282,11,0,287282,3.828990330058967e-05,3.828990330058967e-05
2025,25,Materials Science,1,287282,12,11,287271,4.177240306191714e-05,8.006070690123293e-05
2025,26,Mathematics,0,140722,0,0,140722,0.0,0.0
2025,26,Mathematics,1,140722,2,0,140722,1.421241881155754e-05,1.421241881155754e-05
2025,27,Medicine,0,1820640,80,0,1820640,4.394059231918446e-05,4.394059231918446e-05
2025,27,Medicine,1,1820640,70,80,1820560,3.844970778222086e-05,8.238861059847087e-05
2025,28,Neuroscience,0,159532,8,0,159532,5.014667903618083e-05,5.014667903618083e-05
2025,28,Neuroscience,1,159532,8,8,159524,5.014919385170883e-05,0.00010029335807236166
2025,29,Nursing,0,51196,1,0,51196,1.9532775998124853e-05,1.9532775998124853e-05
2025,29,Nursing,1,51196,3,1,51195,5.8599472604746556e-05,7.813110399249941e-05
2025,30,"Pharmacology, Toxicology and Pharmaceutics",0,35314,1,0,35314,2.831738120858583e-05,2.831738120858583e-05
2025,30,"Pharmacology, Toxicology and Pharmaceutics",1,35314,1,1,35313,2.831818310537196e-05,5.663476241717166e-05
2025,31,Physics and Astronomy,0,270609,4,0,270609,1.478147437816185e-05,1.478147437816185e-05
2025,31,Physics and Astronomy,1,270609,4,4,270605,1.4781692873376323e-05,2.95629487563237e-05
2025,32,Psychology,0,389531,6,0,389531,1.5403138646218145e-05,1.5403138646218145e-05
2025,32,Psychology,1,389531,20,6,389525,5.134458635517617e-05,6.674693413361196e-05
2025,33,Social Sciences,0,1779725,12,0,1779725,6.742614729803761e-06,6.742614729803761e-06
2025,33,Social Sciences,1,1779725,9,12,1779713,5.0569951447227726e-06,1.1799575777156583e-05
2025,34,Veterinary,0,14807,0,0,14807,0.0,0.0
2025,34,Veterinary,1,14807,1,0,14807,6.753562504220977e-05,6.753562504220977e-05
2025,35,Dentistry,0,48734,0,0,48734,0.0,0.0
2025,35,Dentistry,1,48734,1,0,48734,2.051955513604465e-05,2.051955513604465e-05
2025,36,Health Professions,0,283654,2,0,283654,7.050843633440741e-06,7.050843633440741e-06
2025,36,Health Professions,1,283654,13,2,283652,4.58308067632169e-05,5.288132725080556e-05
