reason_a,reason_b,n,jaccard,lift
Investigation by Journal/Publisher,Unreliable Results and/or Conclusions,18628,0.5541573702216273,1.8773611162065624
Investigation by Journal/Publisher,Investigation by Third Party,15646,0.48620261031696704,1.9736655873379931
Concerns/Issues about Referencing/Attributions,Investigation by Journal/Publisher,13916,0.4430718288334182,2.0472877463484407
Investigation by Third Party,Unreliable Results and/or Conclusions,13254,0.5046259280411194,2.304150492978054
Concerns/Issues about Referencing/Attributions,Unreliable Results and/or Conclusions,12580,0.5147931415476531,2.5505787672868774
Concerns/Issues about Peer Review,Investigation by Journal/Publisher,11183,0.3663074453798028,2.1648026603501305
Concerns/Issues about Data,Investigation by Journal/Publisher,11024,0.3281538369947014,1.7016542209094134
Concerns/Issues about Data,Unreliable Results and/or Conclusions,10660,0.41557834002572996,2.267686148827252
Investigation by Third Party,Paper Mill,10499,0.559528885099126,3.423507367132724
Concerns/Issues about Peer Review,Unreliable Results and/or Conclusions,10386,0.45119249315782617,2.7707793242833008
Investigation by Journal/Publisher,Paper Mill,10345,0.32693887870551797,1.9555617788667632
Concerns/Issues about Data,Investigation by Third Party,10178,0.46868668263031865,2.710047125022166
Concerns/Issues about Referencing/Attributions,Investigation by Third Party,10142,0.45159853949594797,2.573773700231987
Concerns/Issues about Peer Review,Concerns/Issues about Referencing/Attributions,10103,0.6166758224989318,3.934475548683139
Compromised Peer Review,Investigation by Journal/Publisher,10040,0.31945018931560026,1.9857314737590195
Paper Mill,Unreliable Results and/or Conclusions,9493,0.3924835655517427,2.4730799599467077
Computer-Aided Content or Computer-Generated Content,Investigation by Journal/Publisher,9015,0.29482944696994473,2.1422085322666082
Concerns/Issues about Data,Concerns/Issues about Referencing/Attributions,8914,0.43529641566559235,2.768096652471433
Concerns/Issues about Data,Concerns/Issues about Peer Review,8706,0.5098980906641677,3.5573189370204044
Concerns/Issues about Peer Review,Investigation by Third Party,8472,0.4129459933710275,2.82896921038824
Computer-Aided Content or Computer-Generated Content,Concerns/Issues about Referencing/Attributions,8294,0.516052762568442,3.964939403379892
Computer-Aided Content or Computer-Generated Content,Investigation by Third Party,8283,0.445682001614205,3.3952046782602925
Concerns/Issues about Data,Concerns/Issues about Results and/or Conclusions,8150,0.5269964435822826,4.107716366258276
Concerns/Issues about Results and/or Conclusions,Investigation by Journal/Publisher,8148,0.25949871015000475,1.9455827477344931
Concerns/Issues about Results and/or Conclusions,Unreliable Results and/or Conclusions,8013,0.344986438196926,2.636862359840056
Computer-Aided Content or Computer-Generated Content,Unreliable Results and/or Conclusions,7999,0.34351112256291333,2.6195418574431173
Concerns/Issues about Referencing/Attributions,Concerns/Issues about Results and/or Conclusions,7424,0.43936793513641476,3.566261285896615
Concerns/Issues about Peer Review,Concerns/Issues about Results and/or Conclusions,7209,0.534,4.556650745959239
Concerns/Issues about Results and/or Conclusions,Investigation by Third Party,7107,0.36046865489957397,2.927300367438977
Computer-Aided Content or Computer-Generated Content,Concerns/Issues about Results and/or Conclusions,6826,0.5802941426506844,5.296305481467954
Concerns/Issues about Referencing/Attributions,Paper Mill,6722,0.3354458805329607,2.556324975934715
Computer-Aided Content or Computer-Generated Content,Concerns/Issues about Data,6721,0.3967766692248657,3.371118838251998
Computer-Aided Content or Computer-Generated Content,Concerns/Issues about Peer Review,6707,0.47746849861180324,4.2188720153972845
Computer-Aided Content or Computer-Generated Content,Paper Mill,6515,0.4488769463965826,4.001875024559959
Concerns/Issues about Data,Paper Mill,6328,0.3207786282759669,2.5249435283638295
Compromised Peer Review,Unreliable Results and/or Conclusions,6039,0.22265236146443979,1.6460592671315828
Concerns/Issues about Results and/or Conclusions,Paper Mill,5620,0.3657901588128092,3.4688705226853753
Concerns/Issues about Peer Review,Paper Mill,5464,0.3089623975120158,2.7341590017252986
Compromised Peer Review,Investigation by Third Party,4468,0.1840425093710096,1.5243414411663736
Breach of Policy by Author,Notice - Limited or No Information,4248,0.3392700263557224,4.964808656531424
Date of Article and/or Notice Unknown,Notice - Limited or No Information,4187,0.284888072395727,3.3937639739183716
Compromised Peer Review,Paper Mill,3959,0.20895128516387818,2.024069387044777
Breach of Policy by Author,Date of Article and/or Notice Unknown,3442,0.41746513038204974,6.9852572587546895
Compromised Peer Review,Concerns/Issues about Referencing/Attributions,3297,0.14368517388651617,1.311844211654115
Investigation by Journal/Publisher,Objections by Author(s),2992,0.09598665426197427,1.7037561719899548
Investigation by Journal/Publisher,Rogue Editor,2688,0.08792934249263984,1.995023979816261
Compromised Peer Review,Rogue Editor,2465,0.2104678961748634,4.948056256611299
Notice - Limited or No Information,Removed,2458,0.18196624222682856,3.451932333044664
Author Unresponsive,Investigation by Journal/Publisher,2240,0.07172590457893052,1.5522056681773364
Objections by Author(s),Unreliable Results and/or Conclusions,2183,0.09221475943057492,1.713141439924589
Investigation by Journal/Publisher,Lack of IRB/IACUC Approval and/or Compliance,2005,0.06487413447227075,1.6839960954778463
Duplication of/in Image,Investigation by Journal/Publisher,1959,0.05820137258979768,0.8117482686083168
Compromised Peer Review,Computer-Aided Content or Computer-Generated Content,1907,0.10250483766931842,1.2255909798808369
Concerns/Issues about Data,Lack of IRB/IACUC Approval and/or Compliance,1892,0.12540597865712202,3.354223433530783
Investigation by Third Party,Lack of IRB/IACUC Approval and/or Compliance,1858,0.10136941458890283,2.6918738185849707
Rogue Editor,Unreliable Results and/or Conclusions,1796,0.07756424098466853,1.83704087669408
Lack of IRB/IACUC Approval and/or Compliance,Unreliable Results and/or Conclusions,1788,0.07836605890603085,2.069606833280467
Concerns/Issues about Authorship/Affiliation,Investigation by Journal/Publisher,1786,0.05686449312277127,1.3546261926403198
Duplication of/in Image,Unreliable Results and/or Conclusions,1755,0.06867271873532635,1.0022075906029209
Concerns/Issues about Image,Investigation by Journal/Publisher,1711,0.05402930402930403,1.2203949619893246
Concerns/Issues about Referencing/Attributions,Lack of IRB/IACUC Approval and/or Compliance,1701,0.10641891891891891,2.8741374030468605
Euphemisms for Plagiarism,Plagiarism of Text,1699,0.3964069062062529,13.691758559770815
Concerns/Issues about Peer Review,Lack of IRB/IACUC Approval and/or Compliance,1681,0.13565203357004518,3.7373730310921496
Duplication of/in Image,Investigation by Third Party,1642,0.07726331639375118,1.1736601889162497
Concerns/Issues about Third Party Involvement,Investigation by Journal/Publisher,1608,0.05272649768829721,1.945391723409728
Concerns/Issues about Image,Duplication of/in Image,1456,0.2082677728508082,5.884516015752377
Investigation by Journal/Publisher,Upgrade/Update of Prior Notice(s),1438,0.046278119267531295,1.4238334645593684
Investigation by Journal/Publisher,Notice - Limited or No Information,1427,0.034948935857559205,0.26365166782862565
Informed/Patient Consent - None/Withdrawn,Lack of IRB/IACUC Approval and/or Compliance,1419,0.5031914893617021,22.50918280121585
Investigation by Company/Institution,Misconduct by Author,1418,0.3833468505001352,15.733147142446619
Compromised Peer Review,Concerns/Issues about Third Party Involvement,1415,0.12188819019726074,4.62995008059548
Informed/Patient Consent - None/Withdrawn,Investigation by Journal/Publisher,1410,0.04627806222922411,1.9474113617479198
Investigation by Company/Institution,Misconduct - Official Investigation(s) and/or Finding(s),1396,0.408904510837727,18.574798874606977
Misconduct - Official Investigation(s) and/or Finding(s),Misconduct by Author,1393,0.6978957915831663,32.78708237468782
Author Unresponsive,Unreliable Results and/or Conclusions,1390,0.05846969250830775,1.327424040886901
Concerns/Issues about Data,Informed/Patient Consent - None/Withdrawn,1379,0.09466602594906295,4.020193956731324
Concerns/Issues about Results and/or Conclusions,Lack of IRB/IACUC Approval and/or Compliance,1357,0.12861340157331058,3.721493628409191
Concerns/Issues about Data,Duplication of/in Image,1354,0.0738599170848789,1.1842673410039368
Concerns/Issues about Article,Investigation by Journal/Publisher,1342,0.04373329857263899,1.6948946503410693
Concerns/Issues about Third Party Involvement,Unreliable Results and/or Conclusions,1328,0.0591010235870049,2.214178994583279
Informed/Patient Consent - None/Withdrawn,Investigation by Third Party,1318,0.0738954922628392,3.140047969284985
Concerns/Issues about Results and/or Conclusions,Informed/Patient Consent - None/Withdrawn,1308,0.13671997491376608,5.898710194485426
Informed/Patient Consent - None/Withdrawn,Unreliable Results and/or Conclusions,1304,0.0585619975748866,2.4820459090043747
Concerns/Issues about Referencing/Attributions,Informed/Patient Consent - None/Withdrawn,1299,0.08460887123037843,3.60931052137565
Concerns/Issues about Peer Review,Informed/Patient Consent - None/Withdrawn,1293,0.11007065633778837,4.727256224953311
Concerns/Issues about Referencing/Attributions,Rogue Editor,1285,0.07673016062578372,1.918662083344815
Computer-Aided Content or Computer-Generated Content,Informed/Patient Consent - None/Withdrawn,1277,0.13242766773825573,5.731094114816783
Computer-Aided Content or Computer-Generated Content,Lack of IRB/IACUC Approval and/or Compliance,1270,0.11888046428905738,3.466079187244489
Euphemisms for Plagiarism,Plagiarism of/in Article,1233,0.22703001288897073,7.5880455138450085
Concerns/Issues about Data,Concerns/Issues about Image,1228,0.07571366915346199,1.8488127043545075
Concerns/Issues about Image,Unreliable Results and/or Conclusions,1228,0.051501425935245766,1.207097624661175
Concerns/Issues about Article,Concerns/Issues about Referencing/Attributions,1208,0.07746569193279466,3.0692596995469863
Concerns/Issues about Image,Investigation by Third Party,1183,0.060753903040262944,1.4555174845384318
Concerns/Issues about Third Party Involvement,Paper Mill,1175,0.09501091614781272,3.6746161052883037
Concerns/Issues about Authorship/Affiliation,Unreliable Results and/or Conclusions,1157,0.04875684787189212,1.2093861899347447
Duplication of/in Image,Euphemisms for Duplication,1145,0.1775744416873449,6.384017301973507
Euphemisms for Plagiarism,Investigation by Journal/Publisher,1134,0.034434592493623226,0.6622643529015328
Duplication of/in Image,Original Data and/or Images not Provided and/or not Available,1129,0.16995333433689597,5.830925786246682
Euphemisms for Duplication,Investigation by Journal/Publisher,1117,0.03556418746816098,1.099114061840536
Author Unresponsive,Investigation by Third Party,1106,0.05631364562118126,1.3220219295629307
Lack of IRB/IACUC Approval and/or Compliance,Paper Mill,1103,0.08327670819177048,2.3947231015282306
Concerns/Issues about Referencing/Attributions,Concerns/Issues about Third Party Involvement,1101,0.06978070731398149,2.679691804585894
Concerns/Issues about Third Party Involvement,Investigation by Third Party,1083,0.05918679637118811,2.260121369946694
Concerns/Issues about Data,Original Data and/or Images not Provided and/or not Available,1081,0.06889299598495953,2.07976584501337
Informed/Patient Consent - None/Withdrawn,Paper Mill,1079,0.08818241255312194,3.8522380764890967
Investigation by Journal/Publisher,Original Data and/or Images not Provided and/or not Available,1075,0.03398779600999083,0.9798352483869729
Breach of Policy by Author,Investigation by Journal/Publisher,1073,0.031569965870307165,0.49636269838777636
Concerns/Issues about Referencing/Attributions,Objections by Author(s),1066,0.059649711823624864,1.22117967451729
Falsification/Fabrication of Data,Investigation by Company/Institution,1066,0.27284361402610696,12.827114004512442
Compromised Peer Review,Concerns/Issues about Peer Review,1048,0.04855673446694157,0.5486812507399876
Computer-Aided Content or Computer-Generated Content,Concerns/Issues about Third Party Involvement,1040,0.10289898090432374,4.088485059627181
Duplication of/in Image,Paper Mill,1015,0.06327930174563591,1.08719154268544
Date of Article and/or Notice Unknown,Removed,1004,0.10161943319838057,2.4483169540682663
Unreliable Data,Unreliable Results and/or Conclusions,1002,0.042980311414232406,1.3026278917997
Original Data and/or Images not Provided and/or not Available,Unreliable Results and/or Conclusions,989,0.04225051264524949,1.242322977663982
Author Unresponsive,Compromised Peer Review,976,0.07276522776410944,1.8291524942240744
Duplication of/in Image,Unreliable Data,972,0.1446859184281036,5.195463069798687
Falsification/Fabrication of Data,Misconduct by Author,967,0.37408123791102516,20.583118661463732
Compromised Peer Review,Objections by Author(s),966,0.06843298384811561,1.487722148329021
Compromised Peer Review,Concerns/Issues about Authorship/Affiliation,965,0.07339519318527532,1.9795395210924858
Date of Article and/or Notice Unknown,Investigation by Journal/Publisher,909,0.02506410786665564,0.2916244716625159
Investigation by Journal/Publisher,Unreliable Data,908,0.028630888566563664,0.8565345151337845
Falsification/Fabrication of Data,Misconduct - Official Investigation(s) and/or Finding(s),904,0.3861597607859889,23.075571316717088
Author Unresponsive,Concerns/Issues about Data,903,0.054283137962128046,1.3207881091658134
Concerns/Issues about Image,Original Data and/or Images not Provided and/or not Available,878,0.18861439312567133,7.80551476361661
Concerns/Issues about Peer Review,Rogue Editor,855,0.06302985624769628,1.679797773345979
Concerns/Issues about Peer Review,Objections by Author(s),824,0.05682366733328736,1.2420672058883322
Investigation by Third Party,Original Data and/or Images not Provided and/or not Available,823,0.04296079761966905,1.293977471383227
Compromised Peer Review,Upgrade/Update of Prior Notice(s),792,0.0626681436936224,2.1209202604385236
Concerns/Issues about Data,Unreliable Data,792,0.04981758711787646,1.5769878764000413
Duplication of/in Article,Euphemisms for Duplication,786,0.15336585365853658,6.395824820176636
Concerns/Issues about Article,Unreliable Results and/or Conclusions,744,0.03238020629324977,1.2949612130946884
Duplication of/in Image,Manipulation of Images,709,0.11874057946742589,6.652515800526654
Author Unresponsive,Concerns/Issues about Referencing/Attributions,706,0.040255445318736455,0.9841979528324324
Unreliable Results and/or Conclusions,Upgrade/Update of Prior Notice(s),701,0.029825979662170786,0.956559435288538
Euphemisms for Duplication,Unreliable Results and/or Conclusions,691,0.029370510477323926,0.9370467751072267
Concerns/Issues about Image,Euphemisms for Duplication,688,0.14744963566223745,6.602987399770905
Author Unresponsive,Rogue Editor,686,0.1249089584850692,4.824543881158595
Concerns/Issues about Data,Objections by Author(s),681,0.0388034188034188,0.8185347435794809
Investigation by Third Party,Objections by Author(s),664,0.031961492178098676,0.6522231624568307
Author Unresponsive,Duplication of/in Image,653,0.08281547241597971,2.5639727524378495
Euphemisms for Plagiarism,Plagiarism of Image,647,0.16126620139581258,13.179138804371744
Author Unresponsive,Paper Mill,637,0.04463910301331465,1.1410213405508949
Objections by Author(s),Rogue Editor,637,0.10218158485723453,3.68142691989863
Duplication of/in Image,Objections by Author(s),636,0.07399650959860384,2.052116187558199
Author Unresponsive,Concerns/Issues about Image,625,0.11015156855833627,4.224192520529823
Concerns/Issues about Authorship/Affiliation,Investigation by Third Party,625,0.03149407911312673,0.8177118983488418
Investigation by Company/Institution,Investigation by Journal/Publisher,624,0.018955042527339004,0.4226119549080911
Investigation by Company/Institution,Investigation by Third Party,619,0.03064204742339488,0.723152885096353
Concerns/Issues about Image,Unreliable Data,616,0.12740434332988623,5.667638880957924
Investigation by Journal/Publisher,Removed,610,0.018128863528292915,0.3390717734517032
Error in Analyses,Error in Results and/or Conclusions,599,0.2674107142857143,19.933675840346982
Concerns/Issues about Referencing/Attributions,Date of Article and/or Notice Unknown,581,0.027188918526837944,0.37498398820819584
Concerns/Issues about Authorship/Affiliation,Concerns/Issues about Third Party Involvement,576,0.13803019410496045,7.227590854716696
Concerns/Issues about Human Subject Welfare,Investigation by Journal/Publisher,570,0.01880443388756928,2.079018116469431
Concerns/Issues about Data,Investigation by Company/Institution,566,0.03320427079666784,0.8091290115075379
Compromised Peer Review,Date of Article and/or Notice Unknown,563,0.03211270819073694,0.4885031020276896
Rogue Editor,Upgrade/Update of Prior Notice(s),560,0.120197467267654,5.627548355409334
Error in Data,Error in Results and/or Conclusions,551,0.1952515946137491,13.249776852981274
Concerns/Issues about Authorship/Affiliation,Concerns/Issues about Referencing/Attributions,550,0.03157653002640946,0.839222682209453
Concerns/Issues about Image,Paper Mill,549,0.03848040933623046,1.0122221327319587
Concerns/Issues about Authorship/Affiliation,Objections by Author(s),546,0.08720651653090561,3.224694318619179
Concerns/Issues about Article,Concerns/Issues about Peer Review,540,0.042687747035573126,1.8053274415195801
Investigation by Third Party,Unreliable Data,536,0.0276830905898151,0.872179942235176
Euphemisms for Plagiarism,Investigation by Third Party,533,0.02561391705512038,0.536942548002061
Original Data and/or Images not Provided and/or not Available,Paper Mill,530,0.038939093380354124,1.2487443954763366
Concerns/Issues about Authorship/Affiliation,Paper Mill,524,0.03714467994612604,1.0273593771352942
Investigation by Third Party,Upgrade/Update of Prior Notice(s),524,0.02720240876291336,0.8949811380256606
Date of Article and/or Notice Unknown,Unreliable Results and/or Conclusions,520,0.018342798687784403,0.22990957431145911
Concerns/Issues about Image,Objections by Author(s),519,0.08017920593233431,2.8825420405371007
Duplication of Data,Investigation by Journal/Publisher,518,0.016819273978829794,1.1016690265585003
Compromised Peer Review,Concerns/Issues about Article,511,0.041090382759729815,1.7454601677758874
Concerns/Issues about Data,Euphemisms for Duplication,509,0.03164635662770455,1.057186300711923
Concerns/Issues about Results and/or Conclusions,Objections by Author(s),509,0.040233973598924985,0.9463991991464189
Euphemisms for Duplication,Investigation by Third Party,509,0.02638399336512544,0.8639520888331782
Author Unresponsive,Original Data and/or Images not Provided and/or not Available,508,0.09929632525410477,4.387545123446411
Concerns/Issues about Human Subject Welfare,Lack of IRB/IACUC Approval and/or Compliance,503,0.18357664233576643,21.07124268461275
Investigation by Third Party,Misconduct by Author,492,0.026022108213889037,1.0167578418960106
Concerns/Issues about Data,Upgrade/Update of Prior Notice(s),490,0.030455590776306794,1.0240957018171088
Duplication of Data,Duplication of/in Image,489,0.08295165394402036,5.892901968208559
Investigation by Journal/Publisher,Plagiarism of Image,488,0.01591909965747839,1.2447215425420588
Author Unresponsive,Concerns/Issues about Peer Review,487,0.03442912689996465,0.8933100883481845
Concerns/Issues about Article,Rogue Editor,485,0.11409080216419666,6.216741799269831
Euphemisms for Duplication,Unreliable Data,482,0.11713244228432564,6.117974908867112
Euphemisms for Duplication,Objections by Author(s),479,0.08464393002297226,3.670143118427069
Error in Data,Unreliable Results and/or Conclusions,477,0.02037068670994192,0.7560549938044475
Concerns/Issues about Human Subject Welfare,Unreliable Results and/or Conclusions,475,0.021493212669683258,2.3876499710227006
Investigation by Third Party,Misconduct - Official Investigation(s) and/or Finding(s),475,0.02551431487350271,1.1771867513127867
Investigation by Journal/Publisher,Plagiarism of/in Article,474,0.014506947419966946,0.36527068986776573
Falsification/Fabrication of Data,Investigation by Journal/Publisher,462,0.014658755592220072,0.6002670357404543
Error in Methods,Unreliable Results and/or Conclusions,459,0.02017227740177551,1.1248874595249168
Concerns/Issues about Data,Concerns/Issues about Human Subject Welfare,457,0.031532463948112884,3.518388330340639
Duplication of/in Image,Investigation by Company/Institution,454,0.05565089482716352,1.7422562016256822
Concerns/Issues about Human Subject Welfare,Concerns/Issues about Referencing/Attributions,441,0.028984554715741045,3.2359255208384083
Author Unresponsive,Euphemisms for Plagiarism,438,0.06689065363469762,2.423849913868156
Error in Methods,Error in Results and/or Conclusions,435,0.19264836138175376,16.1736337615656
Removed,Withdrawn to Publish in Different Journal,433,0.10704573547589617,14.720706436699405
Notice - Limited or No Information,Withdrawn to Publish in Different Journal,431,0.03577654187764589,4.870379165096681
Conflict of Interest,Investigation by Journal/Publisher,430,0.01402844838835965,1.1796876422958897
Investigation by Journal/Publisher,Misconduct by Author,430,0.013567664784021709,0.515155804833757
Author Unresponsive,Concerns/Issues about Article,425,0.09396418306433783,5.086188041604511
Euphemisms for Plagiarism,Plagiarism of Data,425,0.10601147418308805,11.686391564206462
Falsification/Fabrication of Data,Investigation by Third Party,422,0.022407476238517497,0.9457955260096464
Original Data and/or Images not Provided and/or not Available,Unreliable Data,419,0.09616708744549002,4.926400090652942
Concerns/Issues about Data,Duplication of Data,415,0.027723962856570247,1.8630033240098178
Duplication of/in Image,Upgrade/Update of Prior Notice(s),410,0.057190682103501186,2.3002929283696556
Concerns/Issues about Human Subject Welfare,Concerns/Issues about Peer Review,409,0.035152556940266436,3.9489238301250356
Computer-Aided Content or Computer-Generated Content,Upgrade/Update of Prior Notice(s),408,0.03660834454912517,1.3127092012350516
Concerns/Issues about Human Subject Welfare,Investigation by Third Party,404,0.0227554353948406,2.5418333222727605
Computer-Aided Content or Computer-Generated Content,Rogue Editor,403,0.033874085904009414,0.9719232208877389
Error in Analyses,Error in Methods,400,0.17889087656529518,15.481740044289305
Duplication of Data,Investigation by Third Party,398,0.021875343519841706,1.4601139065506965
Duplication of/in Article,Investigation by Journal/Publisher,398,0.011867135786272288,0.2406885620769821
Error in Analyses,Error in Data,396,0.13561643835616438,9.912736982643523
Investigation by Journal/Publisher,Manipulation of Images,396,0.012685802152742183,0.6557463589497172
Concerns/Issues about Article,Objections by Author(s),395,0.0752954632100648,3.884589968050068
Concerns/Issues about Data,Euphemisms for Plagiarism,393,0.02215207710952032,0.48445676913655905
Author Unresponsive,Upgrade/Update of Prior Notice(s),388,0.07693833035891334,3.640368308039451
Concerns/Issues about Referencing/Attributions,Investigation by Company/Institution,383,0.02135489266796766,0.5218341202972706
Error in Data,Error in Methods,380,0.13620071684587814,10.627711886507067
Duplication of/in Image,Error in Image,374,0.06326116373477672,4.975434305279263
Investigation by Company/Institution,Unreliable Results and/or Conclusions,371,0.01491997104480013,0.3462778641621607
Investigation by Journal/Publisher,Plagiarism of Data,366,0.011979575805184604,1.2602079691988806
Duplication of Data,Euphemisms for Duplication,365,0.12474367737525632,10.445178781086563
Date of Article and/or Notice Unknown,Euphemisms for Plagiarism,353,0.034142566979398395,0.9044095811696576
Investigation by Journal/Publisher,Plagiarism of Text,352,0.010959927764112464,0.3552042466993911
Computer-Aided Content or Computer-Generated Content,Concerns/Issues about Authorship/Affiliation,349,0.029359804828804577,0.8601446599968681
Date of Article and/or Notice Unknown,Plagiarism of/in Article,348,0.036919159770846595,1.176488947434335
Compromised Peer Review,Concerns/Issues about Results and/or Conclusions,342,0.01699463327370304,0.22086334306727554
Concerns/Issues about Referencing/Attributions,Euphemisms for Plagiarism,340,0.018378378378378378,0.39946041734519255
Error in Data,Investigation by Journal/Publisher,339,0.010639967358212234,0.38988908168627406
Error in Analyses,Unreliable Results and/or Conclusions,337,0.014638172183129182,0.7392111550530593
Compromised Peer Review,Conflict of Interest,334,0.02862775349275735,2.478243013439444
Investigation by Company/Institution,Manipulation of Images,332,0.07767898923724847,5.091526597970601
Concerns/Issues about Peer Review,Date of Article and/or Notice Unknown,326,0.018099045081057072,0.2768533051100288
Manipulation of Images,Unreliable Results and/or Conclusions,325,0.014142732811140122,0.7416819242349378
Objections by Author(s),Unreliable Data,320,0.05409974640743871,2.350535926259072
Investigation by Company/Institution,Upgrade/Update of Prior Notice(s),318,0.061307113938692884,2.9160613799824993
Objections by Author(s),Original Data and/or Images not Provided and/or not Available,314,0.0523071797434616,2.228600060652574
Date of Article and/or Notice Unknown,Investigation by Third Party,310,0.012840692568966946,0.1715552690211583
Concerns/Issues about Authorship/Affiliation,Concerns/Issues about Data,308,0.018166804293971925,0.49309759471234976
Falsification/Fabrication of Image,Investigation by Company/Institution,305,0.0869937250427838,11.538301770292097
Duplication of Data,Unreliable Results and/or Conclusions,304,0.013389121338912133,0.8910223446137355
Euphemisms for Duplication,Original Data and/or Images not Provided and/or not Available,300,0.06850879196163508,3.679319335803486
Author Unresponsive,Euphemisms for Duplication,291,0.056461001164144355,2.713287845592071
Investigation by Third Party,Plagiarism of Image,289,0.01594043022614451,1.2715472774930834
Concerns/Issues about Data,Plagiarism of Data,287,0.019525137764473774,2.0858697524946734
Investigation by Third Party,Manipulation of Images,284,0.01526553429370028,0.8112250027028827
False/Forged Authorship,Investigation by Journal/Publisher,283,0.00916243079612782,0.7000603960898469
Concerns/Issues about Image,Upgrade/Update of Prior Notice(s),282,0.05575326215895611,2.7234026612323188
Concerns/Issues about Image,Concerns/Issues about Results and/or Conclusions,278,0.022979004794180857,0.6474495321242095
Error in Image,Unreliable Results and/or Conclusions,277,0.012238225678183265,0.8962595936323845
Concerns/Issues about Data,Error in Data,276,0.01725862931465733,0.670030559275487
Concerns/Issues about Authorship/Affiliation,Conflict of Interest,275,0.07968704723268617,7.8249455666481165
Investigation by Third Party,Plagiarism of Data,273,0.015233524914904302,1.6214593630843257
Concerns/Issues about Article,Investigation by Company/Institution,269,0.05659583420997265,3.1463838506448845
Investigation by Company/Institution,Lack of IRB/IACUC Approval and/or Compliance,268,0.04754301933652652,2.084638376508805
Euphemisms for Plagiarism,Taken from Dissertation/Thesis,266,0.06827515400410678,12.676816491889928
Concerns/Issues about Image,Euphemisms for Plagiarism,265,0.03996983408748114,1.509477479216919
Investigation by Journal/Publisher,Objections by Third Party,261,0.008488633037369499,0.7883310670828906
Concerns/Issues about Results and/or Conclusions,Original Data and/or Images not Provided and/or not Available,260,0.022725286251201817,0.7737999034530628
Conflict of Interest,Objections by Author(s),260,0.058624577226606536,5.5543061993564535
Error by Journal/Publisher,Rogue Editor,260,0.0717439293598234,6.484127778461969
Error in Text,Retract and Replace,260,0.18181818181818182,24.62231415234026
Investigation by Third Party,Rogue Editor,257,0.012674458746362874,0.3290290660618326
Investigation by Journal/Publisher,Misconduct - Official Investigation(s) and/or Finding(s),255,0.008079591901397294,0.3663613501801301
Concerns/Issues about Image,Plagiarism of Image,254,0.06831629908552986,6.319002684213028
Author Unresponsive,Unreliable Data,253,0.04783512951408584,2.261480410179679
Concerns/Issues about Authorship/Affiliation,Concerns/Issues about Results and/or Conclusions,252,0.021107295418376748,0.6240929603168199
Duplication of Data,Unreliable Data,252,0.08035714285714286,6.913420652276681
Concerns/Issues about Referencing/Attributions,Plagiarism of Text,249,0.014652230198893727,0.5054885732435394
Investigation by ORI,Misconduct - Official Investigation(s) and/or Finding(s),240,0.15122873345935728,36.50050144534246
Euphemisms for Plagiarism,Unreliable Results and/or Conclusions,237,0.009286106104537261,0.19074813599042315
Investigation by ORI,Misconduct by Author,237,0.12493410648392199,30.05637544273908
Author Unresponsive,Concerns/Issues about Authorship/Affiliation,234,0.03979591836734694,1.6817721677788555
Results Not Reproducible,Unreliable Results and/or Conclusions,229,0.01009922822491731,0.7464923727441934
Computer-Aided Content or Computer-Generated Content,Objections by Author(s),227,0.017491138850362152,0.4200294739780506
Concerns/Issues about Image,Manipulation of Images,227,0.053868058851447555,3.6663084378783086
False/Forged Authorship,Misconduct by Author,227,0.09022257551669316,9.199349440131563
Concerns/Issues about Authorship/Affiliation,Upgrade/Update of Prior Notice(s),226,0.04585108541286265,2.3209127050519056
Concerns/Issues about Image,Error in Image,226,0.059146820204135045,5.17524953263876
Falsification/Fabrication of Image,Misconduct by Author,226,0.1044362292051756,15.123887797319531
Investigation by Third Party,Removed,226,0.01060634503472874,0.21669681469016952
Error in Data,Error in Image,225,0.0851305334846765,8.307997410860613
Concerns/Issues about Data,Manipulation of Images,223,0.01442712039852494,0.7794526149095009
Conflict of Interest,Unreliable Results and/or Conclusions,223,0.009888258247605534,0.8431349057003946
Concerns/Issues about Authorship/Affiliation,Concerns/Issues about Peer Review,222,0.015706806282722512,0.4457209211084523
Error in Data,Unreliable Data,221,0.0545544310046902,3.278722879165998
Author Unresponsive,Plagiarism of Data,220,0.06080707573244887,7.177895087824337
Falsification/Fabrication of Image,Misconduct - Official Investigation(s) and/or Finding(s),219,0.1174892703862661,17.575126134129608
Original Data and/or Images not Provided and/or not Available,Upgrade/Update of Prior Notice(s),218,0.049021812457836746,2.690378852432334
Author Unresponsive,Objections by Author(s),217,0.03160501019516458,1.1708974928675848
Author Unresponsive,Plagiarism of Image,216,0.05614764751754614,5.220588044395406
Falsification/Fabrication of Data,Investigation by ORI,216,0.12175873731679819,29.70806658130602
Concerns/Issues about Data,Objections by Third Party,215,0.014467397887087006,1.3707263070177265
Author Unresponsive,Concerns/Issues about Results and/or Conclusions,211,0.017216057441253263,0.4774132090018783
Objections by Author(s),Upgrade/Update of Prior Notice(s),207,0.0349839445665033,1.5959840654608095
Concerns/Issues about Authorship/Affiliation,False/Forged Authorship,206,0.05709534368070954,5.285259932516875
Plagiarism of Image,Unreliable Results and/or Conclusions,206,0.009102960671674768,0.7241244910905178
Date of Article and/or Notice Unknown,Duplication of/in Article,204,0.01969492179957521,0.5412210408089022
Euphemisms for Duplication,Euphemisms for Plagiarism,203,0.03477218225419664,1.5952031419443713
Concerns/Issues about Data,Misconduct by Author,202,0.012633685658890488,0.510817379882429
Investigation by Company/Institution,Unreliable Data,202,0.03731067602512006,1.7647354921436644
Concerns/Issues about Data,Misconduct - Official Investigation(s) and/or Finding(s),201,0.012816425428808264,0.6095504851631913
Error in Results and/or Conclusions,Retract and Replace,201,0.09258406264394288,10.069589940446294
Falsification/Fabrication of Data,Falsification/Fabrication of Image,201,0.09828850855745722,14.587586404033054
Error by Journal/Publisher,Investigation by Journal/Publisher,199,0.006424121122122865,0.4889904693472983
Concerns/Issues about Authorship/Affiliation,Date of Article and/or Notice Unknown,198,0.020577842444398253,0.6588329766766007
Date of Article and/or Notice Unknown,Investigation by Company/Institution,196,0.019651092841387607,0.5823517492887323
Manipulation of Images,Original Data and/or Images not Provided and/or not Available,196,0.054901960784313725,4.045324924181843
Error in Results and/or Conclusions,Unreliable Results and/or Conclusions,195,0.008397571164032556,0.4108958837163448
Date of Article and/or Notice Unknown,Plagiarism of Text,193,0.021680521231184004,0.8544072391447899
Concerns/Issues about Results and/or Conclusions,Rogue Editor,191,0.015832228116710874,0.46287417598198827
Duplication of/in Image,Plagiarism of Image,190,0.031556219897027074,2.7460280085662716
Plagiarism of Text,Taken from Dissertation/Thesis,190,0.08,15.64585601014283
Unreliable Data,Upgrade/Update of Prior Notice(s),190,0.04325062599590257,2.4267496358537866
Error in Image,Investigation by Journal/Publisher,189,0.0060910760901092525,0.4437335033315148
Duplication of/in Image,Euphemisms for Plagiarism,188,0.021014978761457633,0.6221214157490432
Concerns/Issues about Results and/or Conclusions,Duplication of/in Image,187,0.012960909342944275,0.25301092266384523
Duplication of/in Image,Objections by Third Party,187,0.03175411784683308,3.200432844391777
Ethical Violations by Author,Investigation by Company/Institution,186,0.049892703862660946,5.912818798153194
Author Unresponsive,Duplication of Data,183,0.04515173945225759,3.6879562356527895
Duplication of Text,Euphemisms for Duplication,182,0.07142857142857142,11.29545925925926
False/Forged Authorship,Investigation by Company/Institution,180,0.045180722891566265,4.123735582781197
Concerns/Issues about Data,Date of Article and/or Notice Unknown,178,0.008449634482103865,0.12053807111327369
Duplication of/in Article,Unreliable Results and/or Conclusions,175,0.006875147324585527,0.14584920322137257
Concerns/Issues about Methods,Investigation by Journal/Publisher,174,0.005736515890808387,1.6676671635548597
Concerns/Issues about Peer Review,Conflict of Interest,172,0.014247846255798542,1.2491053028069619
Investigation by Company/Institution,Investigation by ORI,172,0.05084244753177653,12.331154926444006
Concerns/Issues about Data,Plagiarism of Image,170,0.011302439997340602,0.9152620572150837
False/Forged Authorship,Falsification/Fabrication of Data,170,0.0699876492383697,7.471581818658693
Concerns/Issues about Referencing/Attributions,Conflict of Interest,169,0.01077325173710716,0.9327425494726316
Ethical Violations by Author,Investigation by Journal/Publisher,166,0.005397671847564544,0.5697974254092012
Concerns/Issues about Authorship/Affiliation,Lack of Approval from Author,163,0.048978365384615384,6.54355476657635
Concerns/Issues about Data,Results Not Reproducible,163,0.010783275998941518,0.813819362135614
Error in Image,Unreliable Data,163,0.052126638951071315,4.936499337391069
Compromised Peer Review,Error by Journal/Publisher,161,0.013490866432042902,1.069971090030195
Concerns/Issues about Results and/or Conclusions,Upgrade/Update of Prior Notice(s),161,0.01418877236273905,0.5205193932219034
Date of Article and/or Notice Unknown,Notice - Lack of,161,0.022695235410205808,4.417401228185222
Concerns/Issues about Data,Error in Image,160,0.010577813037154568,0.7929112002122815
Concerns/Issues about Image,Investigation by Company/Institution,159,0.0255873833279691,1.0503081903416347
Error by Journal/Publisher,Upgrade/Update of Prior Notice(s),159,0.053391537944929485,5.29001367989056
Author Unresponsive,Concerns/Issues about Third Party Involvement,158,0.03246352989521266,1.8113042065385636
False/Forged Authorship,Unreliable Results and/or Conclusions,157,0.006914471945741214,0.5352323542216815
Author Unresponsive,Error by Journal/Publisher,156,0.03959390862944162,3.6323292325168177
Error by Journal/Publisher,Investigation by Third Party,156,0.008526453869698294,0.6612325165455661
Error in Results and/or Conclusions,Error in Text,156,0.07580174927113703,9.427217517995471
Error in Methods,Investigation by Journal/Publisher,155,0.004941814124023594,0.275635058814946
False/Forged Authorship,Investigation by Third Party,155,0.008474112951724892,0.6613982745893929
Conflict of Interest,Rogue Editor,154,0.04235423542354235,4.287954750608674
Investigation by Company/Institution,Original Data and/or Images not Provided and/or not Available,154,0.027777777777777776,1.2999736411297111
Plagiarism of Data,Plagiarism of Image,154,0.11348563006632277,18.49465710128932
Copyright Claims,Date of Article and/or Notice Unknown,152,0.02042461703843053,2.130367788678179
Error in Analyses,Investigation by Journal/Publisher,152,0.004823253157326902,0.24192935474659857
Error in Data,Investigation by Third Party,152,0.007865866280273236,0.3015554965233046
Lack of IRB/IACUC Approval and/or Compliance,Misconduct by Author,152,0.03508771929824561,2.0914740292585514
Lack of IRB/IACUC Approval and/or Compliance,Objections by Author(s),152,0.023854362837413684,0.9940956805735089
Objections by Third Party,Unreliable Results and/or Conclusions,152,0.006740875426848197,0.6327109554862883
Investigation by Company/Institution,Objections by Author(s),151,0.021552954610333998,0.7963280826116895
Date of Article and/or Notice Unknown,Error by Journal/Publisher,150,0.019602718243596447,1.6170025383572102
Concerns/Issues about Article,Concerns/Issues about Results and/or Conclusions,149,0.013699889665318132,0.6144509080206151
Concerns/Issues about Image,Concerns/Issues about Referencing/Attributions,149,0.008275938680293268,0.21380269470245997
Date of Article and/or Notice Unknown,Rogue Editor,149,0.015305598356445814,0.48515135494897116
Lack of IRB/IACUC Approval and/or Compliance,Misconduct - Official Investigation(s) and/or Finding(s),148,0.036733680814097794,2.4421364839062587
Concerns/Issues about Image,Duplication of Data,147,0.03676838419209605,3.0493070204105885
Date of Article and/or Notice Unknown,Misconduct by Author,147,0.01708904905835852,0.7726087128347671
Concerns/Issues about Data,Error in Methods,146,0.009454733842766481,0.5480242380663979
Concerns/Issues about Methods,Unreliable Results and/or Conclusions,146,0.006620414456083073,1.9284421575026087
Copyright Claims,Removed,146,0.032229580573951436,3.5454027379711532
False/Forged Authorship,Lack of Approval from Author,146,0.1105223315669947,19.115693245302186
Euphemisms for Plagiarism,Objections by Author(s),145,0.019246084417308202,0.6593928331449947
Date of Article and/or Notice Unknown,Objections by Author(s),142,0.013337090260167184,0.35473686344735633
Duplication of/in Image,Misconduct - Official Investigation(s) and/or Finding(s),142,0.02106199940670424,1.1559972274457608
Duplication of Data,Paper Mill,141,0.011179828734538535,0.7751639737956884
Concerns/Issues about Results and/or Conclusions,Error in Data,140,0.012661662295378493,0.5257510392971998
Error by Journal/Publisher,Removed,140,0.02951096121416526,2.6148645617347643
False/Forged Authorship,Misconduct - Official Investigation(s) and/or Finding(s),140,0.06097560975609756,6.803910977055456
Conflict of Interest,Date of Article and/or Notice Unknown,138,0.01822985468956407,1.660924094293753
Manipulation of Images,Misconduct - Official Investigation(s) and/or Finding(s),138,0.050364963503649635,4.489534377476864
Plagiarism of/in Article,Taken from Dissertation/Thesis,138,0.044430135222150675,8.67812320864485
Concerns/Issues about Data,Error in Analyses,137,0.008783740462909534,0.46026685328282185
Ethical Violations by Author,Lack of IRB/IACUC Approval and/or Compliance,137,0.04357506361323155,5.400969286327652
Euphemisms for Plagiarism,Paper Mill,137,0.008915788103605363,0.2068197362750143
Paper Mill,Upgrade/Update of Prior Notice(s),137,0.009919629281007892,0.35065009848773665
Misconduct - Official Investigation(s) and/or Finding(s),Upgrade/Update of Prior Notice(s),136,0.03735237572095578,2.6455789807283097
Paper Mill,Plagiarism of Image,136,0.01092896174863388,0.8966942408904335
Author Unresponsive,Date of Article and/or Notice Unknown,134,0.01345111423408954,0.40735980065940414
Date of Article and/or Notice Unknown,Misconduct - Official Investigation(s) and/or Finding(s),133,0.016006739679865205,0.8382879739518044
Date of Article and/or Notice Unknown,False/Forged Authorship,132,0.01722338204592902,1.4325016453772792
Unreliable Image,Unreliable Results and/or Conclusions,132,0.005972039994570873,1.5084412874293147
Duplication of/in Image,Misconduct by Author,131,0.018555240793201134,0.889283871035696
Error in Data,Falsification/Fabrication of Data,130,0.03715347242069163,2.656435583196146
Concerns/Issues about Authorship/Affiliation,Concerns/Issues about Image,129,0.02188666440447913,0.9543115139699727
Duplication of/in Image,Falsification/Fabrication of Image,128,0.022233802327601183,2.9626596995896968
Misconduct by Author,Unreliable Results and/or Conclusions,128,0.005403579871664978,0.21133612684960096
Misconduct by Author,Upgrade/Update of Prior Notice(s),128,0.032355915065722954,2.076311285613611
Paper Mill,Unreliable Data,127,0.00911570485213896,0.30968190411663765
Concerns/Issues about Data,Ethical Violations by Author,126,0.008477997577714978,0.9129081684769655
Manipulation of Images,Misconduct by Author,126,0.041189931350114416,3.4181682192153393
Notice - Lack of,Removed,126,0.029921633816195677,5.989812635905989
Manipulation of Images,Unreliable Data,125,0.03512222534419781,2.670064650715007
Date of Article and/or Notice Unknown,Duplication of Content through Error by Journal/Publisher,124,0.016491554728022342,1.6231625480271425
Error in Methods,Unreliable Data,124,0.03575547866205306,2.8444316678730255
Falsification/Fabrication of Data,Unreliable Results and/or Conclusions,123,0.005223151726187949,0.22024256793492197
Concerns/Issues about Third Party Involvement,Upgrade/Update of Prior Notice(s),122,0.030933062880324543,1.9984496124031006
Concerns/Issues about Results and/or Conclusions,Euphemisms for Duplication,121,0.010613104113674238,0.3887636851692072
Conflict of Interest,Investigation by Third Party,121,0.006634863190217689,0.5726196278263446
Duplication of/in Article,Objections by Author(s),121,0.016289714593430264,0.5697910800417705
Manipulation of Images,Upgrade/Update of Prior Notice(s),121,0.035052143684820396,2.7129289801882033
Concerns/Issues about Article,Concerns/Issues about Data,120,0.007511266900350526,0.3199009962065807
Concerns/Issues about Results and/or Conclusions,Unreliable Data,120,0.010435690060005217,0.36961619720510425
Unreliable Data,Unreliable Image,119,0.047695390781563124,12.728548198433252
Concerns/Issues about Referencing/Attributions,Plagiarism of/in Article,118,0.00662772410694226,0.18293423985418372
Concerns/Issues about Authorship/Affiliation,Rogue Editor,117,0.020224719101123594,0.9006473476455655
Concerns/Issues about Data,Duplication of/in Article,117,0.006541063342092022,0.14934902627461966
Falsification/Fabrication of Data,Upgrade/Update of Prior Notice(s),117,0.030604237509809052,2.058262364886996
Computer-Aided Content or Computer-Generated Content,Date of Article and/or Notice Unknown,116,0.007204074028071047,0.12092779313723459
Concerns/Issues about Data,Removed,116,0.006370126304228446,0.13610182395308348
Concerns/Issues about Methods,Objections by Author(s),116,0.028978266300274794,8.657171360875065
Concerns/Issues about Results and/or Conclusions,Investigation by Company/Institution,116,0.009336016096579476,0.25652276160264104
Date of Article and/or Notice Unknown,Falsification/Fabrication of Data,116,0.013664742608081046,0.6611996764434358
Misconduct - Official Investigation(s) and/or Finding(s),Unreliable Results and/or Conclusions,116,0.004958748343521566,0.2296788958088055
Compromised Peer Review,Misconduct by Author,115,0.00889610891931616,0.37262057518444863
Duplication of Data,Objections by Author(s),115,0.023888658080598254,1.904483066693548
Concerns/Issues about Authorship/Affiliation,Duplication of/in Article,114,0.017630683575626353,0.7150349802493042
Error in Image,Euphemisms for Duplication,114,0.03702500811951932,3.601363025804171
Duplication of/in Image,Falsification/Fabrication of Data,113,0.016296509950966254,0.8319168865586055
Error in Image,Original Data and/or Images not Provided and/or not Available,113,0.0346732126419147,3.3067053415625183
Objections by Third Party,Paper Mill,113,0.009163152773272787,0.8822662499347691
Author Unresponsive,Plagiarism of/in Article,112,0.01880456682337139,0.8178389593468302
Falsification/Fabrication of Image,Manipulation of Images,112,0.06338426711941143,10.359614381484127
Compromised Peer Review,Concerns/Issues about Data,111,0.004365610005506175,0.04633977692280469
Concerns/Issues about Results and/or Conclusions,Error in Methods,111,0.010666922929079376,0.6445200993793986
Error in Data,Results Not Reproducible,109,0.039607558139534885,4.054862914862915
Euphemisms for Plagiarism,Original Data and/or Images not Provided and/or not Available,109,0.017836687939780722,0.7934169235081376
Duplication of Content through Error by Journal/Publisher,Removed,108,0.023391812865497075,2.449434354767871
Error in Methods,Results Not Reproducible,108,0.05209840810419682,6.212048192771084
Compromised Peer Review,Investigation by Company/Institution,107,0.007453329618278072,0.19599266377079055
Concerns/Issues about Authorship/Affiliation,Euphemisms for Plagiarism,107,0.016204755414205664,0.6481151288789221
Concerns/Issues about Authorship/Affiliation,Plagiarism of/in Article,107,0.01882145998240985,0.8552051700591693
Falsification/Fabrication of Data,Manipulation of Images,107,0.03646898432174506,3.1480312942225783
Concerns/Issues about Article,Investigation by Third Party,105,0.0054690348455648735,0.22875035553627218
Error in Image,Investigation by Third Party,105,0.005709935287400076,0.4252379355833353
Euphemisms for Plagiarism,Unreliable Data,105,0.0174042764793635,0.7910040115866555
Manipulation of Images,Paper Mill,105,0.00811186650185414,0.449451763797099
Error in Analyses,Investigation by Third Party,104,0.0055207559188873555,0.28553582430268637
Retract and Replace,Withdrawn as Out of Date,104,0.08791208791208792,20.783132386438172
Investigation by Journal/Publisher,Lack of Approval from Author,103,0.003350247202706219,0.3986697695368216
Author Unresponsive,Investigation by Company/Institution,102,0.01603269412134549,0.6545919341890026
Compromised Peer Review,False/Forged Authorship,102,0.0085092183198465,0.6824142622294666
Concerns/Issues about Data,Error in Results and/or Conclusions,102,0.006501370386895277,0.329190938810508
Error in Results and/or Conclusions,Investigation by Journal/Publisher,102,0.0032257044369248286,0.15595658580872393
Plagiarism of Image,Plagiarism of Text,102,0.03445945945945946,3.5900465870472047
Author Unresponsive,Computer-Aided Content or Computer-Generated Content,101,0.008137942148094433,0.2274210586164957
Computer-Aided Content or Computer-Generated Content,Notice - Limited or No Information,101,0.004764375678098023,0.060636758931795355
Concerns/Issues about Authorship/Affiliation,Duplication of/in Image,101,0.012375934321774293,0.434068594967613
Concerns/Issues about Referencing/Attributions,Removed,101,0.005335164544926311,0.11294309540378825
Copyright Claims,Lack of Approval from Third Party,101,0.09692898272552783,21.70860349527016
Ethical Violations by Author,Misconduct by Author,101,0.04222408026755853,5.679576495855566
Author Unresponsive,Duplication of/in Article,100,0.014801657785671996,0.5730409651450236
Compromised Peer Review,Duplication of/in Article,99,0.00670913526701003,0.16192221054153713
Concerns/Issues about Data,Concerns/Issues about Third Party Involvement,98,0.00609642301710731,0.25025988953694595
Concerns/Issues about Data,Lack of Approval from Third Party,98,0.0066689350119088124,1.0177235507835802
Duplication of Data,Original Data and/or Images not Provided and/or not Available,98,0.029062870699881376,2.59779030914079
Error in Data,Investigation by Company/Institution,98,0.019230769230769232,1.0438466030757252
Manipulation of Images,Objections by Author(s),98,0.019114491905597816,1.2636438066920905
Error in Text,Investigation by Journal/Publisher,96,0.0031022782355792536,0.2774690661969371
Investigation by Third Party,Results Not Reproducible,96,0.005219944538089283,0.39169657949214665
Lack of IRB/IACUC Approval and/or Compliance,Upgrade/Update of Prior Notice(s),96,0.020100502512562814,1.0917175424356846
Objections by Author(s),Plagiarism of/in Article,96,0.014403600900225057,0.5760572035081839
Plagiarism of/in Article,Removed,96,0.014201183431952662,0.5623174509766053
Ethical Violations by Author,Investigation by Third Party,95,0.005248328821612066,0.5624945065962804
Concerns/Issues about Results and/or Conclusions,Error in Analyses,94,0.008893935093197086,0.4885213646956368
Duplication of/in Image,Error in Data,94,0.013102871480345692,0.6125876070401618
Falsification/Fabrication of Image,Investigation by Journal/Publisher,94,0.0030595970445594506,0.3839729905143808
Concerns/Issues about Referencing/Attributions,Upgrade/Update of Prior Notice(s),92,0.00535101494794393,0.18325871919172562
Concerns/Issues about Data,Concerns/Issues about Methods,91,0.006283228612856452,1.840965606704992
Concerns/Issues about Results and/or Conclusions,Concerns/Issues about Third Party Involvement,91,0.008264462809917356,0.3594786819238368
Error in Analyses,Retract and Replace,91,0.04091726618705036,4.745681110167092
Error in Image,Investigation by Company/Institution,91,0.022082018927444796,1.9786593881207408
Error in Text,Unreliable Results and/or Conclusions,91,0.004018902088945811,0.362475254773618
Euphemisms for Duplication,Upgrade/Update of Prior Notice(s),91,0.020705346985210465,1.2123927648578812
Falsification/Fabrication of Image,Investigation by ORI,91,0.12347354138398914,39.34887621603489
Error in Data,Upgrade/Update of Prior Notice(s),90,0.02210759027266028,1.4015101177891875
Plagiarism of Data,Plagiarism of Text,90,0.03276301419730615,4.276132701798061
Compromised Peer Review,Removed,89,0.0058987274655355245,0.1337983194702194
Error in Image,Objections by Author(s),89,0.018768452129902996,1.6270777965428607
Ethical Violations by Author,Misconduct - Official Investigation(s) and/or Finding(s),89,0.042441583214115404,6.00183309941697
Investigation by Journal/Publisher,Lack of Approval from Third Party,89,0.002905078992035514,0.4378744471969906
Investigation by Third Party,Plagiarism of/in Article,89,0.004376690435210229,0.11830654606832937
Lack of Approval from Author,Unreliable Results and/or Conclusions,89,0.003964188677564474,0.474744256108058
Compromised Peer Review,Ethical Violations by Author,87,0.007402995234853642,0.8076635739245693
Concerns/Issues about Methods,Concerns/Issues about Results and/or Conclusions,87,0.009239592183517418,2.7226393106462132
Duplication of/in Article,Removed,87,0.011512504962286622,0.39991295977036523
Error in Data,Retract and Replace,87,0.031498913830557564,3.278482037443076
Ethical Violations by Author,Falsification/Fabrication of Data,87,0.038461538461538464,5.305742985042037
Concerns/Issues about Authorship/Affiliation,Euphemisms for Duplication,86,0.016919142238835335,0.8776838338852729
Concerns/Issues about Data,Falsification/Fabrication of Data,86,0.005388133575590502,0.2358550194938952
Concerns/Issues about Data,Lack of Approval from Company/Institution,86,0.005910246718438595,1.3669964395156375
Duplication of/in Image,Unreliable Image,86,0.015568428674873281,4.040715528946482
Investigation by Company/Institution,Plagiarism of/in Article,86,0.014200792602377808,0.6137678922664437
Investigation by Company/Institution,Results Not Reproducible,86,0.02087885409079874,1.8839264470956119
Original Data and/or Images not Provided and/or not Available,Plagiarism of Image,86,0.02678293366552476,2.734056418886231
False/Forged Affiliation,False/Forged Authorship,85,0.0845771144278607,32.64506517690875
Investigation by Company/Institution,Objections by Third Party,85,0.021700280827163645,2.3776958046087575
Contamination of Cell Lines/Tissues,Unreliable Results and/or Conclusions,84,0.00381038784304831,1.591912346812755
Duplication of Data,Euphemisms for Plagiarism,84,0.017691659646166806,1.4266946514458254
Error in Image,Unreliable Image,84,0.07460035523978685,22.362100396773386
Date of Article and/or Notice Unknown,Error in Text,83,0.01094409282700422,1.0524308165880527
Duplication of/in Article,Investigation by Third Party,83,0.00392825027213782,0.0865830256634853
Duplication of/in Article,Plagiarism of/in Article,83,0.012866222291117656,0.5289309723006721
Concerns/Issues about Image,Unreliable Image,82,0.024931590148981452,6.631887331557203
Date of Article and/or Notice Unknown,Euphemisms for Duplication,82,0.009041790715624656,0.35397742678194793
Duplication of Text,Duplication of/in Image,82,0.014283225918829473,2.1431062449310625
Investigation by Third Party,Objections by Third Party,82,0.004504999450609823,0.4272324901827711
Concerns/Issues about Authorship/Affiliation,Investigation by Company/Institution,81,0.013263468151301784,0.5689737944382073
Concerns/Issues about Image,Error in Data,81,0.016370250606305578,0.9086336859017271
Error in Data,Error in Text,81,0.03103448275862069,3.6819829778576514
Investigation by Journal/Publisher,Unreliable Image,81,0.0026591379140540362,0.6716544039191308
Plagiarism of Image,Unreliable Data,81,0.025845564773452456,2.6650690458846373
Concerns/Issues about Authorship/Affiliation,Unreliable Data,80,0.015426147319706903,0.7827067215908935
Duplication of Data,Plagiarism of Data,80,0.04987531172069826,8.010959673600125
Duplication of/in Article,Duplication of/in Image,80,0.008964589870013447,0.27413301645343074
Duplication of/in Article,Euphemisms for Plagiarism,80,0.010851871947911014,0.3863605135612451
Error in Methods,Investigation by Third Party,80,0.004274417610600555,0.24540026666977865
Author Unresponsive,Lack of IRB/IACUC Approval and/or Compliance,78,0.013558143577264037,0.6207755384100252
Concerns/Issues about Data,False/Forged Authorship,78,0.005145118733509235,0.4072750727682552
Concerns/Issues about Results and/or Conclusions,Error in Results and/or Conclusions,78,0.007329449351625634,0.38941159505956274
Concerns/Issues about Results and/or Conclusions,Objections by Third Party,78,0.007857358718646117,0.7692605588625467
Informed/Patient Consent - None/Withdrawn,Investigation by Company/Institution,78,0.016270337922403004,0.9977056249877151
Lack of IRB/IACUC Approval and/or Compliance,Original Data and/or Images not Provided and/or not Available,78,0.015640665730900342,0.8165408996377235
Concerns/Issues about Article,Concerns/Issues about Authorship/Affiliation,77,0.01675734494015234,1.0086278951738779
Falsification/Fabrication of Data,Falsification/Fabrication of Results,77,0.04415137614678899,25.887584767866453
Concerns/Issues about Human Subject Welfare,Objections by Author(s),76,0.01719846119031455,2.1585141795648846
Concerns/Issues about Peer Review,Error by Journal/Publisher,76,0.006198010112542815,0.4943481818119182
Error in Materials,Unreliable Results and/or Conclusions,76,0.0034409381083895505,1.1891721291575625
Investigation by Company/Institution,Paper Mill,76,0.005098960080509896,0.13305275422205953
Plagiarism of/in Article,Unreliable Results and/or Conclusions,76,0.003068847163335352,0.08071304044055855
Concerns/Issues about Authorship/Affiliation,False/Forged Affiliation,75,0.024679170779861797,8.831791709489552
Concerns/Issues about Authorship/Affiliation,Removed,75,0.01098579170938919,0.43238749268151205
Concerns/Issues about Referencing/Attributions,Euphemisms for Duplication,75,0.0043543892243381324,0.14846612177996324
Error in Analyses,Results Not Reproducible,75,0.03330373001776199,3.8611310807572488
Euphemisms for Duplication,Plagiarism of Image,75,0.02464673020046007,2.574039938556068
Concerns/Issues about Referencing/Attributions,Duplication of/in Image,74,0.0036420907569642683,0.06168721511351645
Concerns/Issues about Third Party Involvement,Duplication of/in Image,74,0.010424003380757853,0.507284644941699
Error by Journal/Publisher,Error in Text,74,0.04645323289391086,7.186781151201305
Author Unresponsive,Manipulation of Images,73,0.016371383718322495,1.1454518852498352
Compromised Peer Review,Plagiarism of/in Article,73,0.005216521366299843,0.15214517796783505
Duplication of/in Image,Lack of IRB/IACUC Approval and/or Compliance,73,0.009233493549203137,0.34741498030267787
False/Forged Authorship,Upgrade/Update of Prior Notice(s),73,0.023871811641595814,2.4450305313758607
Paper Mill,Results Not Reproducible,73,0.005805168986083499,0.4463465771098967
Concerns/Issues about Data,Plagiarism of/in Article,72,0.004199720018665422,0.11711516457016415
Error in Image,Error in Results and/or Conclusions,72,0.031047865459249677,3.534341439979377
Error in Results and/or Conclusions,Results Not Reproducible,72,0.031141868512110725,3.5607734806629834
Investigation by Journal/Publisher,Results Not Reproducible,72,0.00231221298050676,0.17030553261767137
Objections by Third Party,Original Data and/or Images not Provided and/or not Available,72,0.02330097087378641,2.710549033197657
Concerns/Issues about Authorship/Affiliation,Original Data and/or Images not Provided and/or not Available,71,0.013454614364222095,0.6712016260073164
Concerns/Issues about Peer Review,Removed,71,0.004625708515212717,0.10447014131998564
Concerns/Issues about Results and/or Conclusions,Date of Article and/or Notice Unknown,71,0.004409390137871072,0.07437537344064503
Duplication of Data,Investigation by Company/Institution,71,0.016749233309742866,1.3984564927304468
Duplication of Data,Manipulation of Images,71,0.030775899436497615,3.419262733534653
Duplication of Text,Duplication of/in Article,71,0.017444717444717445,2.7081557862150594
Euphemisms for Duplication,Plagiarism of Data,71,0.025159461374911412,3.2894335579747715
Manipulation of Images,Objections by Third Party,71,0.03551775887943972,4.856006146807058
Removed,Retract and Replace,70,0.01447178002894356,1.2748879708457914
Results Not Reproducible,Unreliable Data,70,0.02178649237472767,2.135823509918098
Author Unresponsive,Concerns/Issues about Human Subject Welfare,69,0.018483793195821056,2.3847661476823596
Breach of Policy by Author,Objections by Author(s),69,0.008018593840790239,0.24854578425758256
Concerns/Issues about Image,Date of Article and/or Notice Unknown,69,0.006944444444444444,0.21590943042768343
Duplication of Data,Duplication of/in Article,69,0.014893157781135334,1.2135422283481858
Duplication of Text,Investigation by Journal/Publisher,69,0.0022485824154337484,0.3182584640792733
Error in Results and/or Conclusions,Investigation by Third Party,69,0.0036450079239302696,0.18198471951197628
Concerns/Issues about Image,Plagiarism of Data,68,0.018483283500951346,2.2836654855622007
Concerns/Issues about Methods,Investigation by Third Party,68,0.003838771593090211,1.1242200528281092
Concerns/Issues about Article,Euphemisms for Duplication,67,0.017022357723577235,1.1385880712429486
Concerns/Issues about Authorship/Affiliation,Misconduct by Author,67,0.01425531914893617,0.8325206254291557
Date of Article and/or Notice Unknown,Paper Mill,67,0.00361263884395557,0.055563292482359805
Falsification/Fabrication of Data,Paper Mill,67,0.005019102554498465,0.22502481304035504
Lack of IRB/IACUC Approval and/or Compliance,Unreliable Data,67,0.013628966639544346,0.725892932766008
Objections by Third Party,Plagiarism of/in Article,67,0.01893190166713761,2.1325118986622877
Removed,Rogue Editor,67,0.009711552398898392,0.37797885397788067
Author Unresponsive,Objections by Third Party,66,0.017089590885551526,1.8889712993742351
Breach of Policy by Author,Duplication of/in Article,66,0.007874955255936046,0.25248046034294
Concerns/Issues about Referencing/Attributions,Error in Text,66,0.004190742269350435,0.3837636046009493
Duplication of/in Image,Results Not Reproducible,66,0.010622887493964268,0.8845841911535343
Error in Analyses,Objections by Author(s),66,0.01266065605217725,0.8179877697011653
Error in Analyses,Upgrade/Update of Prior Notice(s),66,0.018534119629317607,1.4223329376556932
Error in Image,Manipulation of Images,66,0.02981029810298103,3.5087877372221086
Ethical Violations by Author,Informed/Patient Consent - None/Withdrawn,66,0.03024747937671861,4.278651946205516
False/Forged Affiliation,Investigation by Journal/Publisher,66,0.002170767004341534,0.7493443435177539
Breach of Policy by Author,Compromised Peer Review,65,0.004084197298146403,0.08132266845537886
Compromised Peer Review,Euphemisms for Duplication,65,0.004858360116600643,0.17298235165664147
Concerns/Issues about Authorship/Affiliation,Lack of IRB/IACUC Approval and/or Compliance,65,0.011839708561020037,0.5662264032259993
Criminal Proceedings,Investigation by Company/Institution,65,0.01982311680390363,17.77024574283675
Date of Article and/or Notice Unknown,Error in Analyses,65,0.007900814391637291,0.4538689367787684
Duplication of Data,Error in Data,65,0.0224060668734919,2.1741432438838775
Falsification/Fabrication of Data,Original Data and/or Images not Provided and/or not Available,65,0.01597836774827925,1.05262216913392
Misconduct by Author,Unreliable Data,65,0.015738498789346248,1.0045106860189943
Breach of Policy by Author,Concerns/Issues about Authorship/Affiliation,64,0.00837586703311085,0.307064383714806
Concerns/Issues about Peer Review,Euphemisms for Duplication,64,0.004697937311898995,0.16670230149709034
Copyright Claims,Lack of Approval from Company/Institution,64,0.06933911159263272,21.055020565224645
Date of Article and/or Notice Unknown,Error in Data,64,0.007304268431864871,0.3229189069154292
Date of Article and/or Notice Unknown,Original Data and/or Images not Provided and/or not Available,64,0.006906971724584502,0.2559155602355707
Falsification/Fabrication of Data,Unreliable Data,64,0.01605216955104088,1.0726389297294918
Concerns/Issues about Peer Review,Concerns/Issues about Third Party Involvement,63,0.004771281429869737,0.20175931725762086
Concerns/Issues about Results and/or Conclusions,Removed,63,0.004775621588841723,0.11434392111252806
Removed,Withdrawn as Out of Date,63,0.014709315900070045,2.920652442301268
Date of Article and/or Notice Unknown,Upgrade/Update of Prior Notice(s),62,0.006831955922865013,0.26931722062525487
Duplication of/in Article,Unreliable Data,62,0.010427177934746047,0.48365438766756585
Error in Data,Objections by Author(s),62,0.01078073378542862,0.5552530596975042
Error in Methods,Objections by Author(s),62,0.012226385328337606,0.8585238071628076
Lack of Approval from Author,Upgrade/Update of Prior Notice(s),62,0.022578295702840496,3.249227516669377
Concerns/Issues about Article,Concerns/Issues about Image,61,0.012718932443703085,0.7514195105886227
Concerns/Issues about Image,Objections by Third Party,61,0.01615466101694915,1.79705102600526
Compromised Peer Review,Concerns/Issues about Image,60,0.004214075010535188,0.11574453545621825
Concerns/Issues about Authorship/Affiliation,Plagiarism of Text,60,0.011874134177716208,0.6279669583775616
Concerns/Issues about Image,Lack of IRB/IACUC Approval and/or Compliance,60,0.01056338028169014,0.4915190932841074
Concerns/Issues about Referencing/Attributions,Misconduct by Author,60,0.0035635802102512324,0.14460985887658756
Falsification/Fabrication of Image,Unreliable Results and/or Conclusions,60,0.0026726057906458797,0.3377673798587949
Compromised Peer Review,Concerns/Issues about Methods,59,0.005190920288579976,1.529364447713563
Concerns/Issues about Authorship/Affiliation,Lack of Approval from Third Party,59,0.01782477341389728,3.010659662745994
Concerns/Issues about Image,Duplication of/in Article,59,0.008798091261556815,0.3480060796864132
Error in Methods,Upgrade/Update of Prior Notice(s),59,0.017241379310344827,1.4205846642383486
Concerns/Issues about Referencing/Attributions,Duplication of/in Article,58,0.003109586103366931,0.07056297511530621
Concerns/Issues about Results and/or Conclusions,Results Not Reproducible,58,0.005714285714285714,0.44795561307640686
Date of Article and/or Notice Unknown,Duplication of/in Image,58,0.0047595601509929425,0.10543554638401784
Error by Journal/Publisher,Retract and Replace,58,0.032823995472552346,4.669683997097981
Error in Materials,Error in Methods,58,0.041968162083936326,16.013279785809907
Euphemisms for Duplication,Investigation by Company/Institution,58,0.010620765427577367,0.5285508990177085
Euphemisms for Duplication,Plagiarism of Text,58,0.013223894208846329,0.7875263850906513
Falsification/Fabrication of Results,Investigation by Company/Institution,58,0.017427884615384616,10.164440365725161
Date of Article and/or Notice Unknown,Withdrawn to Publish in Different Journal,57,0.007766725711949857,1.1184430890560435
Duplication of Text,Plagiarism of Text,57,0.021780664883454336,3.627882862351868
Error in Image,Error in Methods,57,0.02674800563115908,3.254243698015817
Error in Results and/or Conclusions,Unreliable Data,57,0.015248796147672551,1.124215231858232
Euphemisms for Duplication,Manipulation of Images,57,0.01614730878186969,1.2700393916728994
Euphemisms for Plagiarism,Removed,57,0.007386290009070882,0.2530270929212275
Misconduct by Author,Plagiarism of Text,57,0.014303638644918444,0.9423072369745111
Cites Retracted Work,Unreliable Results and/or Conclusions,56,0.0025318744913644994,0.8294430027082641
Concerns/Issues about Referencing/Attributions,Plagiarism of Image,56,0.003530672719248471,0.2873537840902514
Error in Data,Euphemisms for Duplication,56,0.013595532896334061,0.8666246464646465
Concerns/Issues about Data,Rogue Editor,55,0.003184528979213711,0.08616396957553211
Concerns/Issues about Peer Review,Duplication of/in Article,55,0.003656185601276341,0.08804548710335687
Duplication of Data,Upgrade/Update of Prior Notice(s),55,0.01707014276846679,1.5837857158814197
Duplication of Text,Euphemisms for Plagiarism,55,0.013045540796963948,2.0259276356282423
Falsification/Fabrication of Results,Misconduct by Author,55,0.028795811518324606,17.050264550264547
Objections by Author(s),Plagiarism of Image,55,0.01169963837481387,1.09237806034401
Concerns/Issues about Image,Concerns/Issues about Third Party Involvement,54,0.011065573770491803,0.6372021294574953
False/Forged Authorship,Paper Mill,54,0.0043017605353302,0.34529947797417343
Falsification/Fabrication of Data,Lack of IRB/IACUC Approval and/or Compliance,54,0.012599160055996267,0.8058144008207057
Misconduct by Author,Paper Mill,54,0.003998223011994669,0.16723107834788162
Misconduct by Author,Results Not Reproducible,54,0.01978021978021978,2.0925324675324672
Plagiarism of Text,Plagiarism of/in Article,54,0.010771992818671455,0.5742192817103
Concerns/Issues about Article,Unreliable Data,53,0.01309612058314801,0.8634498629289956
Error in Data,Error in Materials,53,0.02564102564102564,9.46382683982684
Paper Mill,Removed,53,0.0033883135148957935,0.0761536564552353
Author Unresponsive,Misconduct by Author,52,0.010418753756762171,0.5903190184880326
Computer-Aided Content or Computer-Generated Content,Plagiarism of/in Article,52,0.004284066567803592,0.13021106263692553
Concerns/Issues about Data,Conflict of Interest,52,0.0034441647900384158,0.3011244858550916
Date of Article and/or Notice Unknown,Error in Methods,52,0.006424511984185817,0.40567498220675774
Error by Journal/Publisher,Withdrawn to Publish in Different Journal,52,0.03869047619047619,7.8150113790513345
Error in Data,Original Data and/or Images not Provided and/or not Available,52,0.01208740120874012,0.7454205407601868
Euphemisms for Plagiarism,Upgrade/Update of Prior Notice(s),52,0.008702928870292887,0.4111819302754995
Compromised Peer Review,Euphemisms for Plagiarism,51,0.0034150261149055844,0.08055404440719766
Original Data and/or Images not Provided and/or not Available,Results Not Reproducible,51,0.015389257694628847,1.503567997804309
Plagiarism of Data,Unreliable Data,51,0.01735284110241579,2.265178206386367
Plagiarism of Data,Unreliable Results and/or Conclusions,51,0.0022606382978723402,0.24200533732651142
Breach of Policy by Author,Investigation by Third Party,50,0.0022434603131870597,0.039898053176435744
Concerns/Issues about Article,Euphemisms for Plagiarism,50,0.009100837277029487,0.5043018540172983
Concerns/Issues about Human Subject Welfare,Concerns/Issues about Results and/or Conclusions,50,0.005086987486010784,0.5954758476389207
Concerns/Issues about Referencing/Attributions,Ethical Violations by Author,50,0.0031961135259524417,0.34527005065107735
Concerns/Issues about Third Party Involvement,Original Data and/or Images not Provided and/or not Available,50,0.011879306248515086,0.7539588802875996
Criminal Proceedings,Misconduct - Official Investigation(s) and/or Finding(s),50,0.031928480204342274,28.99762059268873
Duplication of Data,Duplication of Text,50,0.03399048266485384,6.707092539225104
False/Forged Affiliation,Unreliable Results and/or Conclusions,50,0.0022611133722244834,0.7823500849720805
Falsification/Fabrication of Results,Misconduct - Official Investigation(s) and/or Finding(s),50,0.03109452736318408,18.58821832864662
Investigation by Company/Institution,Removed,50,0.0069425159677867256,0.257395552388566
Investigation by Journal/Publisher,Publishing Ban,50,0.0016498383158450472,1.3666493358208196
Manipulation of Images,Plagiarism of Image,50,0.02320185614849188,2.887853334206508
Misconduct - Official Investigation(s) and/or Finding(s),Original Data and/or Images not Provided and/or not Available,50,0.012755102040816327,0.8953567494654817
Misconduct - Official Investigation(s) and/or Finding(s),Results Not Reproducible,50,0.020601565718994644,2.3235272910808273
Misconduct by Author,Original Data and/or Images not Provided and/or not Available,50,0.011828720132481665,0.7466151249601229
Breach of Policy by Author,Concerns/Issues about Referencing/Attributions,49,0.002476498534317194,0.045600751988413284
Computer-Aided Content or Computer-Generated Content,Concerns/Issues about Article,49,0.004446057526540242,0.20109178512482412
Concerns/Issues about Data,Error in Text,49,0.003253652058432935,0.29893968528238324
Concerns/Issues about Data,Notice - Limited or No Information,49,0.001864748639494615,0.019109388210490325
Concerns/Issues about Data,Unreliable Image,49,0.0033651534922052055,0.8576322057165001
Concerns/Issues about Image,Results Not Reproducible,49,0.012277624655474818,1.1304589060710195
Error in Methods,Retract and Replace,49,0.02311320754716981,2.8550322502129726
Falsification/Fabrication of Image,Investigation by Third Party,49,0.002715584127687874,0.3452639130117584
Removed,Unreliable Results and/or Conclusions,49,0.0018917458111342754,0.03753630460410861
Concerns/Issues about Article,Upgrade/Update of Prior Notice(s),48,0.012179649835067242,0.820812162538638
Conflict of Interest,Upgrade/Update of Prior Notice(s),48,0.016026711185308847,1.783003371660759
Date of Article and/or Notice Unknown,Error in Results and/or Conclusions,48,0.005782435851102277,0.321971113162397
Lack of Approval from Third Party,Unreliable Results and/or Conclusions,48,0.0021457308895842645,0.3254576353483855
Misconduct - Official Investigation(s) and/or Finding(s),Objections by Author(s),48,0.008920275041813789,0.5369929739386802
Notice - Limited or No Information,Retract and Replace,48,0.0037327941519558288,0.29057615171276185
Objections by Third Party,Unreliable Data,48,0.0158311345646438,1.8701671926252255
Original Data and/or Images not Provided and/or not Available,Unreliable Image,48,0.01812688821752266,4.9608800033305425
Concerns/Issues about Referencing/Attributions,Unreliable Data,47,0.0027090898610870945,0.08919353715796684
Concerns/Issues about Results and/or Conclusions,Duplication of Data,47,0.004578219364893824,0.3263848310718688
Concerns/Issues about Third Party Involvement,Unreliable Data,47,0.011380145278450363,0.7334828091203512
Error in Image,Upgrade/Update of Prior Notice(s),47,0.015006385696040868,1.4940689042886384
False/Forged Authorship,Plagiarism of/in Article,47,0.01263101316850309,1.225167471371875
Investigation by Company/Institution,Notice - Limited or No Information,47,0.003091088457744163,0.08042177218174405
Investigation by Third Party,Notice - Limited or No Information,47,0.0015939227456167125,0.014979133568578504
Plagiarism of Data,Plagiarism of/in Article,47,0.013548573075814356,1.7053264181614745
Breach of Policy by Author,Rogue Editor,46,0.005956234623850835,0.21596737271057792
Cites Retracted Work,Investigation by Journal/Publisher,46,0.0015114177755873172,0.49438208012314305
Concerns/Issues about Human Subject Welfare,Paper Mill,46,0.0037480648578179744,0.4337049090303472
Concerns/Issues about Referencing/Attributions,False/Forged Authorship,46,0.0028934457164423197,0.2289198302305578
Concerns/Issues about Referencing/Attributions,Original Data and/or Images not Provided and/or not Available,46,0.0026388251491509867,0.08434880529285685
Concerns/Issues about Results and/or Conclusions,Euphemisms for Plagiarism,46,0.0035338403626027502,0.08771762921537296
Error in Data,Unreliable Image,46,0.021435228331780055,5.9989065616031905
Error in Materials,Error in Results and/or Conclusions,46,0.028804007514088917,10.919705340699815
Error in Results and/or Conclusions,Upgrade/Update of Prior Notice(s),46,0.012644310060472787,0.952299884363356
Misconduct - Official Investigation(s) and/or Finding(s),Paper Mill,46,0.003483001438631029,0.17083639181143465
Breach of Policy by Author,Removed,45,0.00515818431911967,0.15822888731349774
Concerns/Issues about Data,Lack of Approval from Author,45,0.003026227303295225,0.36764845696031645
Concerns/Issues about Human Subject Welfare,Informed/Patient Consent - None/Withdrawn,45,0.020785219399538105,3.099891985887252
Concerns/Issues about Image,Misconduct by Author,45,0.009170572651314449,0.5258296793412772
Concerns/Issues about Results and/or Conclusions,Error in Image,45,0.004424778761061947,0.344971851076503
Concerns/Issues about Third Party Involvement,Rogue Editor,45,0.009437919463087249,0.5525409011722163
Criminal Proceedings,Misconduct by Author,45,0.023961661341853034,21.76233766233766
Duplication of/in Article,Original Data and/or Images not Provided and/or not Available,45,0.007444168734491315,0.33918882158800234
Error by Journal/Publisher,Plagiarism of/in Article,45,0.012067578439259855,1.1652211469408047
Error in Analyses,Error in Text,45,0.02130681818181818,2.83082404040897
Informed/Patient Consent - None/Withdrawn,Objections by Author(s),45,0.00826294528094014,0.4839594741341466
Investigation by Journal/Publisher,Taken from Dissertation/Thesis,45,0.0014705401784255417,0.2685410689523928
Lack of Approval from Third Party,Removed,45,0.010255241567912488,1.682852121516445
Breach of Policy by Author,Ethical Violations by Author,44,0.008167811397809541,0.9553808427033629
Compromised Peer Review,Duplication of/in Image,44,0.0026677984599527073,0.049310392646043
Concerns/Issues about Article,Duplication of/in Article,44,0.00819366852886406,0.4595442035372926
Date of Article and/or Notice Unknown,Unreliable Data,44,0.0047805302042590175,0.18208904596117947
Misconduct - Official Investigation(s) and/or Finding(s),Unreliable Data,44,0.011446409989594173,0.8154422493044124
Breach of Policy by Author,Conflict of Interest,43,0.0077477477477477475,0.7462399367009623
Concerns/Issues about Data,Copyright Claims,43,0.002868005069032215,0.2899689417154383
Concerns/Issues about Human Subject Welfare,Concerns/Issues about Image,43,0.011723009814612868,1.5297283411742726
Concerns/Issues about Image,Removed,43,0.006104486087450313,0.23312706580285802
Error in Data,Paper Mill,43,0.003163160217743122,0.12783886878149173
Euphemisms for Duplication,Paper Mill,43,0.003089302392413248,0.10937325440194294
Falsification/Fabrication of Data,Objections by Author(s),43,0.007749143989908091,0.4350396790896269
Falsification/Fabrication of Data,Objections by Third Party,43,0.01796157059314954,2.307550166849208
Misconduct by Author,Notice - Limited or No Information,43,0.0031186539019437192,0.13015390128800794
Author Unresponsive,Misconduct - Official Investigation(s) and/or Finding(s),42,0.008947592671495527,0.5717840680248482
Concerns/Issues about Data,Falsification/Fabrication of Image,42,0.0028296166543151655,0.3621314690452907
Copyright Claims,Investigation by Journal/Publisher,42,0.001358080579447714,0.13418011660786225
Error by Journal/Publisher,Euphemisms for Plagiarism,42,0.00903225806451613,0.8241893075222553
Error in Analyses,Objections by Third Party,42,0.020172910662824207,2.761051114992796
Error in Analyses,Unreliable Data,42,0.011363636363636364,0.8623137909202042
Investigation by Company/Institution,Lack of Approval from Company/Institution,42,0.011928429423459244,2.9291613861818813
Investigation by Journal/Publisher,Lack of Approval from Company/Institution,42,0.001375831231368952,0.3162817034328182
Misconduct by Author,Objections by Author(s),42,0.007376185458377239,0.39181163486719034
Author Unresponsive,Error in Data,41,0.008072455207718056,0.44682608784017236
Concerns/Issues about Peer Review,Upgrade/Update of Prior Notice(s),41,0.0030076291079812207,0.10746231630916384
Concerns/Issues about Results and/or Conclusions,Conflict of Interest,41,0.00408447897987647,0.36727651598983446
Concerns/Issues about Results and/or Conclusions,Duplication of/in Article,41,0.0031802668321439654,0.08095934127391324
Concerns/Issues about Third Party Involvement,False/Forged Authorship,41,0.015275707898658718,1.6778996855633912
Error in Text,Investigation by Third Party,41,0.002243379295250602,0.20441345646473322
Euphemisms for Plagiarism,Investigation by Company/Institution,41,0.005841287932753954,0.22175397463313112
Falsification/Fabrication of Data,Results Not Reproducible,41,0.015775298191612157,1.7230372978612414
Informed/Patient Consent - None/Withdrawn,Removed,41,0.00739404869251578,0.43042381149204134
Investigation by Company/Institution,Unreliable Image,41,0.0117310443490701,3.148574224098127
Notice - Limited or No Information,Plagiarism of/in Article,41,0.0027674654066824167,0.07982500095346234
Objections by Author(s),Paper Mill,41,0.0026351307924673824,0.06035076752906519
Concerns/Issues about Human Subject Welfare,Upgrade/Update of Prior Notice(s),40,0.014270424545130217,1.9754032412551243
Concerns/Issues about Image,Rogue Editor,40,0.00661485033901108,0.2895618124699759
Concerns/Issues about Third Party Involvement,Objections by Author(s),40,0.007044734061289186,0.37682430457172417
Criminal Proceedings,Falsification/Fabrication of Data,40,0.023001725129384705,20.97902973395931
Date of Article and/or Notice Unknown,Transfer of Copyright and/or Ownership,40,0.005793742757821553,9.03515836936339
Duplication of Data,Error in Image,40,0.0205761316872428,2.731202052028038
Duplication of Data,Falsification/Fabrication of Data,40,0.014787430683918669,1.5114574736281925
Falsification/Fabrication of Image,Upgrade/Update of Prior Notice(s),40,0.014609203798392988,2.212305843988672
Misconduct by Author,Plagiarism of/in Article,40,0.008545182653279214,0.5049852108675638
Objections by Third Party,Upgrade/Update of Prior Notice(s),40,0.013656538067599864,1.6358387004663852
Removed,Transfer of Copyright and/or Ownership,40,0.010035122930255895,15.65443833968786
Compromised Peer Review,Plagiarism of Text,39,0.002921567158588658,0.10643854819346671
Concerns/Issues about Referencing/Attributions,Error in Data,39,0.0023029229406554474,0.09023655193899063
Doing the Right Thing,Error in Methods,39,0.029061102831594635,15.438766832034016
Duplication of/in Article,Investigation by Company/Institution,39,0.0056595559425337396,0.21842694849157432
Duplication of/in Image,False/Forged Authorship,39,0.006291337312469753,0.5466541613995026
Error in Analyses,Removed,39,0.007310215557638238,0.4718276976214331
Error in Data,Objections by Third Party,39,0.014891179839633447,1.8526191952658528
Error in Image,Error in Text,39,0.023353293413173652,3.618931857385324
Error in Methods,Error in Text,39,0.01977687626774848,2.741086539368964
Falsification/Fabrication of Image,Original Data and/or Images not Provided and/or not Available,39,0.01330150068212824,1.9856105271633202
Lack of Approval from Company/Institution,Lack of Approval from Third Party,39,0.05531914893617021,19.758820861678004
Plagiarism of Text,Removed,39,0.00635386119257087,0.2991396205065695
Plagiarism of/in Article,Upgrade/Update of Prior Notice(s),39,0.007692307692307693,0.40692412922235077
Computer-Aided Content or Computer-Generated Content,Euphemisms for Plagiarism,38,0.002907421576128539,0.07211240464421663
Concerns/Issues about Image,Misconduct - Official Investigation(s) and/or Finding(s),38,0.00824831777729542,0.5324949657806887
Concerns/Issues about Results and/or Conclusions,Retract and Replace,38,0.003740893876747391,0.2972996948406785
Contamination of Cell Lines/Tissues,Duplication of/in Image,38,0.006952067325283571,2.96093454836711
Error in Analyses,Error in Image,38,0.016550522648083623,1.941784521461631
Ethical Violations by Author,False/Forged Authorship,38,0.02529960053262317,4.41221947945087
Euphemisms for Duplication,Plagiarism of/in Article,38,0.007472959685349066,0.39402312719959787
Euphemisms for Duplication,Unreliable Image,38,0.015328761597418314,4.239806908031627
Euphemisms for Plagiarism,Manipulation of Images,38,0.007465618860510805,0.5025215213688603
Euphemisms for Plagiarism,Rogue Editor,38,0.0056413301662707836,0.22523341403626088
Plagiarism of/in Article,Rogue Editor,38,0.006531454107940873,0.2972014871602732
Retract and Replace,Upgrade/Update of Prior Notice(s),38,0.012171684817424727,1.2328098258330815
Breach of Policy by Author,Concerns/Issues about Data,37,0.001937984496124031,0.036128114143604666
Complaints about Author,Investigation by Company/Institution,37,0.011104441776710685,7.586527990211073
Concerns/Issues about Authorship/Affiliation,Ethical Violations by Author,37,0.010490501842925999,1.3172377712447982
Concerns/Issues about Image,Error by Journal/Publisher,37,0.009324596774193549,0.8867709990045424
Concerns/Issues about Results and/or Conclusions,Misconduct by Author,37,0.0033384462690607235,0.1447380093303303
Date of Article and/or Notice Unknown,Lack of Approval from Author,37,0.004975793437331899,0.62827521703047
Error in Image,Results Not Reproducible,37,0.02008686210640608,2.8097678802874984
Error in Text,Objections by Author(s),37,0.008013861815031406,0.8327275999527232
Ethical Violations by Author,Objections by Third Party,37,0.027591349739000747,5.245589432828876
Ethical Violations by Author,Unreliable Results and/or Conclusions,37,0.001638908575478384,0.17502808877747478
Euphemisms for Duplication,Lack of IRB/IACUC Approval and/or Compliance,37,0.007630439265828006,0.41814803574439385
Investigation by Company/Institution,Plagiarism of Text,37,0.00681901953556948,0.34578523200597416
Lack of Approval from Author,Removed,37,0.00818946436476317,1.0885581904914066
Notice - Limited or No Information,Temporary Removal,37,0.0030774349164102138,2.6878294033430477
Computer-Aided Content or Computer-Generated Content,Error by Journal/Publisher,36,0.0035356511490866236,0.2874470628022696
Date of Article and/or Notice Unknown,Plagiarism of Image,36,0.004655373076425708,0.40283482591516495
Error in Data,Removed,36,0.006130790190735695,0.31471520194593255
Error in Methods,Investigation by Company/Institution,36,0.0080393032603841,0.5928904974440435
False/Forged Authorship,Plagiarism of Text,36,0.011791680314444808,1.2288506490530293
Falsification/Fabrication of Data,Publishing Ban,36,0.02058319039451115,17.482524778299428
Breach of Policy by Author,Investigation by Company/Institution,35,0.004364089775561097,0.14994662340463036
Compromised Peer Review,False/Forged Affiliation,35,0.0030826140567200987,1.0747424215353463
Concerns/Issues about Animal Welfare,Investigation by Journal/Publisher,35,0.0011553061561313748,1.408891224382554
Contamination of Cell Lines/Tissues,Investigation by Journal/Publisher,35,0.0011512779184895234,0.4812982443542886
Copyright Claims,Objections by Third Party,35,0.02516175413371675,4.6183526947510565
Duplication of/in Article,Ethical Violations by Author,35,0.008194802154062281,0.9934931151525932
Duplication of/in Article,False/Forged Authorship,35,0.0077416500774165,0.7159810718138799
Duplication of/in Article,Lack of Approval from Author,35,0.008337303477846593,1.1202850686598296
Duplication of/in Article,Upgrade/Update of Prior Notice(s),35,0.005970658478335039,0.28658455244786335
Error in Image,Paper Mill,35,0.0027733755942947703,0.21241322311655048
False/Forged Authorship,Objections by Author(s),35,0.007371524852569503,0.6741786789893556
Objections by Author(s),Plagiarism of Text,35,0.005787994046634695,0.2750181940271072
Author Unresponsive,False/Forged Authorship,34,0.008382642998027613,0.796968727323594
Author Unresponsive,Informed/Patient Consent - None/Withdrawn,34,0.007136859781696054,0.4449700629785506
Author Unresponsive,Removed,34,0.004759238521836506,0.17908285487185954
Breach of Policy by Author,Unreliable Results and/or Conclusions,34,0.0012724550898203593,0.021675641719034244
Cites Retracted Work,Concerns/Issues about Data,34,0.002342404409231829,0.7713082190899929
Cites Retracted Work,Investigation by Third Party,34,0.001918411104214862,0.6303272626293526
Complaints about Author,Investigation by Journal/Publisher,34,0.001120595893345638,0.7527504541701074
Compromised Peer Review,Misconduct - Official Investigation(s) and/or Finding(s),34,0.0026769545705062595,0.1321135117229878
Concerns/Issues about Authorship/Affiliation,Copyright Claims,34,0.009502515371716043,1.1265950752076137
Concerns/Issues about Data,Retract and Replace,34,0.002231996323770761,0.17195832590101573
Concerns/Issues about Image,Falsification/Fabrication of Data,34,0.007121910347716799,0.4308676370940419
Concerns/Issues about Referencing/Attributions,Duplication of Data,34,0.0021175884404583956,0.14547112796884007
Concerns/Issues about Referencing/Attributions,Falsification/Fabrication of Data,34,0.0020336144506250373,0.08887056585420335
Concerns/Issues about Results and/or Conclusions,Misconduct - Official Investigation(s) and/or Finding(s),34,0.003154281473234994,0.15949942301845615
Copyright Claims,Duplication of/in Article,34,0.00787037037037037,0.8982603180909654
Date of Article and/or Notice Unknown,Taken from Dissertation/Thesis,34,0.004697430229345123,0.8901213973052072
Doing the Right Thing,Error in Results and/or Conclusions,34,0.02193548387096774,11.572513812154696
Error in Analyses,Investigation by Company/Institution,34,0.007349762213575443,0.501179302596181
Error in Image,Misconduct by Author,34,0.012332245194051506,1.3077403331910225
Euphemisms for Duplication,Removed,34,0.005484755605742862,0.25429765391804054
Paper Mill,Plagiarism of Data,34,0.0027595162730297863,0.3026168744529146
Results Not Reproducible,Upgrade/Update of Prior Notice(s),34,0.010834926704907584,1.0888988272709201
Bias Issues or Lack of Balance,Concerns/Issues about Data,33,0.002290235269623152,1.5577401287503776
Concerns/Issues about Article,Duplication of/in Image,33,0.004672235593940252,0.23615824384475412
Date of Article and/or Notice Unknown,Temporary Removal,33,0.004751619870410367,4.162626534456704
Doing the Right Thing,Error in Analyses,33,0.02208835341365462,11.692413413963715
Ethical Violations by Author,Paper Mill,33,0.002677702044790652,0.29280562968611007
Investigation by Journal/Publisher,Retract and Replace,33,0.001058846178527883,0.07907042585820455
Manipulation of Images,Unreliable Image,33,0.021005728835136857,6.196230030337918
Compromised Peer Review,Misconduct by Third Party,32,0.0028543394880028543,3.9104330672772956
Concerns/Issues about Human Subject Welfare,Investigation by Company/Institution,32,0.008324661810613945,1.0809425873224736
Date of Article and/or Notice Unknown,Objections by Third Party,32,0.004209418574059458,0.42402380341896395
Doing the Right Thing,Removed,32,0.007829703939319794,3.959652050626929
Error in Analyses,Original Data and/or Images not Provided and/or not Available,32,0.008447729672650475,0.6348214526188617
Ethical Violations by Author,Publishing Ban,32,0.04610951008645533,41.054569815293334
Informed/Patient Consent - None/Withdrawn,Upgrade/Update of Prior Notice(s),32,0.008405568689256633,0.598412859609163
Compromised Peer Review,Falsification/Fabrication of Data,31,0.0024092640087044377,0.10893390238399009
Compromised Peer Review,Publishing Ban,31,0.0027570259694059056,2.291646539040977
Concerns/Issues about Article,Duplication of Data,31,0.011219688744118711,1.1386370448792875
Concerns/Issues about Data,Error in Materials,31,0.002136899427862411,0.7429222152501802
Concerns/Issues about Referencing/Attributions,Plagiarism of Data,31,0.0019794393716876316,0.21473327100367937
Concerns/Issues about Referencing/Attributions,Publishing Ban,31,0.0020531161004040004,1.7046110278440225
Duplication of/in Image,Plagiarism of Data,31,0.005205709487825357,0.6048139613203015
Duplication of/in Image,Plagiarism of/in Article,31,0.0037874160048869884,0.13536212221683042
Ethical Violations by Author,Plagiarism of Text,31,0.01103988603988604,1.4683230515924335
False/Forged Authorship,Lack of IRB/IACUC Approval and/or Compliance,31,0.008857142857142857,0.8807436356083791
Investigation by Company/Institution,Misconduct by Third Party,31,0.009431092181320353,12.972000424519763
Investigation by Third Party,Publishing Ban,31,0.001761263564570195,1.4616085327345845
Misconduct - Official Investigation(s) and/or Finding(s),Notice - Limited or No Information,31,0.0022974875861557845,0.11252519048318667
Plagiarism of Image,Plagiarism of/in Article,31,0.008355795148247979,0.8332255979314803
Author Unresponsive,Falsification/Fabrication of Data,30,0.0061614294516327784,0.3693491150344949
Computer-Aided Content or Computer-Generated Content,False/Forged Authorship,30,0.0029463759575721863,0.2411450685147532
Concerns/Issues about Authorship/Affiliation,Duplication of Data,30,0.007633587786259542,0.6617480819790442
Concerns/Issues about Results and/or Conclusions,Error in Text,30,0.002997601918465228,0.2831231118930743
Concerns/Issues about Results and/or Conclusions,Ethical Violations by Author,30,0.0030342874481642562,0.3362361297830929
Concerns/Issues about Results and/or Conclusions,Plagiarism of Image,30,0.002967359050445104,0.2498528844586347
Date of Article and/or Notice Unknown,Retract and Replace,30,0.003848620910840282,0.3153504950345988
Duplication of/in Article,Notice - Limited or No Information,30,0.0019213526322531063,0.045836582249145046
Duplication of/in Image,Investigation by ORI,30,0.005358099660653688,1.3159103670052577
Error in Image,Falsification/Fabrication of Image,30,0.020618556701030927,3.9342915168282113
Error in Results and/or Conclusions,Investigation by Company/Institution,30,0.006400682739492213,0.42480931705676456
Ethical Violations by Author,Upgrade/Update of Prior Notice(s),30,0.01052262364082778,1.3942671714440238
Falsification/Fabrication of Image,Plagiarism of Image,30,0.021739130434782608,4.274236060332954
Falsification/Fabrication of Results,Investigation by Journal/Publisher,30,0.0009880772017653646,0.5676851087255712
Investigation by Journal/Publisher,Misconduct by Third Party,30,0.0009902951079421667,1.355493014712078
Investigation by Third Party,Unreliable Image,30,0.0016865302451090623,0.4291058033762281
Lack of Approval from Author,Objections by Author(s),30,0.006772009029345372,0.9041806958473626
Misconduct by Author,Objections by Third Party,30,0.011760094080752646,1.4844705090271253
Objections by Author(s),Results Not Reproducible,30,0.006257822277847309,0.5525548696844993
Objections by Third Party,Removed,30,0.006402048655569782,0.6887525736083676
Compromised Peer Review,Lack of Approval from Third Party,29,0.002496771416272062,0.3858837075417387
Compromised Peer Review,Lack of IRB/IACUC Approval and/or Compliance,29,0.0021012970074632273,0.06587544324498572
Compromised Peer Review,Unreliable Data,29,0.002146240378922439,0.07398707643535679
Concerns/Issues about Article,Plagiarism of/in Article,29,0.00630846204046117,0.3859550402283868
Concerns/Issues about Data,Contamination of Cell Lines/Tissues,29,0.002003454231433506,0.841760193796788
Concerns/Issues about Peer Review,Doing the Right Thing,29,0.002512127512127512,1.2496926898765102
Doing the Right Thing,Error by Journal/Publisher,29,0.028769841269841268,15.86319122543579
Doing the Right Thing,Rogue Editor,29,0.009385113268608414,4.791396343988484
Duplication of/in Article,Error in Data,29,0.005218643152780277,0.275818756496167
Error in Cell Lines/Tissues,Error in Results and/or Conclusions,29,0.019167217448777262,14.280974491595158
Error in Methods,Removed,29,0.005577995768417003,0.3919896507949952
Ethical Violations by Author,Manipulation of Images,29,0.014848950332821301,2.254047879958023
False/Forged Affiliation,Rogue Editor,29,0.009209272785011114,3.3416918091406864
Investigation by Company/Institution,Plagiarism of Data,29,0.007468452227659027,0.9247585713762395
Misconduct - Official Investigation(s) and/or Finding(s),Objections by Third Party,29,0.012917594654788419,1.7208683434951701
Objections by Author(s),Removed,29,0.0036980362152512114,0.1255213773764838
Paper Mill,Publishing Ban,29,0.0024651479088745325,2.04898215610875
Bias Issues or Lack of Balance,Concerns/Issues about Results and/or Conclusions,28,0.0029968960719255057,2.044587375044666
Complaints about Author,Duplication of/in Article,28,0.007500669702652022,5.12642447418738
Concerns/Issues about Article,Error in Text,28,0.011240465676435166,1.3976666631913361
Concerns/Issues about Authorship/Affiliation,Error in Data,28,0.005813953488372093,0.33400230464978664
Concerns/Issues about Authorship/Affiliation,Error in Text,28,0.0076565490839485915,0.8393661050272055
Concerns/Issues about Image,Error in Analyses,28,0.006268188941123797,0.43467578764813564
Concerns/Issues about Referencing/Attributions,Lack of Approval from Third Party,28,0.0018098377609721413,0.27713676065593135
Concerns/Issues about Referencing/Attributions,Retract and Replace,28,0.0017560363750391973,0.1349692016181484
Concerns/Issues about Results and/or Conclusions,Manipulation of Images,28,0.0026462527171344863,0.1513942783316544
Copyright Claims,Plagiarism of/in Article,28,0.00791407574901074,0.9426390602861192
Error by Journal/Publisher,Lack of Approval from Author,28,0.019377162629757784,3.6416103319543947
Ethical Violations by Author,Lack of Approval from Company/Institution,28,0.030735455543358946,9.897083794758213
Euphemisms for Plagiarism,Objections by Third Party,28,0.006227758007117438,0.6753929659641219
Falsification/Fabrication of Image,Objections by Author(s),28,0.006360745115856429,0.8906124246427648
Investigation by Third Party,Plagiarism of Text,28,0.001420094334837957,0.04873890893407294
Lack of Approval from Company/Institution,Lack of IRB/IACUC Approval and/or Compliance,28,0.009648518263266712,2.421706770720428
Objections by Third Party,Plagiarism of Text,28,0.009658502932045532,1.1670076271513155
Cites Retracted Work,Concerns/Issues about Referencing/Attributions,27,0.0017730496453900709,0.5837745565134477
Complaints about Author,Concerns/Issues about Data,27,0.0018729189789123196,1.261769504287806
Concerns/Issues about Authorship/Affiliation,Objections by Third Party,27,0.0074482758620689656,0.8458278008269665
Concerns/Issues about Referencing/Attributions,Duplication of Text,27,0.001741710747000387,0.25053658050368793
Concerns/Issues about Third Party Involvement,Removed,27,0.004666436225371586,0.2482896572729181
Criminal Proceedings,Investigation by Third Party,27,0.0015341780782999034,1.3748549940174346
Date of Article and/or Notice Unknown,Lack of Approval from Third Party,27,0.0036865101037684327,0.5827677148239386
Duplication of Data,Unreliable Image,27,0.02107728337236534,6.511155004371336
Duplication of/in Article,Miscommunication with/by Author,27,0.007226980728051392,4.846409691983868
Error in Results and/or Conclusions,Objections by Author(s),27,0.005085703522320587,0.3214587170042971
Ethical Violations by Author,Notice - Limited or No Information,27,0.002142687088326323,0.2341503176010977
Lack of Approval from Third Party,Rogue Editor,27,0.007927187316500293,1.348199798860208
Notice - Limited or No Information,Paper Mill,27,0.0011407808010816293,0.012895061035921106
Author Unresponsive,Error in Text,26,0.006607369758576874,0.7120819491944415
Author Unresponsive,Unreliable Image,26,0.007566938300349243,2.042901771846225
Bias Issues or Lack of Balance,Unreliable Results and/or Conclusions,26,0.001179619799464634,0.8013161476380705
Breach of Policy by Author,Copyright Claims,26,0.00476801760498808,0.52544066417865
Breach of Policy by Author,Plagiarism of Text,26,0.003738855335058959,0.16596644497529828
Complaints about Author,Date of Article and/or Notice Unknown,26,0.0037275985663082437,2.525326764237067
Concerns/Issues about Animal Welfare,Concerns/Issues about Image,26,0.008298755186721992,10.208106841611997
Concerns/Issues about Animal Welfare,Duplication of/in Image,26,0.004839910647803425,5.930369387303694
Concerns/Issues about Article,Plagiarism of Data,26,0.010970464135021098,1.5460969375760196
Concerns/Issues about Image,Error in Methods,26,0.006014341892204488,0.4509605432037428
Concerns/Issues about Methods,Original Data and/or Images not Provided and/or not Available,26,0.009870918754745633,3.1059189198341115
Concerns/Issues about Referencing/Attributions,Error in Methods,26,0.001598229653307106,0.09301491966937456
Conflict of Interest,Removed,26,0.0054575986565911,0.5421828396459426
Contamination of Materials,Unreliable Results and/or Conclusions,26,0.0011806375442739079,0.9916287327021119
Duplication of Data,Misconduct by Author,26,0.009081383164512749,0.9058930182849491
Error in Analyses,Error in Materials,26,0.016666666666666666,6.424922118380063
Error in Cell Lines/Tissues,Unreliable Results and/or Conclusions,26,0.0011798874568887275,0.8439393469805209
Error in Methods,Objections by Third Party,26,0.01331967213114754,1.9096610178777864
Error in Methods,Original Data and/or Images not Provided and/or not Available,26,0.00712719298245614,0.5762789321137989
Error in Text,Notice - Limited or No Information,26,0.002043543189499332,0.18986078842328633
False/Forged Affiliation,Lack of Approval from Third Party,26,0.0420032310177706,19.86014814814815
Falsification/Fabrication of Data,Plagiarism of/in Article,26,0.005713030103274006,0.355979011322839
Objections by Author(s),Unreliable Image,26,0.006296924194720271,1.678773446771782
Breach of Policy by Author,Plagiarism of/in Article,25,0.003274823159549384,0.12186751327873718
Cites Retracted Work,Objections by Author(s),25,0.0061440157286802655,2.0921980502616964
Concerns/Issues about Animal Welfare,Unreliable Results and/or Conclusions,25,0.0011364669515410491,1.3868933324505064
Concerns/Issues about Results and/or Conclusions,False/Forged Authorship,25,0.0024649970420035495,0.20192951928314237
Copyright Claims,Investigation by Company/Institution,25,0.0063500127000254,0.7396872187327984
Copyright Claims,Objections by Author(s),25,0.005487269534679543,0.6219232299479213
Duplication of/in Article,Paper Mill,25,0.0016288767266093302,0.039080982830395114
Error in Image,Misconduct - Official Investigation(s) and/or Finding(s),25,0.010166734444896299,1.1531397372490217
Error in Text,Removed,25,0.005292125317527519,0.5492337211215551
Ethical Violations by Author,Plagiarism of/in Article,25,0.0071571714858288,0.9042758427163353
False/Forged Authorship,Unreliable Data,25,0.007771215418091389,0.7977377515097128
Investigation by ORI,Manipulation of Images,25,0.015644555694618274,4.382266947711974
Original Data and/or Images not Provided and/or not Available,Plagiarism of/in Article,25,0.004737540269092288,0.24012265070071478
Plagiarism of Image,Upgrade/Update of Prior Notice(s),25,0.008119519324455992,0.8633854892294501
Author Unresponsive,Error in Methods,24,0.005434782608695652,0.40441503101608306
Concerns/Issues about Article,Error by Journal/Publisher,24,0.009125475285171103,1.0184994425285208
Concerns/Issues about Image,Concerns/Issues about Methods,24,0.007248565388100272,2.2435399651894494
Conflict of Interest,Lack of IRB/IACUC Approval and/or Compliance,24,0.007019596373208541,0.7562207016376057
Doing the Right Thing,Error in Data,24,0.011782032400589101,6.144660045836516
Duplication of Data,Objections by Third Party,24,0.013714285714285714,2.108204803598177
Duplication of/in Article,Misconduct by Author,24,0.0043755697356426615,0.2377747900829026
Duplication of/in Article,Objections by Third Party,24,0.005491990846681922,0.5994649550794051
Duplication of/in Image,Error in Text,24,0.003944124897288414,0.3930552114501344
Error in Data,Euphemisms for Plagiarism,24,0.004216444132115249,0.2204362348282158
Error in Data,Manipulation of Images,24,0.0074119827053736875,0.6250364743708049
Error in Results and/or Conclusions,Removed,24,0.004438690586277048,0.2789257659972008
Falsification/Fabrication of Results,Investigation by ORI,24,0.0633245382585752,48.074592074592076
Informed/Patient Consent - None/Withdrawn,Lack of Approval from Company/Institution,24,0.012813667912439935,3.4133958012400214
Investigation by ORI,Unreliable Results and/or Conclusions,24,0.0010796221322537112,0.2560418459908627
Retract and Replace,Unreliable Results and/or Conclusions,24,0.001049501486793773,0.07925104756860035
Author Unresponsive,Error in Image,23,0.005589307411907655,0.5116836520477881
Bias Issues or Lack of Balance,Error in Analyses,23,0.015678254942058625,11.19494005475314
Cites Retracted Work,Investigation by Company/Institution,23,0.006662804171494786,2.289296034831471
Complaints about Author,Unreliable Data,23,0.009488448844884489,6.568572645930975
Concerns/Issues about Animal Welfare,Euphemisms for Duplication,23,0.010078878177037686,12.457729292929294
Concerns/Issues about Article,Original Data and/or Images not Provided and/or not Available,23,0.005530175522962251,0.3620550972196813
Concerns/Issues about Authorship/Affiliation,Plagiarism of Image,23,0.006110520722635494,0.6084575394325752
Concerns/Issues about Image,Copyright Claims,23,0.006094329623741388,0.716686377768852
Concerns/Issues about Methods,Concerns/Issues about Referencing/Attributions,23,0.0015075047519171527,0.44347023388820184
Contamination of Cell Lines/Tissues,Investigation by Third Party,23,0.0013002430889253209,0.5455773785783471
Contamination of Cell Lines/Tissues,Results Not Reproducible,23,0.021415270018621976,10.23015873015873
Copyright Claims,Lack of Approval from Author,23,0.018518518518518517,3.889151252787616
Copyright Claims,Plagiarism of Data,23,0.017517136329017517,3.4597115343616123
Date of Article and/or Notice Unknown,False/Forged Affiliation,23,0.0032518026297186486,1.1456117470897937
Doing the Right Thing,Unreliable Results and/or Conclusions,23,0.0010416194918708391,0.5160059016323207
Duplication of/in Article,Plagiarism of Text,23,0.003943758573388203,0.19193215735497743
Duplication of/in Image,Plagiarism of Text,23,0.0030609528879425073,0.13151106645640512
Error in Data,Misconduct by Author,23,0.0061333333333333335,0.43336256816776286
Error in Image,Euphemisms for Plagiarism,23,0.004882190617703248,0.4312395854108897
Error in Materials,Unreliable Data,23,0.009130607383882492,3.3684987927851155
Ethical Violations by Author,Removed,23,0.00499457111834962,0.600086803021368
Falsification/Fabrication of Results,Investigation by Third Party,23,0.0013034854066307736,0.7507517773599477
Investigation by Company/Institution,Lack of Approval from Author,23,0.006024096385542169,0.8244667538029422
Investigation by Third Party,Lack of Approval from Author,23,0.0012707182320441989,0.1535628635508984
Investigation by Third Party,Notice - Lack of,23,0.0012862095962420312,0.24812982472066067
Lack of Approval from Third Party,Plagiarism of Data,23,0.02149532710280374,5.327955762916883
Plagiarism of Text,Unreliable Results and/or Conclusions,23,0.0009528149467666432,0.03198578059343465
Author Unresponsive,Error in Analyses,22,0.004820333041191937,0.33180348968159945
Author Unresponsive,Plagiarism of Text,22,0.0040991242779951555,0.21036401738701224
Concerns/Issues about Authorship/Affiliation,Falsification/Fabrication of Data,22,0.004781569224081721,0.29646624752511874
Concerns/Issues about Data,Duplication of Text,22,0.0014863860549962841,0.21418926770317692
Concerns/Issues about Human Subject Welfare,Conflict of Interest,22,0.015804597701149427,3.01034808685942
Concerns/Issues about Image,Contamination of Cell Lines/Tissues,22,0.0067838421214924454,2.950742780303515
Concerns/Issues about Referencing/Attributions,Error in Analyses,22,0.0013399926909489586,0.07044402615009038
Concerns/Issues about Third Party Involvement,Investigation by Company/Institution,22,0.004333267677762458,0.24649773413771026
Date of Article and/or Notice Unknown,Manipulation of Images,22,0.002677702044790652,0.15982161214318932
Duplication of Data,Falsification/Fabrication of Image,22,0.014093529788597053,2.613538642591036
Duplication of/in Image,Error in Methods,22,0.003350593968930856,0.22167892983124712
Euphemisms for Duplication,Misconduct by Author,22,0.005397448478900883,0.3546455026455026
False/Forged Authorship,Original Data and/or Images not Provided and/or not Available,22,0.006662628709872804,0.6783102686118158
Falsification/Fabrication of Image,Unreliable Data,22,0.0076735263341471925,1.1592218691679883
Informed/Patient Consent - None/Withdrawn,Misconduct - Official Investigation(s) and/or Finding(s),22,0.007046764894298526,0.596956631041003
Investigation by Company/Institution,Lack of Approval from Third Party,22,0.005950770895320531,1.0024241188266882
Investigation by Journal/Publisher,Manipulation of Data,22,0.0007265281859912156,1.7395493688805
Investigation by ORI,Results Not Reproducible,22,0.018333333333333333,5.5085470085470085
Misconduct by Author,Removed,22,0.003787226717163023,0.20033953827576723
Original Data and/or Images not Provided and/or not Available,Plagiarism of Data,22,0.007213114754098361,0.9441488186743004
Plagiarism of/in Article,Unreliable Data,22,0.004232397075798384,0.21869065544345626
Breach of Policy by Author,False/Forged Authorship,21,0.0037102473498233216,0.3286092817271978
Compromised Peer Review,Ethical Violations by Company/Institution/Third Party,21,0.0018746652383502945,4.336029769642604
Concerns/Issues about Article,Date of Article and/or Notice Unknown,21,0.0024325263523688172,0.11635407882965117
Concerns/Issues about Authorship/Affiliation,Lack of Approval from Company/Institution,21,0.006578947368421052,1.6401898889052022
Concerns/Issues about Authorship/Affiliation,Notice - Limited or No Information,21,0.0014111954841744506,0.04024166129835012
Concerns/Issues about Data,Investigation by ORI,21,0.0014375684556407447,0.34313855982962865
Concerns/Issues about Image,Concerns/Issues about Peer Review,21,0.001446280991735537,0.039649865827045334
Concerns/Issues about Image,Plagiarism of/in Article,21,0.003525856279382136,0.15784041610299948
Concerns/Issues about Referencing/Attributions,Copyright Claims,21,0.0013357928884930985,0.13496920161814838
Concerns/Issues about Results and/or Conclusions,Falsification/Fabrication of Data,21,0.0019169329073482429,0.08909073509217513
Concerns/Issues about Third Party Involvement,Conflict of Interest,21,0.008027522935779817,0.9531273488126435
Error in Text,Original Data and/or Images not Provided and/or not Available,21,0.006616257088846881,0.756518009646278
Euphemisms for Plagiarism,False/Forged Authorship,21,0.0045016077170418,0.414857299484666
Falsification/Fabrication of Results,Upgrade/Update of Prior Notice(s),21,0.009005145797598629,5.380441264162193
Informed/Patient Consent - None/Withdrawn,Misconduct by Author,21,0.006122448979591836,0.4751602109680711
Informed/Patient Consent - None/Withdrawn,Objections by Third Party,21,0.009071274298056155,1.1979482535729815
Investigation by Journal/Publisher,Legal Reasons and/or Threats,21,0.0006915401587249317,0.411446109775436
Misconduct - Official Investigation(s) and/or Finding(s),Plagiarism of/in Article,21,0.0047803323469155475,0.3179342320465349
Author Unresponsive,Concerns/Issues about Methods,20,0.005871990604815032,1.8163662107324081
Breach of Policy by Author,Concerns/Issues about Results and/or Conclusions,20,0.0014247043738424277,0.03020926364536773
Concerns/Issues about Animal Welfare,Lack of IRB/IACUC Approval and/or Compliance,20,0.007487832272557095,9.246516760932543
Concerns/Issues about Article,Concerns/Issues about Methods,20,0.010183299389002037,3.3104906122590094
Concerns/Issues about Article,Error in Data,20,0.005467468562055768,0.39725887347108113
Concerns/Issues about Article,Error in Methods,20,0.006715916722632639,0.614235607575768
Concerns/Issues about Authorship/Affiliation,Plagiarism of Data,20,0.00564652738565782,0.7142350993677399
Concerns/Issues about Data,Plagiarism of Text,20,0.0012108736453351092,0.0426000035209766
Copyright Claims,Duplication of/in Image,20,0.003324468085106383,0.3620494131443037
Copyright Claims,Euphemisms for Plagiarism,20,0.004480286738351254,0.5102690621023515
Date of Article and/or Notice Unknown,Duplication of Data,20,0.0025246149962130774,0.18660509600510364
Doing the Right Thing,Results Not Reproducible,20,0.019011406844106463,10.531045751633988
Duplication of Data,Plagiarism of Image,20,0.010587612493382742,1.4835965063723735
Error in Cell Lines/Tissues,Error in Data,20,0.010005002501250625,7.408455374412822
Error in Text,Unreliable Data,20,0.006466214031684449,0.7456660967114287
Investigation by Journal/Publisher,Investigation by ORI,20,0.0006548574048001048,0.15482321147061034
Lack of Approval from Author,Misconduct by Author,20,0.008333333333333333,1.268201495474223
Lack of Approval from Author,Plagiarism of/in Article,20,0.00583941605839416,0.8157453406322186
Misconduct - Official Investigation(s) and/or Finding(s),Plagiarism of Text,20,0.005383580080753701,0.39650347209692893
Objections by Third Party,Plagiarism of Data,20,0.014749262536873156,2.844273199255706
Plagiarism of/in Article,Publishing Ban,20,0.006816632583503749,5.7605720350818395
Unreliable Image,Upgrade/Update of Prior Notice(s),20,0.008054772452678213,2.2454490027001133
Author Unresponsive,Complaints about Author,19,0.0057997557997558,3.9860156494522694
Author Unresponsive,False/Forged Affiliation,19,0.005636309700385643,2.0441105894627025
Author Unresponsive,Falsification/Fabrication of Image,19,0.005110274341043572,0.7354272415963596
Breach of Policy by Author,Duplication of/in Image,19,0.0018793273986152325,0.04980259739731558
Cites Retracted Work,Misconduct - Official Investigation(s) and/or Finding(s),19,0.01099537037037037,4.0118067324836355
Cites Retracted Work,Misconduct by Author,19,0.009336609336609337,3.3453431681587027
Computer-Aided Content or Computer-Generated Content,Concerns/Issues about Image,19,0.00153201096597323,0.04403642493656978
Concerns/Issues about Authorship/Affiliation,Concerns/Issues about Human Subject Welfare,19,0.005417735956658112,0.7187652560935484
Concerns/Issues about Authorship/Affiliation,Error in Methods,19,0.004583835946924005,0.3504341449387822
Concerns/Issues about Image,Error in Text,19,0.004933783432874578,0.535623199913865
Concerns/Issues about Image,False/Forged Authorship,19,0.004773869346733669,0.45842164372516275
Concerns/Issues about Image,Notice - Limited or No Information,19,0.001260950358375365,0.034239119680716065
Concerns/Issues about Methods,Lack of IRB/IACUC Approval and/or Compliance,19,0.006671348314606741,2.0914740292585514
Concerns/Issues about Peer Review,Euphemisms for Plagiarism,19,0.0012492603063975279,0.029372705869990655
Concerns/Issues about Referencing/Attributions,Misconduct by Third Party,19,0.0012600305060017243,1.7270548860118171
Concerns/Issues about Third Party Involvement,Euphemisms for Plagiarism,19,0.003391645840771153,0.1835713863579689
Contamination of Cell Lines/Tissues,Unreliable Data,19,0.007633587786259542,3.3703181278068737
Contamination of Materials,Results Not Reproducible,19,0.01905717151454363,17.007638888888888
Date of Article and/or Notice Unknown,Notice - Unable to Access via current resources,19,0.0026900750389352965,1.0195751916809241
Date of Article and/or Notice Unknown,Results Not Reproducible,19,0.002430289076490151,0.19716144198103336
Duplication of Content through Error by Journal/Publisher,Duplication of/in Article,19,0.004333941605839416,0.4688201049747797
Duplication of Data,Ethical Violations by Author,19,0.011397720455908818,1.8967033785343554
Duplication of/in Image,Ethical Violations by Author,19,0.0031831127492042218,0.36954299402101143
Error by Journal/Publisher,Unreliable Results and/or Conclusions,19,0.0008315098468271335,0.0643419992191245
Error in Image,Plagiarism of Image,19,0.010602678571428572,1.5558884040052583
Ethical Violations by Author,Euphemisms for Plagiarism,19,0.004301562146253113,0.5208304450156328
Euphemisms for Duplication,Objections by Third Party,19,0.00641025641025641,0.7721885705623769
Euphemisms for Plagiarism,Misconduct by Author,19,0.0033807829181494663,0.18178335337396273
False/Forged Affiliation,Investigation by Company/Institution,19,0.0055152394775036286,1.9978382787804632
False/Forged Authorship,Plagiarism of Data,19,0.012508229098090849,2.2129716673762134
Falsification/Fabrication of Data,Manipulation of Results,19,0.01099537037037037,17.380882192379083
Falsification/Fabrication of Data,Notice - Limited or No Information,19,0.0013901082821188176,0.06236985181275978
Investigation by Company/Institution,Manipulation of Results,19,0.005769814758578804,9.059964287492798
Lack of Approval from Company/Institution,Removed,19,0.004462188821042743,1.0875574934970222
Lack of Approval from Company/Institution,Unreliable Results and/or Conclusions,19,0.0008542013217641506,0.19718415406949377
Manipulation of Data,Unreliable Results and/or Conclusions,19,0.0008645402011193521,2.0704336177296847
Notice - Limited or No Information,Unreliable Results and/or Conclusions,19,0.0005599434162442532,0.004837865417377215
Removed,Temporary Removal,19,0.0047018064835436775,4.1524922478977215
Breach of Policy by Author,Concerns/Issues about Article,18,0.002760312835454685,0.14380505605696783
Breach of Policy by Author,Duplication of Data,18,0.0030986400413152006,0.242161636184308
Concerns/Issues about Article,Conflict of Interest,18,0.007081038552321007,0.8528512989946073
Concerns/Issues about Human Subject Welfare,Original Data and/or Images not Provided and/or not Available,18,0.005964214711729622,0.8183000170238397
Concerns/Issues about Image,Error in Results and/or Conclusions,18,0.003970004411116012,0.2684345987355471
Concerns/Issues about Image,Falsification/Fabrication of Image,18,0.004961411245865491,0.7171463080610188
Concerns/Issues about Methods,Euphemisms for Duplication,18,0.007308160779537149,2.3213160173160174
Concerns/Issues about Referencing/Attributions,Misconduct - Official Investigation(s) and/or Finding(s),18,0.0010861694424330196,0.0520257662304868
Concerns/Issues about Referencing/Attributions,Objections by Third Party,18,0.001141842172037554,0.10937476911484331
Concerns/Issues about Referencing/Attributions,Taken from Dissertation/Thesis,18,0.001168679392286716,0.21609624194388183
Concerns/Issues about Third Party Involvement,Plagiarism of Image,18,0.006716417910447761,0.7595527687542495
Contamination of Cell Lines/Tissues,Error in Results and/or Conclusions,18,0.011313639220615965,5.175285679969803
Error in Analyses,Paper Mill,18,0.0013756209400076424,0.07405776007354067
Error in Materials,Investigation by Journal/Publisher,18,0.0005910941810061736,0.20436663914120565
Error in Materials,Results Not Reproducible,18,0.016172506738544475,6.610256410256411
Error in Methods,Lack of IRB/IACUC Approval and/or Compliance,18,0.004659590991457417,0.3676325941093661
Ethical Violations by Author,Plagiarism of Data,18,0.014173228346456693,2.9090961698433944
False/Forged Affiliation,Plagiarism of/in Article,18,0.005901639344262295,2.153567699269057
Falsification/Fabrication of Data,Plagiarism of Data,18,0.007728638900815801,1.1011543600639608
Investigation by Third Party,Lack of Approval from Company/Institution,18,0.0010097043809951197,0.23381887653357736
Removed,Results Not Reproducible,18,0.003672719853091206,0.3236254079839317
Author Unresponsive,Breach of Policy by Author,17,0.002134605725765947,0.07451807469229176
Breach of Policy by Author,Duplication of Text,17,0.0032387121356448846,0.496010934670567
Cites Retracted Work,Compromised Peer Review,17,0.001493455152420276,0.494143013507583
Cites Retracted Work,Computer-Aided Content or Computer-Generated Content,17,0.0017883442036608459,0.5936929154453026
Compromised Peer Review,Original Data and/or Images not Provided and/or not Available,17,0.0012494487726003234,0.04190755898829234
Concerns/Issues about Animal Welfare,Concerns/Issues about Data,17,0.0011821152910089703,1.4444499375685322
Concerns/Issues about Animal Welfare,Objections by Author(s),17,0.004330106979113602,5.32863823419379
Concerns/Issues about Article,Unreliable Image,17,0.008487269096355467,2.4345124783410355
Concerns/Issues about Data,Manipulation of Data,17,0.0011843388602480146,2.83731237736676
Concerns/Issues about Peer Review,Duplication of/in Image,17,0.0010141382807373383,0.018646953467924464
Concerns/Issues about Referencing/Attributions,Error by Journal/Publisher,17,0.0010669679281993347,0.0840374274226207
Concerns/Issues about Referencing/Attributions,Error in Image,17,0.0010641627543035994,0.08029450912808192
Concerns/Issues about Results and/or Conclusions,Notice - Limited or No Information,17,0.0008004520199642151,0.0102557210578086
Concerns/Issues about Results and/or Conclusions,Unreliable Image,17,0.0017853392144507457,0.4602782975120617
Concerns/Issues about Third Party Involvement,Euphemisms for Duplication,17,0.0041841004184100415,0.27673976927747423
Contamination of Cell Lines/Tissues,Error in Data,17,0.008216529724504592,3.6766185367427604
Copyright Claims,Euphemisms for Duplication,17,0.00580997949419002,0.7307846721180055
Copyright Claims,Legal Reasons and/or Threats,17,0.021546261089987327,14.551022232438163
Copyright Claims,Notice - Limited or No Information,17,0.0013429180819969982,0.137216516086582
Date of Article and/or Notice Unknown,Plagiarism of Data,17,0.002258535937292414,0.25679240933144004
Error in Analyses,Error in Cell Lines/Tissues,17,0.011580381471389645,8.714655000994233
Error in Data,False/Forged Authorship,17,0.006064930431680342,0.6613805412464631
Error in Data,Plagiarism of Data,17,0.006664053312426499,0.9205841126214378
Error in Methods,Unreliable Image,17,0.01137123745819398,3.427871786772558
Error in Results and/or Conclusions,Objections by Third Party,17,0.007855822550831794,1.0735756333240374
Error in Text,Euphemisms for Plagiarism,17,0.0037444933920704844,0.3923942441663057
Falsification/Fabrication of Data,Removed,17,0.002998236331569665,0.16789017644236834
Falsification/Fabrication of Image,Paper Mill,17,0.0013892293862874888,0.17950428991994838
Manipulation of Images,Results Not Reproducible,17,0.007535460992907801,0.910537688024599
Misconduct - Official Investigation(s) and/or Finding(s),Removed,17,0.003086980207009261,0.1856488388434754
Misconduct by Author,Plagiarism of Data,17,0.0068714632174616,0.9589417839806642
Notice - Limited or No Information,Objections by Author(s),17,0.0010722845969471427,0.024457573469136146
Objections by Author(s),Plagiarism of Data,17,0.0037660611431103233,0.45579331707722937
Paper Mill,Plagiarism of/in Article,17,0.0011669412410763318,0.033864018495166036
Plagiarism of/in Article,Taken via Peer Review,17,0.005904828065300452,17.24414715719064
Author Unresponsive,Copyright Claims,16,0.004132231404958678,0.4843643228619754
Civil Proceedings,Investigation by Company/Institution,16,0.0048765620237732395,11.716645544727527
Compromised Peer Review,Concerns/Issues about Human Subject Welfare,16,0.001357658039881205,0.15783461309438837
Concerns/Issues about Authorship/Affiliation,Manipulation of Images,16,0.0037735849056603774,0.2747962117537512
Concerns/Issues about Authorship/Affiliation,Misconduct - Official Investigation(s) and/or Finding(s),16,0.0036003600360036,0.2384182576993935
Concerns/Issues about Human Subject Welfare,Concerns/Issues about Methods,16,0.019464720194647202,7.648487701205989
Concerns/Issues about Image,Conflict of Interest,16,0.004107830551989731,0.42813525977592976
Concerns/Issues about Methods,Duplication of/in Image,16,0.0028787333573227778,0.8689185915463289
Concerns/Issues about Methods,Unreliable Data,16,0.00624512099921936,1.978113350929712
Concerns/Issues about Results and/or Conclusions,Plagiarism of/in Article,16,0.0013191524445543739,0.040259390409113804
Conflict of Interest,Investigation by Company/Institution,16,0.003940886699507389,0.4065254959756763
Contamination of Materials,Error in Results and/or Conclusions,16,0.010582010582010581,9.258011049723757
Copyright Claims,Unreliable Results and/or Conclusions,16,0.0007065577390152352,0.07044537561653366
Date of Article and/or Notice Unknown,Error in Image,16,0.002043944813490036,0.1647982226437437
Duplication of Data,Misconduct - Official Investigation(s) and/or Finding(s),16,0.006235385814497272,0.6685330396008929
Duplication of Text,Unreliable Results and/or Conclusions,16,0.0007132667617689016,0.10170551104637048
Duplication of/in Article,Unreliable Image,16,0.00408997955010225,1.0971480950641799
Duplication of/in Image,Error in Results and/or Conclusions,16,0.0023616236162361626,0.13861891895524997
Error by Third Party,Investigation by Journal/Publisher,16,0.0005280353783703508,0.8434178758208486
Error in Data,Ethical Violations by Author,16,0.006264682850430697,0.8637454948152624
Error in Image,Falsification/Fabrication of Data,16,0.006081337894336754,0.6674134591927671
Error in Image,Objections by Third Party,16,0.00963855421686747,1.5515314249174283
Error in Materials,Investigation by Third Party,16,0.0009024252679075014,0.31335726359371735
Error in Methods,Lack of Approval from Third Party,16,0.009529481834425254,1.91423114680946
Error in Text,Results Not Reproducible,16,0.009489916963226572,1.4957934435741225
Euphemisms for Plagiarism,Falsification/Fabrication of Image,16,0.003706277507528376,0.5219431144456526
Euphemisms for Plagiarism,Lack of Approval from Third Party,16,0.00378698224852071,0.6286514845100971
Falsification/Fabrication of Data,Lack of Approval from Author,16,0.007079646017699115,1.1002987622705933
Falsification/Fabrication of Data,Plagiarism of Text,16,0.004121586810922205,0.28686002370956215
Investigation by Company/Institution,Legal Reasons and/or Threats,16,0.004753416518122401,2.903239604003281
Investigation by ORI,Notice - Limited or No Information,16,0.001305802660572921,0.3129281633829744
Lack of Approval from Author,Lack of Approval from Company/Institution,16,0.018823529411764704,6.3772418058132345
Legal Reasons and/or Threats,Removed,16,0.00392156862745098,2.3827994640940813
Objections by Third Party,Plagiarism of Image,16,0.010094637223974764,1.685592319927575
Author Unresponsive,Lack of Approval from Author,15,0.003997867803837953,0.5501493811352967
Bias Issues or Lack of Balance,Error in Results and/or Conclusions,15,0.0097911227154047,7.01364473463921
Bias Issues or Lack of Balance,Investigation by Journal/Publisher,15,0.0004940874205342732,0.3354502915196557
Complaints about Author,Concerns/Issues about Authorship/Affiliation,15,0.004993342210386152,3.4443987667009255
Compromised Peer Review,Error in Methods,15,0.0012073406310367032,0.07214277872612479
Concerns/Issues about Animal Welfare,Investigation by Third Party,15,0.0008527087715308964,1.0415568136495719
Concerns/Issues about Article,Lack of IRB/IACUC Approval and/or Compliance,15,0.003429355281207133,0.21758061402650736
Concerns/Issues about Data,Taken from Dissertation/Thesis,15,0.0010204775835090823,0.18894422046837467
Concerns/Issues about Human Subject Welfare,Unreliable Data,15,0.005103776794828173,0.7057416351906356
Concerns/Issues about Methods,Concerns/Issues about Peer Review,15,0.0012872221745473269,0.3805602459095508
Concerns/Issues about Methods,Upgrade/Update of Prior Notice(s),15,0.006117455138662317,1.9465418302627602
Concerns/Issues about Referencing/Attributions,Lack of Approval from Author,15,0.0009611687812379854,0.11680027063108996
Concerns/Issues about Third Party Involvement,Error in Data,15,0.004010695187165776,0.2854077070470513
Copyright Claims,Ethical Violations by Author,15,0.011337868480725623,2.2493372260814124
Duplication of Text,Unreliable Data,15,0.005334281650071123,0.8924691095014913
Duplication of/in Article,Error in Image,15,0.0032686859882327304,0.29122999209517764
Duplication of/in Article,Falsification/Fabrication of Data,15,0.002803738317757009,0.16116777144703787
Duplication of/in Article,Taken from Dissertation/Thesis,15,0.0037341299477221808,0.74024227101281
Duplication of/in Image,Lack of Approval from Author,15,0.002542372881355932,0.3289775917513144
Error by Journal/Publisher,Objections by Author(s),15,0.003142019271051529,0.2870096326441129
Error in Cell Lines/Tissues,Results Not Reproducible,15,0.014778325123152709,11.427304964539006
Error in Data,Misconduct - Official Investigation(s) and/or Finding(s),15,0.004346566212691973,0.3389332277067514
Error in Data,Notice - Limited or No Information,15,0.0010796804145972792,0.04358642275691429
Error in Text,Euphemisms for Duplication,15,0.004998333888703766,0.5833594429939077
Euphemisms for Plagiarism,Lack of Approval from Author,15,0.0034498620055197792,0.4636579458526175
Euphemisms for Plagiarism,Results Not Reproducible,15,0.0031833616298811546,0.2833465224654884
False/Forged Authorship,Plagiarism of Image,15,0.008581235697940504,1.2942100249723245
False/Forged Authorship,Removed,15,0.0030845157310302285,0.28204225500275615
Falsification/Fabrication of Image,Falsification/Fabrication of Results,15,0.023291925465838508,15.854858548585485
Investigation by Company/Institution,Plagiarism of Image,15,0.00363901018922853,0.3543340386510341
Investigation by Journal/Publisher,Withdrawn as Out of Date,15,0.0004898279071286288,0.09148644314172427
Lack of Approval from Company/Institution,Objections by Author(s),15,0.003599712023038157,0.8795771394977744
Plagiarism of Image,Taken from Dissertation/Thesis,15,0.012254901960784314,3.1221508688685455
Author Unresponsive,Conflict of Interest,14,0.003510531594784353,0.3639484712211033
Bias Issues or Lack of Balance,Error in Data,14,0.006965174129353234,4.924003673094582
Breach of Policy by Author,Concerns/Issues about Peer Review,14,0.0008637176877043617,0.01714349958589619
Breach of Policy by Author,Lack of Approval from Third Party,14,0.002680965147453083,0.43571156614198825
Cites Retracted Work,Concerns/Issues about Results and/or Conclusions,14,0.0014792899408284023,0.49129648089665523
Cites Retracted Work,Upgrade/Update of Prior Notice(s),14,0.005766062602965404,2.0372544592458794
Computer-Aided Content or Computer-Generated Content,Duplication of/in Article,14,0.0010799136069114472,0.027511132736864764
Concerns/Issues about Animal Welfare,Original Data and/or Images not Provided and/or not Available,14,0.005668016194331984,7.024155095624837
Concerns/Issues about Methods,Error in Analyses,14,0.008706467661691543,2.92041914471821
Concerns/Issues about Results and/or Conclusions,Lack of Approval from Author,14,0.0014242115971515768,0.17693544591732688
Concerns/Issues about Results and/or Conclusions,Plagiarism of Data,14,0.001413998586001414,0.15739825048944162
Concerns/Issues about Third Party Involvement,Manipulation of Images,14,0.004440215667618141,0.3835321717735245
Conflict of Interest,Unreliable Data,14,0.0044585987261146496,0.49544753538620584
Contamination of Cell Lines/Tissues,Original Data and/or Images not Provided and/or not Available,14,0.005434782608695652,2.3995560885674907
Copyright Claims,False/Forged Authorship,14,0.008894536213468869,1.5129620224592293
Date of Article and/or Notice Unknown,Informed/Patient Consent - None/Withdrawn,14,0.0016489988221436984,0.08482790608790954
Duplication of Data,False/Forged Authorship,14,0.007284079084287201,1.0071879746054235
Duplication of Text,Objections by Author(s),14,0.003215434083601286,0.5028249314128944
Duplication of Text,Removed,14,0.003146774556080018,0.49083186877562973
Duplication of/in Image,Error in Analyses,14,0.0020833333333333333,0.12626180468461662
Duplication of/in Image,Removed,14,0.0015034364261168386,0.044094946100000434
Error in Data,Falsification/Fabrication of Image,14,0.005707297187117815,0.8994028849379402
Error in Data,Lack of Approval from Third Party,14,0.005929690808979246,1.083280808080808
Error in Results and/or Conclusions,Original Data and/or Images not Provided and/or not Available,14,0.0036241263266891016,0.2668014711735953
Error in Text,Upgrade/Update of Prior Notice(s),14,0.004685408299866131,0.5478778310765681
Ethical Violations by Author,Euphemisms for Duplication,14,0.004859423811176675,0.64660947459087
Investigation by Journal/Publisher,Updated to Retraction,14,0.0004623055839910181,1.4088912243825538
Investigation by ORI,Upgrade/Update of Prior Notice(s),14,0.005582137161084529,1.4673930720442347
Lack of Approval from Author,Lack of Approval from Third Party,14,0.013888888888888888,3.6456565656565663
Lack of Approval from Third Party,Objections by Author(s),14,0.0032377428307123032,0.5363465935070874
Legal Reasons and/or Threats,Notice - Limited or No Information,14,0.0011587485515643105,0.6930112644830915
Legal Reasons and/or Threats,Objections by Author(s),14,0.003511412089290193,2.135893513966277
Notice - Lack of,Plagiarism of/in Article,14,0.004357298474945534,0.9226678937546334
Objections by Author(s),Objections by Third Party,14,0.003038853917950944,0.3292714421257698
Removed,Unreliable Data,14,0.002216592780240659,0.10038316873127494
Retract and Replace,Unreliable Data,14,0.004298434141848327,0.4327122955158745
Bias Issues or Lack of Balance,Conflict of Interest,13,0.014557670772676373,10.90663762782722
Bias Issues or Lack of Balance,Date of Article and/or Notice Unknown,13,0.0018605982539001001,1.2754175576954885
Breach of Policy by Author,Euphemisms for Plagiarism,13,0.0015179822512844466,0.0480256370714593
Breach of Policy by Author,Lack of IRB/IACUC Approval and/or Compliance,13,0.0017546227561074368,0.06906873677462147
Compromised Peer Review,Informed/Patient Consent - None/Withdrawn,13,0.0010168961201501877,0.04856023596100353
Computer-Aided Content or Computer-Generated Content,Euphemisms for Duplication,13,0.0011251514626969014,0.041566264772876345
Concerns/Issues about Authorship/Affiliation,Error in Image,13,0.0033775006495193557,0.31655838789050567
Concerns/Issues about Methods,Duplication of Data,13,0.010325655281969817,3.6235720731397962
Concerns/Issues about Methods,Error in Methods,13,0.00888585099111415,3.0298301430831542
Concerns/Issues about Peer Review,Plagiarism of/in Article,13,0.0009092816674826887,0.026518677769262814
Concerns/Issues about Peer Review,Unreliable Data,13,0.0009440127804807203,0.032461934908859
Concerns/Issues about Referencing/Attributions,Lack of Approval from Company/Institution,13,0.0008480104370515329,0.19694485542240023
Conflict of Interest,Misconduct - Official Investigation(s) and/or Finding(s),13,0.00556745182012848,0.7006859994515865
Contamination of Cell Lines/Tissues,Euphemisms for Duplication,13,0.005421184320266889,2.4054216701173226
Criminal Proceedings,False/Forged Authorship,13,0.013584117032392894,12.981214152700186
Criminal Proceedings,Investigation by Journal/Publisher,13,0.0004285196294953357,0.3837551334984861
Date of Article and/or Notice Unknown,Lack of Approval from Company/Institution,13,0.0018100807574491784,0.429477340856644
Date of Article and/or Notice Unknown,Legal Reasons and/or Threats,13,0.0018568775889158692,1.1174012231137465
Duplication of Data,Manipulation of Data,13,0.01231060606060606,29.89446960340332
Error in Data,Lack of Approval from Author,13,0.005233494363929146,0.7913577331759151
Error in Image,Retract and Replace,13,0.007011866235167206,1.00003672538137
Error in Methods,Euphemisms for Duplication,13,0.003733486502010339,0.31106256135653726
Ethical Violations by Author,Objections by Author(s),13,0.0028761061946902654,0.34746706223881074
Ethical Violations by Company/Institution/Third Party,Investigation by Journal/Publisher,13,0.00042917038064111453,0.9924701728409122
Informed/Patient Consent - None/Withdrawn,Unreliable Data,13,0.003302006604013208,0.23160770402534017
Investigation by ORI,Unreliable Data,13,0.004961832061068702,1.2981368865476237
Investigation by Third Party,Manipulation of Data,13,0.000740066036661733,1.7731264803796283
Investigation by Third Party,Retract and Replace,13,0.0007041490629400932,0.05373110546604934
Lack of Approval from Company/Institution,Objections by Third Party,13,0.01282051282051282,4.043414910302456
Lack of Approval from Third Party,Lack of IRB/IACUC Approval and/or Compliance,13,0.004230393752033843,0.7345843871185298
Lack of IRB/IACUC Approval and/or Compliance,Removed,13,0.0019679079624583713,0.08299346578040129
Manipulation of Results,Misconduct - Official Investigation(s) and/or Finding(s),13,0.008274984086569064,13.150083757149542
Misconduct - Official Investigation(s) and/or Finding(s),Plagiarism of Image,13,0.005425709515859766,0.6514442414256109
Misconduct by Author,Retract and Replace,13,0.004711852120333454,0.5103001255598658
Notice - Limited or No Information,Objections by Third Party,13,0.0010233803038652287,0.0992042045922492
Notice - Limited or No Information,Plagiarism of Text,13,0.0009178198249082181,0.033143428425760554
Notice - Limited or No Information,Upgrade/Update of Prior Notice(s),13,0.0009151062931155849,0.0325208774445969
Notice - Unable to Access via current resources,Plagiarism of/in Article,13,0.004274909569220651,1.6756581085472864
Objections by Author(s),Taken from Dissertation/Thesis,13,0.0030617051342439945,0.6040869410890375
Paper Mill,Unreliable Image,13,0.001086411499247869,0.27864887128793925
Plagiarism of Image,Results Not Reproducible,13,0.0072585147962032385,1.0725166410650282
Results Not Reproducible,Unreliable Image,13,0.010924369747899159,3.486683312526009
Author Unresponsive,Ethical Violations by Author,12,0.003134796238244514,0.39030752993412676
Author Unresponsive,Results Not Reproducible,12,0.0029133284777858705,0.268961919666145
Bias Issues or Lack of Balance,Error in Methods,12,0.009009009009009009,6.525788000486795
Breach of Policy by Author,Manipulation of Images,12,0.0019636720667648502,0.12569945812409106
Cites Retracted Work,Concerns/Issues about Third Party Involvement,12,0.005928853754940711,2.1336304313226164
Compromised Peer Review,Criminal Proceedings,12,0.0010660033756773562,0.9580561014829372
Concerns/Issues about Article,Concerns/Issues about Human Subject Welfare,12,0.005110732538330494,0.7559044462258627
Concerns/Issues about Article,Plagiarism of Image,12,0.0045994633959371405,0.5286105977639386
Concerns/Issues about Authorship/Affiliation,Duplication of Text,12,0.00354295837023915,0.5740664611168208
Concerns/Issues about Authorship/Affiliation,Error in Analyses,12,0.002791996277338297,0.1980962626427563
Concerns/Issues about Data,Error by Journal/Publisher,12,0.0007878151260504202,0.062240449095464584
Concerns/Issues about Methods,Results Not Reproducible,12,0.01038961038961039,3.7200577200577194
Concerns/Issues about Referencing/Attributions,Error in Results and/or Conclusions,12,0.0007279344858962694,0.03691146674087484
Concerns/Issues about Referencing/Attributions,Results Not Reproducible,12,0.0007512677643523446,0.05710235453075509
Concerns/Issues about Results and/or Conclusions,Lack of Approval from Third Party,12,0.0012358393408856848,0.19277538107563993
Conflict of Interest,Error in Data,12,0.004411764705882353,0.5177656544199295
Conflict of Interest,Error in Methods,12,0.0058823529411764705,0.8005613532195697
Conflict of Interest,Ethical Violations by Author,12,0.008333333333333333,1.545269588772658
Date of Article and/or Notice Unknown,Ethical Violations by Author,12,0.0015927794000530925,0.1807031673872678
Date of Article and/or Notice Unknown,Lack of IRB/IACUC Approval and/or Compliance,12,0.0012598425196850393,0.04421606334020778
Duplication of Data,Error in Methods,12,0.005277044854881266,0.6206080807379373
Duplication of/in Article,Plagiarism of Data,12,0.0027958993476234857,0.34168570145661276
Duplication of/in Image,Error in Cell Lines/Tissues,12,0.0022119815668202765,1.6014909147383134
Error in Analyses,Lack of IRB/IACUC Approval and/or Compliance,12,0.0029887920298879204,0.2193638052557684
Error in Cell Lines/Tissues,Investigation by Journal/Publisher,12,0.00039529597786342526,0.28263471370592264
Error in Data,Investigation by ORI,12,0.005457025920873124,1.4609681227863047
Error in Image,Error in Materials,12,0.010657193605683837,4.374125132555673
Error in Results and/or Conclusions,Paper Mill,12,0.0009126863401277761,0.04742833529571597
Error in Text,Investigation by Company/Institution,12,0.002982848620432513,0.32121352015571547
Euphemisms for Duplication,Lack of Approval from Author,12,0.004270462633451958,0.6249696969696971
Euphemisms for Duplication,Misconduct - Official Investigation(s) and/or Finding(s),12,0.0031754432389521038,0.23198096474150984
Falsification/Fabrication of Data,Plagiarism of Image,12,0.0046875,0.5438112546245213
Falsification/Fabrication of Image,Results Not Reproducible,12,0.008185538881309686,1.5854858548585484
Falsification/Fabrication of Results,Unreliable Results and/or Conclusions,12,0.0005436506138721515,0.3129400339888322
Lack of IRB/IACUC Approval and/or Compliance,Objections by Third Party,12,0.0035746201966041107,0.4162824735481226
Misconduct - Official Investigation(s) and/or Finding(s),Plagiarism of Data,12,0.0055248618784530384,0.8117529870426083
Misconduct - Official Investigation(s) and/or Finding(s),Rogue Editor,12,0.0026595744680851063,0.1749772613705656
Misconduct by Author,Plagiarism of Image,12,0.004437869822485207,0.5014363516667664
Objections by Third Party,Results Not Reproducible,12,0.00724200362100181,1.172351068667576
Plagiarism of Image,Unreliable Image,12,0.01068566340160285,3.4706156474913272
Plagiarism of Text,Publishing Ban,12,0.005302695536897923,4.526013707417536
Removed,Upgrade/Update of Prior Notice(s),12,0.0019333011116481392,0.09031406734435302
Breach of Policy by Author,Euphemisms for Duplication,11,0.0015658362989323844,0.06846896039374101
Breach of Policy by Author,Lack of Approval from Company/Institution,11,0.002170053264943776,0.5239971458704669
Breach of Policy by Author,Upgrade/Update of Prior Notice(s),11,0.0015689630580516332,0.06889765692572328
Cites Retracted Work,Paper Mill,11,0.0009238263206517175,0.30559810865297893
Computer-Aided Content or Computer-Generated Content,Plagiarism of Text,11,0.0009565217391304348,0.03606917653490952
Concerns/Issues about Data,Error in Cell Lines/Tissues,11,0.0007625121308748094,0.5468662154123666
Concerns/Issues about Image,Manipulation of Data,11,0.003524511374559436,8.483385493372605
Concerns/Issues about Results and/or Conclusions,Plagiarism of Text,11,0.0009602793539938891,0.036244231856746335
Conflict of Interest,Error in Analyses,11,0.005029721079103796,0.6568228931429431
Contamination of Cell Lines/Tissues,Error in Analyses,11,0.007138221933809215,3.2922737563127646
Contamination of Cell Lines/Tissues,Objections by Author(s),11,0.0027241208519068845,1.1778685172404977
Contamination of Cell Lines/Tissues,Paper Mill,11,0.0009273309728544933,0.3910137290839358
Contamination of Materials,Error in Data,11,0.005516549648946841,4.7877142857142845
Copyright Claims,Unreliable Data,11,0.0036315615714757345,0.4533176429213923
Duplication of Text,Ethical Violations by Author,11,0.009874326750448833,2.381485788113695
Duplication of Text,Investigation by Third Party,11,0.0006104328523862375,0.08751970448027652
Duplication of/in Article,Manipulation of Images,11,0.0022057349107679966,0.15063219685880216
Duplication of/in Image,Manipulation of Data,11,0.002052238805970149,4.928397636426833
Error by Journal/Publisher,Notice - Limited or No Information,11,0.0008545016701623553,0.06829023321329337
Error in Analyses,Plagiarism of/in Article,11,0.0025864095932283094,0.18449567517102508
Error in Data,Plagiarism of Image,11,0.003953989935298346,0.44126398946675444
Error in Data,Plagiarism of/in Article,11,0.002297890119072488,0.13331609566903682
Error in Methods,Paper Mill,11,0.0008496832998609609,0.050564827616476835
Ethical Violations by Author,Investigation by ORI,11,0.011956521739130435,3.996899224806202
Ethical Violations by Author,Lack of Approval from Author,11,0.00912106135986733,1.998449612403101
Ethical Violations by Author,Unreliable Data,11,0.0036900369003690036,0.4870529093713564
Euphemisms for Plagiarism,Falsification/Fabrication of Data,11,0.0020058351568198397,0.11413676820440802
Euphemisms for Plagiarism,Misconduct - Official Investigation(s) and/or Finding(s),11,0.002067280586355948,0.126209638559579
False/Forged Authorship,Falsification/Fabrication of Image,11,0.007713884992987377,1.5199406295738933
False/Forged Authorship,Falsification/Fabrication of Results,11,0.01098901098901099,7.041092489137181
False/Forged Authorship,Manipulation of Images,11,0.00495272399819901,0.6161614220112567
Informed/Patient Consent - None/Withdrawn,Lack of Approval from Third Party,11,0.0053868756121449556,1.0221224093713175
Investigation by ORI,Investigation by Third Party,11,0.0006170761808594188,0.146886217309555
Investigation by Third Party,Lack of Approval from Third Party,11,0.0006114508060033352,0.09335435144562829
Investigation by Third Party,Taken from Dissertation/Thesis,11,0.0006141477304449779,0.11323304083701545
Lack of Approval from Author,Lack of IRB/IACUC Approval and/or Compliance,11,0.003440725680325305,0.4889984825493171
Lack of Approval from Company/Institution,Plagiarism of Data,11,0.011879049676025918,3.9002338104759784
Lack of Approval from Third Party,Legal Reasons and/or Threats,11,0.019927536231884056,14.499665683382498
Lack of Approval from Third Party,Objections by Third Party,11,0.00938566552901024,2.235282704259512
Lack of Approval from Third Party,Plagiarism of/in Article,11,0.003321256038647343,0.5702966314731021
Lack of Approval from Third Party,Upgrade/Update of Prior Notice(s),11,0.00411214953271028,0.7327648578811369
Manipulation of Results,Misconduct by Author,11,0.005851063829787234,9.278516057585824
Misconduct - Official Investigation(s) and/or Finding(s),Misconduct by Third Party,11,0.006966434452184927,9.764504893456408
Misconduct - Official Investigation(s) and/or Finding(s),Notice - Unable to Access via current resources,11,0.006428988895382817,2.6434295015434475
Misconduct by Author,Notice - Unable to Access via current resources,11,0.005450941526263627,2.2042883451723227
Objections by Third Party,Taken from Dissertation/Thesis,11,0.010064043915827997,2.711259344789165
Plagiarism of Text,Unreliable Data,11,0.0024282560706401766,0.14318556360279167
Author Unresponsive,Concerns/Issues about Animal Welfare,10,0.0030864197530864196,3.8143690425380576
Author Unresponsive,Duplication of Text,10,0.002728512960436562,0.43706311945748566
Author Unresponsive,Error in Materials,10,0.0029585798816568047,1.0758476786645803
Author Unresponsive,Notice - Limited or No Information,10,0.0006592827004219409,0.017507326824634326
Bias Issues or Lack of Balance,Ethical Violations by Author,10,0.013623978201634877,10.496907055046593
Bias Issues or Lack of Balance,Objections by Author(s),10,0.002514458134272064,1.7413850438541798
Bias Issues or Lack of Balance,Objections by Third Party,10,0.012165450121654502,9.236705389502115
Bias Issues or Lack of Balance,Upgrade/Update of Prior Notice(s),10,0.004301075268817204,3.0279539581865165
Cites Retracted Work,Falsification/Fabrication of Data,10,0.005263157894736842,1.909499065590957
Computer-Aided Content or Computer-Generated Content,Original Data and/or Images not Provided and/or not Available,10,0.0008520790729379687,0.029617790081062734
Concerns/Issues about Animal Welfare,Concerns/Issues about Results and/or Conclusions,10,0.0010733068584308253,1.3143775982429997
Concerns/Issues about Article,Error in Analyses,10,0.003190810465858328,0.2748825777972075
Concerns/Issues about Authorship/Affiliation,Error in Results and/or Conclusions,10,0.0022951572182694515,0.15858189533613837
Concerns/Issues about Authorship/Affiliation,Retract and Replace,10,0.0026089225150013043,0.24851361953109127
Concerns/Issues about Authorship/Affiliation,Taken from Dissertation/Thesis,10,0.003048780487804878,0.6189395807189444
Concerns/Issues about Image,Plagiarism of Text,10,0.0018910741301059002,0.09842330066065841
Concerns/Issues about Methods,Error in Data,10,0.004659832246039142,1.507348063192219
Concerns/Issues about Methods,Investigation by Company/Institution,10,0.0028653295128939827,0.887624662479358
Concerns/Issues about Results and/or Conclusions,Contamination of Cell Lines/Tissues,10,0.0010612331529236973,0.4490109807662421
Concerns/Issues about Results and/or Conclusions,Copyright Claims,10,0.0010045203415369162,0.10431568240023807
Concerns/Issues about Third Party Involvement,Error in Image,10,0.003619254433586681,0.38841275084169236
Concerns/Issues about Third Party Involvement,Misconduct by Author,10,0.0027262813522355507,0.1981997965604523
Conflict of Interest,Duplication of/in Image,10,0.0016286644951140066,0.1554524431902122
Conflict of Interest,Error in Results and/or Conclusions,10,0.004454342984409799,0.5736066325727236
Conflict of Interest,False/Forged Authorship,10,0.00591016548463357,0.9280250323634679
Copyright Claims,Plagiarism of Image,10,0.006447453255963894,1.1143030037039254
Copyright Claims,Upgrade/Update of Prior Notice(s),10,0.0034258307639602604,0.4325648511695024
Doing the Right Thing,Error in Materials,10,0.03115264797507788,25.274509803921568
Duplication of Data,Error in Analyses,10,0.004128819157720892,0.4628906425345866
Duplication of Data,Lack of IRB/IACUC Approval and/or Compliance,10,0.002727024815925825,0.24426437168649848
Duplication of Data,Removed,10,0.001994415636218588,0.16165726431474015
Duplication of Text,Investigation by Company/Institution,10,0.002674511901577962,0.42716936881819106
Duplication of Text,Objections by Third Party,10,0.00831255195344971,1.9050704865848112
Duplication of/in Article,Plagiarism of Image,10,0.002212878955521133,0.21092924926709103
Duplication of/in Image,False/Forged Affiliation,10,0.001808972503617945,0.6433339572025705
Error in Image,Removed,10,0.0020341741253051262,0.1784572769370567
Error in Materials,Paper Mill,10,0.0008405480373203329,0.29348816029143904
Error in Materials,Retract and Replace,10,0.009017132551848512,3.7200577200577203
Error in Methods,Misconduct by Author,10,0.003243593902043464,0.29132982145030334
Error in Results and/or Conclusions,Ethical Violations by Author,10,0.004800768122899664,0.7176752751723844
Error in Results and/or Conclusions,Lack of Approval from Third Party,10,0.005296610169491525,1.028667894413751
False/Forged Authorship,Lack of Approval from Third Party,10,0.00749063670411985,1.6642582247051523
Falsification/Fabrication of Image,Plagiarism of Text,10,0.003668378576669112,0.5636640687281987
Investigation by Company/Institution,Objections by Company/Institution,10,0.0030422878004259203,7.322903465454705
Investigation by Company/Institution,Taken from Dissertation/Thesis,10,0.0027548209366391185,0.5526719596569588
Investigation by ORI,Objections by Author(s),10,0.0024015369836695487,0.6027871305649085
Lack of Approval from Author,Paper Mill,10,0.0008147303242626691,0.10005278191753603
Legal Reasons and/or Threats,Upgrade/Update of Prior Notice(s),10,0.004275331338178709,2.652809220004116
Manipulation of Data,Manipulation of Images,10,0.007380073800738007,17.904690672080353
Manipulation of Images,Manipulation of Results,10,0.0072992700729927005,11.658868344610461
Objections by Third Party,Retract and Replace,10,0.006071645415907711,0.9896470060180836
Plagiarism of Data,Taken from Dissertation/Thesis,10,0.0099601593625498,2.809773928644788
Author Unresponsive,Cites Retracted Work,9,0.0026533018867924527,0.9165595514836594
Bias Issues or Lack of Balance,Removed,9,0.00220967345936656,1.5298655650149502
Cites Retracted Work,Unreliable Data,9,0.003537735849056604,1.2477238035749005
Compromised Peer Review,Error in Text,9,0.0007530750564806293,0.07035333643396244
Concerns/Issues about Article,False/Forged Affiliation,9,0.0046415678184631255,1.764746149458072
Concerns/Issues about Article,Lack of Approval from Third Party,9,0.004102096627164996,0.7647233314318312
Concerns/Issues about Authorship/Affiliation,Unreliable Image,9,0.0028328611898017,0.7740221947642528
Concerns/Issues about Data,Criminal Proceedings,9,0.0006246096189881324,0.560786446350136
Concerns/Issues about Image,Ethical Violations by Author,9,0.0024064171122994654,0.3013126348597459
Concerns/Issues about Image,Taken from Dissertation/Thesis,9,0.00259665320253895,0.5238454164003669
Concerns/Issues about Methods,Conflict of Interest,9,0.008746355685131196,3.2360353401245594
Concerns/Issues about Peer Review,Original Data and/or Images not Provided and/or not Available,9,0.0006494912318683698,0.021714965040372066
Concerns/Issues about Referencing/Attributions,Error in Materials,9,0.000590744995077125,0.20556847631071837
Concerns/Issues about Referencing/Attributions,Manipulation of Images,9,0.000549551199853453,0.0299819393272925
Concerns/Issues about Results and/or Conclusions,Lack of Approval from Company/Institution,9,0.0009417181123783614,0.2212982690919336
Concerns/Issues about Third Party Involvement,Misconduct - Official Investigation(s) and/or Finding(s),9,0.002676977989292088,0.21391687322475295
Contamination of Cell Lines/Tissues,Error in Cell Lines/Tissues,9,0.036585365853658534,39.860710981895075
Contamination of Cell Lines/Tissues,Error in Image,9,0.00821917808219178,3.9733900660637715
Contamination of Materials,Error in Analyses,9,0.006155950752393981,5.421028037383178
Copyright Claims,Misconduct by Author,9,0.0035545023696682463,0.47104626974756847
Copyright Claims,Original Data and/or Images not Provided and/or not Available,9,0.0028911018310311598,0.358375259980859
Copyright Claims,Plagiarism of Text,9,0.0031271716469770676,0.3967609418840048
Criminal Proceedings,Ethical Violations by Author,9,0.012658227848101266,12.47032558139535
Criminal Proceedings,Investigation by ORI,9,0.02556818181818182,28.12363636363637
Doing the Right Thing,Notice - Limited or No Information,9,0.0007431874483897605,0.37016410503114705
Duplication of Text,Upgrade/Update of Prior Notice(s),9,0.0033247137052087182,0.562063953488372
Duplication of/in Article,Salami Slicing,9,0.0024456521739130437,5.8849260545518405
Error by Third Party,Error in Data,9,0.004596527068437181,7.461372912801485
Error in Analyses,Euphemisms for Plagiarism,9,0.0017398028223468006,0.11439784832251497
Error in Analyses,False/Forged Authorship,9,0.003952569169960474,0.48456116535268634
Error in Data,Lack of IRB/IACUC Approval and/or Compliance,9,0.001977152899824253,0.11888378692627555
Error in Data,Miscommunication with/by Author,9,0.0044598612487611496,3.072330022918258
Error in Methods,Falsification/Fabrication of Data,9,0.003061224489795918,0.28435431868318345
Error in Results and/or Conclusions,Unreliable Image,9,0.005275498241500586,1.5603389409646782
Error in Text,Lack of Approval from Author,9,0.006772009029345372,1.3768098741989083
Ethical Violations by Author,Lack of Approval from Third Party,9,0.008287292817679558,2.078387596899225
Euphemisms for Duplication,Falsification/Fabrication of Image,9,0.0032339202299676607,0.4946715867158672
Euphemisms for Plagiarism,Unreliable Image,9,0.002222771054581378,0.5959827978150499
False/Forged Affiliation,Lack of IRB/IACUC Approval and/or Compliance,9,0.0031892274982282067,1.1735963581183613
False/Forged Affiliation,Plagiarism of Image,9,0.008538899430740038,3.564055299539171
False/Forged Affiliation,Plagiarism of Text,9,0.003781512605042017,1.410027347310848
False/Forged Affiliation,Removed,9,0.0021587910769968817,0.7767009791614361
Falsification/Fabrication of Data,Informed/Patient Consent - None/Withdrawn,9,0.0027289266221952697,0.22084911214008943
Falsification/Fabrication of Image,Unreliable Image,9,0.01125,4.168580786931465
Falsification/Fabrication of Results,Plagiarism of Data,9,0.011984021304926764,8.018662519440126
Informed/Patient Consent - None/Withdrawn,Lack of Approval from Author,9,0.004155124653739612,0.6579141382634832
Informed/Patient Consent - None/Withdrawn,Original Data and/or Images not Provided and/or not Available,9,0.0022371364653243847,0.15493078924936698
Investigation by Company/Institution,Publishing Ban,9,0.0026938042502244837,2.278236633697019
Investigation by Journal/Publisher,Manipulation of Results,9,0.00029694150252400277,0.4633894724713383
Investigation by Journal/Publisher,Miscommunication with/by Author,9,0.0002963645943097998,0.19535046388497596
Investigation by ORI,Plagiarism of Data,9,0.009782608695652175,3.2803619397709607
Lack of Approval from Author,Miscommunication with/by Author,9,0.013533834586466165,10.339572192513371
Lack of Approval from Author,Misconduct - Official Investigation(s) and/or Finding(s),9,0.0042775665399239545,0.6843844021001712
Lack of Approval from Author,Unreliable Data,9,0.003092783505154639,0.44935507611263903
Lack of Approval from Third Party,Plagiarism of Text,9,0.003415559772296015,0.6110118505013674
Lack of IRB/IACUC Approval and/or Compliance,Results Not Reproducible,9,0.0025259612685938817,0.24449924127465858
Miscommunication with/by Author,Removed,9,0.002208047105004907,1.4848695189850984
Misconduct by Author,Publishing Ban,9,0.0046875,4.03006253006253
Plagiarism of Data,Upgrade/Update of Prior Notice(s),9,0.0031358885017421603,0.41958117834279723
Author Unresponsive,Error in Cell Lines/Tissues,8,0.0024382810118866198,1.785449339060367
Breach of Policy by Author,Concerns/Issues about Image,8,0.0010149708195889369,0.03609539852059917
Breach of Policy by Author,Objections by Third Party,8,0.0014516421702050445,0.15285145567249636
Cites Retracted Work,Concerns/Issues about Article,8,0.004100461301896463,1.4848996726831676
Cites Retracted Work,Concerns/Issues about Peer Review,8,0.0006875805758487322,0.22759719561192557
Complaints about Author,Ethical Violations by Author,8,0.010854816824966078,8.313550387596901
Complaints about Author,Objections by Third Party,8,0.009696969696969697,7.315470668485674
Compromised Peer Review,Lack of Approval from Author,8,0.000680387821058003,0.08374616271703998
Compromised Peer Review,Plagiarism of Image,8,0.000663680106188817,0.05518756344947796
Computer-Aided Content or Computer-Generated Content,Unreliable Data,8,0.0006863417982155113,0.02452206633383941
Concerns/Issues about Animal Welfare,Unreliable Data,8,0.003341687552213868,4.154038036952396
Concerns/Issues about Article,Informed/Patient Consent - None/Withdrawn,8,0.0023894862604540022,0.1908230396585979
Concerns/Issues about Article,Plagiarism of Text,8,0.002030972328002031,0.13942084438137306
Concerns/Issues about Authorship/Affiliation,Concerns/Issues about Methods,8,0.002546148949713558,0.795243582499492
Concerns/Issues about Authorship/Affiliation,Notice - Lack of,8,0.002450229709035222,0.5189301343428889
Concerns/Issues about Data,Manipulation of Results,8,0.0005564056196967589,0.8694363509304434
Concerns/Issues about Data,Miscommunication with/by Author,8,0.0005541317448223315,0.3665270891177359
Concerns/Issues about Image,Error in Materials,8,0.002430872075357034,0.8859106529209624
Concerns/Issues about Image,Investigation by ORI,8,0.002365464222353637,0.6040299906279288
Concerns/Issues about Image,Lack of Approval from Author,8,0.0021810250817884407,0.3020149953139644
Concerns/Issues about Image,Lack of Approval from Third Party,8,0.0022560631697687537,0.3838946162657503
Concerns/Issues about Methods,Error in Text,8,0.008088978766430738,3.0304386649034165
Concerns/Issues about Referencing/Attributions,Unreliable Image,8,0.0005226025607525476,0.1334526937347984
Concerns/Issues about Results and/or Conclusions,Ethical Violations by Company/Institution/Third Party,8,0.0008608630151727107,1.994228080092827
Concerns/Issues about Third Party Involvement,Ethical Violations by Author,8,0.0032428050263477908,0.4542923709069344
Conflict of Interest,Duplication of/in Article,8,0.0017937219730941704,0.18149847669277325
Conflict of Interest,Lack of Approval from Author,8,0.005835156819839533,1.1616537118395855
Conflict of Interest,Objections by Third Party,8,0.005221932114882507,0.9065019415719549
Contamination of Materials,Error in Methods,8,0.006074411541381929,5.383775100401606
Duplication of Content through Error by Journal/Publisher,Euphemisms for Duplication,8,0.002680965147453083,0.3211883797544175
Duplication of Data,Lack of Approval from Author,8,0.004984423676012461,0.9005327045672867
Duplication of Text,Error in Data,8,0.003337505214851898,0.5803290043290044
Duplication of Text,Plagiarism of/in Article,8,0.002391629297458894,0.38883861236802414
Duplication of/in Article,Error in Methods,8,0.0016333197223356473,0.11764600055507471
Duplication of/in Article,Misconduct - Official Investigation(s) and/or Finding(s),8,0.0015402387370042356,0.09504819642509281
Duplication of/in Image,Legal Reasons and/or Threats,8,0.0014684287812041115,0.8881424541911591
Error by Third Party,Plagiarism of Text,8,0.003590664272890485,5.8191604809654045
Error in Analyses,Ethical Violations by Author,8,0.0039447731755424065,0.5976671738027965
Error in Image,Lack of IRB/IACUC Approval and/or Compliance,8,0.0022402688322598714,0.21571937300160757
Error in Methods,Lack of Approval from Company/Institution,8,0.005225342913128674,1.4649728164358111
Error in Methods,Misconduct - Official Investigation(s) and/or Finding(s),8,0.0028797696184305254,0.27949513824278294
Error in Results and/or Conclusions,Miscommunication with/by Author,8,0.005188067444876783,3.6305925685191207
Error in Results and/or Conclusions,Misconduct by Author,8,0.0024330900243309003,0.20038984956112027
Error in Text,Plagiarism of Text,8,0.0027100271002710027,0.31906624047068793
Error in Text,Plagiarism of/in Article,8,0.002203249793445332,0.24365866049171228
Euphemisms for Duplication,False/Forged Authorship,8,0.002550207204335352,0.26628131595282434
Euphemisms for Duplication,Results Not Reproducible,8,0.0025173064820641915,0.2546172839506173
Euphemisms for Duplication,Taken from Dissertation/Thesis,8,0.0030616150019135095,0.642376759508835
Euphemisms for Plagiarism,Taken via Peer Review,8,0.0021019442984760903,6.149851478903123
False/Forged Affiliation,Notice - Lack of,8,0.014787430683918669,7.76798493408663
False/Forged Authorship,Investigation by ORI,8,0.0068201193520886615,2.0948704926358563
False/Forged Authorship,Lack of Approval from Company/Institution,8,0.006773920406435224,2.037867213924676
False/Forged Authorship,Objections by Third Party,8,0.0049382716049382715,0.8173710244118072
Falsification/Fabrication of Data,Lack of Approval from Company/Institution,8,0.004020100502512563,1.0703586598958832
Falsification/Fabrication of Data,Unreliable Image,8,0.004075394803871625,1.17859717606513
Falsification/Fabrication of Image,Plagiarism of Data,8,0.006796941376380629,1.538636350593677
Investigation by Company/Institution,Notice - Unable to Access via current resources,8,0.002324230098779779,0.9062598763877645
Lack of Approval from Author,Plagiarism of Data,8,0.006628003314001657,1.4579386398982048
Lack of Approval from Company/Institution,Misconduct by Author,8,0.0037488284910965324,0.9869540889949052
Lack of Approval from Company/Institution,Upgrade/Update of Prior Notice(s),8,0.0031720856463124504,0.8156937193482043
Lack of Approval from Third Party,Misconduct by Author,8,0.0034934497816593887,0.6448100048100048
Lack of Approval from Third Party,Notice - Limited or No Information,8,0.0006438631790744467,0.09944161636392297
Manipulation of Images,Notice - Limited or No Information,8,0.0006009615384615385,0.033469504385763155
Manipulation of Results,Unreliable Results and/or Conclusions,8,0.0003635867836204154,0.5676586663053236
Notice - Unable to Access via current resources,Removed,8,0.0019249278152069298,0.7438020426592021
Plagiarism of/in Article,Taken via Translation,8,0.002782608695652174,18.664253393665156
Author Unresponsive,Contamination of Cell Lines/Tissues,7,0.0020901761719916393,0.9121317275634483
Author Unresponsive,Error in Results and/or Conclusions,7,0.0015099223468507334,0.10141796142107401
Bias Issues or Lack of Balance,Unreliable Data,7,0.002870028700287003,2.0193240457407478
Breach of Policy by Author,Doing the Right Thing,7,0.0014242115971515768,0.7208463410437305
Breach of Policy by Author,Error in Methods,7,0.0011620185922974768,0.07874305412204606
Breach of Policy by Author,Falsification/Fabrication of Data,7,0.0010797470306956657,0.057532337078607595
Breach of Policy by Author,Lack of Approval from Author,7,0.001308166697813493,0.17139003912927858
Breach of Policy by Author,Misconduct by Author,7,0.0010562848951259998,0.053049297825729085
Breach of Policy by Author,Plagiarism of Data,7,0.0012910365178900774,0.15246516700147333
Cites Retracted Work,Euphemisms for Duplication,7,0.0028583095140873828,1.0122891046386193
Complaints about Author,Objections by Author(s),7,0.0017583521728208992,1.2067798353909465
Complaints about Author,Unreliable Results and/or Conclusions,7,0.0003173020262000816,0.21358157319737797
Compromised Peer Review,Error in Data,7,0.0005338621110433191,0.021774002306430392
Computer-Aided Content or Computer-Generated Content,Concerns/Issues about Human Subject Welfare,7,0.0007058586266007865,0.08296396783332942
Computer-Aided Content or Computer-Generated Content,Concerns/Issues about Methods,7,0.0007336757153338225,0.21800488517242836
Computer-Aided Content or Computer-Generated Content,Error in Text,7,0.0006947201270345375,0.06574298756505347
Concerns/Issues about Animal Welfare,Concerns/Issues about Methods,7,0.025089605734767026,36.93002754820937
Concerns/Issues about Animal Welfare,Concerns/Issues about Referencing/Attributions,7,0.0004636682784659204,0.5668706467962233
Concerns/Issues about Article,Error in Image,7,0.0026031982149497955,0.2838315652186012
Concerns/Issues about Article,Error in Results and/or Conclusions,7,0.0021916092673763305,0.1848433466858708
Concerns/Issues about Data,Falsification/Fabrication of Results,7,0.00048432851311146474,0.2795943820834011
Concerns/Issues about Data,Legal Reasons and/or Threats,7,0.00048446259256695965,0.2894915283518401
Concerns/Issues about Human Subject Welfare,Duplication of/in Image,7,0.001177856301531213,0.14467065100189597
Concerns/Issues about Image,Duplication of Text,7,0.0019569471624266144,0.3149135524054983
Concerns/Issues about Image,Error in Cell Lines/Tissues,7,0.0021936696960200563,1.608069203772757
Concerns/Issues about Image,Retract and Replace,7,0.001740860482467048,0.163591455795064
Concerns/Issues about Methods,Error in Results and/or Conclusions,7,0.004186602870813397,1.402728946927842
Concerns/Issues about Peer Review,Duplication of Data,7,0.0005613022211530751,0.039408640258453004
Concerns/Issues about Peer Review,Error in Text,7,0.0005739586749754018,0.05355665079510388
Concerns/Issues about Peer Review,False/Forged Authorship,7,0.0005679513184584179,0.04583731230061405
Concerns/Issues about Results and/or Conclusions,Duplication of Text,7,0.0007183170856849666,0.10542403652574059
Concerns/Issues about Results and/or Conclusions,Error by Journal/Publisher,7,0.0006885697422781822,0.056163748648563244
Concerns/Issues about Results and/or Conclusions,Investigation by ORI,7,0.0007329075489477542,0.17693544591732688
Concerns/Issues about Third Party Involvement,Duplication of Data,7,0.0024441340782122905,0.24629323422728253
Concerns/Issues about Third Party Involvement,Lack of Approval from Author,7,0.0029227557411273487,0.4482364629905614
Concerns/Issues about Third Party Involvement,Notice - Limited or No Information,7,0.0005070259307547444,0.02139624942256539
Conflict of Interest,Original Data and/or Images not Provided and/or not Available,7,0.0021678538247135335,0.23936092333294057
Copyright Claims,Duplication of Data,7,0.004053271569195136,0.6503847310763737
Copyright Claims,Error in Image,7,0.004297114794352364,0.7179750848891888
Copyright Claims,Error in Methods,7,0.0036250647332988087,0.5438156667072329
Copyright Claims,Retract and Replace,7,0.004347826086956522,0.7327386418295508
Date of Article and/or Notice Unknown,Duplication of Text,7,0.0009492812584757255,0.14164493068637396
Doing the Right Thing,Error in Image,7,0.0065298507462686565,3.6585053957956455
Doing the Right Thing,Retract and Replace,7,0.006647673314339981,3.7337344028520496
Duplication of Data,Plagiarism of/in Article,7,0.0017916560020476069,0.15688013179113366
Duplication of Data,Results Not Reproducible,7,0.003553299492385787,0.4815348489700074
Duplication of Text,Misconduct by Author,7,0.003015941404566997,0.528945707070707
Duplication of Text,Paper Mill,7,0.0005744768157570784,0.08346069558287796
Duplication of/in Article,False/Forged Affiliation,7,0.0018186541958950377,0.6572339069471002
Duplication of/in Article,Lack of IRB/IACUC Approval and/or Compliance,7,0.0011128775834658188,0.04861935199343114
Duplication of/in Image,Error in Materials,7,0.0012655939251491593,0.4503337700417993
Error in Analyses,Euphemisms for Duplication,7,0.001926252063841497,0.14991484942886812
Error in Analyses,Falsification/Fabrication of Data,7,0.0022668393782383418,0.1979509455486815
Error in Analyses,Informed/Patient Consent - None/Withdrawn,7,0.002343488449949782,0.21042321348406318
Error in Analyses,Lack of Approval from Author,7,0.0035787321063394683,0.5897000196065617
Error in Analyses,Misconduct by Author,7,0.002165841584158416,0.18252619654488814
Error in Analyses,Notice - Limited or No Information,7,0.0005236777137727238,0.028148911893094656
Error in Cell Lines/Tissues,Error in Materials,7,0.024822695035460994,25.597163120567377
Error in Cell Lines/Tissues,Error in Methods,7,0.005255255255255256,4.009194223703323
Error in Data,Lack of Approval from Company/Institution,7,0.0031645569620253164,0.8290414347557203
Error in Image,Plagiarism of Data,7,0.004433185560481318,0.7738051848028116
Error in Materials,Removed,7,0.001678254615200192,0.6041007615700058
Error in Methods,Rogue Editor,7,0.001658374792703151,0.1263373305491493
Error in Results and/or Conclusions,Euphemisms for Duplication,7,0.001896505012191818,0.1440135052179251
Error in Results and/or Conclusions,Notice - Limited or No Information,7,0.0005214541120381407,0.02704084008514825
Ethical Violations by Author,Plagiarism of Image,7,0.004648074369189907,0.8380595148787198
Euphemisms for Duplication,Falsification/Fabrication of Data,7,0.00177349885989359,0.122377673448096
Euphemisms for Plagiarism,Taken via Translation,7,0.0018450184501845018,12.376576101292535
False/Forged Affiliation,Falsification/Fabrication of Data,7,0.0036997885835095136,1.4120500782472614
False/Forged Affiliation,Falsification/Fabrication of Image,7,0.009589041095890411,4.439360393603936
False/Forged Affiliation,Plagiarism of Data,7,0.00842358604091456,3.742042509072059
False/Forged Authorship,Results Not Reproducible,7,0.003837719298245614,0.560086902545003
Falsification/Fabrication of Data,Misconduct by Third Party,7,0.004009163802978236,5.619382964453386
Falsification/Fabrication of Image,Notice - Limited or No Information,7,0.0005591947595462534,0.07224194915737023
Falsification/Fabrication of Results,Plagiarism of Image,7,0.007157464212678937,4.620071684587814
Falsification/Fabrication of Results,Plagiarism of Text,7,0.0030381944444444445,1.8278132279955432
Investigation by Journal/Publisher,Taken via Translation,7,0.00023119096373604598,1.5497803468208091
Investigation by ORI,Plagiarism of Image,7,0.006102877070619006,1.8900293255131966
Lack of Approval from Author,Manipulation of Images,7,0.003680336487907466,0.6135173726796763
Lack of Approval from Author,Plagiarism of Text,7,0.0025371511417180137,0.373870887544543
Lack of IRB/IACUC Approval and/or Compliance,Manipulation of Images,7,0.0017650025214321734,0.1331304769244214
Lack of IRB/IACUC Approval and/or Compliance,Plagiarism of/in Article,7,0.001272264631043257,0.06195455887502661
Manipulation of Data,Unreliable Data,7,0.0029560810810810812,7.13975287601193
Manipulation of Images,Plagiarism of/in Article,7,0.0016654770402093743,0.1221482551941437
Miscommunication with/by Author,Miscommunication with/by Journal/Publisher,7,0.061946902654867256,255.55337690631805
Miscommunication with/by Author,Objections by Author(s),7,0.0017574692442882249,1.1831174856773985
Miscommunication with/by Author,Unreliable Results and/or Conclusions,7,0.00031727326292888545,0.20939369921311565
Miscommunication with/by Company/Institution,Misconduct by Author,7,0.003779697624190065,23.081267217630852
Misconduct - Official Investigation(s) and/or Finding(s),Publishing Ban,7,0.0043343653250774,3.7589508175707618
Misconduct - Official Investigation(s) and/or Finding(s),Unreliable Image,7,0.003886729594669628,1.1403558660046131
Misconduct by Author,Unreliable Image,7,0.003320683111954459,0.9509136306889114
Notice - Lack of,Notice - Unable to Access via current resources,7,0.013257575757575758,7.322720604301277
Notice - Limited or No Information,Withdrawn as Out of Date,7,0.0005673069130399546,0.1078653896509495
Objections by Third Party,Unreliable Image,7,0.007049345417925478,2.3973920730056046
Original Data and/or Images not Provided and/or not Available,Plagiarism of Text,7,0.0015164644714038128,0.08804205338636419
Plagiarism of Text,Retract and Replace,7,0.0022500803600128574,0.23144388276566943
Plagiarism of Text,Upgrade/Update of Prior Notice(s),7,0.0015826362197603437,0.09564138983697609
Retract and Replace,Temporary Removal,7,0.007042253521126761,6.5946477764659575
Taken from Dissertation/Thesis,Unreliable Results and/or Conclusions,7,0.0003134515493462296,0.057569157196058755
Temporary Removal,Withdrawn as Out of Date,7,0.016166281755196306,16.786376158276987
Bias Issues or Lack of Balance,Investigation by Company/Institution,6,0.001784651992861392,1.2426745274711015
Breach of Policy by Author,Concerns/Issues about Third Party Involvement,6,0.000907715582450832,0.04591808074095895
Breach of Policy by Author,Error in Image,6,0.0010484011881880134,0.08910931893526497
Breach of Policy by Author,Legal Reasons and/or Threats,6,0.001226241569589209,0.7436290951854413
Breach of Policy by Author,Retract and Replace,6,0.0010518934081346423,0.09094165341553556
Breach of Policy by Author,Unreliable Data,6,0.0008418689490669286,0.03580319035191941
Cites Retracted Work,Duplication of/in Article,6,0.001554001554001554,0.53326190785583
Complaints about Author,Concerns/Issues about Results and/or Conclusions,6,0.0006406149903907751,0.43374460742018983
Complaints about Author,Plagiarism of/in Article,6,0.0020222446916076846,1.3998190045248868
Compromised Peer Review,Duplication of Text,6,0.0005142269454919438,0.07484813292835447
Compromised Peer Review,Legal Reasons and/or Threats,6,0.0005309264666843643,0.3179389717310633
Compromised Peer Review,Updated to Retraction,6,0.0005352363960749331,1.6330501729822795
Computer-Aided Content or Computer-Generated Content,Removed,6,0.00045133142771174966,0.01083730034249079
Concerns/Issues about Animal Welfare,Paper Mill,6,0.0005101607006206955,0.6243293591654248
Concerns/Issues about Animal Welfare,Upgrade/Update of Prior Notice(s),6,0.00262582056892779,3.2701902748414375
Concerns/Issues about Article,Duplication of Text,6,0.002694207453973956,0.4779520821448945
Concerns/Issues about Authorship/Affiliation,Error in Materials,6,0.0019305019305019305,0.7065433367591641
Concerns/Issues about Authorship/Affiliation,Informed/Patient Consent - None/Withdrawn,6,0.001328609388839681,0.08594881513913724
Concerns/Issues about Authorship/Affiliation,Results Not Reproducible,6,0.001558846453624318,0.1471965284914925
Concerns/Issues about Data,Contamination of Materials,6,0.00041617534854685443,0.35049152896883495
Concerns/Issues about Data,False/Forged Affiliation,6,0.00041288191577208916,0.14379139650003486
Concerns/Issues about Human Subject Welfare,Euphemisms for Duplication,6,0.002104524728165556,0.29446677649643055
Concerns/Issues about Image,Informed/Patient Consent - None/Withdrawn,6,0.0012763241863433313,0.0808262214533317
Concerns/Issues about Methods,Euphemisms for Plagiarism,6,0.00149402390438247,0.4592421558921163
Concerns/Issues about Peer Review,Error in Methods,6,0.0004733354370463869,0.028243989334973886
Concerns/Issues about Peer Review,Updated to Retraction,6,0.0005238802060595477,1.5983530328201134
Concerns/Issues about Referencing/Attributions,Notice - Limited or No Information,6,0.0002220084363205802,0.002230151207576849
Concerns/Issues about Results and/or Conclusions,Doing the Right Thing,6,0.0006381620931716656,0.3189298583971984
Concerns/Issues about Third Party Involvement,Duplication of/in Article,6,0.0010938924339106654,0.06002838962748689
Concerns/Issues about Third Party Involvement,Error in Analyses,6,0.0018662519440124418,0.15798988815688678
Concerns/Issues about Third Party Involvement,Falsification/Fabrication of Data,6,0.0017006802721088435,0.12896944508581543
Concerns/Issues about Third Party Involvement,Falsification/Fabrication of Image,6,0.00253592561284869,0.4054685137015304
Concerns/Issues about Third Party Involvement,Informed/Patient Consent - None/Withdrawn,6,0.0017508024511234317,0.13709540513177138
Concerns/Issues about Third Party Involvement,Lack of IRB/IACUC Approval and/or Compliance,6,0.0013452914798206279,0.08337023309037538
Concerns/Issues about Third Party Involvement,Objections by Third Party,6,0.0023464998044583495,0.29981437165924896
Concerns/Issues about Third Party Involvement,Plagiarism of/in Article,6,0.0012774111134766872,0.07649284177731623
Conflict of Interest,Euphemisms for Duplication,6,0.0019665683382497543,0.2214886410574143
Conflict of Interest,Notice - Limited or No Information,6,0.00046933667083854817,0.04158803658342503
Conflict of Interest,Plagiarism of/in Article,6,0.001633097441480675,0.17345960403034535
Conflict of Interest,Retract and Replace,6,0.0034782608695652175,0.5393392233540932
Contamination of Cell Lines/Tissues,Upgrade/Update of Prior Notice(s),6,0.002509410288582183,1.1171457460638452
Copyright Claims,Error in Analyses,6,0.0028873917228103944,0.41720273495974425
Doing the Right Thing,Investigation by Company/Institution,6,0.00176522506619594,0.9045939574973457
Duplication of Data,Error in Text,6,0.003331482509716824,0.5043453397641853
Duplication of Data,Salami Slicing,6,0.005644402634054563,13.797447509263069
Duplication of Text,Error in Text,6,0.004838709677419355,1.093798955613577
Duplication of Text,False/Forged Authorship,6,0.004382761139517896,0.936145251396648
Duplication of Text,Plagiarism of Image,6,0.004470938897168405,0.9652649769585253
Duplication of/in Article,Error in Results and/or Conclusions,6,0.0011757789535567313,0.07586460843805318
Duplication of/in Article,Lack of Approval from Third Party,6,0.00146163215590743,0.24411545115178002
Duplication of/in Article,Publishing Ban,6,0.0016059957173447537,1.3561969508432223
Duplication of/in Article,Rogue Editor,6,0.0009038867128653209,0.03682599832997017
Duplication of/in Image,Taken from Dissertation/Thesis,6,0.001051156271899089,0.2028842937808645
Error by Journal/Publisher,Error in Data,6,0.002127659574468085,0.2318739639938308
Error by Third Party,Plagiarism of Image,6,0.00663716814159292,11.031599736668861
Error in Analyses,Lack of Approval from Third Party,6,0.0032697547683923707,0.6424922118380063
Error in Analyses,Manipulation of Images,6,0.002204261572373255,0.21624644377494598
Error in Analyses,Plagiarism of Text,6,0.0016764459346186086,0.13177825675802313
Error in Cell Lines/Tissues,Original Data and/or Images not Provided and/or not Available,6,0.0023837902264600714,1.7613762777782644
Error in Image,Investigation by ORI,6,0.004905968928863451,1.4911790224621615
Error in Materials,Error in Text,6,0.0062827225130890054,2.6924281984334204
Error in Materials,Objections by Author(s),6,0.0014716703458425313,0.5304526748971193
Error in Methods,False/Forged Authorship,6,0.0028116213683223993,0.3609234704179848
Error in Methods,Investigation by ORI,6,0.003934426229508197,1.1294633077765606
Error in Methods,Notice - Limited or No Information,6,0.00045378913931326575,0.026957064676967065
Error in Results and/or Conclusions,False/Forged Authorship,6,0.0025673940949935813,0.31032439272817064
Error in Text,Paper Mill,6,0.0004810776138550353,0.04482782604973676
Euphemisms for Plagiarism,Lack of IRB/IACUC Approval and/or Compliance,6,0.0009344338888023672,0.04024466540632734
Euphemisms for Plagiarism,Manipulation of Data,6,0.0015735641227380016,3.7887477861099597
Euphemisms for Plagiarism,Notice - Lack of,6,0.001449625513409036,0.29967496613299116
Euphemisms for Plagiarism,Notice - Limited or No Information,6,0.000380517503805175,0.008852953184601425
False/Forged Affiliation,Falsification/Fabrication of Results,6,0.0196078431372549,17.62735042735043
False/Forged Affiliation,Investigation by ORI,6,0.01263157894736842,7.211188811188811
False/Forged Affiliation,Investigation by Third Party,6,0.0003382187147688839,0.117508973847644
False/Forged Affiliation,Misconduct - Official Investigation(s) and/or Finding(s),6,0.003468208092485549,1.338351719662557
False/Forged Affiliation,Misconduct by Third Party,6,0.025210084033613446,42.089795918367344
Falsification/Fabrication of Data,Notice - Unable to Access via current resources,6,0.0031931878658861094,1.3039452182709514
Falsification/Fabrication of Image,Objections by Third Party,6,0.004728132387706856,1.0122883766354716
Falsification/Fabrication of Results,Results Not Reproducible,6,0.0057306590257879654,3.672364672364672
Investigation by Company/Institution,Notice - Lack of,6,0.0016588332872546309,0.3475276220893757
Investigation by Company/Institution,Retract and Replace,6,0.0014330069262001434,0.13314369937190368
Investigation by ORI,Objections by Third Party,6,0.005923000987166831,1.91839265781967
Investigation by ORI,Original Data and/or Images not Provided and/or not Available,6,0.0022148394241417496,0.5789138815075415
Investigation by ORI,Plagiarism of Text,6,0.002425222312045271,0.6409215215049309
Lack of Approval from Author,Original Data and/or Images not Provided and/or not Available,6,0.002003338898163606,0.28945694075377076
Lack of Approval from Company/Institution,Legal Reasons and/or Threats,6,0.014962593516209476,12.105472277406536
Manipulation of Images,Plagiarism of Text,6,0.001702127659574468,0.13710063960389693
Manipulation of Images,Removed,6,0.0011290929619872036,0.07552066364322116
Miscommunication with/by Company/Institution,Misconduct - Official Investigation(s) and/or Finding(s),6,0.0038809831824062097,23.7253259394726
Misconduct by Third Party,Rogue Editor,6,0.0019828155981493722,2.7514281609391995
Notice - Lack of,Notice - Limited or No Information,6,0.0004865785418863028,0.09480662577068925
Original Data and/or Images not Provided and/or not Available,Removed,6,0.0009366219169528567,0.041569010823790324
Plagiarism of Data,Removed,6,0.0012987012987012987,0.15703130216327635
Plagiarism of Data,Unreliable Image,6,0.00663716814159292,2.342530623656666
Removed,Taken from Dissertation/Thesis,6,0.0013799448022079118,0.27215937275198565
Temporary Removal,Unreliable Data,6,0.0024813895781637717,2.2253775197959262
Bias Issues or Lack of Balance,Concerns/Issues about Image,5,0.0015634771732332708,1.0906097053004271
Bias Issues or Lack of Balance,Error in Text,5,0.005813953488372093,4.419389719650817
Bias Issues or Lack of Balance,Investigation by Third Party,5,0.00028336639274582036,0.1928808914165874
Bias Issues or Lack of Balance,Results Not Reproducible,5,0.0048543689320388345,3.61672278338945
Breach of Policy by Author,False/Forged Affiliation,5,0.0010048231511254019,0.35910293912801233
Breach of Policy by Author,Original Data and/or Images not Provided and/or not Available,5,0.0006934812760055479,0.02882876621241762
Breach of Policy by Author,Paper Mill,5,0.00030315891590371673,0.005978916763145697
Cites Retracted Work,Concerns/Issues about Authorship/Affiliation,5,0.0016025641025641025,0.5573460787541951
Cites Retracted Work,Concerns/Issues about Image,5,0.0015128593040847202,0.5241279651686519
Cites Retracted Work,Date of Article and/or Notice Unknown,5,0.0007040270346381301,0.23574745745304965
Cites Retracted Work,Duplication of Data,5,0.004025764895330112,1.5628176790427428
Cites Retracted Work,Retract and Replace,5,0.0044444444444444444,1.7607069306098435
Civil Proceedings,Investigation by Journal/Publisher,5,0.00016502739454749487,0.3953521292910228
Civil Proceedings,Investigation by Third Party,5,0.0002845112097416638,0.681971723222934
Civil Proceedings,Unreliable Data,5,0.002109704641350211,5.099823482865665
Civil Proceedings,Unreliable Image,5,0.017241379310344827,44.82878544676298
Complaints about Author,Plagiarism of Text,5,0.00218435998252512,1.5275296262534184
Compromised Peer Review,Objections by Third Party,5,0.0004193927193423922,0.04084482015189876
Compromised Peer Review,Retract and Replace,5,0.000412779658218443,0.0324017891464738
Computer-Aided Content or Computer-Generated Content,Duplication of/in Image,5,0.000341180484476288,0.006732323798137879
Computer-Aided Content or Computer-Generated Content,Investigation by Company/Institution,5,0.0003974246880216199,0.011003611518339151
Computer-Aided Content or Computer-Generated Content,Objections by Third Party,5,0.0004977600796416127,0.04907340525709507
Concerns/Issues about Article,False/Forged Authorship,5,0.0018917896329928112,0.21360986911503665
Concerns/Issues about Article,Misconduct by Third Party,5,0.0027824151363383415,3.9016496501624043
Concerns/Issues about Article,Retract and Replace,5,0.0018712574850299401,0.2069056632661881
Concerns/Issues about Authorship/Affiliation,Miscommunication with/by Author,5,0.0016578249336870027,1.1256205119937666
Concerns/Issues about Data,Salami Slicing,5,0.00034804399276068494,0.8345036404019882
Concerns/Issues about Human Subject Welfare,Date of Article and/or Notice Unknown,5,0.0006664001066240171,0.0800065506348076
Concerns/Issues about Human Subject Welfare,Error in Analyses,5,0.002508780732563974,0.39692681950453435
Concerns/Issues about Human Subject Welfare,Ethical Violations by Author,5,0.00400962309542903,0.8560080712105541
Concerns/Issues about Human Subject Welfare,Removed,5,0.0010905125408942203,0.13862043834567092
Concerns/Issues about Methods,Removed,5,0.0011879306248515087,0.3642537059559405
Concerns/Issues about Peer Review,Error in Image,5,0.00040404040404040404,0.031074378510111782
Concerns/Issues about Peer Review,Investigation by Company/Institution,5,0.0003401129174886062,0.008963945835128606
Concerns/Issues about Peer Review,Lack of Approval from Third Party,5,0.0004208045783538125,0.06511808652230092
Concerns/Issues about Peer Review,Results Not Reproducible,5,0.00040426908150064685,0.03130677236649083
Concerns/Issues about Results and/or Conclusions,Contamination of Materials,5,0.0005349309939017867,0.45181729939603105
Concerns/Issues about Results and/or Conclusions,Error in Materials,5,0.000528429507503699,0.1853609433419615
Concerns/Issues about Results and/or Conclusions,Falsification/Fabrication of Image,5,0.0005097359567743908,0.06668890027985698
Concerns/Issues about Results and/or Conclusions,Temporary Removal,5,0.0005351027397260274,0.4694205708010713
Concerns/Issues about Results and/or Conclusions,Withdrawn as Out of Date,5,0.0005192107995846313,0.09957406047295451
Concerns/Issues about Third Party Involvement,Copyright Claims,5,0.0019857029388403494,0.26426639541393643
Concerns/Issues about Third Party Involvement,Error in Results and/or Conclusions,5,0.0015276504735716467,0.1264755607885759
Concerns/Issues about Third Party Involvement,Results Not Reproducible,5,0.0018109380659181455,0.195658773527626
Conflict of Interest,Copyright Claims,5,0.0033444816053511705,0.5992658037267704
Conflict of Interest,Lack of Approval from Company/Institution,5,0.004562043795620438,1.41255510878453
Contamination of Cell Lines/Tissues,Lack of IRB/IACUC Approval and/or Compliance,5,0.0017908309455587394,0.7896869904523135
Contamination of Cell Lines/Tissues,Manipulation of Images,5,0.003348961821835231,1.556929623659161
Contamination of Materials,Error in Materials,5,0.018518518518518517,21.483333333333334
Copyright Claims,Duplication of Text,5,0.004280821917808219,1.0075156325156327
Copyright Claims,Error in Data,5,0.0019135093761959434,0.2512246771987032
Copyright Claims,Misconduct - Official Investigation(s) and/or Finding(s),5,0.0022431583669807087,0.3138270626914365
Copyright Claims,Objections by Company/Institution,5,0.006983240223463687,17.271696557410845
Criminal Proceedings,Falsification/Fabrication of Results,5,0.026737967914438502,38.1925925925926
Criminal Proceedings,Lack of IRB/IACUC Approval and/or Compliance,5,0.0018477457501847746,1.6951947395042994
Criminal Proceedings,Manipulation of Images,5,0.0035536602700781805,3.342208925454999
Doing the Right Thing,Unreliable Data,5,0.0020177562550443904,1.0499636582370484
Duplication of Content through Error by Journal/Publisher,Lack of Approval from Author,5,0.0038197097020626434,0.7896348934084785
Duplication of Content through Error by Journal/Publisher,Miscommunication with/by Author,5,0.0059594755661501785,4.428148617937741
Duplication of Data,Plagiarism of Text,5,0.0015479876160990713,0.14673675564394031
Duplication of Text,Error in Image,5,0.003526093088857546,0.740411806291976
Duplication of Text,Error in Methods,5,0.0029069767441860465,0.560809906291834
Duplication of Text,Lack of Approval from Author,5,0.004775549188156638,1.2206439393939394
Duplication of Text,Original Data and/or Images not Provided and/or not Available,5,0.001721763085399449,0.2874468231096473
Duplication of/in Article,Error in Text,5,0.0011307100859339666,0.119508216947673
Duplication of/in Article,Miscommunication with/by Journal/Publisher,5,0.0013609145345672292,5.0857385656620835
Duplication of/in Image,Informed/Patient Consent - None/Withdrawn,5,0.0007203572972194209,0.03912979465205902
Duplication of/in Image,Notice - Limited or No Information,5,0.00028866693608914037,0.005234503949532723
Error by Third Party,Error in Methods,5,0.0039001560062402497,6.409256071906675
Error by Third Party,Error in Results and/or Conclusions,5,0.003367003367003367,5.510720862930809
Error by Third Party,Unreliable Results and/or Conclusions,5,0.00022722108611679165,0.3632339680227517
Error in Analyses,Lack of Approval from Company/Institution,5,0.002976190476190476,0.8195053722423549
Error in Cell Lines/Tissues,Error in Image,5,0.0048449612403100775,3.7808262448951964
Error in Cell Lines/Tissues,Investigation by Third Party,5,0.0002834467120181406,0.2031405133004484
Error in Cell Lines/Tissues,Paper Mill,5,0.00042369290738073043,0.30441591094058834
Error in Cell Lines/Tissues,Upgrade/Update of Prior Notice(s),5,0.002150537634408602,1.594507669470559
Error in Data,Informed/Patient Consent - None/Withdrawn,5,0.001419244961680386,0.10860804822127343
Error in Data,Rogue Editor,5,0.0010197838058331635,0.058363627656286055
Error in Data,Taken from Dissertation/Thesis,5,0.002182453077258839,0.4692687366541814
Error in Image,False/Forged Authorship,5,0.002727768685215494,0.3970923653856408
Error in Materials,Upgrade/Update of Prior Notice(s),5,0.002061005770816158,0.768634466308885
Error in Methods,Ethical Violations by Author,5,0.002652519893899204,0.4173469070078765
Error in Methods,Lack of Approval from Author,5,0.0027593818984547464,0.470609711573567
Error in Methods,Manipulation of Images,5,0.0019402405898331393,0.20133788707560235
Error in Methods,Miscommunication with/by Author,5,0.0037257824143070045,2.6391054413733364
Error in Methods,Plagiarism of/in Article,5,0.0012156576707999028,0.09369605117301787
Error in Results and/or Conclusions,Falsification/Fabrication of Data,5,0.0015888147442008262,0.13582762690322414
Error in Results and/or Conclusions,Lack of Approval from Author,5,0.0024813895781637717,0.40463335007533907
Error in Results and/or Conclusions,Lack of Approval from Company/Institution,5,0.0028785261945883708,0.787245837561544
Error in Results and/or Conclusions,Misconduct - Official Investigation(s) and/or Finding(s),5,0.001675603217158177,0.15019485804224136
Error in Text,False/Forged Authorship,5,0.0030193236714975845,0.48884869524629143
Error in Text,Lack of Approval from Company/Institution,5,0.004739336492890996,1.4881618443722138
Error in Text,Lack of Approval from Third Party,5,0.004128819157720892,0.9722657383231798
Error in Text,Lack of IRB/IACUC Approval and/or Compliance,5,0.0014718869590815426,0.165978597209951
Error in Text,Manipulation of Images,5,0.0023832221163012394,0.3272397772965077
Error in Text,Objections by Third Party,5,0.0033467202141900937,0.5968889253007242
Ethical Violations by Author,Falsification/Fabrication of Image,5,0.004230118443316413,0.9586658657284248
Ethical Violations by Author,Original Data and/or Images not Provided and/or not Available,5,0.0016291951775822744,0.21391391487229572
Euphemisms for Duplication,Informed/Patient Consent - None/Withdrawn,5,0.0012993762993762994,0.09292021903375616
Euphemisms for Misconduct,Falsification/Fabrication of Data,5,0.0029239766081871343,17.879854886897142
Euphemisms for Plagiarism,Legal Reasons and/or Threats,5,0.0012823800974608873,0.7823373009666584
False/Forged Affiliation,Lack of Approval from Company/Institution,5,0.010330578512396695,5.845804988662132
False/Forged Affiliation,Objections by Author(s),5,0.0012260912211868563,0.4420438957475995
False/Forged Affiliation,Paper Mill,5,0.00042009746261132585,0.14674408014571952
False/Forged Affiliation,Upgrade/Update of Prior Notice(s),5,0.002061005770816158,0.768634466308885
False/Forged Authorship,Notice - Limited or No Information,5,0.00038840985007379785,0.03124911128754563
Falsification/Fabrication of Data,Taken from Dissertation/Thesis,5,0.0024154589371980675,0.5301304683446592
Falsification/Fabrication of Image,Publishing Ban,5,0.008090614886731391,7.633820782652271
Falsification/Fabrication of Results,Unreliable Data,5,0.0020333468889792597,1.2204705770960564
Investigation by Company/Institution,Miscommunication with/by Author,5,0.0014854426619132501,1.0051043972192732
Investigation by Journal/Publisher,Taken via Peer Review,5,0.00016505463308355065,0.4812982443542887
Investigation by ORI,Manipulation of Results,5,0.015432098765432098,27.25158562367865
Investigation by ORI,Removed,5,0.0011726078799249532,0.29420491634902884
Investigation by Third Party,Notice - Unable to Access via current resources,5,0.00028205562136853385,0.10549838812288481
Lack of Approval from Author,Notice - Limited or No Information,5,0.00039840637450199205,0.04889502552858975
Lack of Approval from Company/Institution,Unreliable Data,5,0.0018968133535660092,0.48569747455863466
Lack of Approval from Third Party,Misconduct by Third Party,5,0.010121457489878543,15.199092970521543
Lack of Approval from Third Party,Unreliable Data,5,0.0017908309455587394,0.31732235004497467
Legal Reasons and/or Threats,Unreliable Results and/or Conclusions,5,0.000226490306214894,0.13500731554827938
Manipulation of Data,Objections by Author(s),5,0.0012784454103809768,3.0785199882422103
Manipulation of Results,Results Not Reproducible,5,0.00513347022587269,8.32687338501292
Manipulation of Results,Unreliable Data,5,0.0020964360587002098,3.3208152911683393
Miscommunication with/by Author,Miscommunication with/by Third Party,5,0.045871559633027525,273.8071895424837
Nonpayment of Fees and/or Refusal to Pay,Notice - Limited or No Information,5,0.0004170489615480857,2.542541327486667
Not Presented at Conference,Removed,5,0.0012453300124533001,2.2741244885357363
Notice - Lack of,Plagiarism of Text,5,0.001966181675186787,0.43150554413938375
Notice - Lack of,Retract and Replace,5,0.003927729772191673,1.0245921686599653
Notice - Limited or No Information,Notice - Unable to Access via current resources,5,0.0004112180277983387,0.15451908620084714
Notice - Limited or No Information,Unreliable Data,5,0.00034904013961605586,0.011916469792225536
Objections by Author(s),Retract and Replace,5,0.001040149781568546,0.0932884844921882
Objections by Company/Institution,Removed,5,0.0012481278082875687,3.005093074136509
Plagiarism of/in Article,Results Not Reproducible,5,0.0013144058885383807,0.12462776037436671
Results Not Reproducible,Retract and Replace,5,0.0026954177897574125,0.38750601250601246
Rogue Editor,Unreliable Data,5,0.0009389671361502347,0.047869613650767216
Rogue Editor,Updated to Retraction,5,0.0016666666666666668,5.10681741992503
Taken from Dissertation/Thesis,Unreliable Data,5,0.0018429782528566164,0.38489233832948416
Unreliable Results and/or Conclusions,Updated to Retraction,5,0.00022742779167614282,0.6934466662252533
Author Unresponsive,Lack of Approval from Third Party,4,0.0010985992859104642,0.18648026430186057
Author Unresponsive,Publishing Ban,4,0.0012224938875305623,1.0360014683436698
Author Unresponsive,Retract and Replace,4,0.0009720534629404617,0.0908183105366204
Author Unresponsive,Withdrawn as Out of Date,4,0.0011254924029262803,0.23117388136594286
Bias Issues or Lack of Balance,Concerns/Issues about Referencing/Attributions,4,0.0002641310089804543,0.17995893549086456
Breach of Policy by Author,Error in Data,4,0.0005963918294319368,0.029101329092971386
Breach of Policy by Author,Error in Text,4,0.0007209805335255948,0.07313323564486934
Breach of Policy by Author,Plagiarism of Image,4,0.0007079646017699115,0.06453923790779945
Cites Retracted Work,Concerns/Issues about Methods,4,0.009237875288683603,5.6342621779514985
Cites Retracted Work,Doing the Right Thing,4,0.011834319526627219,9.56996002284409
Cites Retracted Work,Lack of IRB/IACUC Approval and/or Compliance,4,0.0014094432699083862,0.49374604063232025
Cites Retracted Work,Removed,4,0.0009557945041816009,0.32676740223620293
Civil Proceedings,Concerns/Issues about Data,4,0.00027841581401823624,0.6676029123215905
Civil Proceedings,Concerns/Issues about Results and/or Conclusions,4,0.0004302925989672978,1.0327252557623567
Civil Proceedings,Error in Data,4,0.002052334530528476,4.974248608534323
Civil Proceedings,Misconduct - Official Investigation(s) and/or Finding(s),4,0.0025559105431309905,6.213775841290443
Civil Proceedings,Misconduct by Author,4,0.002136752136752137,5.181508967223253
Complaints about Author,Concerns/Issues about Referencing/Attributions,4,0.0002641135688345989,0.17815934613595588
Complaints about Author,Error in Data,4,0.0019792182088075212,1.3927896103896102
Complaints about Author,False/Forged Authorship,4,0.004036326942482341,2.995664804469274
Complaints about Author,Misconduct by Author,4,0.00205761316872428,1.450822510822511
Compromised Peer Review,Copyright Claims,4,0.00033661533282841036,0.03456190842290539
Compromised Peer Review,Error in Analyses,4,0.0003179397504172959,0.01721883719415775
Compromised Peer Review,Plagiarism of Data,4,0.0003380376912025691,0.03724945962219819
Compromised Peer Review,Results Not Reproducible,4,0.00032986970146792015,0.0255891052746511
Compromised Peer Review,Unreliable Image,4,0.0003491315353059265,0.08970562747967577
Computer-Aided Content or Computer-Generated Content,Error in Analyses,4,0.0003736920777279522,0.020687738923623685
Computer-Aided Content or Computer-Generated Content,Error in Data,4,0.0003559352197899982,0.014948906411823662
Concerns/Issues about Animal Welfare,Concerns/Issues about Authorship/Affiliation,4,0.0013468013468013469,1.6700115232489334
Concerns/Issues about Article,Paper Mill,4,0.00029715474333259046,0.013058800058603673
Concerns/Issues about Authorship/Affiliation,Error by Journal/Publisher,4,0.0010482180293501049,0.10194298976547318
Concerns/Issues about Data,Doing the Right Thing,4,0.0002763385146804836,0.137447658419151
Concerns/Issues about Data,Notice - Lack of,4,0.00027223848090927654,0.05280475012713145
Concerns/Issues about Data,Objections by Company/Institution,4,0.00027841581401823624,0.6676029123215905
Concerns/Issues about Human Subject Welfare,Lack of Approval from Third Party,4,0.003798670465337132,0.9815559216547686
Concerns/Issues about Methods,Manipulation of Images,4,0.0025575447570332483,0.8681062144038957
Concerns/Issues about Peer Review,Lack of Approval from Author,4,0.0003331945022907122,0.04098341109795163
Concerns/Issues about Peer Review,Plagiarism of Image,4,0.00032517681489309814,0.027007501322613283
Concerns/Issues about Peer Review,Plagiarism of Text,4,0.00029353489396051957,0.010684827323622756
Concerns/Issues about Referencing/Attributions,Duplication of Content through Error by Journal/Publisher,4,0.00025337302844112244,0.0240106935493202
Concerns/Issues about Referencing/Attributions,Legal Reasons and/or Threats,4,0.0002638870563398865,0.1576631381734123
Concerns/Issues about Results and/or Conclusions,Error in Cell Lines/Tissues,4,0.0004272591326639607,0.30762028895048926
Concerns/Issues about Results and/or Conclusions,Legal Reasons and/or Threats,4,0.0004263937746508901,0.2558965235517344
Concerns/Issues about Results and/or Conclusions,Objections by Company/Institution,4,0.0004302925989672978,1.0327252557623567
Concerns/Issues about Third Party Involvement,Ethical Violations by Company/Institution/Third Party,4,0.00215633423180593,5.052044469568495
Conflict of Interest,Duplication of Data,4,0.0021691973969631237,0.31914789777725405
Conflict of Interest,Error in Image,4,0.002290950744558992,0.3523149115441373
Conflict of Interest,Error in Text,4,0.0025493945188017845,0.43372449293227344
Conflict of Interest,Euphemisms for Plagiarism,4,0.0008707009142359599,0.08763728873282021
Conflict of Interest,Informed/Patient Consent - None/Withdrawn,4,0.0016625103906899418,0.20725699412733714
Conflict of Interest,Results Not Reproducible,4,0.0023001725129384704,0.3549497452843178
Contamination of Cell Lines/Tissues,Contamination of Materials,4,0.016877637130801686,20.81614906832298
Contamination of Cell Lines/Tissues,Duplication of Data,4,0.00333889816360601,1.5997040590449938
Contamination of Cell Lines/Tissues,Euphemisms for Plagiarism,4,0.0010131712259371835,0.4392751056359374
Copyright Claims,Investigation by Third Party,4,0.0002192982456140351,0.022043530447609986
Copyright Claims,Miscommunication with/by Author,4,0.0050568900126422255,3.7930000282941463
Criminal Proceedings,Duplication of/in Image,4,0.0007388252678241596,0.6690673154906732
Criminal Proceedings,Upgrade/Update of Prior Notice(s),4,0.0017338534893801473,1.5987596899224805
Date of Article and/or Notice Unknown,Falsification/Fabrication of Image,4,0.0005377066810055115,0.07168114573480179
Date of Article and/or Notice Unknown,Taken via Peer Review,4,0.0005780346820809249,1.689181782098373
Date of Article and/or Notice Unknown,Unreliable Image,4,0.0005583472920156337,0.14551004115454147
Duplication of Content through Error by Journal/Publisher,Retract and Replace,4,0.0024067388688327317,0.39105728054515115
Duplication of Content through Error by Journal/Publisher,Upgrade/Update of Prior Notice(s),4,0.0013449899125756557,0.1615996991161537
Duplication of Data,Error in Results and/or Conclusions,4,0.0016096579476861167,0.17786764744906355
Duplication of Data,Investigation by ORI,4,0.0030234315948601664,0.9005327045672867
Duplication of Data,Taken from Dissertation/Thesis,4,0.002840909090909091,0.69421119543462
Duplication of Text,Falsification/Fabrication of Data,4,0.001834862385321101,0.32779733959311425
Duplication of Text,Falsification/Fabrication of Image,4,0.003929273084479371,1.0305658056580564
Duplication of Text,Misconduct - Official Investigation(s) and/or Finding(s),4,0.0019831432821021317,0.3624702574086091
Duplication of Text,Taken from Dissertation/Thesis,4,0.004722550177095631,1.505570530098832
Duplication of/in Article,Error by Third Party,4,0.0010813733441470668,1.7436817939412859
Duplication of/in Article,Notice - Lack of,4,0.0009972575417601596,0.20687750097608473
Duplication of/in Article,Retract and Replace,4,0.0008731717965509714,0.07925826336096753
Duplication of/in Image,Euphemisms for Misconduct,4,0.0007476635514018691,4.561822605618227
Duplication of/in Image,Lack of Approval from Third Party,4,0.0006909656244601831,0.11151121924844554
Error by Third Party,Error in Image,4,0.004077471967380225,6.769479371812352
Error by Third Party,Investigation by Company/Institution,4,0.0012095554883580285,1.9527742574545879
Error in Analyses,Misconduct - Official Investigation(s) and/or Finding(s),4,0.001366120218579235,0.12507959996846327
Error in Analyses,Plagiarism of Image,4,0.0017738359201773836,0.22205952022050907
Error in Analyses,Rogue Editor,4,0.0009153318077803204,0.06461537497532747
Error in Cell Lines/Tissues,Objections by Author(s),4,0.001005530417295123,0.7336047631555905
Error in Data,Plagiarism of Text,4,0.0009720534629404617,0.06348175070144077
Error in Image,Lack of Approval from Author,4,0.0026472534745201853,0.49705967415405383
Error in Image,Miscommunication with/by Author,4,0.0038424591738712775,2.787432682510968
Error in Image,Notice - Limited or No Information,4,0.00030954960532425323,0.02372679075491269
Error in Image,Plagiarism of/in Article,4,0.001049317943336831,0.09896210707139533
Error in Materials,Original Data and/or Images not Provided and/or not Available,4,0.0015267175572519084,0.5660491285851517
Error in Methods,Euphemisms for Plagiarism,4,0.000794912559618442,0.056805857034044914
Error in Methods,Informed/Patient Consent - None/Withdrawn,4,0.0014064697609001407,0.13434248535000887
Error in Text,Ethical Violations by Author,4,0.0028429282160625444,0.542659946971077
Error in Text,Plagiarism of Data,4,0.0028469750889679717,0.5443478472726978
Error in Text,Plagiarism of Image,4,0.00245398773006135,0.40324385460408374
Ethical Violations by Company/Institution/Third Party,Investigation by Company/Institution,4,0.0012143290831815423,2.8281558211411273
Ethical Violations by Company/Institution/Third Party,Rogue Editor,4,0.0013297872340425532,3.0993098824372596
Euphemisms for Duplication,Miscommunication with/by Author,4,0.0017035775127768314,1.168244008714597
Euphemisms for Duplication,Notice - Limited or No Information,4,0.00028111603064164735,0.009944161636392296
Euphemisms for Plagiarism,False/Forged Affiliation,4,0.0010045203415369162,0.36268354875582526
Euphemisms for Plagiarism,Publishing Ban,4,0.001034126163391934,0.8731270618195793
Euphemisms for Plagiarism,Retract and Replace,4,0.0008490766291657822,0.07654035931535273
False/Forged Authorship,Informed/Patient Consent - None/Withdrawn,4,0.0016038492381716118,0.18687865280531962
Falsification/Fabrication of Data,Miscommunication with/by Author,4,0.0022197558268590455,1.5425757157323023
Falsification/Fabrication of Data,Miscommunication with/by Company/Institution,4,0.0023378141437755697,14.303883909517713
Falsification/Fabrication of Data,Misconduct by Company/Institution,4,0.00234192037470726,19.667840375586856
Falsification/Fabrication of Image,Removed,4,0.0008847600088476001,0.12419572852519888
Falsification/Fabrication of Results,Lack of IRB/IACUC Approval and/or Compliance,4,0.0014550745725718443,0.8693306356432304
Hoax Paper,Removed,4,0.00100150225338007,4.487605657377186
Informed/Patient Consent - None/Withdrawn,Investigation by ORI,4,0.002122015915119363,0.5848125673453185
Informed/Patient Consent - None/Withdrawn,Legal Reasons and/or Threats,4,0.002336448598130841,1.4801450819536377
Investigation by ORI,Unreliable Image,4,0.007285974499089253,3.511065713312904
Investigation by Third Party,Manipulation of Results,4,0.00022740193291642978,0.35525968837659816
Lack of Approval from Author,Legal Reasons and/or Threats,4,0.005873715124816446,4.1480289621882545
Lack of Approval from Company/Institution,Misconduct - Official Investigation(s) and/or Finding(s),4,0.002184598580010923,0.5917881753609946
Lack of Approval from Company/Institution,Results Not Reproducible,4,0.0032626427406199023,0.9743008314436885
Lack of Approval from Third Party,Misconduct - Official Investigation(s) and/or Finding(s),4,0.0020130850528434826,0.38663494123584974
Lack of Approval from Third Party,Paper Mill,4,0.0003290014805066623,0.050871281117182754
Lack of Approval from Third Party,Plagiarism of Image,4,0.0030441400304414,0.6864106502816181
Lack of Approval from Third Party,Retract and Replace,4,0.00291970802919708,0.6448100048100048
Lack of Approval from Third Party,Taken from Dissertation/Thesis,4,0.004895960832313341,1.6059418987720875
Legal Reasons and/or Threats,Misconduct - Official Investigation(s) and/or Finding(s),4,0.0024242424242424242,1.5396966686383398
Legal Reasons and/or Threats,Misconduct by Author,4,0.002043944813490036,1.2839137263916025
Legal Reasons and/or Threats,Plagiarism of Data,4,0.005319148936170213,3.6900039912467832
Legal Reasons and/or Threats,Plagiarism of/in Article,4,0.0013413816230717639,0.8258519200736797
Legal Reasons and/or Threats,Retract and Replace,4,0.003872216844143272,2.567827452783205
Legal Reasons and/or Threats,Unreliable Data,4,0.0016286644951140066,1.0109384603202733
Manipulation of Data,Plagiarism of Data,4,0.005997001499250375,14.891801821817374
Manipulation of Data,Plagiarism of Image,4,0.004484304932735426,11.031599736668863
Manipulation of Images,Retract and Replace,4,0.0017722640673460345,0.21702655360097392
Manipulation of Results,Upgrade/Update of Prior Notice(s),4,0.0017582417582417582,2.7885343428880476
Miscommunication with/by Author,Unreliable Data,4,0.0016359918200408998,1.1199612354528516
Misconduct - Official Investigation(s) and/or Finding(s),Misconduct by Company/Institution,4,0.0025889967637540453,21.74821544451655
Misconduct - Official Investigation(s) and/or Finding(s),Notice - Lack of,4,0.0021152829190904283,0.49148509479133445
Misconduct by Author,Misconduct by Company/Institution,4,0.0021598272138228943,18.135281385281385
Misconduct by Author,Notice - Lack of,4,0.0018198362147406734,0.40983686746398607
No Further Action,Notice - Limited or No Information,4,0.00033375052148518984,3.7290606136471114
No Further Action,Withdrawn as Out of Date,4,0.010958904109589041,123.10009182736458
Plagiarism of Data,Taken via Peer Review,4,0.006042296072507553,18.129150043951586
Plagiarism of Text,Rogue Editor,4,0.0007732456988208003,0.04096626553814062
Plagiarism of Text,Taken via Peer Review,4,0.0018075011296882061,5.313146526098847
Publishing Ban,Upgrade/Update of Prior Notice(s),4,0.0017293558149589277,1.4803330462245192
Unreliable Results and/or Conclusions,Withdrawn as Out of Date,4,0.0001791552828414028,0.033621656544254704
Bias Issues or Lack of Balance,Concerns/Issues about Third Party Involvement,3,0.001557632398753894,1.109918860738533
Breach of Policy by Author,Computer-Aided Content or Computer-Generated Content,3,0.0002127659574468085,0.004509503475150525
Breach of Policy by Author,Nonpayment of Fees and/or Refusal to Pay,3,0.0006257822277847309,3.819549443452494
Breach of Policy by Author,Publishing Ban,3,0.0006167763157894736,0.5187042454071288
Cites Retracted Work,Conflict of Interest,3,0.0029702970297029703,1.2095860251921897
Cites Retracted Work,Criminal Proceedings,3,0.01079136690647482,13.015145631067961
Cites Retracted Work,Error in Data,3,0.0014097744360902255,0.5070835960156348
Cites Retracted Work,Error in Methods,3,0.0020718232044198894,0.7840449175342145
Cites Retracted Work,Euphemisms for Plagiarism,3,0.0007511266900350526,0.2574877136191235
Cites Retracted Work,Investigation by ORI,3,0.006134969325153374,3.4130626654898504
Cites Retracted Work,Plagiarism of/in Article,3,0.0009752925877763329,0.33976189430215703
Civil Proceedings,Error in Methods,3,0.002362204724409449,5.768330464716006
Civil Proceedings,Ethical Violations by Author,3,0.004477611940298508,11.134219269102989
Civil Proceedings,Falsification/Fabrication of Data,3,0.001735106998264893,4.21453722334004
Civil Proceedings,Notice - Limited or No Information,3,0.0002498334443704197,0.5993133129075714
Civil Proceedings,Unreliable Results and/or Conclusions,3,0.00013640703860319192,0.3269105712204765
Civil Proceedings,Upgrade/Update of Prior Notice(s),3,0.0013268465280849183,3.211794019933554
Complaints about Author,Duplication of Data,3,0.0026362038664323375,1.9316426512968299
Complaints about Author,Lack of IRB/IACUC Approval and/or Compliance,3,0.0010976948408342481,0.7628376327769347
Complaints about Author,Removed,3,0.0007352941176470588,0.5048556364549335
Complaints about Third Party,Objections by Author(s),3,0.0007704160246533128,5.746570644718792
Complaints about Third Party,Unreliable Results and/or Conclusions,3,0.0001365249840720852,1.0170551104637044
Compromised Peer Review,Concerns/Issues about Animal Welfare,3,0.00026676151520540635,0.3266100345964559
Compromised Peer Review,Duplication of Data,3,0.00024525833878351864,0.01725605370106155
Computer-Aided Content or Computer-Generated Content,Copyright Claims,3,0.00029979014689717197,0.031143555024632622
Computer-Aided Content or Computer-Generated Content,False/Forged Affiliation,3,0.0003154905878641287,0.11067940324138671
Computer-Aided Content or Computer-Generated Content,Lack of Approval from Third Party,3,0.0003072511265874642,0.04796107473793424
Computer-Aided Content or Computer-Generated Content,Updated to Retraction,3,0.00032133676092544985,0.9810219832759276
Concerns/Issues about Animal Welfare,Duplication of/in Article,3,0.0008079719903043361,0.998654118348191
Concerns/Issues about Animal Welfare,Error in Image,3,0.003015075376884422,3.8770654584016198
Concerns/Issues about Animal Welfare,Euphemisms for Plagiarism,3,0.00078064012490242,0.9644085273734443
Concerns/Issues about Animal Welfare,Results Not Reproducible,3,0.003036437246963563,3.906060606060606
Concerns/Issues about Article,Falsification/Fabrication of Data,3,0.0008685581933989577,0.067317194668295
Concerns/Issues about Article,Notice - Limited or No Information,3,0.00021845190417243136,0.00957260283024073
Concerns/Issues about Article,Results Not Reproducible,3,0.0011169024571854058,0.1225518159345883
Concerns/Issues about Authorship/Affiliation,Contamination of Materials,3,0.0010013351134846463,0.8610996916752311
Concerns/Issues about Authorship/Affiliation,Legal Reasons and/or Threats,3,0.0009904258831297458,0.6096281003010487
Concerns/Issues about Authorship/Affiliation,Objections by Company/Institution,3,0.0010190217391304348,2.4602848333578033
Concerns/Issues about Data,Misconduct by Third Party,3,0.0002084925985127528,0.28611553385211014
Concerns/Issues about Data,Notice - Unable to Access via current resources,3,0.00020659734178086908,0.07745669148482541
Concerns/Issues about Data,Updated to Correction,3,0.00020911752404851526,2.336610193125567
Concerns/Issues about Data,Updated to Retraction,3,0.00020888455646845844,0.6372573253978818
Concerns/Issues about Human Subject Welfare,Concerns/Issues about Third Party Involvement,3,0.0012325390304026294,0.1810246576822319
Concerns/Issues about Human Subject Welfare,Error in Image,3,0.0019392372333548805,0.3512991766261764
Concerns/Issues about Methods,Date of Article and/or Notice Unknown,3,0.00042081638378454203,0.12614019801383952
Concerns/Issues about Methods,Informed/Patient Consent - None/Withdrawn,3,0.0016384489350081922,0.543040241106367
Concerns/Issues about Methods,Plagiarism of Data,3,0.003444316877152698,1.3538001656197611
Concerns/Issues about Peer Review,Error in Analyses,3,0.00023391812865497077,0.012639743609648632
Concerns/Issues about Peer Review,Misconduct by Author,3,0.00022586959795211565,0.00951400614773877
Concerns/Issues about Results and/or Conclusions,Criminal Proceedings,3,0.0003210616438356164,0.2891630716134599
Concerns/Issues about Results and/or Conclusions,False/Forged Affiliation,3,0.00031699070160608623,0.11121656600517689
Concerns/Issues about Results and/or Conclusions,Falsification/Fabrication of Results,3,0.00031962497336458556,0.18536094334196146
Concerns/Issues about Results and/or Conclusions,Manipulation of Data,3,0.00032268473701193933,0.7745439418217674
Concerns/Issues about Results and/or Conclusions,Miscommunication with/by Author,3,0.0003201365916124213,0.21261990559813224
Concerns/Issues about Third Party Involvement,Date of Article and/or Notice Unknown,3,0.0003437213565536205,0.015922615159124007
Concerns/Issues about Third Party Involvement,Lack of Approval from Third Party,3,0.0013175230566534915,0.24418214936247723
Concerns/Issues about Third Party Involvement,Plagiarism of Text,3,0.0007460830639144492,0.050082938565685846
Conflict of Interest,Duplication of Text,3,0.002336448598130841,0.5191140024783147
Conflict of Interest,Falsification/Fabrication of Data,3,0.0011961722488038277,0.14622929647276472
Conflict of Interest,Legal Reasons and/or Threats,3,0.003271537622682661,2.2050860282264697
Conflict of Interest,Objections by Company/Institution,3,0.003605769230769231,8.899097185342537
Contamination of Cell Lines/Tissues,Plagiarism of Image,3,0.0029239766081871343,1.4389043134785473
Contamination of Materials,Investigation by Third Party,3,0.00017018379850238256,0.14321406187681612
Contamination of Materials,Removed,3,0.0007389162561576355,0.6310695455686668
Contamination of Materials,Unreliable Data,3,0.0012376237623762376,1.0709629314017894
Copyright Claims,Error in Results and/or Conclusions,3,0.001403180542563143,0.20038984956112027
Copyright Claims,Lack of IRB/IACUC Approval and/or Compliance,3,0.0009019843656043296,0.11007758048729216
Criminal Proceedings,Falsification/Fabrication of Image,3,0.004885993485342019,4.94671586715867
Date of Article and/or Notice Unknown,Hoax Paper,3,0.0004339649934905251,1.9425590494131286
Date of Article and/or Notice Unknown,Manipulation of Data,3,0.0004331504475887958,1.040656633614176
Date of Article and/or Notice Unknown,Publishing Ban,3,0.0004298610116062473,0.3597331572987275
Doing the Right Thing,Error in Cell Lines/Tissues,3,0.013215859030837005,15.729349186483104
Doing the Right Thing,Error in Text,3,0.0033370411568409346,1.9302334510827828
Doing the Right Thing,Falsification/Fabrication of Data,3,0.001633097441480675,0.86769884009942
Doing the Right Thing,Investigation by Journal/Publisher,3,9.865824782951855e-05,0.04883761597124398
Duplication of Content through Error by Journal/Publisher,Error in Text,3,0.0019933554817275745,0.35378941960546967
Duplication of Data,Euphemisms for Misconduct,3,0.002859866539561487,17.56038773906209
Duplication of Data,False/Forged Affiliation,3,0.0024330900243309003,0.9905859750240154
Duplication of Data,Lack of Approval from Third Party,3,0.0020161290322580645,0.4292539225104066
Duplication of Data,Manipulation of Results,3,0.0027752081406105457,4.492192212318209
Duplication of Data,Miscommunication with/by Author,3,0.002631578947368421,1.8937673051929704
Duplication of Text,Lack of IRB/IACUC Approval and/or Compliance,3,0.0009637006103437199,0.15892450682852804
Duplication of Text,Notice - Limited or No Information,3,0.0002407704654895666,0.03495994325294166
Duplication of/in Article,Error in Analyses,3,0.0005941770647653001,0.03948668332792991
Duplication of/in Article,Miscommunication with/by Third Party,3,0.0008174386920980927,4.577164709095875
Duplication of/in Image,Error by Third Party,3,0.0005574136008918618,0.8960722975321517
Duplication of/in Image,Falsification/Fabrication of Results,3,0.0005497526113249038,0.3216669786012852
Duplication of/in Image,Manipulation of Results,3,0.0005573100501579045,0.875233406891869
Duplication of/in Image,Miscommunication with/by Journal/Publisher,3,0.0005599104143337066,2.090835360908353
Duplication of/in Image,Objections by Company/Institution,3,0.0005588673621460507,1.3441084462982273
Duplication of/in Image,Updated to Retraction,3,0.0005594927265945542,1.7106834771068349
Error by Journal/Publisher,Error in Analyses,3,0.001310615989515072,0.16044478098063417
Error by Journal/Publisher,Error in Image,3,0.0016295491580662683,0.23666881266602557
Error by Journal/Publisher,Unreliable Data,3,0.0009244992295839754,0.09509104829316666
Error by Third Party,Removed,3,0.0007458975634012929,1.2020372296546036
Error by Third Party,Upgrade/Update of Prior Notice(s),3,0.0013186813186813187,2.1411960132890364
Error in Analyses,Investigation by ORI,3,0.0017921146953405018,0.5054571596627672
Error in Analyses,Miscommunication with/by Author,3,0.0020134228187919465,1.4172622319956019
Error in Cell Lines/Tissues,Euphemisms for Duplication,3,0.0012815036309269544,0.9507517730496453
Error in Cell Lines/Tissues,Removed,3,0.0007363770250368188,0.5370804643137589
Error in Cell Lines/Tissues,Unreliable Data,3,0.0012305168170631665,0.9114578139589697
Error in Data,Falsification/Fabrication of Results,3,0.0014713094654242277,0.8928138528138527
Error in Image,Ethical Violations by Author,3,0.0018927444794952682,0.3306024809489753
Error in Materials,Investigation by Company/Institution,3,0.0008668015024559376,0.31544814928112574
Error in Materials,Manipulation of Images,3,0.001962066710268149,0.7712789827973074
Error in Materials,Objections by Third Party,3,0.003243243243243243,1.4068212824010913
Error in Methods,Legal Reasons and/or Threats,3,0.002214022140221402,1.4293208231154706
Error in Methods,Taken from Dissertation/Thesis,3,0.0018598884066955983,0.4353456954502646
Error in Results and/or Conclusions,Falsification/Fabrication of Image,3,0.001509813789632612,0.25621801798128474
Error in Results and/or Conclusions,Investigation by ORI,3,0.0017331022530329288,0.48556002009040683
Error in Results and/or Conclusions,Lack of IRB/IACUC Approval and/or Compliance,3,0.0007351139426611125,0.05268215695973306
Error in Results and/or Conclusions,Plagiarism of/in Article,3,0.0006947660954145438,0.04833629159271018
Error in Text,Falsification/Fabrication of Data,3,0.0012160518848804217,0.15405619093148973
Error in Text,Miscommunication with/by Author,3,0.003468208092485549,2.57364460144371
Error in Text,Unreliable Image,3,0.002912621359223301,0.9831900724616421
Ethical Violations by Author,Ethical Violations by Company/Institution/Third Party,3,0.004470938897168405,10.750280673616679
Ethical Violations by Author,False/Forged Affiliation,3,0.0035842293906810036,1.5987596899224807
Ethical Violations by Author,Hoax Paper,3,0.0045662100456621,20.78387596899225
Ethical Violations by Company/Institution/Third Party,Misconduct - Official Investigation(s) and/or Finding(s),3,0.0019144862795149968,4.499630781624113
Ethical Violations by Company/Institution/Third Party,Misconduct by Author,3,0.0016008537886872999,3.7521271831616656
Euphemisms for Duplication,Legal Reasons and/or Threats,3,0.001271186440677966,0.7908908554572271
Euphemisms for Duplication,Manipulation of Data,3,0.0013186813186813187,3.191809523809524
Euphemisms for Duplication,Retract and Replace,3,0.000946073793755913,0.09672150072150071
Euphemisms for Duplication,Rogue Editor,3,0.0005736137667304016,0.02995999553022684
Euphemisms for Duplication,Salami Slicing,3,0.0013186813186813187,3.191809523809524
Euphemisms for Misconduct,Manipulation of Images,3,0.0022304832713754648,13.672672876861359
Euphemisms for Misconduct,Plagiarism of Text,3,0.0013623978201634877,8.3319797795641
False/Forged Affiliation,Lack of Approval from Author,3,0.003926701570680628,1.8027972027972028
False/Forged Affiliation,Notice - Limited or No Information,3,0.0002464065708418891,0.08605524493031795
False/Forged Authorship,Rogue Editor,3,0.0007741935483870968,0.07531842451733005
False/Forged Authorship,Taken from Dissertation/Thesis,3,0.0023752969121140144,0.605592615458748
Falsification/Fabrication of Data,Lack of Approval from Third Party,3,0.001394700139470014,0.26223787167449136
Falsification/Fabrication of Data,Notice - Lack of,3,0.00145985401459854,0.33335322670486195
Falsification/Fabrication of Data,Retract and Replace,3,0.001142857142857143,0.12771324919212243
Falsification/Fabrication of Image,Plagiarism of/in Article,3,0.0008792497069167644,0.12913459451336592
Falsification/Fabrication of Results,Lack of Approval from Company/Institution,3,0.007352941176470588,5.84580498866213
Falsification/Fabrication of Results,Plagiarism of/in Article,3,0.001004352192835621,0.5982132497969601
Investigation by Company/Institution,Miscommunication with/by Third Party,3,0.0009151921903599756,5.126032425818292
Investigation by Company/Institution,Misconduct by Company/Institution,3,0.0009163103237629811,7.689048638727439
Investigation by Journal/Publisher,Notice - Unable to Access via current resources,3,9.851246182642104e-05,0.03669566724911151
Investigation by Journal/Publisher,Salami Slicing,3,9.900990099009902e-05,0.23721127757461363
Investigation by Journal/Publisher,Updated to Correction,3,9.908184160116256e-05,1.1069859620148639
Investigation by Third Party,Updated to Correction,3,0.0001709012190953629,1.909520825024215
Investigation by Third Party,Updated to Retraction,3,0.0001707455890722823,0.5207784068247859
Lack of Approval from Author,Retract and Replace,3,0.0020093770931011385,0.3804604486422668
Lack of Approval from Author,Rogue Editor,3,0.0008445945945945946,0.1178496327675007
Lack of Approval from Company/Institution,Notice - Limited or No Information,3,0.00024441909727880074,0.057077458372149656
Lack of Approval from Third Party,Miscommunication with/by Author,3,0.00546448087431694,4.380915032679739
Lack of IRB/IACUC Approval and/or Compliance,Miscommunication with/by Author,3,0.0010968921389396709,0.7478800321342497
Lack of IRB/IACUC Approval and/or Compliance,Plagiarism of Image,3,0.000856898029134533,0.08788451990517682
Lack of IRB/IACUC Approval and/or Compliance,Plagiarism of Text,3,0.0006215040397762585,0.034769263116542146
Legal Reasons and/or Threats,Manipulation of Images,3,0.002073255010366275,1.3309681561546454
Legal Reasons and/or Threats,Objections by Third Party,3,0.0035587188612099642,2.427700443081529
Legal Reasons and/or Threats,Plagiarism of Text,3,0.0013020833333333333,0.8110776776566823
Manipulation of Data,Original Data and/or Images not Provided and/or not Available,3,0.0012224938875305623,2.9565958948420867
Manipulation of Data,Upgrade/Update of Prior Notice(s),3,0.0013268465280849183,3.211794019933554
Manipulation of Images,Notice - Lack of,3,0.0017772511848341231,0.4248570667951269
Manipulation of Images,Plagiarism of Data,3,0.0015174506828528073,0.23390264641597971
Miscommunication with/by Author,Objections by Third Party,3,0.003605769230769231,2.689511275178557
Miscommunication with/by Author,Plagiarism of/in Article,3,0.001009421265141319,0.6861857865318072
Misconduct - Official Investigation(s) and/or Finding(s),Retract and Replace,3,0.0012185215272136475,0.1412221782111464
Misconduct by Third Party,Results Not Reproducible,3,0.003054989816700611,4.384353741496598
Not Presented at Conference,Notice - Lack of,3,0.007731958762886598,15.352267521759046
Notice - Lack of,Objections by Third Party,3,0.0027675276752767526,0.7749439267463638
Notice - Lack of,Paper Mill,3,0.0002486943546381497,0.04850016208205983
Notice - Lack of,Taken from Dissertation/Thesis,3,0.004155124653739612,1.5310886746767782
Notice - Limited or No Information,Results Not Reproducible,3,0.0002322700526478786,0.017928176027149568
Objections by Author(s),Objections by Company/Institution,3,0.0007666751852798365,1.8471119929453261
Objections by Author(s),Taken via Peer Review,3,0.0007676560900716479,2.2486580783682233
Objections by Company/Institution,Upgrade/Update of Prior Notice(s),3,0.0013268465280849183,3.211794019933554
Objections by Third Party,Publishing Ban,3,0.0036991368680641184,3.3867919761507754
Original Data and/or Images not Provided and/or not Available,Taken from Dissertation/Thesis,3,0.0010725777618877368,0.2231393128182707
Original Data and/or Images not Provided and/or not Available,Updated to Retraction,3,0.0012254901960784314,3.76294022979902
Paper Mill,Plagiarism of Text,3,0.00021578076674099114,0.007825459150888413
Plagiarism of Data,Results Not Reproducible,3,0.0019035532994923859,0.33411093831000516
Plagiarism of Image,Removed,3,0.0006188118811881188,0.058163091757480814
Plagiarism of/in Article,Retract and Replace,3,0.0007907221929362151,0.07574778163013456
Publishing Ban,Removed,3,0.0007387343018960847,0.6232785635246092
Salami Slicing,Upgrade/Update of Prior Notice(s),3,0.0013268465280849183,3.211794019933554
Updated to Retraction,Upgrade/Update of Prior Notice(s),3,0.0013303769401330377,4.087737843551796
Author Unresponsive,Bias Issues or Lack of Balance,2,0.0006075334143377885,0.4238187825042286
Author Unresponsive,Criminal Proceedings,2,0.0006119951040391676,0.5594407929055817
Author Unresponsive,Lack of Approval from Company/Institution,2,0.0005735589331803843,0.14271448798611777
Author Unresponsive,Manipulation of Data,2,0.0006209251785159888,1.4985021238542366
Author Unresponsive,Taken from Dissertation/Thesis,2,0.0005611672278338945,0.1130944999135273
Bias Issues or Lack of Balance,Duplication of Data,2,0.0017574692442882249,1.3007694621527475
Bias Issues or Lack of Balance,Duplication of/in Article,2,0.0005321979776476849,0.36987189568451523
Bias Issues or Lack of Balance,Falsification/Fabrication of Data,2,0.001110494169905608,0.7946602171954286
Bias Issues or Lack of Balance,Falsification/Fabrication of Results,2,0.009345794392523364,11.57351290684624
Bias Issues or Lack of Balance,Informed/Patient Consent - None/Withdrawn,2,0.001176470588235294,0.8447292639432379
Bias Issues or Lack of Balance,Lack of Approval from Company/Institution,2,0.005115089514066497,4.605785748642892
Bias Issues or Lack of Balance,Lack of IRB/IACUC Approval and/or Compliance,2,0.0007317965605561653,0.5136953756073636
Breach of Policy by Author,Complaints about Author,2,0.0004095004095004095,0.2801002925198496
Breach of Policy by Author,Criminal Proceedings,2,0.00041160732661041366,0.37346705669313274
Breach of Policy by Author,Investigation by ORI,2,0.0003944773175542406,0.09793716521673063
Breach of Policy by Author,Misconduct - Official Investigation(s) and/or Finding(s),2,0.00031620553359683795,0.01817652774301425
Breach of Policy by Author,Notice - Lack of,2,0.00038925652004671076,0.0791243764180366
Breach of Policy by Author,Objections by Company/Institution,2,0.00041562759767248546,1.0003581875708913
Breach of Policy by Author,Taken from Dissertation/Thesis,2,0.0003879728419010669,0.07549873113742576
Cites Retracted Work,Duplication of/in Image,2,0.000360555255092843,0.12179623461602063
Cites Retracted Work,Error by Journal/Publisher,2,0.0018099547511312218,0.7222611337995539
Cites Retracted Work,Error in Analyses,2,0.0012539184952978057,0.46783413483349967
Cites Retracted Work,Error in Text,2,0.002061855670103093,0.8495525868843317
Cites Retracted Work,Manipulation of Images,2,0.0012978585334198572,0.48672945516334937
Cites Retracted Work,Misconduct by Third Party,2,0.007905138339920948,13.280760848028532
Cites Retracted Work,Results Not Reproducible,2,0.0017543859649122807,0.6952535059331176
Civil Proceedings,Duplication of/in Image,2,0.00037250884708511827,0.8960722975321516
Civil Proceedings,Error in Results and/or Conclusions,2,0.0013568521031207597,3.3064325177584846
Civil Proceedings,Falsification/Fabrication of Image,2,0.0035211267605633804,8.83342119135477
Civil Proceedings,Lack of Approval from Third Party,2,0.004201680672268907,10.63936507936508
Civil Proceedings,Objections by Author(s),2,0.000510986203372509,1.2314079952968842
Complaints about Author,Compromised Peer Review,2,0.00017711654268508679,0.11975701268536718
Complaints about Author,Concerns/Issues about Third Party Involvement,2,0.001037344398340249,0.7325464480874317
Complaints about Author,Copyright Claims,2,0.0025284450063211127,1.9344300144300146
Complaints about Author,Error in Analyses,2,0.001343183344526528,0.9637383177570094
Complaints about Author,Error in Methods,2,0.0014892032762472078,1.0767550200803213
Complaints about Author,False/Forged Affiliation,2,0.006825938566552901,6.874666666666667
Complaints about Author,Falsification/Fabrication of Data,2,0.0011098779134295228,0.7867136150234743
Complaints about Author,Informed/Patient Consent - None/Withdrawn,2,0.0011757789535567313,0.8362819713038053
Complaints about Author,Investigation by Third Party,2,0.00011332086803784917,0.07638083300096861
Complaints about Author,Lack of Approval from Author,2,0.0029850746268656717,2.3436363636363637
Complaints about Author,Notice - Lack of,2,0.004424778761061947,3.7868926553672315
Complaints about Author,Upgrade/Update of Prior Notice(s),2,0.000856898029134533,0.5995348837209302
Complaints about Company/Institution,Falsification/Fabrication of Image,2,0.003669724770642202,49.46715867158671
Complaints about Company/Institution,Investigation by Company/Institution,2,0.0006112469437652812,8.201651881309267
Complaints about Company/Institution,Misconduct - Official Investigation(s) and/or Finding(s),2,0.0012953367875647669,17.398572355613236
Complaints about Company/Institution,Misconduct by Author,2,0.0010804970286331713,14.508225108225108
Complaints about Company/Institution,Objections by Author(s),2,0.0005140066820868671,6.895884773662551
Complaints about Company/Institution,Unreliable Results and/or Conclusions,2,9.102908379227164e-05,1.2204661325564456
Complaints about Third Party,Compromised Peer Review,2,0.00017855548611731096,1.3306334742818573
Complaints about Third Party,Error in Analyses,2,0.001430615164520744,10.708203530633437
Complaints about Third Party,Ethical Violations by Author,2,0.003067484662576687,23.0931955211025
Complaints about Third Party,Investigation by Company/Institution,2,0.0006105006105006105,4.556473267394038
Complaints about Third Party,Investigation by Journal/Publisher,2,6.604583581005217e-05,0.49199376089549496
Complaints about Third Party,Plagiarism of/in Article,2,0.0006944444444444445,5.1845148315736544
Compromised Peer Review,Contamination of Cell Lines/Tissues,2,0.00017616489033735576,0.07438323769277463
Compromised Peer Review,Error in Materials,2,0.0001756388864494599,0.06141385265916265
Compromised Peer Review,Error in Results and/or Conclusions,2,0.00015822784810126583,0.008270511925785026
Compromised Peer Review,Manipulation of Images,2,0.00015962965919067763,0.008957143805936213
Compromised Peer Review,Notice - Limited or No Information,2,8.629989212513484e-05,0.000999390909499851
Computer-Aided Content or Computer-Generated Content,Duplication of Data,2,0.00019312475859405175,0.013821635371162605
Computer-Aided Content or Computer-Generated Content,Duplication of Text,2,0.0002041858090862685,0.029975671711208903
Computer-Aided Content or Computer-Generated Content,Error in Methods,2,0.0001893939393939394,0.011556885479020299
Computer-Aided Content or Computer-Generated Content,Plagiarism of Image,2,0.0001964057743297653,0.016576408319562527
Computer-Aided Content or Computer-Generated Content,Transfer of Copyright and/or Ownership,2,0.00021372088053002778,0.33461214933442496
Computer-Aided Content or Computer-Generated Content,Updated to Correction,2,0.000214569252226156,2.398053736896712
Concerns/Issues about Animal Welfare,Concerns/Issues about Peer Review,2,0.00017406440382941688,0.21311373770934847
Concerns/Issues about Animal Welfare,Contamination of Cell Lines/Tissues,2,0.009345794392523364,15.139017504234896
Concerns/Issues about Animal Welfare,Duplication of Data,2,0.0018281535648994515,2.3413850318749456
Concerns/Issues about Animal Welfare,False/Forged Authorship,2,0.002109704641350211,2.723331640426613
Concerns/Issues about Animal Welfare,Manipulation of Images,2,0.0014388489208633094,1.8230230502481815
Concerns/Issues about Animal Welfare,Plagiarism of Image,2,0.002171552660152009,2.8080435693338925
Concerns/Issues about Article,Concerns/Issues about Third Party Involvement,2,0.0005585032113934655,0.04178816018753176
Concerns/Issues about Article,Error in Materials,2,0.0010277492291880781,0.3921658109906827
Concerns/Issues about Article,Lack of Approval from Author,2,0.0008609556607834697,0.13369289011046
Concerns/Issues about Article,Manipulation of Images,2,0.0006476683937823834,0.05719695822227608
Concerns/Issues about Article,Removed,2,0.0003487966515521451,0.019199681934015344
Concerns/Issues about Authorship/Affiliation,Falsification/Fabrication of Image,2,0.0005782017924255566,0.08473305699141268
Concerns/Issues about Authorship/Affiliation,Manipulation of Data,2,0.0006791171477079797,1.6401898889052025
Concerns/Issues about Authorship/Affiliation,Miscommunication with/by Company/Institution,2,0.0006830601092896175,4.175028808122334
Concerns/Issues about Authorship/Affiliation,Salami Slicing,2,0.0006791171477079797,1.6401898889052025
Concerns/Issues about Authorship/Affiliation,Taken via Translation,2,0.0006832934745473181,4.592531688934566
Concerns/Issues about Data,Error by Third Party,2,0.00013905304873809357,0.22253430410719685
Concerns/Issues about Data,Miscommunication with/by Company/Institution,2,0.00013935340022296544,0.8496764338638425
Concerns/Issues about Data,Miscommunication with/by Journal/Publisher,2,0.00013928546556166865,0.5192467095834592
Concerns/Issues about Data,Publishing Ban,2,0.00013867702121758425,0.11538815768521317
Concerns/Issues about Data,Temporary Removal,2,0.00013871549452073797,0.12138234769483464
Concerns/Issues about Human Subject Welfare,Duplication of/in Article,2,0.00046882325363338024,0.060325070301098856
Concerns/Issues about Human Subject Welfare,Error in Data,2,0.0007905138339920949,0.11472731551808982
Concerns/Issues about Human Subject Welfare,Error in Methods,2,0.001081081081081081,0.1773896243954401
Concerns/Issues about Human Subject Welfare,Error in Text,2,0.0014587892049598833,0.28831603442861997
Concerns/Issues about Human Subject Welfare,Euphemisms for Plagiarism,2,0.00045495905368516835,0.05825641845748428
Concerns/Issues about Human Subject Welfare,False/Forged Authorship,2,0.0013333333333333333,0.24675986857242785
Concerns/Issues about Human Subject Welfare,Lack of Approval from Company/Institution,2,0.002224694104560623,0.7511907563684452
Concerns/Issues about Human Subject Welfare,Manipulation of Images,2,0.0010298661174047373,0.1651833076831136
Concerns/Issues about Human Subject Welfare,Objections by Company/Institution,2,0.00315955766192733,7.887502941868675
Concerns/Issues about Human Subject Welfare,Plagiarism of/in Article,2,0.0005750431282346176,0.07687089536105914
Concerns/Issues about Image,Contamination of Materials,2,0.0006285355122564425,0.5398518041237114
Concerns/Issues about Image,False/Forged Affiliation,2,0.0006066120715802245,0.2214776632302406
Concerns/Issues about Image,Manipulation of Results,2,0.0006359300476947536,1.0043754495324861
Concerns/Issues about Image,Miscommunication with/by Journal/Publisher,2,0.000641025641025641,2.399341351660939
Concerns/Issues about Image,Updated to Correction,2,0.0006435006435006435,7.1980240549828185
Concerns/Issues about Image,Updated to Retraction,2,0.0006402048655569782,1.9630974695407686
Concerns/Issues about Methods,Copyright Claims,2,0.0021691973969631237,0.837415590662344
Concerns/Issues about Methods,Error in Image,2,0.0017064846416382253,0.6154072156193047
Concerns/Issues about Methods,Falsification/Fabrication of Data,2,0.0010346611484738748,0.3405686645123265
Concerns/Issues about Methods,Plagiarism of/in Article,2,0.0006447453255963894,0.2019940843470255
Concerns/Issues about Peer Review,Contamination of Cell Lines/Tissues,2,0.00017247326664367022,0.07280282965226188
Concerns/Issues about Peer Review,Error in Data,2,0.0001497005988023952,0.006088963934552813
Concerns/Issues about Peer Review,False/Forged Affiliation,2,0.00017196904557179707,0.060109002943662386
Concerns/Issues about Peer Review,Manipulation of Images,2,0.00015659254619480113,0.008766832890062951
Concerns/Issues about Peer Review,Objections by Third Party,2,0.0001643655489809336,0.01599079887314347
Concerns/Issues about Peer Review,Retract and Replace,2,0.00016182539040375434,0.01268534153031836
Concerns/Issues about Peer Review,Updated to Correction,2,0.000174809894240014,1.9535425956690275
Concerns/Issues about Referencing/Attributions,Contamination of Materials,2,0.00013221392212599986,0.11134959133497244
Concerns/Issues about Referencing/Attributions,Euphemisms for Misconduct,2,0.00013281976358082084,0.8098152097088905
Concerns/Issues about Referencing/Attributions,False/Forged Affiliation,2,0.0001312163758037003,0.045681883624604076
Concerns/Issues about Referencing/Attributions,Notice - Lack of,2,0.0001298616972923836,0.025163749454231055
Concerns/Issues about Referencing/Attributions,Salami Slicing,2,0.00013266998341625208,0.31814168952849264
Concerns/Issues about Referencing/Attributions,Taken via Peer Review,2,0.00013271400132714,0.3873029263825128
Concerns/Issues about Referencing/Attributions,Updated to Correction,2,0.00013286388095396266,1.4846612177996326
Concerns/Issues about Referencing/Attributions,Updated to Retraction,2,0.00013272280841462606,0.40490760485444527
Concerns/Issues about Results and/or Conclusions,Notice - Lack of,2,0.00020781379883624273,0.040842241753313545
Concerns/Issues about Results and/or Conclusions,Salami Slicing,2,0.00021510002151000216,0.5163626278811784
Concerns/Issues about Results and/or Conclusions,Updated to Correction,2,0.00021561017680034498,2.4096922634454994
Concerns/Issues about Results and/or Conclusions,Updated to Retraction,2,0.00021523891519586742,0.6571887991214999
Concerns/Issues about Third Party Involvement,Contamination of Cell Lines/Tissues,2,0.001005530417295123,0.4549977938431253
Concerns/Issues about Third Party Involvement,Error by Third Party,2,0.0010695187165775401,1.7441582097319803
Concerns/Issues about Third Party Involvement,Error in Methods,2,0.0006508298080052066,0.058839072135536685
Concerns/Issues about Third Party Involvement,False/Forged Affiliation,2,0.0009886307464162135,0.37566484517304194
Concerns/Issues about Third Party Involvement,Lack of Approval from Company/Institution,2,0.000942507068803016,0.24916545853314004
Concerns/Issues about Third Party Involvement,Miscommunication with/by Author,2,0.0010362694300518134,0.7181827922425802
Concerns/Issues about Third Party Involvement,Withdrawn as Out of Date,2,0.0009128251939753537,0.20180342922518782
Conflict of Interest,Error by Journal/Publisher,2,0.0011723329425556857,0.18436901308885761
Conflict of Interest,False/Forged Affiliation,2,0.002,0.8518793886823628
Conflict of Interest,Lack of Approval from Third Party,2,0.0015936254980079682,0.36914773509569054
Conflict of Interest,Manipulation of Images,2,0.0009337068160597573,0.12424568496115238
Conflict of Interest,Miscommunication with/by Author,2,0.002205071664829107,1.6285929489515758
Conflict of Interest,Misconduct by Author,2,0.0007538635506973238,0.08988987055901554
Conflict of Interest,Plagiarism of Data,2,0.0013812154696132596,0.2583460043437959
Conflict of Interest,Plagiarism of Text,2,0.0006668889629876625,0.07571398395308146
Conflict of Interest,Taken from Dissertation/Thesis,2,0.0017006802721088435,0.44775331750151137
Conflict of Interest,Withdrawn as Out of Date,2,0.0017123287671232876,0.4576211592095337
Contamination of Cell Lines/Tissues,Copyright Claims,2,0.002347417840375587,1.2015093257329283
Contamination of Cell Lines/Tissues,Doing the Right Thing,2,0.006779661016949152,6.122396784800876
Contamination of Cell Lines/Tissues,Error in Methods,2,0.0014245014245014246,0.6687919379380878
Contamination of Materials,Error by Third Party,2,0.016666666666666666,39.897619047619045
Contamination of Materials,Investigation by Journal/Publisher,2,6.589134517181169e-05,0.05534929810074318
Contamination of Materials,Objections by Author(s),2,0.0005042864346949068,0.4309927983539094
Contamination of Materials,Upgrade/Update of Prior Notice(s),2,0.000864304235090752,0.7494186046511626
Copyright Claims,Error by Journal/Publisher,2,0.001256281407035176,0.2146981148091026
Copyright Claims,Error in Text,2,0.0013726835964310226,0.2525365554086181
Copyright Claims,Falsification/Fabrication of Data,2,0.0008350730688935282,0.11352288817077551
Copyright Claims,Notice - Lack of,2,0.0019138755980861245,0.5464491566186481
Copyright Claims,Unreliable Image,2,0.0020876826722338203,0.7245056233820278
Criminal Proceedings,Error in Methods,2,0.0015174506828528073,1.435673360107095
Criminal Proceedings,Euphemisms for Duplication,2,0.0008609556607834697,0.794405925925926
Criminal Proceedings,Lack of Approval from Company/Institution,2,0.005449591280653951,6.079637188208617
Criminal Proceedings,Notice - Limited or No Information,2,0.00016589250165892502,0.14916242454588444
Criminal Proceedings,Objections by Author(s),2,0.0005049229992426155,0.4597256515775034
Criminal Proceedings,Unreliable Data,2,0.0008264462809917355,0.7615736401079392
Criminal Proceedings,Unreliable Results and/or Conclusions,2,9.073998457420262e-05,0.08136440883709638
Date of Article and/or Notice Unknown,Error in Cell Lines/Tissues,2,0.000286000286000286,0.20665521802267325
Date of Article and/or Notice Unknown,Error in Materials,2,0.000281928390188892,0.09961841279041686
Date of Article and/or Notice Unknown,Investigation by ORI,2,0.0002783576896311761,0.06792164508437513
Doing the Right Thing,Ethical Violations by Author,2,0.0025673940949935813,1.5282261741906067
Doing the Right Thing,Lack of IRB/IACUC Approval and/or Compliance,2,0.0007220216606498195,0.37394001606712485
Doing the Right Thing,Misconduct - Official Investigation(s) and/or Finding(s),2,0.0011940298507462687,0.6396533954269573
Doing the Right Thing,Misconduct by Author,2,0.0010090817356205853,0.5333906289788642
Doing the Right Thing,Objections by Author(s),2,0.0004972650422675286,0.2535251755022997
Doing the Right Thing,Objections by Third Party,2,0.002306805074971165,1.3447556375892784
Doing the Right Thing,Unreliable Image,2,0.004987531172069825,3.6917823309098914
Doing the Right Thing,Withdrawn as Out of Date,2,0.004024144869215292,2.7154432020742183
Duplication of Content through Error by Journal/Publisher,Error by Journal/Publisher,2,0.001218769043266301,0.20051993741604868
Duplication of Content through Error by Journal/Publisher,Investigation by Journal/Publisher,2,6.448492664839594e-05,0.005967579310053174
Duplication of Data,Informed/Patient Consent - None/Withdrawn,2,0.000757002271006813,0.08033448331448659
Duplication of Data,Retract and Replace,2,0.0010188487009679063,0.13936815665922295
Duplication of Text,Error by Journal/Publisher,2,0.0014503263234227702,0.3099704032556419
Duplication of Text,Error in Analyses,2,0.001070090957731407,0.20077881619937696
Duplication of Text,Error in Materials,2,0.0029717682020802376,1.4322222222222225
Duplication of Text,Error in Results and/or Conclusions,2,0.0010384215991692627,0.19287523020257827
Duplication of Text,Lack of Approval from Third Party,2,0.0021551724137931034,0.6206296296296296
Duplication of Text,Manipulation of Images,2,0.0011019283746556473,0.20888805784093742
Duplication of Text,Miscommunication with/by Company/Institution,2,0.00408997955010225,25.38939393939394
Duplication of Text,Salami Slicing,2,0.003952569169960474,9.974404761904761
Duplication of/in Article,Error by Journal/Publisher,2,0.0004385964912280702,0.04064075213403663
Duplication of/in Article,Euphemisms for Misconduct,2,0.0005449591280653951,3.3288470611606367
Duplication of/in Article,Informed/Patient Consent - None/Withdrawn,2,0.0003800836183960471,0.022842992933728636
Duplication of/in Article,Results Not Reproducible,2,0.0004352557127312296,0.03912106588970833
Duplication of/in Article,Taken via Translation,2,0.0005451076587626056,3.6617317672767005
Duplication of/in Image,Error by Journal/Publisher,2,0.0003204101249599487,0.02784686385227552
Duplication of/in Image,Lack of Approval from Company/Institution,2,0.000354924578527063,0.08534021881258587
Duplication of/in Image,Publishing Ban,2,0.00036886757654002215,0.3097533868012376
Duplication of/in Image,Retract and Replace,2,0.0003192338387869114,0.027153705985822778
Duplication of/in Image,Salami Slicing,2,0.00037250884708511827,0.8960722975321516
Error by Journal/Publisher,Error in Results and/or Conclusions,2,0.0008521516829995739,0.1027526198637487
Error by Journal/Publisher,Lack of Approval from Third Party,2,0.0014825796886582653,0.330635096806018
Error by Journal/Publisher,Legal Reasons and/or Threats,2,0.001976284584980237,1.3166884386080362
Error by Journal/Publisher,Miscommunication with/by Author,2,0.001998001998001998,1.4586842506147855
Error by Journal/Publisher,Miscommunication with/by Journal/Publisher,2,0.0021810250817884407,8.265877420150451
Error by Journal/Publisher,Not Presented at Conference,2,0.002136752136752137,4.021237663856976
Error by Third Party,Error in Cell Lines/Tissues,2,0.014925373134328358,33.95542046605876
Error by Third Party,Error in Materials,2,0.00851063829787234,16.36825396825397
Error by Third Party,Error in Text,2,0.0024813895781637717,4.166853164242199
Error by Third Party,Euphemisms for Plagiarism,2,0.0005220569042025581,0.84194395246888
Error by Third Party,Investigation by Third Party,2,0.0001136945028707862,0.1818591261927824
Error by Third Party,Lack of Approval from Third Party,2,0.004081632653061225,7.092910052910054
Error by Third Party,Miscommunication with/by Third Party,2,0.038461538461538464,265.98412698412704
Error by Third Party,Objections by Author(s),2,0.0005091649694501018,0.8209386635312562
Error by Third Party,Plagiarism of Data,2,0.0029282576866764276,4.963933940605792
Error by Third Party,Plagiarism of/in Article,2,0.0006865774116031583,1.1109674639086407
Error by Third Party,Results Not Reproducible,2,0.0020491803278688526,3.4100529100529102
Error in Analyses,Temporary Removal,2,0.001364256480218281,1.251608204879233
Error in Cell Lines/Tissues,Investigation by Company/Institution,2,0.0005950609937518596,0.4362580787930462
Error in Cell Lines/Tissues,Miscommunication with/by Author,2,0.010309278350515464,13.981643721318314
Error in Image,Lack of Approval from Company/Institution,2,0.0016194331983805667,0.4835342408437394
Error in Image,Lack of Approval from Third Party,2,0.0014378145219266715,0.3159090373512431
Error in Image,Taken from Dissertation/Thesis,2,0.001524390243902439,0.38317807764975576
Error in Image,Updated to Retraction,2,0.0020768431983385254,6.4617757640027
Error in Materials,Euphemisms for Duplication,2,0.0008186655751125665,0.3055407407407408
Error in Materials,Euphemisms for Plagiarism,2,0.000502008032128514,0.18134177437791263
Error in Materials,Miscommunication with/by Author,2,0.006779661016949152,6.739869281045752
Error in Materials,Plagiarism of Image,2,0.001885014137606032,0.7920122887864824
Error in Materials,Plagiarism of/in Article,2,0.0006523157208088715,0.2392852999187841
Error in Materials,Unreliable Image,2,0.004347826086956522,2.57478152309613
Error in Methods,Falsification/Fabrication of Image,2,0.0011204481792717086,0.19866328783769763
Error in Methods,Manipulation of Results,2,0.0015552099533437014,2.504081442047259
Error in Methods,Objections by Company/Institution,2,0.0015735641227380016,3.845553643144004
Error in Results and/or Conclusions,Euphemisms for Plagiarism,2,0.0003818980332251289,0.02442102624564431
Error in Results and/or Conclusions,Falsification/Fabrication of Results,2,0.0012795905310300703,0.7912829957028852
Error in Results and/or Conclusions,Informed/Patient Consent - None/Withdrawn,2,0.0006559527714004591,0.0577542797861744
Error in Results and/or Conclusions,Manipulation of Images,2,0.0007186489399928135,0.06924466005776932
Error in Results and/or Conclusions,Plagiarism of Image,2,0.000864304235090752,0.10665911347608015
Error in Results and/or Conclusions,Plagiarism of Text,2,0.0005494505494505495,0.04219695100147565
Error in Results and/or Conclusions,Taken from Dissertation/Thesis,2,0.001100715465052284,0.2495420768119611
Error in Results and/or Conclusions,Temporary Removal,2,0.0013131976362442547,1.2023390973667218
Ethical Violations by Author,Manipulation of Results,2,0.0029154518950437317,4.833459527672616
Ethical Violations by Author,Miscommunication with/by Author,2,0.0026845637583892616,2.0376348989208086
Ethical Violations by Author,Results Not Reproducible,2,0.001266624445851805,0.2220499569336779
Ethical Violations by Company/Institution/Third Party,False/Forged Authorship,2,0.0021691973969631237,5.164939318050472
Ethical Violations by Company/Institution/Third Party,Falsification/Fabrication of Data,2,0.0011554015020219526,2.7128055690464628
Ethical Violations by Company/Institution/Third Party,Investigation by ORI,2,0.006389776357827476,16.163009404388717
Ethical Violations by Company/Institution/Third Party,Misconduct by Third Party,2,0.02631578947368421,94.33919774806475
Ethical Violations by Company/Institution/Third Party,Plagiarism of Data,2,0.0029850746268656717,7.189145707084251
Euphemisms for Duplication,Publishing Ban,2,0.0008587376556462001,0.7355610425240056
Euphemisms for Misconduct,Falsification/Fabrication of Image,2,0.003629764065335753,22.485072123448507
Euphemisms for Misconduct,Investigation by Journal/Publisher,2,6.60414740457007e-05,0.40254034982358683
Euphemisms for Misconduct,Misconduct by Author,2,0.0010770059235325794,6.594647776465958
Euphemisms for Plagiarism,Informed/Patient Consent - None/Withdrawn,2,0.000370919881305638,0.022059666876913884
False/Forged Affiliation,Hoax Paper,2,0.009615384615384616,45.83111111111112
False/Forged Affiliation,Manipulation of Images,2,0.00130718954248366,0.5141859885315383
False/Forged Affiliation,Misconduct by Author,2,0.0009799118079372856,0.372005772005772
False/Forged Affiliation,Original Data and/or Images not Provided and/or not Available,2,0.0007627765064836003,0.28302456429257583
False/Forged Affiliation,Publishing Ban,2,0.0072992700729927005,8.487242798353911
False/Forged Affiliation,Unreliable Data,2,0.0007874015748031496,0.29291293850305355
False/Forged Authorship,Hoax Paper,2,0.0022026431718061676,9.985549348230913
False/Forged Authorship,Miscommunication with/by Author,2,0.0020100502512562816,1.4684631394457226
False/Forged Authorship,Notice - Lack of,2,0.0016038492381716118,0.4231164978063946
False/Forged Authorship,Publishing Ban,2,0.002053388090349076,1.849175805227947
False/Forged Authorship,Unreliable Image,2,0.0017241379310344827,0.560985918439939
Falsification/Fabrication of Data,Legal Reasons and/or Threats,2,0.0011019283746556473,0.6962067389588267
Falsification/Fabrication of Data,Objections by Company/Institution,2,0.0011560693641618498,2.8096914822266936
Falsification/Fabrication of Image,Informed/Patient Consent - None/Withdrawn,2,0.0009332711152589828,0.15429556666121869
Falsification/Fabrication of Image,Lack of Approval from Author,2,0.0017985611510791368,0.4324052331432405
Falsification/Fabrication of Image,Lack of Approval from Company/Institution,2,0.002398081534772182,0.8412782087004543
Falsification/Fabrication of Image,Misconduct by Third Party,2,0.003395585738539898,5.047669252202726
Falsification/Fabrication of Results,Manipulation of Images,2,0.0013774104683195593,0.8569766475525638
Falsification/Fabrication of Results,Objections by Third Party,2,0.0023584905660377358,1.563134758223435
Falsification/Fabrication of Results,Paper Mill,2,0.0001691045911896508,0.09782938676381299
Informed/Patient Consent - None/Withdrawn,Miscommunication with/by Author,2,0.0011743981209630064,0.819884285591966
Informed/Patient Consent - None/Withdrawn,Miscommunication with/by Third Party,2,0.0012399256044637321,6.969016427531712
Informed/Patient Consent - None/Withdrawn,Results Not Reproducible,2,0.0007883326763894363,0.08934636445553476
Informed/Patient Consent - None/Withdrawn,Rogue Editor,2,0.0004363001745200698,0.02803493031524658
Investigation by Company/Institution,Manipulation of Data,2,0.0006069802731411229,1.4645806930909409
Investigation by Company/Institution,Rogue Editor,2,0.00032,0.01374732128948922
Investigation by Company/Institution,Updated to Retraction,2,0.0006080875646093037,1.8640117912066523
Investigation by Journal/Publisher,Miscommunication with/by Journal/Publisher,2,6.602621240632531e-05,0.24599688044774748
Investigation by Journal/Publisher,Objections by Company/Institution,2,6.600442229629385e-05,0.1581408517164091
Investigation by Journal/Publisher,Transfer of Copyright and/or Ownership,2,6.597176408497163e-05,0.10297543832696407
Investigation by ORI,Lack of IRB/IACUC Approval and/or Compliance,2,0.0006849315068493151,0.17781763001793352
Investigation by ORI,Plagiarism of/in Article,2,0.0006335128286347799,0.16314906812644372
Investigation by ORI,Retract and Replace,2,0.0016556291390728477,0.5072805981896891
Investigation by Third Party,Miscommunication with/by Journal/Publisher,2,0.0001138498320714977,0.4243379611164922
Investigation by Third Party,Misconduct by Third Party,2,0.00011364927832708262,0.1558792510223849
Investigation by Third Party,Taken via Peer Review,2,0.00011381743683132256,0.3320905782650809
Investigation by Third Party,Taken via Translation,2,0.00011390170283045732,0.7638083300096861
Lack of Approval from Author,Objections by Third Party,2,0.0015349194167306216,0.3197321096366117
Lack of Approval from Author,Results Not Reproducible,2,0.0013280212483399733,0.2503885003885004
Lack of Approval from Author,Taken from Dissertation/Thesis,2,0.0021253985122210413,0.6317079147267828
Lack of Approval from Company/Institution,Objections by Company/Institution,2,0.00625,16.28474246841594
Lack of Approval from Company/Institution,Plagiarism of/in Article,2,0.000631911532385466,0.15870963770123434
Lack of Approval from Company/Institution,Retract and Replace,2,0.001644736842105263,0.4934770444974526
Lack of Approval from Company/Institution,Taken from Dissertation/Thesis,2,0.0030165912518853697,1.229037167427618
Lack of Approval from Third Party,Original Data and/or Images not Provided and/or not Available,2,0.0006951685783802572,0.12264397786011622
Lack of Approval from Third Party,Results Not Reproducible,2,0.001445086705202312,0.3182716049382716
Lack of IRB/IACUC Approval and/or Compliance,Notice - Limited or No Information,2,0.0001368269822809058,0.004243999180933738
Lack of IRB/IACUC Approval and/or Compliance,Objections by Company/Institution,2,0.0007513148009015778,1.816280078040321
Lack of IRB/IACUC Approval and/or Compliance,Plagiarism of Data,2,0.0006103143118706134,0.0790915119519891
Lack of IRB/IACUC Approval and/or Compliance,Publishing Ban,2,0.0007366482504604051,0.6278499035201109
Legal Reasons and/or Threats,Notice - Lack of,2,0.004301075268817204,3.351232438378081
Manipulation of Data,Unreliable Image,2,0.006825938566552901,17.93151417870519
Miscommunication with/by Author,Misconduct by Author,2,0.001026694045174538,0.7111875053051523
Miscommunication with/by Author,Notice - Limited or No Information,2,0.00016552180749813787,0.1096782533425621
Miscommunication with/by Author,Upgrade/Update of Prior Notice(s),2,0.0008561643835616438,0.5877792977656179
Miscommunication with/by Company/Institution,Unreliable Data,2,0.0008488964346349745,5.192547546190495
Miscommunication with/by Third Party,Removed,2,0.0005008765339343851,2.804753535860742
Misconduct - Official Investigation(s) and/or Finding(s),Taken from Dissertation/Thesis,2,0.0010471204188481676,0.23448210721850726
Misconduct by Third Party,Unreliable Results and/or Conclusions,2,9.084714967067908e-05,0.12453736046494343
Notice - Lack of,Objections by Author(s),2,0.0004716981132075472,0.0973995024528609
Notice - Limited or No Information,Plagiarism of Image,2,0.00015565413650867773,0.01288845834209831
Notice - Limited or No Information,Publishing Ban,2,0.000165809981760902,0.1381133560610041
Notice - Limited or No Information,Taken from Dissertation/Thesis,2,0.00016191709844559586,0.030154128951324344
Notice - Unable to Access via current resources,Upgrade/Update of Prior Notice(s),2,0.0008281573498964803,0.33123474238725426
Objections by Company/Institution,Objections by Third Party,2,0.002635046113306983,6.531670239719353
Objections by Company/Institution,Plagiarism of Data,2,0.0029895366218236174,7.445900910908687
Objections by Company/Institution,Unreliable Data,2,0.0008428150021070375,2.0399293931462656
Plagiarism of Data,Publishing Ban,2,0.002770083102493075,2.573891672906707
Plagiarism of Image,Retract and Replace,2,0.0011173184357541898,0.1671454505555888
Plagiarism of/in Article,Unreliable Image,2,0.0006373486297004461,0.17475892690697714
Publishing Ban,Taken from Dissertation/Thesis,2,0.0044444444444444444,4.460949718811355
Removed,Unreliable Image,2,0.00047080979284369113,0.1260563386903704
Results Not Reproducible,Withdrawn as Out of Date,2,0.0015420200462606013,0.3945515763697582
Retract and Replace,Unreliable Image,2,0.001682085786375105,0.5433792175365209
Rogue Editor,Unreliable Image,2,0.0006157635467980296,0.16831458163048788
Taken from Dissertation/Thesis,Upgrade/Update of Prior Notice(s),2,0.0007677543186180423,0.1615996991161537
Unreliable Data,Withdrawn as Out of Date,2,0.0007385524372230429,0.1573499256421362
Author Unresponsive,Complaints about Third Party,1,0.00031220730565095225,2.3310033037732567
Author Unresponsive,Contamination of Materials,1,0.00030543677458766036,0.2622378716744914
Author Unresponsive,Doing the Right Thing,1,0.0003003003003003003,0.15425757157323022
Author Unresponsive,Duplication of Content through Error by Journal/Publisher,1,0.00025406504065040653,0.028273624978381824
Author Unresponsive,Error by Third Party,1,0.00030902348578491963,0.4995007079514122
Author Unresponsive,Falsification/Fabrication of Results,1,0.0003020235578375113,0.17930794644409667
Author Unresponsive,Hoax Paper,1,0.0003116235587410408,1.3986019822639542
Author Unresponsive,Investigation by ORI,1,0.00028735632183908046,0.07335325081803956
Author Unresponsive,Legal Reasons and/or Threats,1,0.0003023888720895071,0.18565513038902046
Author Unresponsive,Misconduct by Company/Institution,1,0.0003123048094940662,2.622378716744914
Author Unresponsive,Objections by Company/Institution,1,0.00031036623215394165,0.7492510619271183
Author Unresponsive,Temporary Removal,1,0.0003057169061449098,0.27245493160986123
Author Unresponsive,Updated to Retraction,1,0.0003109452736318408,0.9535922606345144
Bias Issues or Lack of Balance,Breach of Policy by Author,1,0.00020475020475020476,0.14146479420194424
Bias Issues or Lack of Balance,Concerns/Issues about Authorship/Affiliation,1,0.00033145508783559825,0.2319460448956852
Bias Issues or Lack of Balance,Copyright Claims,1,0.0012642225031605564,0.9769848557727346
Bias Issues or Lack of Balance,Criminal Proceedings,1,0.005780346820809248,9.027340067340068
Bias Issues or Lack of Balance,Doing the Right Thing,1,0.004273504273504274,4.978312537136066
Bias Issues or Lack of Balance,Duplication of/in Image,1,0.0001837897445322551,0.1267172946005063
Bias Issues or Lack of Balance,Error by Journal/Publisher,1,0.001001001001001001,0.7514434018318592
Bias Issues or Lack of Balance,Euphemisms for Duplication,1,0.00042589437819420784,0.3009113355780023
Bias Issues or Lack of Balance,Euphemisms for Plagiarism,1,0.00025713551041398817,0.17859417173582304
Bias Issues or Lack of Balance,False/Forged Authorship,1,0.0010070493454179255,0.7564810112296148
Bias Issues or Lack of Balance,Lack of Approval from Third Party,1,0.0018248175182481751,1.5045566778900115
Bias Issues or Lack of Balance,Legal Reasons and/or Threats,1,0.004739336492890996,5.991597389827479
Bias Issues or Lack of Balance,Misconduct - Official Investigation(s) and/or Finding(s),1,0.0006101281269066504,0.4393578877680111
Bias Issues or Lack of Balance,Misconduct by Author,1,0.0005138746145940391,0.3663693209147755
Bias Issues or Lack of Balance,Notice - Limited or No Information,1,8.277460475126231e-05,0.0565009183885926
Bias Issues or Lack of Balance,Notice - Unable to Access via current resources,1,0.0035842293906810036,3.7406105251409123
Bias Issues or Lack of Balance,Original Data and/or Images not Provided and/or not Available,1,0.0003957261574990107,0.27873631331844595
Bias Issues or Lack of Balance,Plagiarism of/in Article,1,0.0003365870077415012,0.23565976507152983
Bias Issues or Lack of Balance,Retract and Replace,1,0.0009784735812133072,0.732738641829551
Bias Issues or Lack of Balance,Unreliable Image,1,0.0027397260273972603,2.5357696818370976
Breach of Policy by Author,Complaints about Third Party,1,0.00020859407592824363,1.5561127362213865
Breach of Policy by Author,Concerns/Issues about Human Subject Welfare,1,0.000185459940652819,0.02307251173969107
Breach of Policy by Author,Concerns/Issues about Methods,1,0.00019936204146730463,0.06062776894369038
Breach of Policy by Author,Contamination of Materials,1,0.00020554984583761563,0.17506268282490597
Breach of Policy by Author,Duplication of Content through Error by Journal/Publisher,1,0.0001809299800977022,0.01887468278435644
Breach of Policy by Author,Error in Analyses,1,0.00016191709844559586,0.010068306704523708
Breach of Policy by Author,Error in Results and/or Conclusions,1,0.00016043638697256537,0.009671971426790387
Breach of Policy by Author,Euphemisms for Misconduct,1,0.0002085070892410342,1.2731831478174982
Breach of Policy by Author,Falsification/Fabrication of Results,1,0.0002039983680130559,0.11970097970933742
Breach of Policy by Author,Hoax Paper,1,0.00020833333333333335,0.933667641732832
Breach of Policy by Author,Informed/Patient Consent - None/Withdrawn,1,0.00015654351909830932,0.00873675272987678
Breach of Policy by Author,Miscommunication with/by Journal/Publisher,1,0.00020820320632937748,0.7780563681106932
Breach of Policy by Author,Unreliable Image,1,0.0001979414093428345,0.0524532382995973
Cites Retracted Work,Concerns/Issues about Human Subject Welfare,1,0.0012315270935960591,0.536043889253211
Cites Retracted Work,Duplication of Text,1,0.00145985401459854,0.6778721682847897
Cites Retracted Work,Error in Results and/or Conclusions,1,0.0006049606775559589,0.22470900606125624
Cites Retracted Work,Ethical Violations by Author,1,0.001176470588235294,0.5044630089561226
Cites Retracted Work,False/Forged Affiliation,1,0.0025,1.6686084142394824
Cites Retracted Work,Falsification/Fabrication of Image,1,0.0013386880856760374,0.600329595528965
Cites Retracted Work,Informed/Patient Consent - None/Withdrawn,1,0.0005530973451327434,0.20298106099606925
Cites Retracted Work,Lack of Approval from Company/Institution,1,0.002004008016032064,1.1067300706690444
Cites Retracted Work,Miscommunication with/by Author,1,0.003257328990228013,3.1899866742813634
Cites Retracted Work,Misconduct by Company/Institution,1,0.004694835680751174,40.67233009708738
Cites Retracted Work,Plagiarism of Data,1,0.0011792452830188679,0.5060321007413672
Cites Retracted Work,Plagiarism of Image,1,0.0009319664492078285,0.37486018522661185
Cites Retracted Work,Unreliable Image,1,0.00211864406779661,1.2186465946692848
Civil Proceedings,Complaints about Author,1,0.007874015748031496,23.93857142857143
Civil Proceedings,Complaints about Third Party,1,0.027777777777777776,265.984126984127
Civil Proceedings,Concerns/Issues about Authorship/Affiliation,1,0.00033944331296673454,0.8200949444526012
Civil Proceedings,Concerns/Issues about Image,1,0.00031938677738741617,0.7712168630338734
Civil Proceedings,Conflict of Interest,1,0.001199040767386091,2.9663657284475127
Civil Proceedings,Contamination of Materials,1,0.009345794392523364,29.923214285714288
Civil Proceedings,Copyright Claims,1,0.001388888888888889,3.4543393114821686
Civil Proceedings,Date of Article and/or Notice Unknown,1,0.0001443418013856813,0.3468855445380587
Civil Proceedings,Ethical Violations by Company/Institution/Third Party,1,0.017857142857142856,82.54679802955665
Civil Proceedings,Informed/Patient Consent - None/Withdrawn,1,0.0006134969325153375,1.4933606630425094
Civil Proceedings,Investigation by ORI,1,0.003194888178913738,8.37012987012987
Civil Proceedings,Legal Reasons and/or Threats,1,0.007142857142857143,21.18457648546144
Civil Proceedings,Misconduct by Third Party,1,0.013157894736842105,48.85422740524781
Civil Proceedings,No Further Action,1,0.030303030303030304,398.9761904761905
Civil Proceedings,Notice - Unable to Access via current resources,1,0.004807692307692308,13.225730071033938
Civil Proceedings,Objections by Third Party,1,0.0013157894736842105,3.2658351198596764
Civil Proceedings,Plagiarism of Text,1,0.00045024763619990995,1.0910925901810131
Civil Proceedings,Results Not Reproducible,1,0.0010384215991692627,2.5575396825396823
Complaints about Author,Concerns/Issues about Article,1,0.0005399568034557236,0.38236166571591557
Complaints about Author,Concerns/Issues about Human Subject Welfare,1,0.00141643059490085,1.1042504118616145
Complaints about Author,Conflict of Interest,1,0.0011037527593818985,0.8305824039653038
Complaints about Author,Doing the Right Thing,1,0.00425531914893617,4.928529411764706
Complaints about Author,Duplication of Text,1,0.0017271157167530224,1.3964166666666669
Complaints about Author,Duplication of/in Image,1,0.00018375597206909226,0.12545012165450123
Complaints about Author,Error in Results and/or Conclusions,1,0.0006464124111182935,0.4629005524861879
Complaints about Author,Error in Text,1,0.0011560693641618498,0.8750391644908617
Complaints about Author,Euphemisms for Duplication,1,0.0004257130693912303,0.29790222222222223
Complaints about Author,Euphemisms for Plagiarism,1,0.0002570694087403599,0.1768082300184648
Complaints about Author,Lack of Approval from Company/Institution,1,0.002544529262086514,2.2798639455782315
Complaints about Author,Misconduct - Official Investigation(s) and/or Finding(s),1,0.0006097560975609756,0.43496430889033094
Complaints about Author,Notice - Limited or No Information,1,8.276775368316503e-05,0.05593590920470667
Complaints about Author,Plagiarism of Data,1,0.0013477088948787063,1.0424261275272162
Complaints about Author,Results Not Reproducible,1,0.000966183574879227,0.7161111111111111
Complaints about Author,Retract and Replace,1,0.0009775171065493646,0.7254112554112555
Complaints about Company/Institution,Compromised Peer Review,1,8.93016610108948e-05,1.1975701268536716
Complaints about Company/Institution,Computer-Aided Content or Computer-Generated Content,1,0.000107284626113078,1.438832242138027
Complaints about Company/Institution,Concerns/Issues about Data,1,6.970098278385725e-05,0.9346440772502266
Complaints about Company/Institution,Concerns/Issues about Referencing/Attributions,1,6.643194047698133e-05,0.8907967306797795
Complaints about Company/Institution,Concerns/Issues about Results and/or Conclusions,1,0.00010780508840017249,1.4458153580672994
Complaints about Company/Institution,Concerns/Issues about Third Party Involvement,1,0.0005452562704471102,7.325464480874317
Complaints about Company/Institution,Error in Data,1,0.0005184033177812338,6.9639480519480506
Complaints about Company/Institution,Falsification/Fabrication of Data,1,0.000585480093676815,7.867136150234741
Complaints about Company/Institution,Investigation by Journal/Publisher,1,3.302618976848641e-05,0.44279438480594546
Complaints about Company/Institution,Investigation by Third Party,1,5.696382796923953e-05,0.7638083300096861
Complaints about Company/Institution,Paper Mill,1,8.535336292249915e-05,1.144603825136612
Complaints about Third Party,Concerns/Issues about Authorship/Affiliation,1,0.00034164673727365904,2.551406493852537
Complaints about Third Party,Concerns/Issues about Data,1,6.968155529231412e-05,0.5192467095834592
Complaints about Third Party,Concerns/Issues about Peer Review,1,8.737439930100481e-05,0.6511808652230091
Complaints about Third Party,Concerns/Issues about Third Party Involvement,1,0.000544069640914037,4.06970248937462
Complaints about Third Party,Conflict of Interest,1,0.001226993865030675,9.228693377392263
Complaints about Third Party,Ethical Violations by Company/Institution/Third Party,1,0.02702702702702703,256.81226053639847
Complaints about Third Party,Euphemisms for Plagiarism,1,0.00026322716504343247,1.9645358890940532
Complaints about Third Party,False/Forged Authorship,1,0.0011074197120708748,8.32129112352576
Complaints about Third Party,Falsification/Fabrication of Data,1,0.0005841121495327102,4.370631194574856
Complaints about Third Party,Informed/Patient Consent - None/Withdrawn,1,0.0006207324643078833,4.646010951687807
Complaints about Third Party,Investigation by Third Party,1,5.695085141522866e-05,0.4243379611164922
Complaints about Third Party,Lack of IRB/IACUC Approval and/or Compliance,1,0.00037821482602118004,2.8253245658404986
Complaints about Third Party,Misconduct - Official Investigation(s) and/or Finding(s),1,0.0006455777921239509,4.832936765448122
Complaints about Third Party,Misconduct by Author,1,0.0005387931034482759,4.03006253006253
Complaints about Third Party,Misconduct by Third Party,1,0.017543859649122806,151.99092970521542
Complaints about Third Party,Paper Mill,1,8.532423208191126e-05,0.6358910139647844
Complaints about Third Party,Results Not Reproducible,1,0.001059322033898305,7.9567901234567895
Compromised Peer Review,Duplication of Content through Error by Journal/Publisher,1,8.378718056137411e-05,0.008069879561008568
Compromised Peer Review,Error by Third Party,1,8.900756564307967e-05,0.14256787224448472
Compromised Peer Review,Error in Image,1,8.239947264337508e-05,0.006349788583529543
Compromised Peer Review,Falsification/Fabrication of Results,1,8.841732979664014e-05,0.0511782105493022
Compromised Peer Review,Lack of Approval from Company/Institution,1,8.705493166187865e-05,0.020366838892069243
Compromised Peer Review,Miscommunication with/by Author,1,8.853474988933157e-05,0.05870441798302312
Compromised Peer Review,Miscommunication with/by Third Party,1,8.92458723784025e-05,0.49898755285569657
Compromised Peer Review,Notice - Lack of,1,8.660258075690655e-05,0.0169148323001931
Compromised Peer Review,Notice - Unable to Access via current resources,1,8.791981712678038e-05,0.033082047703140105
Compromised Peer Review,Taken from Dissertation/Thesis,1,8.647526807333103e-05,0.016139759122017136
Compromised Peer Review,Transfer of Copyright and/or Ownership,1,8.8999644001424e-05,0.13925234033182227
Computer-Aided Content or Computer-Generated Content,Error in Materials,1,0.00010514141520344864,0.036893134413795575
Computer-Aided Content or Computer-Generated Content,Error in Results and/or Conclusions,1,9.29022668153103e-05,0.004968343377548437
Computer-Aided Content or Computer-Generated Content,Hoax Paper,1,0.00010716964955524595,0.47961074737934245
Computer-Aided Content or Computer-Generated Content,Investigation by ORI,1,0.00010414496979795876,0.02515440982758789
Computer-Aided Content or Computer-Generated Content,Lack of Approval from Author,1,0.0001011326860841424,0.012577204913793945
Computer-Aided Content or Computer-Generated Content,Lack of Approval from Company/Institution,1,0.0001040582726326743,0.02446993609078278
Computer-Aided Content or Computer-Generated Content,Manipulation of Images,1,9.387027128508402e-05,0.005380823642999353
Computer-Aided Content or Computer-Generated Content,Notice - Lack of,1,0.00010341261633919338,0.020322489295734845
Computer-Aided Content or Computer-Generated Content,Notice - Unable to Access via current resources,1,0.00010529640939243972,0.039746747020387496
Computer-Aided Content or Computer-Generated Content,Publishing Ban,1,0.00010641694157709908,0.08881680507024861
Computer-Aided Content or Computer-Generated Content,Unreliable Image,1,0.00010435145570280705,0.026944424010075418
Concerns/Issues about Animal Welfare,Concerns/Issues about Article,1,0.0005534034311012728,0.695203028574392
Concerns/Issues about Animal Welfare,Concerns/Issues about Human Subject Welfare,1,0.0015128593040847202,2.0077280215665723
Concerns/Issues about Animal Welfare,Concerns/Issues about Third Party Involvement,1,0.0005307855626326964,0.6659513164431198
Concerns/Issues about Animal Welfare,Conflict of Interest,1,0.0011614401858304297,1.5101498253914614
Concerns/Issues about Animal Welfare,Error in Analyses,1,0.0006920415224913495,0.876125743415463
Concerns/Issues about Animal Welfare,Error in Cell Lines/Tissues,1,0.006756756756756757,12.964796905222437
Concerns/Issues about Animal Welfare,Error in Data,1,0.0005053057099545225,0.633086186540732
Concerns/Issues about Animal Welfare,Error in Materials,1,0.004016064257028112,6.24969696969697
Concerns/Issues about Animal Welfare,Error in Methods,1,0.0007698229407236335,0.9788682000730193
Concerns/Issues about Animal Welfare,Error in Text,1,0.0012195121951219512,1.590980299074294
Concerns/Issues about Animal Welfare,Ethical Violations by Author,1,0.001430615164520744,1.8894432699083865
Concerns/Issues about Animal Welfare,Informed/Patient Consent - None/Withdrawn,1,0.0006035003017501509,0.760256337548914
Concerns/Issues about Animal Welfare,Investigation by Company/Institution,1,0.0003009328919650918,0.3728023582413304
Concerns/Issues about Animal Welfare,Lack of Approval from Author,1,0.001597444089456869,2.1305785123966947
Concerns/Issues about Animal Welfare,Lack of Approval from Company/Institution,1,0.0028735632183908046,4.145207173778603
Concerns/Issues about Animal Welfare,Plagiarism of Data,1,0.0014347202295552368,1.8953202318676663
Concerns/Issues about Animal Welfare,Plagiarism of/in Article,1,0.00034164673727365904,0.42418757712875366
Concerns/Issues about Animal Welfare,Rogue Editor,1,0.00032927230819888045,0.4085453935940024
Concerns/Issues about Animal Welfare,Unreliable Image,1,0.003115264797507788,4.564385427306775
Concerns/Issues about Animal Welfare,Updated to Correction,1,0.016666666666666666,203.11515151515152
Concerns/Issues about Article,Copyright Claims,1,0.00040899795501022495,0.05517484353765016
Concerns/Issues about Article,Duplication of Content through Error by Journal/Publisher,1,0.00040096230954290296,0.051531221794597785
Concerns/Issues about Article,Lack of Approval from Company/Institution,1,0.0004887585532746823,0.1300549883387468
Concerns/Issues about Article,Taken from Dissertation/Thesis,1,0.0004710315591144607,0.10306244358919557
Concerns/Issues about Article,Taken via Translation,1,0.0005675368898978433,3.823616657159155
Concerns/Issues about Authorship/Affiliation,Error by Third Party,1,0.00033783783783783786,0.5467299629684009
Concerns/Issues about Authorship/Affiliation,Error in Cell Lines/Tissues,1,0.00033200531208499334,0.2442836004752429
Concerns/Issues about Authorship/Affiliation,Euphemisms for Misconduct,1,0.0003414134516899966,2.087514404061167
Concerns/Issues about Authorship/Affiliation,Hoax Paper,1,0.00034094783498124785,1.5308438963115223
Concerns/Issues about Authorship/Affiliation,Miscommunication with/by Journal/Publisher,1,0.0003405994550408719,1.2757032469262686
Concerns/Issues about Authorship/Affiliation,Misconduct by Third Party,1,0.0003370407819346141,0.4686256825443436
Concerns/Issues about Authorship/Affiliation,Publishing Ban,1,0.00033344448149383126,0.2834896104280597
Concerns/Issues about Authorship/Affiliation,Taken via Peer Review,1,0.00034002040122407346,0.9983764541162102
Concerns/Issues about Authorship/Affiliation,Updated to Retraction,1,0.0003401360544217687,1.0437572020305834
Concerns/Issues about Data,Miscommunication with/by Third Party,1,6.966699177929497e-05,0.3894350321875945
Concerns/Issues about Data,Misconduct by Company/Institution,1,6.968641114982578e-05,0.5841525482813916
Concerns/Issues about Data,Taken via Translation,1,6.967670011148272e-05,0.4673220386251133
Concerns/Issues about Data,Withdrawn to Publish in Different Journal,1,6.739906989283548e-05,0.009440849265153805
Concerns/Issues about Human Subject Welfare,Criminal Proceedings,1,0.0014684287812041115,1.4723338824821528
Concerns/Issues about Human Subject Welfare,Duplication of Data,1,0.0006071645415907711,0.10607592813271993
Concerns/Issues about Human Subject Welfare,Duplication of Text,1,0.0009208103130755065,0.23005216913783635
Concerns/Issues about Human Subject Welfare,Error in Results and/or Conclusions,1,0.0004868549172346641,0.07626038755950378
Concerns/Issues about Human Subject Welfare,False/Forged Affiliation,1,0.0012484394506866417,0.5662822624931357
Concerns/Issues about Human Subject Welfare,Falsification/Fabrication of Data,1,0.0004329004329004329,0.06480342792615108
Concerns/Issues about Human Subject Welfare,Lack of Approval from Author,1,0.0008488964346349745,0.19305077130447806
Concerns/Issues about Human Subject Welfare,Misconduct by Author,1,0.00040749796251018743,0.059753810165671786
Concerns/Issues about Human Subject Welfare,Results Not Reproducible,1,0.0006485084306095979,0.11797547135273659
Concerns/Issues about Human Subject Welfare,Rogue Editor,1,0.00027862914460852607,0.037018116388253926
Concerns/Issues about Image,Criminal Proceedings,1,0.00031466331025802394,0.2879209621993127
Concerns/Issues about Image,Doing the Right Thing,1,0.00030873726458783575,0.15877994238932686
Concerns/Issues about Image,Error by Third Party,1,0.0003179650238473768,0.5141445753559156
Concerns/Issues about Image,Falsification/Fabrication of Results,1,0.00031055900621118014,0.1845647193585338
Concerns/Issues about Image,Notice - Lack of,1,0.0002892681515765114,0.06100020385578659
Concerns/Issues about Image,Salami Slicing,1,0.00031938677738741617,0.7712168630338734
Concerns/Issues about Methods,Contamination of Cell Lines/Tissues,1,0.0025575447570332483,1.802263988599392
Concerns/Issues about Methods,Duplication of Text,1,0.0014084507042253522,0.6045093795093794
Concerns/Issues about Methods,Duplication of/in Article,1,0.00025700334104343357,0.07925826336096753
Concerns/Issues about Methods,Error in Materials,1,0.002352941176470588,1.488023088023088
Concerns/Issues about Methods,Ethical Violations by Author,1,0.001142857142857143,0.44986744521628247
Concerns/Issues about Methods,Falsification/Fabrication of Results,1,0.002881844380403458,2.4800384800384796
Concerns/Issues about Methods,Lack of Approval from Third Party,1,0.0014705882352941176,0.6448100048100048
Concerns/Issues about Methods,Legal Reasons and/or Threats,1,0.0029154518950437317,2.567827452783205
Concerns/Issues about Methods,Manipulation of Data,1,0.003875968992248062,10.363017934446505
Concerns/Issues about Methods,Misconduct - Official Investigation(s) and/or Finding(s),1,0.000564652738565782,0.1882962376148619
Concerns/Issues about Methods,Notice - Lack of,1,0.0017123287671232876,0.8196737349279721
Concerns/Issues about Methods,Notice - Limited or No Information,1,8.187996397281586e-05,0.024214679309396824
Concerns/Issues about Methods,Objections by Company/Institution,1,0.003875968992248062,10.363017934446505
Concerns/Issues about Methods,Plagiarism of Image,1,0.0009107468123861566,0.3342909011111776
Concerns/Issues about Methods,Retract and Replace,1,0.0008665511265164644,0.3140308464983789
Concerns/Issues about Methods,Rogue Editor,1,0.0003112356053532524,0.09727271276047675
Concerns/Issues about Methods,Unreliable Image,1,0.002012072434607646,1.0867584350730417
Concerns/Issues about Peer Review,Copyright Claims,1,8.244702778464837e-05,0.008456894353545573
Concerns/Issues about Peer Review,Error by Third Party,1,8.712319219376198e-05,0.13953875683350198
Concerns/Issues about Peer Review,Error in Cell Lines/Tissues,1,8.673026886383348e-05,0.062347104117096624
Concerns/Issues about Peer Review,Error in Materials,1,8.597713008339781e-05,0.030054501471831193
Concerns/Issues about Peer Review,Error in Results and/or Conclusions,1,7.76156473144986e-05,0.0040473948805297534
Concerns/Issues about Peer Review,Investigation by ORI,1,8.530967411704488e-05,0.020491705548975815
Concerns/Issues about Peer Review,Lack of Approval from Company/Institution,1,8.525149190110827e-05,0.019934108119071706
Concerns/Issues about Peer Review,Misconduct - Official Investigation(s) and/or Finding(s),1,7.70594128072744e-05,0.0038031328922823373
Concerns/Issues about Peer Review,Plagiarism of Data,1,8.278831029058697e-05,0.009114506667196084
Concerns/Issues about Peer Review,Taken from Dissertation/Thesis,1,8.469551960701279e-05,0.015796840396245505
Concerns/Issues about Peer Review,Unreliable Image,1,8.54481756814492e-05,0.021949916805269972
Concerns/Issues about Referencing/Attributions,Contamination of Cell Lines/Tissues,1,6.575054244197515e-05,0.027664494741608054
Concerns/Issues about Referencing/Attributions,Criminal Proceedings,1,6.6124446207763e-05,0.0593864487119853
Concerns/Issues about Referencing/Attributions,Doing the Right Thing,1,6.585879873551106e-05,0.03274987980440366
Concerns/Issues about Referencing/Attributions,Error by Third Party,1,6.626905235255136e-05,0.1060472298428309
Concerns/Issues about Referencing/Attributions,Error in Cell Lines/Tissues,1,6.60414740457007e-05,0.04738280482339252
Concerns/Issues about Referencing/Attributions,Falsification/Fabrication of Image,1,6.414368184733804e-05,0.008217682017341138
Concerns/Issues about Referencing/Attributions,Investigation by ORI,1,6.521455588887439e-05,0.015573369417478661
Concerns/Issues about Referencing/Attributions,Manipulation of Data,1,6.633059166887768e-05,0.15907084476424632
Concerns/Issues about Referencing/Attributions,Miscommunication with/by Company/Institution,1,6.640547181087722e-05,0.40490760485444527
Concerns/Issues about Referencing/Attributions,Miscommunication with/by Third Party,1,6.640106241699867e-05,0.37116530444990814
Concerns/Issues about Referencing/Attributions,Notice - Unable to Access via current resources,1,6.566419331538512e-05,0.02460764449391656
Concerns/Issues about Referencing/Attributions,Objections by Company/Institution,1,6.633059166887768e-05,0.15907084476424632
Concerns/Issues about Referencing/Attributions,Transfer of Copyright and/or Ownership,1,6.62646610562587e-05,0.10358101519532319
Concerns/Issues about Results and/or Conclusions,Manipulation of Results,1,0.00010736525660296328,0.16811806489154646
Concerns/Issues about Results and/or Conclusions,Miscommunication with/by Company/Institution,1,0.00010773540185304891,0.6571887991214999
Concerns/Issues about Results and/or Conclusions,Miscommunication with/by Journal/Publisher,1,0.00010765421466250404,0.4016153772409165
Concerns/Issues about Results and/or Conclusions,Nonpayment of Fees and/or Refusal to Pay,1,0.00010773540185304891,0.6571887991214999
Concerns/Issues about Results and/or Conclusions,Publishing Ban,1,0.000106928999144568,0.08924786160909257
Concerns/Issues about Results and/or Conclusions,Taken from Dissertation/Thesis,1,0.00010371292263015972,0.01948538218419541
Concerns/Issues about Third Party Involvement,Criminal Proceedings,1,0.0005252100840336134,0.48836429872495446
Concerns/Issues about Third Party Involvement,Error in Cell Lines/Tissues,1,0.0005200208008320333,0.3896523660039531
Concerns/Issues about Third Party Involvement,Error in Materials,1,0.0004940711462450593,0.18783242258652097
Concerns/Issues about Third Party Involvement,Error in Text,1,0.0003853564547206166,0.04781634778638588
Concerns/Issues about Third Party Involvement,Legal Reasons and/or Threats,1,0.0005149330587023687,0.3241355964988636
Concerns/Issues about Third Party Involvement,Miscommunication with/by Third Party,1,0.0005431830526887561,3.0522768670309657
Concerns/Issues about Third Party Involvement,Notice - Unable to Access via current resources,1,0.0004975124378109452,0.20236089726172146
Concerns/Issues about Third Party Involvement,Objections by Company/Institution,1,0.0005385029617662897,1.3081186572989854
Concerns/Issues about Third Party Involvement,Plagiarism of Data,1,0.0004045307443365696,0.05696317636760744
Concerns/Issues about Third Party Involvement,Retract and Replace,1,0.0003632401017072285,0.03963995931209046
Concerns/Issues about Third Party Involvement,Taken from Dissertation/Thesis,1,0.00045454545454545455,0.0987259363999234
Concerns/Issues about Third Party Involvement,Transfer of Copyright and/or Ownership,1,0.0005341880341880342,0.8517981954505021
Concerns/Issues about Third Party Involvement,Unreliable Image,1,0.00047709923664122136,0.13718098278790855
Concerns/Issues about Third Party Involvement,Updated to Retraction,1,0.0005402485143165856,1.6648782911077995
Conflict of Interest,Criminal Proceedings,1,0.0011350737797956867,1.1074432052870715
Conflict of Interest,Doing the Right Thing,1,0.0010615711252653928,0.6107223558568409
Conflict of Interest,Error in Cell Lines/Tissues,1,0.0011111111111111111,0.8835983020907485
Conflict of Interest,Ethical Violations by Company/Institution/Third Party,1,0.0011976047904191617,2.8640772550527713
Conflict of Interest,Miscommunication with/by Journal/Publisher,1,0.0012135922330097086,4.6143466886961315
Conflict of Interest,Misconduct by Third Party,1,0.0011695906432748538,1.695066130541436
Conflict of Interest,Paper Mill,1,7.988496564946476e-05,0.007091721345332169
Conflict of Interest,Plagiarism of Image,1,0.0005973715651135006,0.09568921704669398
Conflict of Interest,Unreliable Image,1,0.0009319664492078285,0.3110795520469302
Conflict of Interest,Withdrawn to Publish in Different Journal,1,0.0007686395080707148,0.16779442504349568
Contamination of Cell Lines/Tissues,Date of Article and/or Notice Unknown,1,0.000141622999575131,0.06032792078922759
Contamination of Cell Lines/Tissues,Error in Materials,1,0.0028169014084507044,2.1349896480331263
Contamination of Cell Lines/Tissues,Error in Text,1,0.0010799136069114472,0.5435025866402867
Contamination of Cell Lines/Tissues,Informed/Patient Consent - None/Withdrawn,1,0.0005672149744753262,0.25971489792043645
Contamination of Cell Lines/Tissues,Objections by Third Party,1,0.0011198208286674132,0.5679713251929872
Contamination of Cell Lines/Tissues,Plagiarism of Data,1,0.0012453300124533001,0.6474696444268424
Contamination of Cell Lines/Tissues,Removed,1,0.0002413709872073377,0.10452497649170465
Contamination of Cell Lines/Tissues,Retract and Replace,1,0.0009225092250922509,0.450565997149848
Contamination of Cell Lines/Tissues,Unreliable Image,1,0.00234192037470726,1.5592621024961035
Contamination of Materials,Date of Article and/or Notice Unknown,1,0.00014326647564469913,0.12140994058832054
Contamination of Materials,Duplication of/in Article,1,0.00026737967914438503,0.22885823545479378
Contamination of Materials,Error in Image,1,0.0009784735812133072,0.888494167550371
Contamination of Materials,Error in Text,1,0.001183431952662722,1.093798955613577
Contamination of Materials,Euphemisms for Duplication,1,0.00042936882782310007,0.37237777777777775
Contamination of Materials,False/Forged Authorship,1,0.001026694045174538,0.936145251396648
Contamination of Materials,Falsification/Fabrication of Data,1,0.0005608524957936063,0.49169600938967134
Contamination of Materials,Falsification/Fabrication of Image,1,0.001610305958132045,1.5458487084870847
Contamination of Materials,Investigation by Company/Institution,1,0.0002986857825567503,0.2563016212909146
Contamination of Materials,Investigation by ORI,1,0.0027397260273972603,2.9295454545454547
Contamination of Materials,Lack of Approval from Author,1,0.0015360983102918587,1.4647727272727273
Contamination of Materials,Misconduct - Official Investigation(s) and/or Finding(s),1,0.0006172839506172839,0.5437053861129136
Contamination of Materials,Misconduct by Author,1,0.0005189413596263622,0.45338203463203464
Contamination of Materials,Notice - Limited or No Information,1,8.2904990880451e-05,0.06991988650588332
Contamination of Materials,Paper Mill,1,8.481044864727334e-05,0.07153773907103825
Contamination of Materials,Plagiarism of Data,1,0.0013850415512465374,1.3030326594090202
Contamination of Materials,Plagiarism of Text,1,0.0004399472063352398,0.38188240656335454
Contamination of Materials,Retract and Replace,1,0.0009970089730807576,0.9067640692640693
Copyright Claims,Error by Third Party,1,0.0013623978201634877,2.302892874321446
Copyright Claims,Euphemisms for Misconduct,1,0.001422475106685633,8.792863701954612
Copyright Claims,Falsification/Fabrication of Results,1,0.0012360939431396785,0.8266794933461601
Copyright Claims,Informed/Patient Consent - None/Withdrawn,1,0.00043572984749455336,0.06033780456737412
Copyright Claims,Manipulation of Images,1,0.0004928536224741252,0.07234218453365798
Copyright Claims,Paper Mill,1,8.061915511125443e-05,0.008258324856685513
Copyright Claims,Results Not Reproducible,1,0.0006142506142506142,0.10333493666827001
Copyright Claims,Salami Slicing,1,0.001388888888888889,3.4543393114821686
Copyright Claims,Taken from Dissertation/Thesis,1,0.0009407337723424271,0.26070485369676744
Copyright Claims,Updated to Retraction,1,0.0014005602240896359,4.396431850977306
Criminal Proceedings,Date of Article and/or Notice Unknown,1,0.00014336917562724014,0.1295039366275419
Criminal Proceedings,Duplication of Data,1,0.0008968609865470852,0.8585078450208132
Criminal Proceedings,Duplication of/in Article,1,0.0002677376171352075,0.24411545115178002
Criminal Proceedings,Euphemisms for Plagiarism,1,0.000258732212160414,0.2357443066912864
Criminal Proceedings,Informed/Patient Consent - None/Withdrawn,1,0.0005963029218843172,0.5575213142025369
Criminal Proceedings,Lack of Approval from Third Party,1,0.0019083969465648854,1.986014814814815
Criminal Proceedings,Legal Reasons and/or Threats,1,0.0053475935828877,7.908908554572271
Criminal Proceedings,Objections by Third Party,1,0.0012391573729863693,1.219245111414279
Criminal Proceedings,Plagiarism of Image,1,0.0010615711252653928,1.0296159754224272
Date of Article and/or Notice Unknown,Error by Third Party,1,0.00014405070584845865,0.23125702969203912
Date of Article and/or Notice Unknown,Manipulation of Results,1,0.00014402995823131211,0.22587895923408474
Date of Article and/or Notice Unknown,Miscommunication with/by Author,1,0.00014281633818908883,0.09522348281436904
Date of Article and/or Notice Unknown,Miscommunication with/by Company/Institution,1,0.0001446968600781363,0.8829813860968767
Date of Article and/or Notice Unknown,Miscommunication with/by Journal/Publisher,1,0.00014455044810638914,0.5395997359480913
Date of Article and/or Notice Unknown,Not Presented at Conference,1,0.00014415453366008361,0.26250797965042283
Date of Article and/or Notice Unknown,Taken via Translation,1,0.0001447178002894356,0.9712795247065643
Doing the Right Thing,Duplication of Data,1,0.0008503401360544217,0.47344182629824266
Doing the Right Thing,Euphemisms for Plagiarism,1,0.00025471217524197657,0.13000605148416527
Doing the Right Thing,Investigation by ORI,1,0.0023752969121140144,1.7232620320855616
Doing the Right Thing,Investigation by Third Party,1,5.6541897546081646e-05,0.028081188603297277
Doing the Right Thing,Lack of Approval from Author,1,0.0014144271570014145,0.8616310160427808
Doing the Right Thing,Lack of Approval from Company/Institution,1,0.002331002331002331,1.6763705482192877
Doing the Right Thing,Miscommunication with/by Author,1,0.004219409282700422,4.831891580161476
Doing the Right Thing,Plagiarism of Data,1,0.0012853470437017994,0.7664897996523649
Doing the Right Thing,Plagiarism of Text,1,0.00042936882782310007,0.22463670974314975
Doing the Right Thing,Upgrade/Update of Prior Notice(s),1,0.00042176296921130323,0.22041723666210666
Duplication of Content through Error by Journal/Publisher,Euphemisms for Plagiarism,1,0.0002206531332744925,0.023828602428364525
Duplication of Content through Error by Journal/Publisher,Miscommunication with/by Journal/Publisher,1,0.0013175230566534915,5.0185684336627725
Duplication of Content through Error by Journal/Publisher,Notice - Limited or No Information,1,7.859163784973278e-05,0.007538532237831086
Duplication of Content through Error by Journal/Publisher,Objections by Author(s),1,0.00021602937999567941,0.023234113118809137
Duplication of Content through Error by Journal/Publisher,Plagiarism of Text,1,0.00034071550255536625,0.041173305289849554
Duplication of Content through Error by Journal/Publisher,Taken from Dissertation/Thesis,1,0.0008992805755395684,0.24348849543377338
Duplication of Data,Error by Third Party,1,0.0009242144177449168,1.5330497232514526
Duplication of Data,Error in Cell Lines/Tissues,1,0.0008818342151675485,0.6849796635804362
Duplication of Data,Falsification/Fabrication of Results,1,0.000864304235090752,0.5503255416800085
Duplication of Data,Lack of Approval from Company/Institution,1,0.0007496251874062968,0.21900710332163606
Duplication of Data,Miscommunication with/by Company/Institution,1,0.0009514747859181732,5.853462579687363
Duplication of Data,Notice - Limited or No Information,1,7.678722260615834e-05,0.005373286186811399
Duplication of Data,Rogue Editor,1,0.00024857071836937607,0.021585011188924235
Duplication of Text,Error by Third Party,1,0.0019193857965451055,3.3248015873015877
Duplication of Text,Euphemisms for Misconduct,1,0.0020408163265306124,12.69469696969697
Duplication of Text,False/Forged Affiliation,1,0.001483679525222552,0.7161111111111113
Duplication of Text,Informed/Patient Consent - None/Withdrawn,1,0.0004803073967339097,0.08711270534414639
Duplication of Text,Miscommunication with/by Journal/Publisher,1,0.002012072434607646,7.7578703703703695
Duplication of Text,Plagiarism of Data,1,0.00089126559714795,0.21717210990150337
Duplication of Text,Publishing Ban,1,0.0017857142857142857,1.723971193415638
Duplication of Text,Retract and Replace,1,0.0007127583749109052,0.15112734487734486
Duplication of Text,Unreliable Image,1,0.0013404825737265416,0.5230024968789013
Duplication of/in Article,Error in Cell Lines/Tissues,1,0.0002663825253063399,0.1947729663445053
Duplication of/in Article,Error in Materials,1,0.00025940337224383917,0.09389055813530002
Duplication of/in Article,Falsification/Fabrication of Image,1,0.00023798191337458352,0.03377981335126107
Duplication of/in Article,Legal Reasons and/or Threats,1,0.00026504108136761196,0.16202352952551768
Duplication of/in Article,Manipulation of Results,1,0.00027005130974885227,0.42578276363682566
Duplication of/in Article,Notice - Unable to Access via current resources,1,0.0002603488674824265,0.10115281125073758
Duplication of/in Article,Temporary Removal,1,0.0002675943270002676,0.23777479008290262
Duplication of/in Article,Updated to Correction,1,0.00027277686852154935,3.0514431393972505
Duplication of/in Image,Miscommunication with/by Author,1,0.0001836884643644379,0.12299031534755021
Duplication of/in Image,Miscommunication with/by Third Party,1,0.00018677624206200972,1.0454176804541768
Duplication of/in Image,Notice - Lack of,1,0.00017556179775280898,0.03543788747302294
Duplication of/in Image,Updated to Correction,1,0.00018698578908002991,2.0908353609083536
Error by Journal/Publisher,Error in Materials,1,0.0009132420091324201,0.3815020347761746
Error by Journal/Publisher,Ethical Violations by Author,1,0.0006472491909385113,0.1153378244672156
Error by Journal/Publisher,Hoax Paper,1,0.001092896174863388,4.95952645209027
Error by Journal/Publisher,Investigation by Company/Institution,1,0.00023986567522187575,0.02275708069175713
Error by Journal/Publisher,Lack of IRB/IACUC Approval and/or Compliance,1,0.0002828054298642534,0.028221888005066028
Error by Journal/Publisher,Miscommunication with/by Third Party,1,0.0010964912280701754,6.199408065112839
Error by Journal/Publisher,Nonpayment of Fees and/or Refusal to Pay,1,0.0010976948408342481,6.762990616486732
Error by Journal/Publisher,Notice - Lack of,1,0.0007974481658692185,0.2101494259360284
Error by Journal/Publisher,Objections by Third Party,1,0.000612369871402327,0.10149099151617197
Error by Journal/Publisher,Original Data and/or Images not Provided and/or not Available,1,0.00030039050765995795,0.03062696450446853
Error by Journal/Publisher,Updated to Correction,1,0.0011037527593818985,12.398816130225677
Error by Third Party,Error in Analyses,1,0.0006983240223463687,1.147307521139297
Error by Third Party,Falsification/Fabrication of Image,1,0.0017152658662092624,2.9444737304515907
Error by Third Party,Falsification/Fabrication of Results,1,0.006329113924050633,13.640211640211641
Error by Third Party,Lack of Approval from Author,1,0.0016313213703099511,2.7900432900432905
Error by Third Party,Lack of IRB/IACUC Approval and/or Compliance,1,0.00037355248412401944,0.605426692680107
Error by Third Party,Miscommunication with/by Author,1,0.006993006993006993,15.646125116713353
Error by Third Party,Notice - Limited or No Information,1,8.316699933466401e-05,0.13318073620168255
Error by Third Party,Original Data and/or Images not Provided and/or not Available,1,0.0004048582995951417,0.6570213099649083
Error by Third Party,Rogue Editor,1,0.00033068783068783067,0.5349999201826222
Error by Third Party,Unreliable Data,1,0.0004187604690117253,0.6799764643820887
Error in Analyses,Euphemisms for Misconduct,1,0.0007137758743754461,4.3806287170773155
Error in Analyses,Legal Reasons and/or Threats,1,0.0006653359946773121,0.4264328839632785
Error in Analyses,Miscommunication with/by Journal/Publisher,1,0.0007102272727272727,2.677050882658359
Error in Analyses,Notice - Lack of,1,0.0005733944954128441,0.1361212313216115
Error in Analyses,Taken from Dissertation/Thesis,1,0.0005678591709256105,0.12988387031765625
Error in Analyses,Taken via Peer Review,1,0.0007077140835102619,2.0950832994717596
Error in Analyses,Unreliable Image,1,0.0006035003017501509,0.18047534040393431
Error in Cell Lines/Tissues,Error in Text,1,0.0011641443538998836,0.9308927281817677
Error in Cell Lines/Tissues,Euphemisms for Plagiarism,1,0.00025746652935118434,0.18809386172177106
Error in Cell Lines/Tissues,Falsification/Fabrication of Data,1,0.0005564830272676684,0.4184646888422735
Error in Cell Lines/Tissues,Falsification/Fabrication of Image,1,0.0015748031496062992,1.315615922116668
Error in Cell Lines/Tissues,Manipulation of Images,1,0.0006993006993006993,0.5333312115087764
Error in Cell Lines/Tissues,Plagiarism of Image,1,0.001040582726326743,0.8215021080498088
Error in Cell Lines/Tissues,Retract and Replace,1,0.0009832841691248771,0.7717141015013355
Error in Data,False/Forged Affiliation,1,0.00047192071731949034,0.17856277056277056
Error in Data,Legal Reasons and/or Threats,1,0.0004909180166912126,0.30813929433398457
Error in Data,Manipulation of Data,1,0.0005122950819672131,1.2435621521335807
Error in Data,Manipulation of Results,1,0.0005083884087442806,0.8097614013893084
Error in Data,Miscommunication with/by Journal/Publisher,1,0.0005149330587023687,1.9344300144300142
Error in Data,Misconduct by Third Party,1,0.0005068423720223011,0.7106069440763318
Error in Data,Notice - Lack of,1,0.0004389815627743635,0.09836084819135667
Error in Data,Objections by Company/Institution,1,0.0005122950819672131,1.2435621521335807
Error in Data,Publishing Ban,1,0.0004987531172069825,0.4298733365400032
Error in Data,Salami Slicing,1,0.0005122950819672131,1.2435621521335807
Error in Data,Temporary Removal,1,0.0004997501249375312,0.4522044189576658
Error in Data,Updated to Retraction,1,0.0005138746145940391,1.5827154663518301
Error in Image,Euphemisms for Misconduct,1,0.001049317943336831,6.4617757640027
Error in Image,Falsification/Fabrication of Results,1,0.0009442870632672333,0.6075173795216212
Error in Image,Informed/Patient Consent - None/Withdrawn,1,0.0003929273084479371,0.04434156793763549
Error in Image,Miscommunication with/by Journal/Publisher,1,0.0010416666666666667,3.9488629668905384
Error in Image,Misconduct by Third Party,1,0.0010090817356205853,1.4506027225312181
Error in Image,Plagiarism of Text,1,0.00031887755102040814,0.03239723491523687
Error in Image,Publishing Ban,1,0.0009775171065493646,0.8775251037534529
Error in Materials,False/Forged Affiliation,1,0.002570694087403599,1.7627350427350432
Error in Materials,False/Forged Authorship,1,0.0009182736455463728,0.3840595903165736
Error in Materials,Informed/Patient Consent - None/Withdrawn,1,0.0005564830272676684,0.21443127469328344
Error in Materials,Lack of Approval from Author,1,0.0013054830287206266,0.600932400932401
Error in Materials,Lack of Approval from Third Party,1,0.0015527950310559005,0.7638518518518519
Error in Materials,Lack of IRB/IACUC Approval and/or Compliance,1,0.00035335689045936394,0.13039959534648457
Error in Materials,Notice - Limited or No Information,1,8.212203334154553e-05,0.028685081643439317
Error in Methods,Euphemisms for Misconduct,1,0.0007968127490039841,4.894341000365097
Error in Methods,False/Forged Affiliation,1,0.0006949270326615705,0.27609103078982594
Error in Methods,Manipulation of Data,1,0.0007861635220125787,1.922776821572002
Error in Methods,Miscommunication with/by Third Party,1,0.0007961783439490446,4.486479250334672
Error in Methods,Plagiarism of Data,1,0.0005299417064122947,0.08372900622708564
Error in Methods,Plagiarism of Image,1,0.0004734848484848485,0.06202505876038717
Error in Results and/or Conclusions,False/Forged Affiliation,1,0.0006090133982947625,0.23738489871086557
Error in Results and/or Conclusions,Manipulation of Data,1,0.0006779661016949153,1.6532162588792423
Error in Results and/or Conclusions,Plagiarism of Data,1,0.0004784688995215311,0.07199075466348179
Error in Results and/or Conclusions,Rogue Editor,1,0.0002257336343115124,0.015517953485960037
Error in Text,False/Forged Affiliation,1,0.0010416666666666667,0.44873803307223675
Error in Text,Falsification/Fabrication of Image,1,0.0007651109410864575,0.16144634031196708
Error in Text,Legal Reasons and/or Threats,1,0.0011389521640091116,0.7743709420273113
Error in Text,Miscommunication with/by Third Party,1,0.001287001287001287,7.291993037423848
Error in Text,Rogue Editor,1,0.00026680896478121667,0.029334199278942732
Ethical Violations by Author,Euphemisms for Misconduct,1,0.0015267175572519084,9.447216349541932
Ethical Violations by Author,Falsification/Fabrication of Results,1,0.001314060446780552,0.8881998277347116
Ethical Violations by Author,Legal Reasons and/or Threats,1,0.001321003963011889,0.9196405296014271
Ethical Violations by Author,Miscommunication with/by Journal/Publisher,1,0.0015105740181268882,5.773298880275625
Ethical Violations by Author,Misconduct by Third Party,1,0.001443001443001443,2.1208036703053317
Ethical Violations by Author,Notice - Lack of,1,0.001002004008016032,0.29355757018350637
Ethical Violations by Author,Notice - Unable to Access via current resources,1,0.0012121212121212121,0.5741402201379076
Ethical Violations by Author,Objections by Company/Institution,1,0.001488095238095238,3.71140642303433
Ethical Violations by Author,Retract and Replace,1,0.0006377551020408163,0.11246686130407062
Ethical Violations by Author,Rogue Editor,1,0.00027570995312930797,0.034837204104914934
Ethical Violations by Author,Taken from Dissertation/Thesis,1,0.0009852216748768472,0.2801061451346664
Ethical Violations by Author,Unreliable Image,1,0.0010976948408342481,0.3892111604680196
Ethical Violations by Company/Institution/Third Party,Informed/Patient Consent - None/Withdrawn,1,0.0006131207847946045,1.4418654677651817
Ethical Violations by Company/Institution/Third Party,Objections by Author(s),1,0.0002553626149131767,0.5944728253157372
Ethical Violations by Company/Institution/Third Party,Plagiarism of Image,1,0.0011160714285714285,2.6627999364373114
Ethical Violations by Company/Institution/Third Party,Removed,1,0.0002493143854400399,0.5802938350056707
Ethical Violations by Company/Institution/Third Party,Unreliable Image,1,0.003389830508474576,8.656593051788713
Euphemisms for Duplication,Euphemisms for Misconduct,1,0.0004424778761061947,2.7082020202020205
Euphemisms for Duplication,False/Forged Affiliation,1,0.0004091653027823241,0.1527703703703704
Euphemisms for Duplication,Falsification/Fabrication of Results,1,0.00042265426880811494,0.2546172839506173
Euphemisms for Duplication,Lack of Approval from Third Party,1,0.0003705075954057058,0.06620049382716049
Euphemisms for Duplication,Manipulation of Results,1,0.0004363001745200698,0.6927958656330749
Euphemisms for Duplication,Miscommunication with/by Journal/Publisher,1,0.0004411116012351125,1.6550123456790125
Euphemisms for Duplication,Taken via Translation,1,0.0004426737494466578,2.979022222222222
Euphemisms for Duplication,Temporary Removal,1,0.0004299226139294927,0.38688600288600294
Euphemisms for Duplication,Updated to Correction,1,0.0004434589800443459,4.965037037037038
Euphemisms for Duplication,Updated to Retraction,1,0.00044033465433729633,1.3541010101010102
Euphemisms for Misconduct,Euphemisms for Plagiarism,1,0.00026308866087871614,1.6073475456224076
Euphemisms for Misconduct,Falsification/Fabrication of Results,1,0.007874015748031496,52.080808080808076
Euphemisms for Misconduct,Investigation by Company/Institution,1,0.0003049710277523635,1.8640117912066523
Euphemisms for Misconduct,Investigation by ORI,1,0.0033783783783783786,21.305785123966945
Euphemisms for Misconduct,Misconduct - Official Investigation(s) and/or Finding(s),1,0.0006447453255963894,3.9542209899121
Euphemisms for Misconduct,Plagiarism of Data,1,0.0015313935681470138,9.47660115933833
Euphemisms for Misconduct,Unreliable Results and/or Conclusions,1,4.55000455000455e-05,0.2773786664901013
Euphemisms for Plagiarism,Lack of Approval from Company/Institution,1,0.0002448579823702253,0.06013885374777714
Euphemisms for Plagiarism,Miscommunication with/by Author,1,0.00025693730729701953,0.17334140197888706
Euphemisms for Plagiarism,Misconduct by Third Party,1,0.00026048450117218026,0.3608331224866628
Euphemisms for Plagiarism,Transfer of Copyright and/or Ownership,1,0.00026089225150013044,0.41118193027549954
False/Forged Affiliation,Informed/Patient Consent - None/Withdrawn,1,0.0005564830272676684,0.21443127469328344
False/Forged Affiliation,Objections by Company/Institution,1,0.0045045045045045045,12.276190476190477
False/Forged Affiliation,Results Not Reproducible,1,0.0008849557522123894,0.36723646723646725
False/Forged Affiliation,Retract and Replace,1,0.0008944543828264759,0.372005772005772
False/Forged Affiliation,Taken from Dissertation/Thesis,1,0.0017699115044247787,0.9265049415992812
False/Forged Affiliation,Taken via Peer Review,1,0.004608294930875576,14.944927536231887
False/Forged Authorship,Manipulation of Results,1,0.0010672358591248667,1.741665583993764
False/Forged Authorship,Misconduct by Third Party,1,0.0010604453870625664,1.5284004104435072
False/Forged Authorship,Objections by Company/Institution,1,0.0010845986984815619,2.6747007182761373
False/Forged Authorship,Retract and Replace,1,0.00055005500550055,0.08105153691745871
False/Forged Authorship,Taken via Peer Review,1,0.0010905125408942203,3.2561573961622545
Falsification/Fabrication of Data,Hoax Paper,1,0.0005820721769499418,2.622378716744914
Falsification/Fabrication of Data,Manipulation of Data,1,0.0005777007510109763,1.4048457411133468
Falsification/Fabrication of Data,Miscommunication with/by Journal/Publisher,1,0.0005810575246949448,2.185315597287428
Falsification/Fabrication of Data,Miscommunication with/by Third Party,1,0.0005830903790087463,3.277973395931143
Falsification/Fabrication of Data,Sabotage of Materials/Methods,1,0.0005868544600938967,39.33568075117371
Falsification/Fabrication of Data,Updated to Retraction,1,0.0005797101449275362,1.7879854886897142
Falsification/Fabrication of Image,Lack of Approval from Third Party,1,0.0010090817356205853,0.27481754817548176
Falsification/Fabrication of Image,Manipulation of Results,1,0.0017123287671232876,2.875997597185274
Falsification/Fabrication of Image,Miscommunication with/by Author,1,0.0015552099533437014,1.2124303595977135
Falsification/Fabrication of Image,Miscommunication with/by Company/Institution,1,0.0018115942028985507,11.242536061724254
Falsification/Fabrication of Image,Miscommunication with/by Third Party,1,0.0018083182640144665,10.305658056580567
Falsification/Fabrication of Image,Retract and Replace,1,0.0006825938566552901,0.13383971502052683
Falsification/Fabrication of Image,Taken from Dissertation/Thesis,1,0.0010964912280701754,0.3333366487303687
Falsification/Fabrication of Results,Lack of Approval from Author,1,0.0014534883720930232,1.0015540015540016
Falsification/Fabrication of Results,Manipulation of Results,1,0.006289308176100629,13.322997416020671
Falsification/Fabrication of Results,Miscommunication with/by Author,1,0.0045871559633027525,5.616557734204792
Falsification/Fabrication of Results,Miscommunication with/by Company/Institution,1,0.007874015748031496,52.080808080808076
Falsification/Fabrication of Results,Notice - Unable to Access via current resources,1,0.003367003367003367,3.1651319828115407
Falsification/Fabrication of Results,Objections by Author(s),1,0.00024975024975024975,0.1473479652491998
Falsification/Fabrication of Results,Original Data and/or Images not Provided and/or not Available,1,0.0003929273084479371,0.23585380357714653
Falsification/Fabrication of Results,Publishing Ban,1,0.005076142131979695,7.072702331961592
Falsification/Fabrication of Results,Sabotage of Materials/Methods,1,0.008547008547008548,572.8888888888889
Falsification/Fabrication of Results,Unreliable Image,1,0.0026109660574412533,2.1456512692467746
Hoax Paper,Investigation by Journal/Publisher,1,3.301528607745386e-05,0.1475981282686485
Hoax Paper,Notice - Lack of,1,0.002717391304347826,12.62297551789077
Hoax Paper,Notice - Limited or No Information,1,8.33541718763024e-05,0.3729060613647111
Hoax Paper,Upgrade/Update of Prior Notice(s),1,0.00044444444444444447,1.9984496124031006
Informed/Patient Consent - None/Withdrawn,Miscommunication with/by Journal/Publisher,1,0.0006172839506172839,2.3230054758439036
Informed/Patient Consent - None/Withdrawn,Misconduct by Third Party,1,0.0006056935190793458,0.8533489503100053
Informed/Patient Consent - None/Withdrawn,Notice - Lack of,1,0.0005112474437627812,0.11811892250053747
Informed/Patient Consent - None/Withdrawn,Notice - Unable to Access via current resources,1,0.0005608524957936063,0.2310171191446976
Informed/Patient Consent - None/Withdrawn,Plagiarism of Image,1,0.0004048582995951417,0.0481729246142745
Informed/Patient Consent - None/Withdrawn,Plagiarism of/in Article,1,0.000223463687150838,0.014554158915833717
Informed/Patient Consent - None/Withdrawn,Retract and Replace,1,0.000395882818685669,0.045253353425530586
Investigation by Company/Institution,No Further Action,1,0.00030543677458766036,3.4173549505455285
Investigation by Company/Institution,Sabotage of Materials/Methods,1,0.0003059039461609055,20.504129703273172
Investigation by Company/Institution,Salami Slicing,1,0.00030339805825242716,0.7322903465454704
Investigation by Company/Institution,Taken via Peer Review,1,0.00030385900941962927,0.8914839001423118
Investigation by Company/Institution,Updated to Correction,1,0.00030543677458766036,3.4173549505455285
Investigation by Journal/Publisher,Miscommunication with/by Third Party,1,3.3018556428712935e-05,0.18449766033581064
Investigation by Journal/Publisher,Misconduct by Company/Institution,1,3.3022917905026086e-05,0.27674649050371597
Investigation by Journal/Publisher,Notice - Lack of,1,3.264986287057595e-05,0.006254157977485106
Investigation by ORI,Lack of Approval from Author,1,0.0011668611435239206,0.40972663699936435
Investigation by ORI,Lack of Approval from Company/Institution,1,0.0017271157167530224,0.7971552257266543
Investigation by ORI,Miscommunication with/by Author,1,0.002583979328165375,2.2976827094474155
Investigation by ORI,Notice - Unable to Access via current resources,1,0.002145922746781116,1.294826720241085
Investigation by ORI,Paper Mill,1,8.33541718763024e-05,0.020010556383507204
Investigation by ORI,Sabotage of Materials/Methods,1,0.0034965034965034965,234.36363636363637
Investigation by Third Party,Miscommunication with/by Author,1,5.665080444142307e-05,0.037441584804396376
Investigation by Third Party,Miscommunication with/by Third Party,1,5.6941122878943175e-05,0.3182534708373692
Investigation by Third Party,Transfer of Copyright and/or Ownership,1,5.684078895015063e-05,0.08881492209414954
Lack of Approval from Author,Manipulation of Results,1,0.0016286644951140066,2.725158562367865
Lack of Approval from Author,Miscommunication with/by Journal/Publisher,1,0.001697792869269949,6.5101010101010095
Lack of Approval from Author,Nonpayment of Fees and/or Refusal to Pay,1,0.001718213058419244,10.652892561983473
Lack of Approval from Author,Notice - Lack of,1,0.001081081081081081,0.33102208525937343
Lack of Approval from Author,Notice - Unable to Access via current resources,1,0.0013297872340425532,0.6474133601205425
Lack of Approval from Author,Objections by Company/Institution,1,0.001669449081803005,4.185064935064935
Lack of Approval from Company/Institution,Manipulation of Results,1,0.002976190476190476,5.302009175763328
Lack of Approval from Company/Institution,Miscommunication with/by Author,1,0.002531645569620253,2.23516073095905
Lack of Approval from Company/Institution,Miscommunication with/by Journal/Publisher,1,0.003215434083601286,12.66591080876795
Lack of Approval from Company/Institution,Notice - Lack of,1,0.0015455950540958269,0.6440293631576924
Lack of Approval from Company/Institution,Original Data and/or Images not Provided and/or not Available,1,0.0003673769287288758,0.09386018713784403
Lack of Approval from Company/Institution,Plagiarism of Image,1,0.0008613264427217916,0.26265713658735385
Lack of Approval from Company/Institution,Plagiarism of Text,1,0.0004020908725371934,0.10391358001723935
Lack of Approval from Company/Institution,Publishing Ban,1,0.00267379679144385,2.814646846392878
Lack of Approval from Company/Institution,Rogue Editor,1,0.00030525030525030525,0.07642856002608887
Lack of Approval from Third Party,Manipulation of Data,1,0.0020964360587002098,5.31968253968254
Lack of Approval from Third Party,Miscommunication with/by Journal/Publisher,1,0.0021413276231263384,8.275061728395062
Lack of Approval from Third Party,Objections by Company/Institution,1,0.0020964360587002098,5.31968253968254
Lack of Approval from Third Party,Unreliable Image,1,0.0013966480446927375,0.5578693300041615
Lack of IRB/IACUC Approval and/or Compliance,Manipulation of Results,1,0.0003734129947722181,0.5913470021526626
Lack of IRB/IACUC Approval and/or Compliance,Miscommunication with/by Third Party,1,0.00037778617302606723,2.1189934243803745
Lack of IRB/IACUC Approval and/or Compliance,Notice - Unable to Access via current resources,1,0.0003551136363636364,0.1404857518926215
Lack of IRB/IACUC Approval and/or Compliance,Retract and Replace,1,0.0002809778027535825,0.027519395121823043
Lack of IRB/IACUC Approval and/or Compliance,Rogue Editor,1,0.000177999288002848,0.008524277939176832
Lack of IRB/IACUC Approval and/or Compliance,Taken from Dissertation/Thesis,1,0.00033266799733865603,0.06853887086944607
Legal Reasons and/or Threats,Miscommunication with/by Author,1,0.004672897196261682,5.815373937185493
Legal Reasons and/or Threats,Plagiarism of Image,1,0.0010204081632653062,0.6833734350148852
Legal Reasons and/or Threats,Results Not Reproducible,1,0.0009541984732824427,0.6337266470009832
Manipulation of Data,Manipulation of Results,1,0.014285714285714285,55.671096345514954
Manipulation of Data,Misconduct - Official Investigation(s) and/or Finding(s),1,0.0006377551020408163,1.5534439603226107
Manipulation of Data,Misconduct by Author,1,0.0005333333333333334,1.2953772418058132
Manipulation of Data,Rogue Editor,1,0.0003322259136212625,0.8024998802739333
Manipulation of Data,Taken from Dissertation/Thesis,1,0.002512562814070352,6.452445128994994
Manipulation of Images,Misconduct by Third Party,1,0.0007220216606498195,1.0231251812617344
Manipulation of Images,Objections by Company/Institution,1,0.0007331378299120235,1.7904690672080352
Manipulation of Images,Publishing Ban,1,0.0007057163020465773,0.6189275787879628
Manipulation of Images,Rogue Editor,1,0.00023153507756425097,0.016806280215160906
Manipulation of Images,Taken from Dissertation/Thesis,1,0.0005858230814294083,0.13512974092136115
Manipulation of Results,Notice - Limited or No Information,1,8.316008316008316e-05,0.1300835097783876
Manipulation of Results,Objections by Third Party,1,0.0012903225806451613,2.126590310606301
Manipulation of Results,Paper Mill,1,8.507742045261188e-05,0.13309346803914093
Manipulation of Results,Plagiarism of/in Article,1,0.00034305317324185246,0.5425655056298012
Manipulation of Results,Taken from Dissertation/Thesis,1,0.002421307506053269,4.201592177019997
Manipulation of Results,Unreliable Image,1,0.003236245954692557,5.838167407020294
Miscommunication with/by Author,Miscommunication with/by Company/Institution,1,0.008928571428571428,59.7397504456328
Miscommunication with/by Author,Nonpayment of Fees and/or Refusal to Pay,1,0.008928571428571428,59.7397504456328
Miscommunication with/by Author,Notice - Lack of,1,0.002197802197802198,1.856319929101584
Miscommunication with/by Author,Plagiarism of Text,1,0.00043572984749455336,0.2995156129908663
Miscommunication with/by Author,Retract and Replace,1,0.000975609756097561,0.7111875053051523
Miscommunication with/by Author,Salami Slicing,1,0.007751937984496124,23.469187675070028
Miscommunication with/by Author,Unreliable Image,1,0.002717391304347826,2.4611882206065947
Miscommunication with/by Company/Institution,Miscommunication with/by Journal/Publisher,1,0.03571428571428571,338.52525252525254
Miscommunication with/by Company/Institution,Objections by Author(s),1,0.0002565418163160595,1.5672465394687618
Miscommunication with/by Company/Institution,Removed,1,0.00025043826696719256,1.52986556501495
Miscommunication with/by Company/Institution,Unreliable Results and/or Conclusions,1,4.55000455000455e-05,0.2773786664901013
Miscommunication with/by Journal/Publisher,Miscommunication with/by Third Party,1,0.034482758620689655,310.31481481481484
Miscommunication with/by Journal/Publisher,Misconduct - Official Investigation(s) and/or Finding(s),1,0.0006418485237483953,2.416468382724061
Miscommunication with/by Journal/Publisher,Misconduct by Author,1,0.0005361930294906167,2.015031265031265
Miscommunication with/by Journal/Publisher,Nonpayment of Fees and/or Refusal to Pay,1,0.03571428571428571,338.52525252525254
Miscommunication with/by Journal/Publisher,Objections by Third Party,1,0.0013333333333333333,5.0801879642261625
Miscommunication with/by Journal/Publisher,Paper Mill,1,8.525876033762469e-05,0.3179455069823922
Miscommunication with/by Journal/Publisher,Plagiarism of/in Article,1,0.00034602076124567473,1.2961287078934136
Miscommunication with/by Journal/Publisher,Removed,1,0.00025,0.9349178452869137
Miscommunication with/by Journal/Publisher,Unreliable Results and/or Conclusions,1,4.5485558335228565e-05,0.1695091850772841
Miscommunication with/by Third Party,Original Data and/or Images not Provided and/or not Available,1,0.0004098360655737705,2.299574584877179
Miscommunication with/by Third Party,Paper Mill,1,8.530239699735562e-05,0.4769182604735884
Misconduct - Official Investigation(s) and/or Finding(s),Sabotage of Materials/Methods,1,0.0006489292667099286,43.4964308890331
Misconduct - Official Investigation(s) and/or Finding(s),Taken via Peer Review,1,0.0006397952655150352,1.8911491690883957
Misconduct - Official Investigation(s) and/or Finding(s),Updated to Retraction,1,0.0006402048655569782,1.97711049495605
Misconduct by Author,Misconduct by Third Party,1,0.0005274261603375527,0.7402155667461789
Misconduct by Author,Sabotage of Materials/Methods,1,0.0005411255411255411,36.27056277056277
Misconduct by Author,Salami Slicing,1,0.0005333333333333334,1.2953772418058132
Misconduct by Author,Taken from Dissertation/Thesis,1,0.0004508566275924256,0.09776432013628779
Misconduct by Author,Taken via Peer Review,1,0.0005347593582887701,1.5769809900244685
Misconduct by Author,Updated to Retraction,1,0.0005350454788657035,1.6486619441164896
Misconduct by Company/Institution,Misconduct by Third Party,1,0.017857142857142856,170.98979591836735
Misconduct by Company/Institution,Notice - Limited or No Information,1,8.340283569641368e-05,0.6991988650588332
Misconduct by Company/Institution,Objections by Company/Institution,1,0.02857142857142857,299.23214285714283
Misconduct by Company/Institution,Upgrade/Update of Prior Notice(s),1,0.00044583147570218456,3.747093023255814
Misconduct by Third Party,Paper Mill,1,8.503401360544217e-05,0.1167963086874094
Misconduct by Third Party,Plagiarism of Image,1,0.001091703056768559,1.575942819524123
Misconduct by Third Party,Plagiarism of Text,1,0.00044603033006244426,0.6234814801034361
Misconduct by Third Party,Upgrade/Update of Prior Notice(s),1,0.00043782837127845885,0.6117702895111533
Not Presented at Conference,Notice - Limited or No Information,1,8.320159747067144e-05,0.1511781329856937
Not Presented at Conference,Notice - Unable to Access via current resources,1,0.004608294930875576,10.008660594295955
Not Presented at Conference,Objections by Author(s),1,0.00025484199796126404,0.4659381603826048
Not Presented at Conference,Upgrade/Update of Prior Notice(s),1,0.00044014084507042255,0.8101822752985544
Notice - Lack of,Plagiarism of Data,1,0.001004016064257028,0.29447065749356394
Notice - Lack of,Publishing Ban,1,0.002304147465437788,2.3375880588686617
Notice - Limited or No Information,Objections by Company/Institution,1,8.326394671107411e-05,0.19977110430252382
Notice - Limited or No Information,Original Data and/or Images not Provided and/or not Available,1,6.939143709666228e-05,0.0023028369372048857
Notice - Limited or No Information,Plagiarism of Data,1,7.920792079207921e-05,0.008699208274448937
Notice - Limited or No Information,Taken via Peer Review,1,8.329862557267805e-05,0.24319960523785508
Notice - Unable to Access via current resources,Objections by Third Party,1,0.001095290251916758,0.5052120627407235
Notice - Unable to Access via current resources,Paper Mill,1,8.409014463504877e-05,0.03161889019714398
Notice - Unable to Access via current resources,Plagiarism of Text,1,0.00042122999157540015,0.1687878040059026
Objections by Author(s),Taken via Translation,1,0.00025660764690787786,1.7239711934156376
Objections by Author(s),Updated to Retraction,1,0.00025581990278843696,0.7836232697343809
Objections by Company/Institution,Unreliable Results and/or Conclusions,1,4.546487838145033e-05,0.1089701904068255
Objections by Third Party,Rogue Editor,1,0.00026917900403768504,0.030654838537067023
Objections by Third Party,Taken via Peer Review,1,0.0013245033112582781,3.9757992763509105
Original Data and/or Images not Provided and/or not Available,Rogue Editor,1,0.00018480872297172427,0.00925071908096753
Original Data and/or Images not Provided and/or not Available,Updated to Correction,1,0.0004108463434675431,4.599149169754358
Paper Mill,Rogue Editor,1,6.805498843065197e-05,0.0019185447957368624
Paper Mill,Transfer of Copyright and/or Ownership,1,8.507742045261188e-05,0.13309346803914093
Paper Mill,Updated to Correction,1,8.534607834769993e-05,0.9538365209471767
Plagiarism of Data,Salami Slicing,1,0.0014925373134328358,3.7229504554543436
Plagiarism of Image,Publishing Ban,1,0.0010548523206751054,0.9533481253911363
Plagiarism of Text,Results Not Reproducible,1,0.00031959092361776926,0.032639521928491844
Plagiarism of Text,Unreliable Image,1,0.0004065040650406504,0.11442169485044333
Plagiarism of/in Article,Salami Slicing,1,0.0003448275862068965,0.8332255979314802
Plagiarism of/in Article,Temporary Removal,1,0.00033909799932180403,0.30299112652053833
Plagiarism of/in Article,Transfer of Copyright and/or Ownership,1,0.00034305317324185246,0.5425655056298012
Publishing Ban,Taken via Peer Review,1,0.009708737864077669,35.97852925389158
Publishing Ban,Unreliable Data,1,0.00041203131437989287,0.35258038893886073
Publishing Ban,Unreliable Results and/or Conclusions,1,4.5355587808418e-05,0.03766870779495203
Removed,Taken via Translation,1,0.000250501002004008,1.682852121516445
Results Not Reproducible,Rogue Editor,1,0.00025523226135783564,0.02400640667486125
Results Not Reproducible,Taken from Dissertation/Thesis,1,0.0007656967840735069,0.19302186283318357
Retract and Replace,Withdrawn to Publish in Different Journal,1,0.0007052186177715092,0.14654772836591018
Salami Slicing,Unreliable Results and/or Conclusions,1,4.546487838145033e-05,0.1089701904068255
Taken via Peer Review,Upgrade/Update of Prior Notice(s),1,0.0004428697962798937,1.3033367037411525
Taken via Translation,Unreliable Results and/or Conclusions,1,4.550211584838695e-05,0.3051165331391114
Temporary Removal,Unreliable Results and/or Conclusions,1,4.536381781890764e-05,0.03962552378430018
Transfer of Copyright and/or Ownership,Unreliable Results and/or Conclusions,1,4.5433893684688776e-05,0.07095733328816545
Unreliable Data,Updated to Correction,1,0.00042517006802721087,4.75983525067462
Unreliable Data,Updated to Retraction,1,0.0004222972972972973,1.2981368865476237
Unreliable Image,Updated to Correction,1,0.003676470588235294,41.84019975031211
