author_id,concept_id,weight
A5000945647,https://openalex.org/C104317684,14
A5000945647,https://openalex.org/C105795698,10
A5000945647,https://openalex.org/C111472728,3
A5000945647,https://openalex.org/C120665830,190
A5000945647,https://openalex.org/C121332964,523
A5000945647,https://openalex.org/C121864883,12
A5000945647,https://openalex.org/C126322002,2
A5000945647,https://openalex.org/C127313418,81
A5000945647,https://openalex.org/C127413603,13
A5000945647,https://openalex.org/C1276947,434
A5000945647,https://openalex.org/C134306372,12
A5000945647,https://openalex.org/C136764020,3
A5000945647,https://openalex.org/C138885662,10
A5000945647,https://openalex.org/C142362112,6
A5000945647,https://openalex.org/C144024400,8
A5000945647,https://openalex.org/C144133560,2
A5000945647,https://openalex.org/C151730666,24
A5000945647,https://openalex.org/C154945302,2
A5000945647,https://openalex.org/C15744967,9
A5000945647,https://openalex.org/C159985019,24
A5000945647,https://openalex.org/C161191863,2
A5000945647,https://openalex.org/C162324750,8
A5000945647,https://openalex.org/C17744445,9
A5000945647,https://openalex.org/C178790620,12
A5000945647,https://openalex.org/C184779094,21
A5000945647,https://openalex.org/C185592680,75
A5000945647,https://openalex.org/C192562407,39
A5000945647,https://openalex.org/C199360897,21
A5000945647,https://openalex.org/C199539241,7
A5000945647,https://openalex.org/C202444582,1
A5000945647,https://openalex.org/C205649164,22
A5000945647,https://openalex.org/C2524010,27
A5000945647,https://openalex.org/C33923547,68
A5000945647,https://openalex.org/C41008148,83
A5000945647,https://openalex.org/C41895202,4
A5000945647,https://openalex.org/C44870925,421
A5000945647,https://openalex.org/C54355233,3
A5000945647,https://openalex.org/C55493867,15
A5000945647,https://openalex.org/C57879066,10
A5000945647,https://openalex.org/C62520636,68
A5000945647,https://openalex.org/C71924100,4
A5000945647,https://openalex.org/C74650414,4
A5000945647,https://openalex.org/C86803240,30
A5000945647,https://openalex.org/C95457728,10
A5000945647,https://openalex.org/C97355855,12
A5001390698,https://openalex.org/C104317684,2
A5001390698,https://openalex.org/C105795698,42
A5001390698,https://openalex.org/C111472728,114
A5001390698,https://openalex.org/C120665830,5
A5001390698,https://openalex.org/C121332964,41
A5001390698,https://openalex.org/C126322002,54
A5001390698,https://openalex.org/C127413603,52
A5001390698,https://openalex.org/C1276947,2
A5001390698,https://openalex.org/C134306372,9
A5001390698,https://openalex.org/C136764020,6
A5001390698,https://openalex.org/C138885662,173
A5001390698,https://openalex.org/C142362112,11
A5001390698,https://openalex.org/C144024400,66
A5001390698,https://openalex.org/C144133560,22
A5001390698,https://openalex.org/C144237770,1
A5001390698,https://openalex.org/C149782125,1
A5001390698,https://openalex.org/C151730666,19
A5001390698,https://openalex.org/C154945302,76
A5001390698,https://openalex.org/C15744967,604
A5001390698,https://openalex.org/C161191863,3
A5001390698,https://openalex.org/C162324750,63
A5001390698,https://openalex.org/C17744445,299
A5001390698,https://openalex.org/C185592680,8
A5001390698,https://openalex.org/C199360897,40
A5001390698,https://openalex.org/C199539241,288
A5001390698,https://openalex.org/C202444582,9
A5001390698,https://openalex.org/C205649164,47
A5001390698,https://openalex.org/C2524010,3
A5001390698,https://openalex.org/C2778805511,2
A5001390698,https://openalex.org/C33923547,72
A5001390698,https://openalex.org/C41008148,243
A5001390698,https://openalex.org/C41895202,35
A5001390698,https://openalex.org/C44870925,4
A5001390698,https://openalex.org/C54355233,11
A5001390698,https://openalex.org/C55493867,4
A5001390698,https://openalex.org/C62520636,25
A5001390698,https://openalex.org/C71924100,120
A5001390698,https://openalex.org/C74650414,1
A5001390698,https://openalex.org/C77805123,426
A5001390698,https://openalex.org/C86803240,49
A5001390698,https://openalex.org/C95457728,9
A5001390698,https://openalex.org/C97355855,1
A5001584643,https://openalex.org/C104317684,19
A5001584643,https://openalex.org/C105795698,11
A5001584643,https://openalex.org/C111472728,19
A5001584643,https://openalex.org/C120665830,55
A5001584643,https://openalex.org/C121332964,185
A5001584643,https://openalex.org/C121864883,19
A5001584643,https://openalex.org/C126322002,1
A5001584643,https://openalex.org/C127313418,11
A5001584643,https://openalex.org/C127413603,24
A5001584643,https://openalex.org/C1276947,21
A5001584643,https://openalex.org/C134306372,15
A5001584643,https://openalex.org/C136764020,10
A5001584643,https://openalex.org/C138885662,30
A5001584643,https://openalex.org/C142362112,2
A5001584643,https://openalex.org/C144024400,9
A5001584643,https://openalex.org/C144133560,1
A5001584643,https://openalex.org/C151730666,9
A5001584643,https://openalex.org/C154945302,86
A5001584643,https://openalex.org/C15744967,45
A5001584643,https://openalex.org/C159985019,8
A5001584643,https://openalex.org/C161191863,6
A5001584643,https://openalex.org/C162324750,10
A5001584643,https://openalex.org/C17744445,10
A5001584643,https://openalex.org/C178790620,23
A5001584643,https://openalex.org/C184779094,58
A5001584643,https://openalex.org/C185592680,85
A5001584643,https://openalex.org/C192562407,72
A5001584643,https://openalex.org/C199360897,35
A5001584643,https://openalex.org/C199539241,8
A5001584643,https://openalex.org/C202444582,7
A5001584643,https://openalex.org/C205649164,2
A5001584643,https://openalex.org/C2524010,24
A5001584643,https://openalex.org/C2778805511,10
A5001584643,https://openalex.org/C33332235,11
A5001584643,https://openalex.org/C33923547,69
A5001584643,https://openalex.org/C41008148,152
A5001584643,https://openalex.org/C41895202,10
A5001584643,https://openalex.org/C44870925,12
A5001584643,https://openalex.org/C54355233,6
A5001584643,https://openalex.org/C55493867,43
A5001584643,https://openalex.org/C57879066,2
A5001584643,https://openalex.org/C62520636,113
A5001584643,https://openalex.org/C71924100,4
A5001584643,https://openalex.org/C74650414,7
A5001584643,https://openalex.org/C77805123,2
A5001584643,https://openalex.org/C86803240,59
A5001584643,https://openalex.org/C97355855,22
A5003623607,https://openalex.org/C105795698,6
A5003623607,https://openalex.org/C111472728,4
A5003623607,https://openalex.org/C120665830,12
A5003623607,https://openalex.org/C121332964,116
A5003623607,https://openalex.org/C121864883,5
A5003623607,https://openalex.org/C126322002,2
A5003623607,https://openalex.org/C127313418,18
A5003623607,https://openalex.org/C127413603,31
A5003623607,https://openalex.org/C1276947,4
A5003623607,https://openalex.org/C134306372,9
A5003623607,https://openalex.org/C136764020,4
A5003623607,https://openalex.org/C138885662,13
A5003623607,https://openalex.org/C142362112,1
A5003623607,https://openalex.org/C144024400,1
A5003623607,https://openalex.org/C144133560,2
A5003623607,https://openalex.org/C149782125,1
A5003623607,https://openalex.org/C151730666,1
A5003623607,https://openalex.org/C154945302,2
A5003623607,https://openalex.org/C15744967,4
A5003623607,https://openalex.org/C159985019,37
A5003623607,https://openalex.org/C161191863,2
A5003623607,https://openalex.org/C162324750,12
A5003623607,https://openalex.org/C17744445,5
A5003623607,https://openalex.org/C178790620,5
A5003623607,https://openalex.org/C184779094,18
A5003623607,https://openalex.org/C185592680,25
A5003623607,https://openalex.org/C192562407,65
A5003623607,https://openalex.org/C199360897,16
A5003623607,https://openalex.org/C199539241,3
A5003623607,https://openalex.org/C205649164,13
A5003623607,https://openalex.org/C2524010,10
A5003623607,https://openalex.org/C2778805511,3
A5003623607,https://openalex.org/C33332235,7
A5003623607,https://openalex.org/C33923547,32
A5003623607,https://openalex.org/C41008148,42
A5003623607,https://openalex.org/C41895202,10
A5003623607,https://openalex.org/C44870925,1
A5003623607,https://openalex.org/C55493867,4
A5003623607,https://openalex.org/C57879066,20
A5003623607,https://openalex.org/C62520636,56
A5003623607,https://openalex.org/C71924100,5
A5003623607,https://openalex.org/C74650414,7
A5003623607,https://openalex.org/C77805123,3
A5003623607,https://openalex.org/C86803240,9
A5003623607,https://openalex.org/C95457728,2
A5003623607,https://openalex.org/C97355855,43
A5004558610,https://openalex.org/C104317684,3
A5004558610,https://openalex.org/C105795698,8
A5004558610,https://openalex.org/C111472728,33
A5004558610,https://openalex.org/C121332964,14
A5004558610,https://openalex.org/C127313418,6
A5004558610,https://openalex.org/C127413603,13
A5004558610,https://openalex.org/C134306372,5
A5004558610,https://openalex.org/C138885662,95
A5004558610,https://openalex.org/C142362112,20
A5004558610,https://openalex.org/C144024400,58
A5004558610,https://openalex.org/C144133560,27
A5004558610,https://openalex.org/C144237770,24
A5004558610,https://openalex.org/C149782125,17
A5004558610,https://openalex.org/C154945302,2
A5004558610,https://openalex.org/C15744967,19
A5004558610,https://openalex.org/C159985019,2
A5004558610,https://openalex.org/C161191863,6
A5004558610,https://openalex.org/C162324750,144
A5004558610,https://openalex.org/C17744445,132
A5004558610,https://openalex.org/C178790620,2
A5004558610,https://openalex.org/C185592680,8
A5004558610,https://openalex.org/C192562407,5
A5004558610,https://openalex.org/C199360897,8
A5004558610,https://openalex.org/C199539241,67
A5004558610,https://openalex.org/C205649164,5
A5004558610,https://openalex.org/C2524010,2
A5004558610,https://openalex.org/C2778805511,2
A5004558610,https://openalex.org/C33332235,1
A5004558610,https://openalex.org/C33923547,24
A5004558610,https://openalex.org/C41008148,58
A5004558610,https://openalex.org/C41895202,7
A5004558610,https://openalex.org/C55493867,5
A5004558610,https://openalex.org/C57879066,3
A5004558610,https://openalex.org/C62520636,6
A5004558610,https://openalex.org/C71924100,6
A5004558610,https://openalex.org/C77805123,3
A5004558610,https://openalex.org/C86803240,5
A5004558610,https://openalex.org/C95457728,38
A5004558610,https://openalex.org/C97355855,4
A5005199063,https://openalex.org/C104317684,3
A5005199063,https://openalex.org/C105795698,5
A5005199063,https://openalex.org/C111472728,6
A5005199063,https://openalex.org/C120665830,6
A5005199063,https://openalex.org/C121332964,34
A5005199063,https://openalex.org/C121864883,1
A5005199063,https://openalex.org/C127313418,7
A5005199063,https://openalex.org/C127413603,2
A5005199063,https://openalex.org/C134306372,37
A5005199063,https://openalex.org/C138885662,13
A5005199063,https://openalex.org/C144237770,3
A5005199063,https://openalex.org/C151730666,9
A5005199063,https://openalex.org/C154945302,2
A5005199063,https://openalex.org/C15744967,2
A5005199063,https://openalex.org/C159985019,1
A5005199063,https://openalex.org/C161191863,8
A5005199063,https://openalex.org/C162324750,6
A5005199063,https://openalex.org/C17744445,3
A5005199063,https://openalex.org/C178790620,1
A5005199063,https://openalex.org/C185592680,6
A5005199063,https://openalex.org/C192562407,5
A5005199063,https://openalex.org/C199360897,4
A5005199063,https://openalex.org/C199539241,3
A5005199063,https://openalex.org/C202444582,4
A5005199063,https://openalex.org/C2524010,25
A5005199063,https://openalex.org/C2778805511,7
A5005199063,https://openalex.org/C33332235,1
A5005199063,https://openalex.org/C33923547,60
A5005199063,https://openalex.org/C41008148,23
A5005199063,https://openalex.org/C41895202,3
A5005199063,https://openalex.org/C55493867,4
A5005199063,https://openalex.org/C57879066,5
A5005199063,https://openalex.org/C62520636,9
A5005199063,https://openalex.org/C71924100,19
A5005199063,https://openalex.org/C74650414,2
A5005199063,https://openalex.org/C86803240,12
A5005199063,https://openalex.org/C95457728,1
A5005199063,https://openalex.org/C97355855,15
A5005678705,https://openalex.org/C104317684,3
A5005678705,https://openalex.org/C105795698,6
A5005678705,https://openalex.org/C120665830,15
A5005678705,https://openalex.org/C121332964,18
A5005678705,https://openalex.org/C126322002,92
A5005678705,https://openalex.org/C127413603,2
A5005678705,https://openalex.org/C1276947,1
A5005678705,https://openalex.org/C134306372,2
A5005678705,https://openalex.org/C136764020,1
A5005678705,https://openalex.org/C138885662,2
A5005678705,https://openalex.org/C142362112,1
A5005678705,https://openalex.org/C144024400,56
A5005678705,https://openalex.org/C144133560,5
A5005678705,https://openalex.org/C149782125,3
A5005678705,https://openalex.org/C154945302,1
A5005678705,https://openalex.org/C15744967,5
A5005678705,https://openalex.org/C161191863,6
A5005678705,https://openalex.org/C162324750,1
A5005678705,https://openalex.org/C17744445,11
A5005678705,https://openalex.org/C178790620,3
A5005678705,https://openalex.org/C185592680,6
A5005678705,https://openalex.org/C192562407,1
A5005678705,https://openalex.org/C199360897,1
A5005678705,https://openalex.org/C199539241,8
A5005678705,https://openalex.org/C202444582,1
A5005678705,https://openalex.org/C205649164,15
A5005678705,https://openalex.org/C2524010,7
A5005678705,https://openalex.org/C2778805511,2
A5005678705,https://openalex.org/C33923547,14
A5005678705,https://openalex.org/C41008148,17
A5005678705,https://openalex.org/C41895202,2
A5005678705,https://openalex.org/C54355233,7
A5005678705,https://openalex.org/C55493867,4
A5005678705,https://openalex.org/C62520636,1
A5005678705,https://openalex.org/C71924100,122
A5005678705,https://openalex.org/C86803240,19
A5005678705,https://openalex.org/C95457728,6
A5005678705,https://openalex.org/C97355855,1
A5006868097,https://openalex.org/C104317684,15
A5006868097,https://openalex.org/C105795698,24
A5006868097,https://openalex.org/C111472728,82
A5006868097,https://openalex.org/C120665830,14
A5006868097,https://openalex.org/C121332964,386
A5006868097,https://openalex.org/C121864883,38
A5006868097,https://openalex.org/C126322002,9
A5006868097,https://openalex.org/C127313418,8
A5006868097,https://openalex.org/C127413603,80
A5006868097,https://openalex.org/C1276947,12
A5006868097,https://openalex.org/C134306372,66
A5006868097,https://openalex.org/C136764020,5
A5006868097,https://openalex.org/C138885662,193
A5006868097,https://openalex.org/C142362112,41
A5006868097,https://openalex.org/C144024400,42
A5006868097,https://openalex.org/C144133560,16
A5006868097,https://openalex.org/C144237770,8
A5006868097,https://openalex.org/C149782125,3
A5006868097,https://openalex.org/C151730666,9
A5006868097,https://openalex.org/C154945302,21
A5006868097,https://openalex.org/C15744967,69
A5006868097,https://openalex.org/C159985019,26
A5006868097,https://openalex.org/C161191863,53
A5006868097,https://openalex.org/C162324750,44
A5006868097,https://openalex.org/C17744445,145
A5006868097,https://openalex.org/C178790620,8
A5006868097,https://openalex.org/C184779094,38
A5006868097,https://openalex.org/C185592680,59
A5006868097,https://openalex.org/C192562407,45
A5006868097,https://openalex.org/C199360897,46
A5006868097,https://openalex.org/C199539241,108
A5006868097,https://openalex.org/C202444582,69
A5006868097,https://openalex.org/C205649164,15
A5006868097,https://openalex.org/C2524010,84
A5006868097,https://openalex.org/C2778805511,10
A5006868097,https://openalex.org/C33332235,132
A5006868097,https://openalex.org/C33923547,222
A5006868097,https://openalex.org/C41008148,212
A5006868097,https://openalex.org/C41895202,46
A5006868097,https://openalex.org/C44870925,3
A5006868097,https://openalex.org/C54355233,4
A5006868097,https://openalex.org/C55493867,22
A5006868097,https://openalex.org/C57879066,13
A5006868097,https://openalex.org/C62520636,216
A5006868097,https://openalex.org/C71924100,32
A5006868097,https://openalex.org/C74650414,74
A5006868097,https://openalex.org/C77805123,14
A5006868097,https://openalex.org/C86803240,45
A5006868097,https://openalex.org/C95457728,53
A5006868097,https://openalex.org/C97355855,33
A5007322687,https://openalex.org/C104317684,4
A5007322687,https://openalex.org/C105795698,17
A5007322687,https://openalex.org/C111472728,14
A5007322687,https://openalex.org/C120665830,5
A5007322687,https://openalex.org/C121332964,56
A5007322687,https://openalex.org/C121864883,10
A5007322687,https://openalex.org/C126322002,1
A5007322687,https://openalex.org/C127313418,2
A5007322687,https://openalex.org/C127413603,10
A5007322687,https://openalex.org/C1276947,5
A5007322687,https://openalex.org/C134306372,23
A5007322687,https://openalex.org/C136764020,3
A5007322687,https://openalex.org/C138885662,22
A5007322687,https://openalex.org/C142362112,10
A5007322687,https://openalex.org/C144024400,9
A5007322687,https://openalex.org/C144133560,2
A5007322687,https://openalex.org/C144237770,3
A5007322687,https://openalex.org/C149782125,2
A5007322687,https://openalex.org/C151730666,12
A5007322687,https://openalex.org/C154945302,16
A5007322687,https://openalex.org/C15744967,6
A5007322687,https://openalex.org/C159985019,4
A5007322687,https://openalex.org/C161191863,4
A5007322687,https://openalex.org/C162324750,9
A5007322687,https://openalex.org/C17744445,16
A5007322687,https://openalex.org/C178790620,1
A5007322687,https://openalex.org/C184779094,9
A5007322687,https://openalex.org/C185592680,13
A5007322687,https://openalex.org/C192562407,5
A5007322687,https://openalex.org/C199360897,17
A5007322687,https://openalex.org/C199539241,15
A5007322687,https://openalex.org/C202444582,27
A5007322687,https://openalex.org/C205649164,2
A5007322687,https://openalex.org/C2524010,26
A5007322687,https://openalex.org/C2778805511,1
A5007322687,https://openalex.org/C33332235,4
A5007322687,https://openalex.org/C33923547,92
A5007322687,https://openalex.org/C41008148,82
A5007322687,https://openalex.org/C41895202,5
A5007322687,https://openalex.org/C54355233,4
A5007322687,https://openalex.org/C55493867,5
A5007322687,https://openalex.org/C57879066,3
A5007322687,https://openalex.org/C62520636,33
A5007322687,https://openalex.org/C71924100,8
A5007322687,https://openalex.org/C74650414,5
A5007322687,https://openalex.org/C77805123,2
A5007322687,https://openalex.org/C86803240,27
A5007322687,https://openalex.org/C95457728,15
A5007322687,https://openalex.org/C97355855,6
A5007578324,https://openalex.org/C111472728,3
A5007578324,https://openalex.org/C120665830,4
A5007578324,https://openalex.org/C121332964,40
A5007578324,https://openalex.org/C121864883,4
A5007578324,https://openalex.org/C127313418,2
A5007578324,https://openalex.org/C127413603,4
A5007578324,https://openalex.org/C134306372,2
A5007578324,https://openalex.org/C136764020,1
A5007578324,https://openalex.org/C138885662,20
A5007578324,https://openalex.org/C144133560,1
A5007578324,https://openalex.org/C144237770,1
A5007578324,https://openalex.org/C159985019,4
A5007578324,https://openalex.org/C162324750,1
A5007578324,https://openalex.org/C17744445,1
A5007578324,https://openalex.org/C178790620,3
A5007578324,https://openalex.org/C184779094,5
A5007578324,https://openalex.org/C185592680,11
A5007578324,https://openalex.org/C192562407,9
A5007578324,https://openalex.org/C199360897,3
A5007578324,https://openalex.org/C202444582,4
A5007578324,https://openalex.org/C2524010,4
A5007578324,https://openalex.org/C2778805511,1
A5007578324,https://openalex.org/C33332235,6
A5007578324,https://openalex.org/C33923547,11
A5007578324,https://openalex.org/C41008148,6
A5007578324,https://openalex.org/C41895202,1
A5007578324,https://openalex.org/C44870925,1
A5007578324,https://openalex.org/C55493867,2
A5007578324,https://openalex.org/C57879066,3
A5007578324,https://openalex.org/C62520636,20
A5007578324,https://openalex.org/C71924100,2
A5007578324,https://openalex.org/C74650414,5
A5007578324,https://openalex.org/C86803240,1
A5007578324,https://openalex.org/C97355855,7
A5007897986,https://openalex.org/C104317684,2
A5007897986,https://openalex.org/C105795698,2
A5007897986,https://openalex.org/C111472728,2
A5007897986,https://openalex.org/C120665830,1
A5007897986,https://openalex.org/C121332964,40
A5007897986,https://openalex.org/C121864883,12
A5007897986,https://openalex.org/C126322002,1
A5007897986,https://openalex.org/C127313418,1
A5007897986,https://openalex.org/C127413603,4
A5007897986,https://openalex.org/C134306372,20
A5007897986,https://openalex.org/C138885662,4
A5007897986,https://openalex.org/C144024400,1
A5007897986,https://openalex.org/C144237770,1
A5007897986,https://openalex.org/C151730666,5
A5007897986,https://openalex.org/C154945302,4
A5007897986,https://openalex.org/C15744967,2
A5007897986,https://openalex.org/C159985019,2
A5007897986,https://openalex.org/C162324750,2
A5007897986,https://openalex.org/C17744445,2
A5007897986,https://openalex.org/C178790620,3
A5007897986,https://openalex.org/C184779094,7
A5007897986,https://openalex.org/C185592680,13
A5007897986,https://openalex.org/C192562407,2
A5007897986,https://openalex.org/C199360897,7
A5007897986,https://openalex.org/C199539241,2
A5007897986,https://openalex.org/C202444582,4
A5007897986,https://openalex.org/C2524010,14
A5007897986,https://openalex.org/C33332235,4
A5007897986,https://openalex.org/C33923547,31
A5007897986,https://openalex.org/C41008148,20
A5007897986,https://openalex.org/C41895202,2
A5007897986,https://openalex.org/C54355233,1
A5007897986,https://openalex.org/C55493867,3
A5007897986,https://openalex.org/C62520636,29
A5007897986,https://openalex.org/C71924100,2
A5007897986,https://openalex.org/C74650414,1
A5007897986,https://openalex.org/C86803240,12
A5007897986,https://openalex.org/C97355855,4
A5009424444,https://openalex.org/C111472728,2
A5009424444,https://openalex.org/C127313418,2
A5009424444,https://openalex.org/C138885662,2
A5009424444,https://openalex.org/C142362112,3
A5009424444,https://openalex.org/C154945302,2
A5009424444,https://openalex.org/C15744967,10
A5009424444,https://openalex.org/C185592680,1
A5009424444,https://openalex.org/C205649164,2
A5009424444,https://openalex.org/C41008148,9
A5009424444,https://openalex.org/C71924100,3
A5009424444,https://openalex.org/C86803240,2
A5009424444,https://openalex.org/C95457728,1
A5010310471,https://openalex.org/C104317684,4
A5010310471,https://openalex.org/C105795698,6
A5010310471,https://openalex.org/C111472728,1
A5010310471,https://openalex.org/C120665830,5
A5010310471,https://openalex.org/C121332964,13
A5010310471,https://openalex.org/C126322002,87
A5010310471,https://openalex.org/C1276947,6
A5010310471,https://openalex.org/C136764020,1
A5010310471,https://openalex.org/C138885662,2
A5010310471,https://openalex.org/C144133560,1
A5010310471,https://openalex.org/C154945302,2
A5010310471,https://openalex.org/C15744967,1
A5010310471,https://openalex.org/C159985019,2
A5010310471,https://openalex.org/C161191863,2
A5010310471,https://openalex.org/C17744445,3
A5010310471,https://openalex.org/C178790620,24
A5010310471,https://openalex.org/C185592680,92
A5010310471,https://openalex.org/C192562407,6
A5010310471,https://openalex.org/C199539241,2
A5010310471,https://openalex.org/C202444582,2
A5010310471,https://openalex.org/C205649164,1
A5010310471,https://openalex.org/C2524010,1
A5010310471,https://openalex.org/C33923547,9
A5010310471,https://openalex.org/C41008148,13
A5010310471,https://openalex.org/C44870925,1
A5010310471,https://openalex.org/C54355233,1
A5010310471,https://openalex.org/C55493867,46
A5010310471,https://openalex.org/C57879066,1
A5010310471,https://openalex.org/C62520636,1
A5010310471,https://openalex.org/C71924100,98
A5010310471,https://openalex.org/C74650414,1
A5010310471,https://openalex.org/C86803240,50
A5010310471,https://openalex.org/C95457728,2
A5013968489,https://openalex.org/C104317684,2
A5013968489,https://openalex.org/C105795698,1
A5013968489,https://openalex.org/C111472728,6
A5013968489,https://openalex.org/C120665830,15
A5013968489,https://openalex.org/C121332964,120
A5013968489,https://openalex.org/C121864883,5
A5013968489,https://openalex.org/C126322002,3
A5013968489,https://openalex.org/C127313418,15
A5013968489,https://openalex.org/C127413603,29
A5013968489,https://openalex.org/C1276947,1
A5013968489,https://openalex.org/C134306372,12
A5013968489,https://openalex.org/C136764020,1
A5013968489,https://openalex.org/C138885662,10
A5013968489,https://openalex.org/C144237770,1
A5013968489,https://openalex.org/C151730666,5
A5013968489,https://openalex.org/C154945302,5
A5013968489,https://openalex.org/C15744967,5
A5013968489,https://openalex.org/C159985019,16
A5013968489,https://openalex.org/C161191863,6
A5013968489,https://openalex.org/C162324750,4
A5013968489,https://openalex.org/C17744445,10
A5013968489,https://openalex.org/C178790620,5
A5013968489,https://openalex.org/C184779094,4
A5013968489,https://openalex.org/C185592680,28
A5013968489,https://openalex.org/C192562407,69
A5013968489,https://openalex.org/C199360897,3
A5013968489,https://openalex.org/C199539241,10
A5013968489,https://openalex.org/C202444582,4
A5013968489,https://openalex.org/C205649164,2
A5013968489,https://openalex.org/C2524010,13
A5013968489,https://openalex.org/C2778805511,2
A5013968489,https://openalex.org/C33332235,3
A5013968489,https://openalex.org/C33923547,29
A5013968489,https://openalex.org/C41008148,36
A5013968489,https://openalex.org/C41895202,3
A5013968489,https://openalex.org/C55493867,4
A5013968489,https://openalex.org/C57879066,80
A5013968489,https://openalex.org/C62520636,26
A5013968489,https://openalex.org/C71924100,6
A5013968489,https://openalex.org/C74650414,26
A5013968489,https://openalex.org/C77805123,1
A5013968489,https://openalex.org/C86803240,4
A5013968489,https://openalex.org/C95457728,3
A5013968489,https://openalex.org/C97355855,52
A5014796220,https://openalex.org/C104317684,100
A5014796220,https://openalex.org/C105795698,1
A5014796220,https://openalex.org/C121332964,1
A5014796220,https://openalex.org/C126322002,1
A5014796220,https://openalex.org/C127413603,4
A5014796220,https://openalex.org/C134306372,2
A5014796220,https://openalex.org/C136764020,6
A5014796220,https://openalex.org/C138885662,3
A5014796220,https://openalex.org/C144133560,1
A5014796220,https://openalex.org/C151730666,3
A5014796220,https://openalex.org/C161191863,49
A5014796220,https://openalex.org/C162324750,4
A5014796220,https://openalex.org/C17744445,8
A5014796220,https://openalex.org/C178790620,17
A5014796220,https://openalex.org/C185592680,99
A5014796220,https://openalex.org/C192562407,7
A5014796220,https://openalex.org/C199360897,5
A5014796220,https://openalex.org/C199539241,4
A5014796220,https://openalex.org/C205649164,2
A5014796220,https://openalex.org/C2778805511,28
A5014796220,https://openalex.org/C33923547,9
A5014796220,https://openalex.org/C41008148,52
A5014796220,https://openalex.org/C41895202,2
A5014796220,https://openalex.org/C54355233,41
A5014796220,https://openalex.org/C55493867,109
A5014796220,https://openalex.org/C62520636,1
A5014796220,https://openalex.org/C71924100,9
A5014796220,https://openalex.org/C86803240,161
A5014796220,https://openalex.org/C95457728,8
A5014849573,https://openalex.org/C105795698,1
A5014849573,https://openalex.org/C120665830,36
A5014849573,https://openalex.org/C121332964,109
A5014849573,https://openalex.org/C121864883,10
A5014849573,https://openalex.org/C126322002,1
A5014849573,https://openalex.org/C127313418,2
A5014849573,https://openalex.org/C127413603,15
A5014849573,https://openalex.org/C1276947,9
A5014849573,https://openalex.org/C134306372,18
A5014849573,https://openalex.org/C136764020,15
A5014849573,https://openalex.org/C138885662,5
A5014849573,https://openalex.org/C142362112,3
A5014849573,https://openalex.org/C151730666,3
A5014849573,https://openalex.org/C15744967,36
A5014849573,https://openalex.org/C159985019,29
A5014849573,https://openalex.org/C161191863,11
A5014849573,https://openalex.org/C162324750,1
A5014849573,https://openalex.org/C178790620,49
A5014849573,https://openalex.org/C184779094,20
A5014849573,https://openalex.org/C185592680,91
A5014849573,https://openalex.org/C192562407,87
A5014849573,https://openalex.org/C199360897,27
A5014849573,https://openalex.org/C202444582,3
A5014849573,https://openalex.org/C2524010,6
A5014849573,https://openalex.org/C2778805511,20
A5014849573,https://openalex.org/C33332235,1
A5014849573,https://openalex.org/C33923547,27
A5014849573,https://openalex.org/C41008148,49
A5014849573,https://openalex.org/C41895202,1
A5014849573,https://openalex.org/C55493867,1
A5014849573,https://openalex.org/C57879066,2
A5014849573,https://openalex.org/C62520636,59
A5014849573,https://openalex.org/C71924100,2
A5014849573,https://openalex.org/C74650414,4
A5014849573,https://openalex.org/C77805123,32
A5014849573,https://openalex.org/C86803240,7
A5014849573,https://openalex.org/C95457728,1
A5014849573,https://openalex.org/C97355855,45
A5017995448,https://openalex.org/C111472728,1
A5017995448,https://openalex.org/C121332964,3
A5017995448,https://openalex.org/C127313418,2
A5017995448,https://openalex.org/C127413603,8
A5017995448,https://openalex.org/C136764020,8
A5017995448,https://openalex.org/C138885662,4
A5017995448,https://openalex.org/C142362112,1
A5017995448,https://openalex.org/C144024400,15
A5017995448,https://openalex.org/C144133560,28
A5017995448,https://openalex.org/C144237770,3
A5017995448,https://openalex.org/C154945302,1
A5017995448,https://openalex.org/C15744967,7
A5017995448,https://openalex.org/C159985019,2
A5017995448,https://openalex.org/C161191863,7
A5017995448,https://openalex.org/C162324750,30
A5017995448,https://openalex.org/C17744445,32
A5017995448,https://openalex.org/C185592680,1
A5017995448,https://openalex.org/C192562407,2
A5017995448,https://openalex.org/C199360897,2
A5017995448,https://openalex.org/C199539241,20
A5017995448,https://openalex.org/C205649164,9
A5017995448,https://openalex.org/C2778805511,1
A5017995448,https://openalex.org/C33923547,2
A5017995448,https://openalex.org/C41008148,16
A5017995448,https://openalex.org/C41895202,2
A5017995448,https://openalex.org/C55493867,1
A5017995448,https://openalex.org/C62520636,3
A5017995448,https://openalex.org/C77805123,4
A5017995448,https://openalex.org/C95457728,4
A5020224649,https://openalex.org/C104317684,9
A5020224649,https://openalex.org/C105795698,21
A5020224649,https://openalex.org/C111472728,40
A5020224649,https://openalex.org/C120665830,8
A5020224649,https://openalex.org/C121332964,42
A5020224649,https://openalex.org/C121864883,4
A5020224649,https://openalex.org/C126322002,1
A5020224649,https://openalex.org/C127313418,2
A5020224649,https://openalex.org/C127413603,25
A5020224649,https://openalex.org/C134306372,46
A5020224649,https://openalex.org/C136764020,4
A5020224649,https://openalex.org/C138885662,152
A5020224649,https://openalex.org/C142362112,10
A5020224649,https://openalex.org/C144024400,18
A5020224649,https://openalex.org/C144133560,1
A5020224649,https://openalex.org/C144237770,5
A5020224649,https://openalex.org/C149782125,9
A5020224649,https://openalex.org/C151730666,41
A5020224649,https://openalex.org/C154945302,248
A5020224649,https://openalex.org/C15744967,344
A5020224649,https://openalex.org/C159985019,7
A5020224649,https://openalex.org/C161191863,7
A5020224649,https://openalex.org/C162324750,40
A5020224649,https://openalex.org/C17744445,46
A5020224649,https://openalex.org/C178790620,4
A5020224649,https://openalex.org/C185592680,20
A5020224649,https://openalex.org/C192562407,8
A5020224649,https://openalex.org/C199360897,77
A5020224649,https://openalex.org/C199539241,45
A5020224649,https://openalex.org/C202444582,8
A5020224649,https://openalex.org/C205649164,8
A5020224649,https://openalex.org/C2524010,22
A5020224649,https://openalex.org/C2778805511,3
A5020224649,https://openalex.org/C33332235,1
A5020224649,https://openalex.org/C33923547,105
A5020224649,https://openalex.org/C41008148,378
A5020224649,https://openalex.org/C41895202,117
A5020224649,https://openalex.org/C44870925,1
A5020224649,https://openalex.org/C54355233,12
A5020224649,https://openalex.org/C55493867,12
A5020224649,https://openalex.org/C57879066,1
A5020224649,https://openalex.org/C62520636,23
A5020224649,https://openalex.org/C71924100,20
A5020224649,https://openalex.org/C77805123,14
A5020224649,https://openalex.org/C86803240,83
A5020224649,https://openalex.org/C95457728,23
A5020224649,https://openalex.org/C97355855,7
A5021166281,https://openalex.org/C105795698,61
A5021166281,https://openalex.org/C111472728,3
A5021166281,https://openalex.org/C121332964,11
A5021166281,https://openalex.org/C127313418,2
A5021166281,https://openalex.org/C127413603,8
A5021166281,https://openalex.org/C1276947,1
A5021166281,https://openalex.org/C136764020,2
A5021166281,https://openalex.org/C138885662,6
A5021166281,https://openalex.org/C144024400,4
A5021166281,https://openalex.org/C144133560,3
A5021166281,https://openalex.org/C144237770,2
A5021166281,https://openalex.org/C149782125,29
A5021166281,https://openalex.org/C154945302,7
A5021166281,https://openalex.org/C15744967,4
A5021166281,https://openalex.org/C161191863,4
A5021166281,https://openalex.org/C162324750,10
A5021166281,https://openalex.org/C17744445,4
A5021166281,https://openalex.org/C178790620,1
A5021166281,https://openalex.org/C185592680,3
A5021166281,https://openalex.org/C192562407,1
A5021166281,https://openalex.org/C199360897,3
A5021166281,https://openalex.org/C199539241,3
A5021166281,https://openalex.org/C202444582,1
A5021166281,https://openalex.org/C205649164,8
A5021166281,https://openalex.org/C2524010,5
A5021166281,https://openalex.org/C2778805511,2
A5021166281,https://openalex.org/C33923547,78
A5021166281,https://openalex.org/C41008148,96
A5021166281,https://openalex.org/C41895202,3
A5021166281,https://openalex.org/C44870925,1
A5021166281,https://openalex.org/C62520636,2
A5021166281,https://openalex.org/C71924100,4
A5021166281,https://openalex.org/C86803240,17
A5021166281,https://openalex.org/C95457728,3
A5021166281,https://openalex.org/C97355855,4
A5021973169,https://openalex.org/C104317684,18
A5021973169,https://openalex.org/C105795698,20
A5021973169,https://openalex.org/C111472728,10
A5021973169,https://openalex.org/C120665830,17
A5021973169,https://openalex.org/C121332964,160
A5021973169,https://openalex.org/C121864883,13
A5021973169,https://openalex.org/C126322002,1
A5021973169,https://openalex.org/C127313418,13
A5021973169,https://openalex.org/C127413603,19
A5021973169,https://openalex.org/C1276947,60
A5021973169,https://openalex.org/C134306372,26
A5021973169,https://openalex.org/C136764020,4
A5021973169,https://openalex.org/C138885662,23
A5021973169,https://openalex.org/C142362112,5
A5021973169,https://openalex.org/C144024400,9
A5021973169,https://openalex.org/C144133560,4
A5021973169,https://openalex.org/C144237770,4
A5021973169,https://openalex.org/C149782125,9
A5021973169,https://openalex.org/C151730666,10
A5021973169,https://openalex.org/C154945302,28
A5021973169,https://openalex.org/C15744967,10
A5021973169,https://openalex.org/C159985019,4
A5021973169,https://openalex.org/C161191863,11
A5021973169,https://openalex.org/C162324750,17
A5021973169,https://openalex.org/C17744445,15
A5021973169,https://openalex.org/C178790620,2
A5021973169,https://openalex.org/C184779094,3
A5021973169,https://openalex.org/C185592680,5
A5021973169,https://openalex.org/C192562407,10
A5021973169,https://openalex.org/C199360897,37
A5021973169,https://openalex.org/C199539241,9
A5021973169,https://openalex.org/C202444582,13
A5021973169,https://openalex.org/C205649164,5
A5021973169,https://openalex.org/C2524010,28
A5021973169,https://openalex.org/C2778805511,3
A5021973169,https://openalex.org/C33332235,38
A5021973169,https://openalex.org/C33923547,90
A5021973169,https://openalex.org/C41008148,161
A5021973169,https://openalex.org/C41895202,4
A5021973169,https://openalex.org/C44870925,67
A5021973169,https://openalex.org/C54355233,18
A5021973169,https://openalex.org/C55493867,4
A5021973169,https://openalex.org/C57879066,13
A5021973169,https://openalex.org/C62520636,54
A5021973169,https://openalex.org/C71924100,15
A5021973169,https://openalex.org/C74650414,39
A5021973169,https://openalex.org/C77805123,1
A5021973169,https://openalex.org/C86803240,37
A5021973169,https://openalex.org/C95457728,13
A5021973169,https://openalex.org/C97355855,7
A5022679847,https://openalex.org/C104317684,2
A5022679847,https://openalex.org/C120665830,1
A5022679847,https://openalex.org/C121332964,8
A5022679847,https://openalex.org/C121864883,3
A5022679847,https://openalex.org/C127313418,1
A5022679847,https://openalex.org/C134306372,3
A5022679847,https://openalex.org/C144024400,2
A5022679847,https://openalex.org/C144237770,1
A5022679847,https://openalex.org/C151730666,1
A5022679847,https://openalex.org/C159985019,4
A5022679847,https://openalex.org/C162324750,1
A5022679847,https://openalex.org/C178790620,2
A5022679847,https://openalex.org/C184779094,1
A5022679847,https://openalex.org/C185592680,6
A5022679847,https://openalex.org/C192562407,6
A5022679847,https://openalex.org/C199360897,2
A5022679847,https://openalex.org/C2524010,2
A5022679847,https://openalex.org/C33923547,4
A5022679847,https://openalex.org/C41008148,3
A5022679847,https://openalex.org/C55493867,2
A5022679847,https://openalex.org/C57879066,1
A5022679847,https://openalex.org/C62520636,4
A5022679847,https://openalex.org/C71924100,1
A5022679847,https://openalex.org/C74650414,3
A5022679847,https://openalex.org/C86803240,1
A5022679847,https://openalex.org/C97355855,4
A5023676828,https://openalex.org/C105795698,1
A5023676828,https://openalex.org/C111472728,2
A5023676828,https://openalex.org/C121332964,19
A5023676828,https://openalex.org/C127313418,1
A5023676828,https://openalex.org/C138885662,22
A5023676828,https://openalex.org/C142362112,2
A5023676828,https://openalex.org/C154945302,1
A5023676828,https://openalex.org/C161191863,10
A5023676828,https://openalex.org/C162324750,1
A5023676828,https://openalex.org/C17744445,3
A5023676828,https://openalex.org/C199360897,1
A5023676828,https://openalex.org/C199539241,1
A5023676828,https://openalex.org/C202444582,1
A5023676828,https://openalex.org/C2778805511,10
A5023676828,https://openalex.org/C33332235,5
A5023676828,https://openalex.org/C33923547,3
A5023676828,https://openalex.org/C41008148,12
A5023676828,https://openalex.org/C62520636,3
A5023676828,https://openalex.org/C71924100,1
A5023676828,https://openalex.org/C74650414,5
A5023676828,https://openalex.org/C95457728,1
A5023706141,https://openalex.org/C104317684,25
A5023706141,https://openalex.org/C105795698,218
A5023706141,https://openalex.org/C111472728,27
A5023706141,https://openalex.org/C120665830,6
A5023706141,https://openalex.org/C121332964,64
A5023706141,https://openalex.org/C121864883,8
A5023706141,https://openalex.org/C126322002,6
A5023706141,https://openalex.org/C127313418,9
A5023706141,https://openalex.org/C127413603,28
A5023706141,https://openalex.org/C1276947,5
A5023706141,https://openalex.org/C134306372,43
A5023706141,https://openalex.org/C136764020,13
A5023706141,https://openalex.org/C138885662,46
A5023706141,https://openalex.org/C142362112,5
A5023706141,https://openalex.org/C144024400,26
A5023706141,https://openalex.org/C144133560,29
A5023706141,https://openalex.org/C144237770,10
A5023706141,https://openalex.org/C149782125,105
A5023706141,https://openalex.org/C151730666,25
A5023706141,https://openalex.org/C154945302,46
A5023706141,https://openalex.org/C15744967,39
A5023706141,https://openalex.org/C159985019,10
A5023706141,https://openalex.org/C161191863,21
A5023706141,https://openalex.org/C162324750,36
A5023706141,https://openalex.org/C17744445,22
A5023706141,https://openalex.org/C178790620,3
A5023706141,https://openalex.org/C184779094,1
A5023706141,https://openalex.org/C185592680,28
A5023706141,https://openalex.org/C192562407,13
A5023706141,https://openalex.org/C199360897,30
A5023706141,https://openalex.org/C199539241,18
A5023706141,https://openalex.org/C202444582,13
A5023706141,https://openalex.org/C205649164,19
A5023706141,https://openalex.org/C2524010,33
A5023706141,https://openalex.org/C2778805511,7
A5023706141,https://openalex.org/C33923547,298
A5023706141,https://openalex.org/C41008148,292
A5023706141,https://openalex.org/C41895202,16
A5023706141,https://openalex.org/C44870925,3
A5023706141,https://openalex.org/C54355233,8
A5023706141,https://openalex.org/C55493867,19
A5023706141,https://openalex.org/C57879066,2
A5023706141,https://openalex.org/C62520636,30
A5023706141,https://openalex.org/C71924100,38
A5023706141,https://openalex.org/C74650414,3
A5023706141,https://openalex.org/C77805123,2
A5023706141,https://openalex.org/C86803240,47
A5023706141,https://openalex.org/C95457728,3
A5023706141,https://openalex.org/C97355855,13
A5023755434,https://openalex.org/C104317684,1
A5023755434,https://openalex.org/C105795698,4
A5023755434,https://openalex.org/C111472728,1
A5023755434,https://openalex.org/C120665830,179
A5023755434,https://openalex.org/C121332964,219
A5023755434,https://openalex.org/C126322002,1
A5023755434,https://openalex.org/C127313418,25
A5023755434,https://openalex.org/C127413603,65
A5023755434,https://openalex.org/C1276947,2
A5023755434,https://openalex.org/C134306372,1
A5023755434,https://openalex.org/C136764020,5
A5023755434,https://openalex.org/C138885662,4
A5023755434,https://openalex.org/C142362112,2
A5023755434,https://openalex.org/C144024400,2
A5023755434,https://openalex.org/C144133560,2
A5023755434,https://openalex.org/C151730666,4
A5023755434,https://openalex.org/C154945302,45
A5023755434,https://openalex.org/C15744967,6
A5023755434,https://openalex.org/C159985019,128
A5023755434,https://openalex.org/C161191863,1
A5023755434,https://openalex.org/C162324750,3
A5023755434,https://openalex.org/C17744445,2
A5023755434,https://openalex.org/C178790620,20
A5023755434,https://openalex.org/C184779094,8
A5023755434,https://openalex.org/C185592680,53
A5023755434,https://openalex.org/C192562407,244
A5023755434,https://openalex.org/C199360897,27
A5023755434,https://openalex.org/C202444582,11
A5023755434,https://openalex.org/C205649164,1
A5023755434,https://openalex.org/C2524010,22
A5023755434,https://openalex.org/C2778805511,2
A5023755434,https://openalex.org/C33923547,37
A5023755434,https://openalex.org/C41008148,109
A5023755434,https://openalex.org/C41895202,3
A5023755434,https://openalex.org/C54355233,2
A5023755434,https://openalex.org/C55493867,4
A5023755434,https://openalex.org/C57879066,6
A5023755434,https://openalex.org/C62520636,81
A5023755434,https://openalex.org/C71924100,39
A5023755434,https://openalex.org/C74650414,1
A5023755434,https://openalex.org/C86803240,8
A5023755434,https://openalex.org/C95457728,3
A5023755434,https://openalex.org/C97355855,14
A5024145662,https://openalex.org/C104317684,4
A5024145662,https://openalex.org/C105795698,22
A5024145662,https://openalex.org/C111472728,6
A5024145662,https://openalex.org/C120665830,13
A5024145662,https://openalex.org/C121332964,113
A5024145662,https://openalex.org/C121864883,9
A5024145662,https://openalex.org/C126322002,1
A5024145662,https://openalex.org/C127313418,5
A5024145662,https://openalex.org/C127413603,31
A5024145662,https://openalex.org/C1276947,5
A5024145662,https://openalex.org/C134306372,19
A5024145662,https://openalex.org/C136764020,9
A5024145662,https://openalex.org/C138885662,26
A5024145662,https://openalex.org/C142362112,9
A5024145662,https://openalex.org/C144024400,10
A5024145662,https://openalex.org/C144133560,13
A5024145662,https://openalex.org/C144237770,7
A5024145662,https://openalex.org/C149782125,5
A5024145662,https://openalex.org/C151730666,3
A5024145662,https://openalex.org/C154945302,13
A5024145662,https://openalex.org/C15744967,7
A5024145662,https://openalex.org/C159985019,4
A5024145662,https://openalex.org/C161191863,19
A5024145662,https://openalex.org/C162324750,19
A5024145662,https://openalex.org/C17744445,18
A5024145662,https://openalex.org/C178790620,4
A5024145662,https://openalex.org/C184779094,20
A5024145662,https://openalex.org/C185592680,13
A5024145662,https://openalex.org/C192562407,16
A5024145662,https://openalex.org/C199360897,14
A5024145662,https://openalex.org/C199539241,8
A5024145662,https://openalex.org/C202444582,6
A5024145662,https://openalex.org/C205649164,5
A5024145662,https://openalex.org/C2524010,14
A5024145662,https://openalex.org/C2778805511,5
A5024145662,https://openalex.org/C33332235,25
A5024145662,https://openalex.org/C33923547,63
A5024145662,https://openalex.org/C41008148,113
A5024145662,https://openalex.org/C41895202,8
A5024145662,https://openalex.org/C44870925,3
A5024145662,https://openalex.org/C54355233,2
A5024145662,https://openalex.org/C55493867,6
A5024145662,https://openalex.org/C57879066,8
A5024145662,https://openalex.org/C62520636,45
A5024145662,https://openalex.org/C71924100,10
A5024145662,https://openalex.org/C74650414,14
A5024145662,https://openalex.org/C77805123,1
A5024145662,https://openalex.org/C86803240,10
A5024145662,https://openalex.org/C95457728,11
A5024145662,https://openalex.org/C97355855,10
A5024744620,https://openalex.org/C104317684,1
A5024744620,https://openalex.org/C105795698,11
A5024744620,https://openalex.org/C111472728,18
A5024744620,https://openalex.org/C120665830,2
A5024744620,https://openalex.org/C121332964,19
A5024744620,https://openalex.org/C127313418,7
A5024744620,https://openalex.org/C127413603,25
A5024744620,https://openalex.org/C1276947,9
A5024744620,https://openalex.org/C134306372,11
A5024744620,https://openalex.org/C136764020,26
A5024744620,https://openalex.org/C138885662,58
A5024744620,https://openalex.org/C142362112,38
A5024744620,https://openalex.org/C144024400,59
A5024744620,https://openalex.org/C144133560,91
A5024744620,https://openalex.org/C144237770,44
A5024744620,https://openalex.org/C149782125,29
A5024744620,https://openalex.org/C151730666,8
A5024744620,https://openalex.org/C154945302,10
A5024744620,https://openalex.org/C15744967,22
A5024744620,https://openalex.org/C161191863,45
A5024744620,https://openalex.org/C162324750,264
A5024744620,https://openalex.org/C17744445,129
A5024744620,https://openalex.org/C185592680,6
A5024744620,https://openalex.org/C192562407,1
A5024744620,https://openalex.org/C199360897,11
A5024744620,https://openalex.org/C199539241,96
A5024744620,https://openalex.org/C202444582,1
A5024744620,https://openalex.org/C205649164,23
A5024744620,https://openalex.org/C2524010,1
A5024744620,https://openalex.org/C2778805511,10
A5024744620,https://openalex.org/C33332235,3
A5024744620,https://openalex.org/C33923547,40
A5024744620,https://openalex.org/C41008148,107
A5024744620,https://openalex.org/C41895202,15
A5024744620,https://openalex.org/C55493867,4
A5024744620,https://openalex.org/C62520636,4
A5024744620,https://openalex.org/C71924100,7
A5024744620,https://openalex.org/C77805123,7
A5024744620,https://openalex.org/C86803240,34
A5024744620,https://openalex.org/C95457728,58
A5024744620,https://openalex.org/C97355855,1
A5024894593,https://openalex.org/C105795698,49
A5024894593,https://openalex.org/C111472728,13
A5024894593,https://openalex.org/C120665830,1
A5024894593,https://openalex.org/C121332964,26
A5024894593,https://openalex.org/C126322002,2
A5024894593,https://openalex.org/C127313418,6
A5024894593,https://openalex.org/C127413603,33
A5024894593,https://openalex.org/C1276947,1
A5024894593,https://openalex.org/C134306372,5
A5024894593,https://openalex.org/C136764020,4
A5024894593,https://openalex.org/C138885662,32
A5024894593,https://openalex.org/C142362112,5
A5024894593,https://openalex.org/C144024400,30
A5024894593,https://openalex.org/C144133560,7
A5024894593,https://openalex.org/C144237770,1
A5024894593,https://openalex.org/C149782125,20
A5024894593,https://openalex.org/C151730666,21
A5024894593,https://openalex.org/C154945302,17
A5024894593,https://openalex.org/C15744967,187
A5024894593,https://openalex.org/C161191863,16
A5024894593,https://openalex.org/C162324750,8
A5024894593,https://openalex.org/C17744445,24
A5024894593,https://openalex.org/C178790620,1
A5024894593,https://openalex.org/C185592680,1
A5024894593,https://openalex.org/C199360897,17
A5024894593,https://openalex.org/C199539241,14
A5024894593,https://openalex.org/C202444582,2
A5024894593,https://openalex.org/C205649164,3
A5024894593,https://openalex.org/C2524010,6
A5024894593,https://openalex.org/C2778805511,4
A5024894593,https://openalex.org/C33332235,1
A5024894593,https://openalex.org/C33923547,60
A5024894593,https://openalex.org/C41008148,102
A5024894593,https://openalex.org/C41895202,8
A5024894593,https://openalex.org/C54355233,2
A5024894593,https://openalex.org/C62520636,17
A5024894593,https://openalex.org/C71924100,24
A5024894593,https://openalex.org/C77805123,40
A5024894593,https://openalex.org/C86803240,23
A5024894593,https://openalex.org/C95457728,6
A5024894593,https://openalex.org/C97355855,6
A5027610285,https://openalex.org/C104317684,5
A5027610285,https://openalex.org/C111472728,42
A5027610285,https://openalex.org/C121332964,6
A5027610285,https://openalex.org/C126322002,1
A5027610285,https://openalex.org/C127313418,4
A5027610285,https://openalex.org/C127413603,4
A5027610285,https://openalex.org/C1276947,1
A5027610285,https://openalex.org/C134306372,9
A5027610285,https://openalex.org/C136764020,2
A5027610285,https://openalex.org/C138885662,56
A5027610285,https://openalex.org/C142362112,12
A5027610285,https://openalex.org/C144024400,20
A5027610285,https://openalex.org/C144133560,1
A5027610285,https://openalex.org/C154945302,2
A5027610285,https://openalex.org/C15744967,95
A5027610285,https://openalex.org/C161191863,3
A5027610285,https://openalex.org/C162324750,1
A5027610285,https://openalex.org/C17744445,12
A5027610285,https://openalex.org/C185592680,2
A5027610285,https://openalex.org/C192562407,1
A5027610285,https://openalex.org/C199360897,4
A5027610285,https://openalex.org/C199539241,10
A5027610285,https://openalex.org/C202444582,1
A5027610285,https://openalex.org/C205649164,1
A5027610285,https://openalex.org/C2524010,3
A5027610285,https://openalex.org/C33923547,13
A5027610285,https://openalex.org/C41008148,35
A5027610285,https://openalex.org/C41895202,17
A5027610285,https://openalex.org/C54355233,3
A5027610285,https://openalex.org/C55493867,4
A5027610285,https://openalex.org/C62520636,2
A5027610285,https://openalex.org/C71924100,2
A5027610285,https://openalex.org/C77805123,14
A5027610285,https://openalex.org/C86803240,13
A5027610285,https://openalex.org/C95457728,20
A5027610285,https://openalex.org/C97355855,2
A5028194420,https://openalex.org/C104317684,7
A5028194420,https://openalex.org/C105795698,13
A5028194420,https://openalex.org/C111472728,17
A5028194420,https://openalex.org/C120665830,3
A5028194420,https://openalex.org/C121332964,212
A5028194420,https://openalex.org/C121864883,37
A5028194420,https://openalex.org/C127313418,9
A5028194420,https://openalex.org/C127413603,16
A5028194420,https://openalex.org/C1276947,1
A5028194420,https://openalex.org/C134306372,37
A5028194420,https://openalex.org/C136764020,25
A5028194420,https://openalex.org/C138885662,31
A5028194420,https://openalex.org/C142362112,7
A5028194420,https://openalex.org/C144024400,7
A5028194420,https://openalex.org/C144133560,7
A5028194420,https://openalex.org/C144237770,4
A5028194420,https://openalex.org/C151730666,15
A5028194420,https://openalex.org/C154945302,10
A5028194420,https://openalex.org/C15744967,9
A5028194420,https://openalex.org/C159985019,6
A5028194420,https://openalex.org/C161191863,22
A5028194420,https://openalex.org/C162324750,21
A5028194420,https://openalex.org/C17744445,9
A5028194420,https://openalex.org/C178790620,144
A5028194420,https://openalex.org/C184779094,77
A5028194420,https://openalex.org/C185592680,227
A5028194420,https://openalex.org/C192562407,38
A5028194420,https://openalex.org/C199360897,49
A5028194420,https://openalex.org/C199539241,9
A5028194420,https://openalex.org/C202444582,8
A5028194420,https://openalex.org/C205649164,2
A5028194420,https://openalex.org/C2524010,24
A5028194420,https://openalex.org/C2778805511,27
A5028194420,https://openalex.org/C33332235,21
A5028194420,https://openalex.org/C33923547,85
A5028194420,https://openalex.org/C41008148,125
A5028194420,https://openalex.org/C41895202,11
A5028194420,https://openalex.org/C44870925,1
A5028194420,https://openalex.org/C55493867,23
A5028194420,https://openalex.org/C62520636,142
A5028194420,https://openalex.org/C71924100,8
A5028194420,https://openalex.org/C74650414,3
A5028194420,https://openalex.org/C77805123,6
A5028194420,https://openalex.org/C86803240,17
A5028194420,https://openalex.org/C95457728,8
A5028194420,https://openalex.org/C97355855,41
A5028584551,https://openalex.org/C104317684,14
A5028584551,https://openalex.org/C105795698,418
A5028584551,https://openalex.org/C111472728,104
A5028584551,https://openalex.org/C120665830,1
A5028584551,https://openalex.org/C121332964,123
A5028584551,https://openalex.org/C121864883,36
A5028584551,https://openalex.org/C126322002,8
A5028584551,https://openalex.org/C127313418,10
A5028584551,https://openalex.org/C127413603,21
A5028584551,https://openalex.org/C1276947,10
A5028584551,https://openalex.org/C134306372,105
A5028584551,https://openalex.org/C136764020,23
A5028584551,https://openalex.org/C138885662,139
A5028584551,https://openalex.org/C142362112,7
A5028584551,https://openalex.org/C144024400,32
A5028584551,https://openalex.org/C144133560,10
A5028584551,https://openalex.org/C144237770,82
A5028584551,https://openalex.org/C149782125,239
A5028584551,https://openalex.org/C151730666,37
A5028584551,https://openalex.org/C154945302,86
A5028584551,https://openalex.org/C15744967,52
A5028584551,https://openalex.org/C159985019,12
A5028584551,https://openalex.org/C161191863,36
A5028584551,https://openalex.org/C162324750,54
A5028584551,https://openalex.org/C17744445,43
A5028584551,https://openalex.org/C178790620,2
A5028584551,https://openalex.org/C185592680,32
A5028584551,https://openalex.org/C192562407,13
A5028584551,https://openalex.org/C199360897,29
A5028584551,https://openalex.org/C199539241,42
A5028584551,https://openalex.org/C202444582,38
A5028584551,https://openalex.org/C205649164,3
A5028584551,https://openalex.org/C2524010,71
A5028584551,https://openalex.org/C2778805511,21
A5028584551,https://openalex.org/C33332235,18
A5028584551,https://openalex.org/C33923547,553
A5028584551,https://openalex.org/C41008148,262
A5028584551,https://openalex.org/C41895202,35
A5028584551,https://openalex.org/C44870925,3
A5028584551,https://openalex.org/C54355233,5
A5028584551,https://openalex.org/C55493867,21
A5028584551,https://openalex.org/C62520636,58
A5028584551,https://openalex.org/C71924100,71
A5028584551,https://openalex.org/C74650414,13
A5028584551,https://openalex.org/C77805123,13
A5028584551,https://openalex.org/C86803240,80
A5028584551,https://openalex.org/C95457728,8
A5028584551,https://openalex.org/C97355855,9
A5029605479,https://openalex.org/C104317684,7
A5029605479,https://openalex.org/C105795698,3
A5029605479,https://openalex.org/C111472728,5
A5029605479,https://openalex.org/C120665830,7
A5029605479,https://openalex.org/C121332964,83
A5029605479,https://openalex.org/C121864883,1
A5029605479,https://openalex.org/C127313418,45
A5029605479,https://openalex.org/C127413603,14
A5029605479,https://openalex.org/C1276947,4
A5029605479,https://openalex.org/C134306372,25
A5029605479,https://openalex.org/C136764020,2
A5029605479,https://openalex.org/C138885662,16
A5029605479,https://openalex.org/C144237770,1
A5029605479,https://openalex.org/C151730666,7
A5029605479,https://openalex.org/C154945302,5
A5029605479,https://openalex.org/C15744967,2
A5029605479,https://openalex.org/C159985019,31
A5029605479,https://openalex.org/C161191863,8
A5029605479,https://openalex.org/C162324750,5
A5029605479,https://openalex.org/C17744445,1
A5029605479,https://openalex.org/C178790620,1
A5029605479,https://openalex.org/C184779094,8
A5029605479,https://openalex.org/C185592680,11
A5029605479,https://openalex.org/C192562407,47
A5029605479,https://openalex.org/C199360897,12
A5029605479,https://openalex.org/C199539241,1
A5029605479,https://openalex.org/C202444582,4
A5029605479,https://openalex.org/C205649164,6
A5029605479,https://openalex.org/C2524010,30
A5029605479,https://openalex.org/C2778805511,7
A5029605479,https://openalex.org/C33332235,1
A5029605479,https://openalex.org/C33923547,60
A5029605479,https://openalex.org/C41008148,41
A5029605479,https://openalex.org/C41895202,9
A5029605479,https://openalex.org/C44870925,2
A5029605479,https://openalex.org/C54355233,1
A5029605479,https://openalex.org/C55493867,8
A5029605479,https://openalex.org/C57879066,43
A5029605479,https://openalex.org/C62520636,19
A5029605479,https://openalex.org/C71924100,17
A5029605479,https://openalex.org/C74650414,6
A5029605479,https://openalex.org/C86803240,11
A5029605479,https://openalex.org/C95457728,1
A5029605479,https://openalex.org/C97355855,39
A5029968225,https://openalex.org/C121332964,4
A5029968225,https://openalex.org/C127413603,7
A5029968225,https://openalex.org/C136764020,5
A5029968225,https://openalex.org/C144133560,1
A5029968225,https://openalex.org/C159985019,2
A5029968225,https://openalex.org/C161191863,1
A5029968225,https://openalex.org/C178790620,9
A5029968225,https://openalex.org/C185592680,11
A5029968225,https://openalex.org/C192562407,5
A5029968225,https://openalex.org/C199360897,4
A5029968225,https://openalex.org/C2778805511,5
A5029968225,https://openalex.org/C41008148,5
A5029968225,https://openalex.org/C97355855,4
A5030452986,https://openalex.org/C105795698,2
A5030452986,https://openalex.org/C111472728,1
A5030452986,https://openalex.org/C120665830,13
A5030452986,https://openalex.org/C121332964,46
A5030452986,https://openalex.org/C126322002,6
A5030452986,https://openalex.org/C127313418,1
A5030452986,https://openalex.org/C127413603,14
A5030452986,https://openalex.org/C1276947,1
A5030452986,https://openalex.org/C134306372,7
A5030452986,https://openalex.org/C136764020,1
A5030452986,https://openalex.org/C138885662,17
A5030452986,https://openalex.org/C142362112,6
A5030452986,https://openalex.org/C144024400,3
A5030452986,https://openalex.org/C151730666,2
A5030452986,https://openalex.org/C154945302,2
A5030452986,https://openalex.org/C15744967,19
A5030452986,https://openalex.org/C159985019,2
A5030452986,https://openalex.org/C161191863,33
A5030452986,https://openalex.org/C162324750,3
A5030452986,https://openalex.org/C17744445,4
A5030452986,https://openalex.org/C178790620,29
A5030452986,https://openalex.org/C184779094,1
A5030452986,https://openalex.org/C185592680,60
A5030452986,https://openalex.org/C192562407,14
A5030452986,https://openalex.org/C199360897,1
A5030452986,https://openalex.org/C199539241,4
A5030452986,https://openalex.org/C202444582,1
A5030452986,https://openalex.org/C2778805511,30
A5030452986,https://openalex.org/C33923547,17
A5030452986,https://openalex.org/C41008148,49
A5030452986,https://openalex.org/C41895202,5
A5030452986,https://openalex.org/C54355233,1
A5030452986,https://openalex.org/C55493867,27
A5030452986,https://openalex.org/C57879066,5
A5030452986,https://openalex.org/C62520636,17
A5030452986,https://openalex.org/C71924100,20
A5030452986,https://openalex.org/C74650414,2
A5030452986,https://openalex.org/C77805123,2
A5030452986,https://openalex.org/C86803240,59
A5030452986,https://openalex.org/C95457728,7
A5030452986,https://openalex.org/C97355855,10
A5030737890,https://openalex.org/C105795698,3
A5030737890,https://openalex.org/C111472728,7
A5030737890,https://openalex.org/C120665830,1
A5030737890,https://openalex.org/C121332964,19
A5030737890,https://openalex.org/C121864883,1
A5030737890,https://openalex.org/C127313418,1
A5030737890,https://openalex.org/C134306372,4
A5030737890,https://openalex.org/C138885662,11
A5030737890,https://openalex.org/C142362112,2
A5030737890,https://openalex.org/C144024400,21
A5030737890,https://openalex.org/C144133560,2
A5030737890,https://openalex.org/C144237770,6
A5030737890,https://openalex.org/C149782125,1
A5030737890,https://openalex.org/C151730666,2
A5030737890,https://openalex.org/C154945302,4
A5030737890,https://openalex.org/C15744967,54
A5030737890,https://openalex.org/C159985019,2
A5030737890,https://openalex.org/C161191863,4
A5030737890,https://openalex.org/C162324750,7
A5030737890,https://openalex.org/C17744445,17
A5030737890,https://openalex.org/C178790620,4
A5030737890,https://openalex.org/C185592680,4
A5030737890,https://openalex.org/C192562407,2
A5030737890,https://openalex.org/C199539241,12
A5030737890,https://openalex.org/C202444582,10
A5030737890,https://openalex.org/C2524010,3
A5030737890,https://openalex.org/C2778805511,5
A5030737890,https://openalex.org/C33332235,1
A5030737890,https://openalex.org/C33923547,28
A5030737890,https://openalex.org/C41008148,25
A5030737890,https://openalex.org/C41895202,3
A5030737890,https://openalex.org/C62520636,14
A5030737890,https://openalex.org/C71924100,3
A5030737890,https://openalex.org/C77805123,33
A5030737890,https://openalex.org/C86803240,3
A5030737890,https://openalex.org/C95457728,2
A5030737890,https://openalex.org/C97355855,2
A5031504392,https://openalex.org/C104317684,8
A5031504392,https://openalex.org/C105795698,4
A5031504392,https://openalex.org/C111472728,174
A5031504392,https://openalex.org/C120665830,2
A5031504392,https://openalex.org/C121332964,26
A5031504392,https://openalex.org/C126322002,1
A5031504392,https://openalex.org/C127313418,6
A5031504392,https://openalex.org/C127413603,8
A5031504392,https://openalex.org/C1276947,2
A5031504392,https://openalex.org/C134306372,38
A5031504392,https://openalex.org/C136764020,17
A5031504392,https://openalex.org/C138885662,294
A5031504392,https://openalex.org/C142362112,35
A5031504392,https://openalex.org/C144024400,19
A5031504392,https://openalex.org/C144133560,9
A5031504392,https://openalex.org/C144237770,21
A5031504392,https://openalex.org/C151730666,5
A5031504392,https://openalex.org/C154945302,15
A5031504392,https://openalex.org/C15744967,56
A5031504392,https://openalex.org/C159985019,2
A5031504392,https://openalex.org/C161191863,14
A5031504392,https://openalex.org/C162324750,11
A5031504392,https://openalex.org/C17744445,34
A5031504392,https://openalex.org/C178790620,1
A5031504392,https://openalex.org/C185592680,12
A5031504392,https://openalex.org/C192562407,4
A5031504392,https://openalex.org/C199360897,40
A5031504392,https://openalex.org/C199539241,19
A5031504392,https://openalex.org/C202444582,19
A5031504392,https://openalex.org/C205649164,8
A5031504392,https://openalex.org/C2524010,27
A5031504392,https://openalex.org/C2778805511,3
A5031504392,https://openalex.org/C33332235,4
A5031504392,https://openalex.org/C33923547,112
A5031504392,https://openalex.org/C41008148,173
A5031504392,https://openalex.org/C41895202,59
A5031504392,https://openalex.org/C44870925,1
A5031504392,https://openalex.org/C54355233,1
A5031504392,https://openalex.org/C55493867,7
A5031504392,https://openalex.org/C62520636,10
A5031504392,https://openalex.org/C71924100,32
A5031504392,https://openalex.org/C74650414,1
A5031504392,https://openalex.org/C77805123,4
A5031504392,https://openalex.org/C86803240,6
A5031504392,https://openalex.org/C95457728,29
A5031504392,https://openalex.org/C97355855,1
A5031530236,https://openalex.org/C104317684,706
A5031530236,https://openalex.org/C105795698,30
A5031530236,https://openalex.org/C111472728,8
A5031530236,https://openalex.org/C120665830,15
A5031530236,https://openalex.org/C121332964,41
A5031530236,https://openalex.org/C126322002,637
A5031530236,https://openalex.org/C127313418,1
A5031530236,https://openalex.org/C127413603,15
A5031530236,https://openalex.org/C134306372,1
A5031530236,https://openalex.org/C136764020,9
A5031530236,https://openalex.org/C138885662,17
A5031530236,https://openalex.org/C142362112,4
A5031530236,https://openalex.org/C144024400,57
A5031530236,https://openalex.org/C144133560,2
A5031530236,https://openalex.org/C151730666,16
A5031530236,https://openalex.org/C154945302,15
A5031530236,https://openalex.org/C15744967,75
A5031530236,https://openalex.org/C159985019,2
A5031530236,https://openalex.org/C161191863,8
A5031530236,https://openalex.org/C162324750,7
A5031530236,https://openalex.org/C17744445,7
A5031530236,https://openalex.org/C178790620,10
A5031530236,https://openalex.org/C185592680,39
A5031530236,https://openalex.org/C192562407,3
A5031530236,https://openalex.org/C199360897,20
A5031530236,https://openalex.org/C199539241,5
A5031530236,https://openalex.org/C202444582,2
A5031530236,https://openalex.org/C205649164,8
A5031530236,https://openalex.org/C2524010,13
A5031530236,https://openalex.org/C2778805511,1
A5031530236,https://openalex.org/C33923547,48
A5031530236,https://openalex.org/C41008148,98
A5031530236,https://openalex.org/C41895202,3
A5031530236,https://openalex.org/C44870925,11
A5031530236,https://openalex.org/C54355233,750
A5031530236,https://openalex.org/C55493867,58
A5031530236,https://openalex.org/C62520636,9
A5031530236,https://openalex.org/C71924100,783
A5031530236,https://openalex.org/C86803240,809
A5031530236,https://openalex.org/C95457728,8
A5031530236,https://openalex.org/C97355855,3
A5032047957,https://openalex.org/C104317684,11
A5032047957,https://openalex.org/C111472728,1
A5032047957,https://openalex.org/C120665830,1
A5032047957,https://openalex.org/C121332964,10
A5032047957,https://openalex.org/C126322002,4
A5032047957,https://openalex.org/C127313418,3
A5032047957,https://openalex.org/C127413603,2
A5032047957,https://openalex.org/C138885662,3
A5032047957,https://openalex.org/C142362112,2
A5032047957,https://openalex.org/C144133560,3
A5032047957,https://openalex.org/C154945302,1
A5032047957,https://openalex.org/C159985019,3
A5032047957,https://openalex.org/C161191863,3
A5032047957,https://openalex.org/C17744445,1
A5032047957,https://openalex.org/C178790620,32
A5032047957,https://openalex.org/C185592680,78
A5032047957,https://openalex.org/C192562407,5
A5032047957,https://openalex.org/C205649164,2
A5032047957,https://openalex.org/C2524010,1
A5032047957,https://openalex.org/C2778805511,2
A5032047957,https://openalex.org/C33923547,2
A5032047957,https://openalex.org/C41008148,9
A5032047957,https://openalex.org/C41895202,2
A5032047957,https://openalex.org/C44870925,1
A5032047957,https://openalex.org/C54355233,17
A5032047957,https://openalex.org/C55493867,43
A5032047957,https://openalex.org/C62520636,2
A5032047957,https://openalex.org/C71924100,6
A5032047957,https://openalex.org/C86803240,74
A5032047957,https://openalex.org/C97355855,4
A5032489073,https://openalex.org/C104317684,6
A5032489073,https://openalex.org/C105795698,13
A5032489073,https://openalex.org/C111472728,23
A5032489073,https://openalex.org/C120665830,55
A5032489073,https://openalex.org/C121332964,359
A5032489073,https://openalex.org/C121864883,14
A5032489073,https://openalex.org/C126322002,4
A5032489073,https://openalex.org/C127313418,195
A5032489073,https://openalex.org/C127413603,39
A5032489073,https://openalex.org/C1276947,42
A5032489073,https://openalex.org/C134306372,38
A5032489073,https://openalex.org/C136764020,11
A5032489073,https://openalex.org/C138885662,87
A5032489073,https://openalex.org/C142362112,22
A5032489073,https://openalex.org/C144024400,8
A5032489073,https://openalex.org/C144133560,4
A5032489073,https://openalex.org/C144237770,1
A5032489073,https://openalex.org/C149782125,1
A5032489073,https://openalex.org/C151730666,69
A5032489073,https://openalex.org/C154945302,11
A5032489073,https://openalex.org/C15744967,15
A5032489073,https://openalex.org/C159985019,79
A5032489073,https://openalex.org/C161191863,27
A5032489073,https://openalex.org/C162324750,16
A5032489073,https://openalex.org/C17744445,21
A5032489073,https://openalex.org/C178790620,18
A5032489073,https://openalex.org/C184779094,23
A5032489073,https://openalex.org/C185592680,85
A5032489073,https://openalex.org/C192562407,133
A5032489073,https://openalex.org/C199360897,20
A5032489073,https://openalex.org/C199539241,20
A5032489073,https://openalex.org/C202444582,8
A5032489073,https://openalex.org/C205649164,11
A5032489073,https://openalex.org/C2524010,64
A5032489073,https://openalex.org/C2778805511,19
A5032489073,https://openalex.org/C33332235,102
A5032489073,https://openalex.org/C33923547,121
A5032489073,https://openalex.org/C41008148,135
A5032489073,https://openalex.org/C41895202,38
A5032489073,https://openalex.org/C44870925,23
A5032489073,https://openalex.org/C54355233,6
A5032489073,https://openalex.org/C55493867,24
A5032489073,https://openalex.org/C57879066,32
A5032489073,https://openalex.org/C62520636,143
A5032489073,https://openalex.org/C71924100,28
A5032489073,https://openalex.org/C74650414,71
A5032489073,https://openalex.org/C77805123,1
A5032489073,https://openalex.org/C86803240,31
A5032489073,https://openalex.org/C95457728,38
A5032489073,https://openalex.org/C97355855,69
A5032767751,https://openalex.org/C104317684,2
A5032767751,https://openalex.org/C105795698,13
A5032767751,https://openalex.org/C111472728,3
A5032767751,https://openalex.org/C121332964,3
A5032767751,https://openalex.org/C121864883,2
A5032767751,https://openalex.org/C126322002,19
A5032767751,https://openalex.org/C127313418,2
A5032767751,https://openalex.org/C127413603,4
A5032767751,https://openalex.org/C134306372,2
A5032767751,https://openalex.org/C138885662,10
A5032767751,https://openalex.org/C142362112,5
A5032767751,https://openalex.org/C144024400,10
A5032767751,https://openalex.org/C144133560,1
A5032767751,https://openalex.org/C144237770,1
A5032767751,https://openalex.org/C149782125,4
A5032767751,https://openalex.org/C151730666,3
A5032767751,https://openalex.org/C15744967,3
A5032767751,https://openalex.org/C161191863,17
A5032767751,https://openalex.org/C162324750,10
A5032767751,https://openalex.org/C17744445,10
A5032767751,https://openalex.org/C178790620,2
A5032767751,https://openalex.org/C185592680,4
A5032767751,https://openalex.org/C199539241,10
A5032767751,https://openalex.org/C202444582,1
A5032767751,https://openalex.org/C205649164,2
A5032767751,https://openalex.org/C33923547,18
A5032767751,https://openalex.org/C41008148,21
A5032767751,https://openalex.org/C41895202,4
A5032767751,https://openalex.org/C54355233,3
A5032767751,https://openalex.org/C55493867,3
A5032767751,https://openalex.org/C62520636,1
A5032767751,https://openalex.org/C71924100,48
A5032767751,https://openalex.org/C77805123,1
A5032767751,https://openalex.org/C86803240,13
A5032767751,https://openalex.org/C95457728,5
A5032828770,https://openalex.org/C104317684,3
A5032828770,https://openalex.org/C105795698,5
A5032828770,https://openalex.org/C111472728,18
A5032828770,https://openalex.org/C120665830,4
A5032828770,https://openalex.org/C121332964,57
A5032828770,https://openalex.org/C121864883,1
A5032828770,https://openalex.org/C127313418,3
A5032828770,https://openalex.org/C127413603,6
A5032828770,https://openalex.org/C134306372,23
A5032828770,https://openalex.org/C136764020,2
A5032828770,https://openalex.org/C138885662,41
A5032828770,https://openalex.org/C142362112,4
A5032828770,https://openalex.org/C144024400,1
A5032828770,https://openalex.org/C144237770,4
A5032828770,https://openalex.org/C151730666,3
A5032828770,https://openalex.org/C154945302,7
A5032828770,https://openalex.org/C15744967,3
A5032828770,https://openalex.org/C159985019,5
A5032828770,https://openalex.org/C161191863,10
A5032828770,https://openalex.org/C162324750,7
A5032828770,https://openalex.org/C17744445,7
A5032828770,https://openalex.org/C178790620,8
A5032828770,https://openalex.org/C185592680,14
A5032828770,https://openalex.org/C192562407,6
A5032828770,https://openalex.org/C199360897,6
A5032828770,https://openalex.org/C199539241,6
A5032828770,https://openalex.org/C202444582,53
A5032828770,https://openalex.org/C205649164,4
A5032828770,https://openalex.org/C2524010,18
A5032828770,https://openalex.org/C2778805511,6
A5032828770,https://openalex.org/C33332235,6
A5032828770,https://openalex.org/C33923547,109
A5032828770,https://openalex.org/C41008148,57
A5032828770,https://openalex.org/C41895202,4
A5032828770,https://openalex.org/C55493867,4
A5032828770,https://openalex.org/C62520636,30
A5032828770,https://openalex.org/C71924100,23
A5032828770,https://openalex.org/C74650414,2
A5032828770,https://openalex.org/C77805123,1
A5032828770,https://openalex.org/C86803240,9
A5032828770,https://openalex.org/C95457728,12
A5033576787,https://openalex.org/C105795698,2
A5033576787,https://openalex.org/C111472728,5
A5033576787,https://openalex.org/C120665830,18
A5033576787,https://openalex.org/C121332964,92
A5033576787,https://openalex.org/C121864883,2
A5033576787,https://openalex.org/C126322002,1
A5033576787,https://openalex.org/C127313418,18
A5033576787,https://openalex.org/C127413603,9
A5033576787,https://openalex.org/C1276947,5
A5033576787,https://openalex.org/C134306372,10
A5033576787,https://openalex.org/C136764020,1
A5033576787,https://openalex.org/C138885662,13
A5033576787,https://openalex.org/C142362112,2
A5033576787,https://openalex.org/C144133560,1
A5033576787,https://openalex.org/C151730666,5
A5033576787,https://openalex.org/C154945302,3
A5033576787,https://openalex.org/C15744967,8
A5033576787,https://openalex.org/C159985019,40
A5033576787,https://openalex.org/C161191863,6
A5033576787,https://openalex.org/C162324750,3
A5033576787,https://openalex.org/C17744445,4
A5033576787,https://openalex.org/C178790620,23
A5033576787,https://openalex.org/C185592680,83
A5033576787,https://openalex.org/C192562407,91
A5033576787,https://openalex.org/C199360897,28
A5033576787,https://openalex.org/C199539241,3
A5033576787,https://openalex.org/C202444582,3
A5033576787,https://openalex.org/C205649164,1
A5033576787,https://openalex.org/C2524010,37
A5033576787,https://openalex.org/C2778805511,4
A5033576787,https://openalex.org/C33332235,8
A5033576787,https://openalex.org/C33923547,49
A5033576787,https://openalex.org/C41008148,46
A5033576787,https://openalex.org/C41895202,7
A5033576787,https://openalex.org/C55493867,3
A5033576787,https://openalex.org/C57879066,11
A5033576787,https://openalex.org/C62520636,17
A5033576787,https://openalex.org/C71924100,2
A5033576787,https://openalex.org/C74650414,10
A5033576787,https://openalex.org/C77805123,3
A5033576787,https://openalex.org/C86803240,7
A5033576787,https://openalex.org/C95457728,2
A5033576787,https://openalex.org/C97355855,33
A5034196416,https://openalex.org/C104317684,1
A5034196416,https://openalex.org/C105795698,3
A5034196416,https://openalex.org/C111472728,1
A5034196416,https://openalex.org/C120665830,256
A5034196416,https://openalex.org/C121332964,382
A5034196416,https://openalex.org/C121864883,7
A5034196416,https://openalex.org/C126322002,4
A5034196416,https://openalex.org/C127313418,6
A5034196416,https://openalex.org/C127413603,28
A5034196416,https://openalex.org/C1276947,14
A5034196416,https://openalex.org/C134306372,6
A5034196416,https://openalex.org/C136764020,11
A5034196416,https://openalex.org/C138885662,6
A5034196416,https://openalex.org/C142362112,8
A5034196416,https://openalex.org/C144024400,8
A5034196416,https://openalex.org/C144133560,7
A5034196416,https://openalex.org/C151730666,4
A5034196416,https://openalex.org/C154945302,7
A5034196416,https://openalex.org/C15744967,34
A5034196416,https://openalex.org/C159985019,35
A5034196416,https://openalex.org/C161191863,10
A5034196416,https://openalex.org/C162324750,13
A5034196416,https://openalex.org/C17744445,15
A5034196416,https://openalex.org/C178790620,36
A5034196416,https://openalex.org/C184779094,182
A5034196416,https://openalex.org/C185592680,114
A5034196416,https://openalex.org/C192562407,203
A5034196416,https://openalex.org/C199360897,43
A5034196416,https://openalex.org/C199539241,8
A5034196416,https://openalex.org/C202444582,23
A5034196416,https://openalex.org/C205649164,3
A5034196416,https://openalex.org/C2524010,20
A5034196416,https://openalex.org/C2778805511,13
A5034196416,https://openalex.org/C33332235,11
A5034196416,https://openalex.org/C33923547,58
A5034196416,https://openalex.org/C41008148,108
A5034196416,https://openalex.org/C41895202,2
A5034196416,https://openalex.org/C44870925,2
A5034196416,https://openalex.org/C55493867,3
A5034196416,https://openalex.org/C57879066,5
A5034196416,https://openalex.org/C62520636,221
A5034196416,https://openalex.org/C71924100,13
A5034196416,https://openalex.org/C74650414,6
A5034196416,https://openalex.org/C77805123,29
A5034196416,https://openalex.org/C86803240,3
A5034196416,https://openalex.org/C95457728,12
A5034196416,https://openalex.org/C97355855,31
A5034295195,https://openalex.org/C104317684,3
A5034295195,https://openalex.org/C105795698,11
A5034295195,https://openalex.org/C111472728,28
A5034295195,https://openalex.org/C120665830,27
A5034295195,https://openalex.org/C121332964,188
A5034295195,https://openalex.org/C121864883,13
A5034295195,https://openalex.org/C126322002,4
A5034295195,https://openalex.org/C127313418,17
A5034295195,https://openalex.org/C127413603,67
A5034295195,https://openalex.org/C1276947,28
A5034295195,https://openalex.org/C134306372,6
A5034295195,https://openalex.org/C136764020,9
A5034295195,https://openalex.org/C138885662,56
A5034295195,https://openalex.org/C142362112,7
A5034295195,https://openalex.org/C144024400,11
A5034295195,https://openalex.org/C144133560,10
A5034295195,https://openalex.org/C144237770,1
A5034295195,https://openalex.org/C151730666,4
A5034295195,https://openalex.org/C154945302,5
A5034295195,https://openalex.org/C15744967,22
A5034295195,https://openalex.org/C159985019,5
A5034295195,https://openalex.org/C161191863,19
A5034295195,https://openalex.org/C162324750,22
A5034295195,https://openalex.org/C17744445,74
A5034295195,https://openalex.org/C178790620,18
A5034295195,https://openalex.org/C184779094,35
A5034295195,https://openalex.org/C185592680,36
A5034295195,https://openalex.org/C192562407,32
A5034295195,https://openalex.org/C199360897,15
A5034295195,https://openalex.org/C199539241,37
A5034295195,https://openalex.org/C202444582,3
A5034295195,https://openalex.org/C205649164,15
A5034295195,https://openalex.org/C2524010,21
A5034295195,https://openalex.org/C2778805511,9
A5034295195,https://openalex.org/C33332235,29
A5034295195,https://openalex.org/C33923547,48
A5034295195,https://openalex.org/C41008148,111
A5034295195,https://openalex.org/C41895202,15
A5034295195,https://openalex.org/C44870925,17
A5034295195,https://openalex.org/C55493867,4
A5034295195,https://openalex.org/C57879066,7
A5034295195,https://openalex.org/C62520636,89
A5034295195,https://openalex.org/C71924100,12
A5034295195,https://openalex.org/C74650414,15
A5034295195,https://openalex.org/C77805123,2
A5034295195,https://openalex.org/C86803240,16
A5034295195,https://openalex.org/C95457728,34
A5034295195,https://openalex.org/C97355855,14
A5034381312,https://openalex.org/C104317684,8
A5034381312,https://openalex.org/C105795698,4
A5034381312,https://openalex.org/C111472728,1
A5034381312,https://openalex.org/C120665830,1
A5034381312,https://openalex.org/C121332964,164
A5034381312,https://openalex.org/C121864883,49
A5034381312,https://openalex.org/C126322002,1
A5034381312,https://openalex.org/C127313418,1
A5034381312,https://openalex.org/C127413603,13
A5034381312,https://openalex.org/C1276947,8
A5034381312,https://openalex.org/C134306372,47
A5034381312,https://openalex.org/C136764020,6
A5034381312,https://openalex.org/C138885662,14
A5034381312,https://openalex.org/C142362112,3
A5034381312,https://openalex.org/C144024400,1
A5034381312,https://openalex.org/C144237770,1
A5034381312,https://openalex.org/C151730666,14
A5034381312,https://openalex.org/C154945302,3
A5034381312,https://openalex.org/C15744967,9
A5034381312,https://openalex.org/C159985019,19
A5034381312,https://openalex.org/C161191863,2
A5034381312,https://openalex.org/C162324750,20
A5034381312,https://openalex.org/C17744445,4
A5034381312,https://openalex.org/C178790620,10
A5034381312,https://openalex.org/C184779094,29
A5034381312,https://openalex.org/C185592680,59
A5034381312,https://openalex.org/C192562407,33
A5034381312,https://openalex.org/C199360897,21
A5034381312,https://openalex.org/C199539241,3
A5034381312,https://openalex.org/C202444582,7
A5034381312,https://openalex.org/C205649164,1
A5034381312,https://openalex.org/C2524010,27
A5034381312,https://openalex.org/C2778805511,4
A5034381312,https://openalex.org/C33332235,10
A5034381312,https://openalex.org/C33923547,82
A5034381312,https://openalex.org/C41008148,52
A5034381312,https://openalex.org/C41895202,11
A5034381312,https://openalex.org/C54355233,1
A5034381312,https://openalex.org/C55493867,13
A5034381312,https://openalex.org/C57879066,27
A5034381312,https://openalex.org/C62520636,103
A5034381312,https://openalex.org/C71924100,7
A5034381312,https://openalex.org/C74650414,96
A5034381312,https://openalex.org/C77805123,8
A5034381312,https://openalex.org/C86803240,27
A5034381312,https://openalex.org/C97355855,79
A5035029853,https://openalex.org/C104317684,1
A5035029853,https://openalex.org/C105795698,18
A5035029853,https://openalex.org/C111472728,2
A5035029853,https://openalex.org/C121332964,2
A5035029853,https://openalex.org/C127413603,1
A5035029853,https://openalex.org/C134306372,4
A5035029853,https://openalex.org/C136764020,1
A5035029853,https://openalex.org/C138885662,2
A5035029853,https://openalex.org/C144024400,2
A5035029853,https://openalex.org/C144133560,1
A5035029853,https://openalex.org/C149782125,2
A5035029853,https://openalex.org/C154945302,1
A5035029853,https://openalex.org/C15744967,1
A5035029853,https://openalex.org/C159985019,4
A5035029853,https://openalex.org/C161191863,3
A5035029853,https://openalex.org/C162324750,1
A5035029853,https://openalex.org/C178790620,4
A5035029853,https://openalex.org/C185592680,14
A5035029853,https://openalex.org/C192562407,7
A5035029853,https://openalex.org/C199360897,1
A5035029853,https://openalex.org/C2524010,4
A5035029853,https://openalex.org/C2778805511,2
A5035029853,https://openalex.org/C33923547,19
A5035029853,https://openalex.org/C41008148,13
A5035029853,https://openalex.org/C54355233,1
A5035029853,https://openalex.org/C55493867,2
A5035029853,https://openalex.org/C62520636,1
A5035029853,https://openalex.org/C71924100,3
A5035029853,https://openalex.org/C86803240,10
A5035029853,https://openalex.org/C97355855,1
A5036797016,https://openalex.org/C104317684,1
A5036797016,https://openalex.org/C105795698,1
A5036797016,https://openalex.org/C111472728,2
A5036797016,https://openalex.org/C120665830,1
A5036797016,https://openalex.org/C121332964,30
A5036797016,https://openalex.org/C126322002,2
A5036797016,https://openalex.org/C127313418,1
A5036797016,https://openalex.org/C127413603,37
A5036797016,https://openalex.org/C134306372,2
A5036797016,https://openalex.org/C136764020,64
A5036797016,https://openalex.org/C138885662,3
A5036797016,https://openalex.org/C144133560,1
A5036797016,https://openalex.org/C159985019,9
A5036797016,https://openalex.org/C161191863,53
A5036797016,https://openalex.org/C162324750,1
A5036797016,https://openalex.org/C17744445,2
A5036797016,https://openalex.org/C178790620,89
A5036797016,https://openalex.org/C185592680,107
A5036797016,https://openalex.org/C192562407,30
A5036797016,https://openalex.org/C199360897,63
A5036797016,https://openalex.org/C199539241,1
A5036797016,https://openalex.org/C202444582,1
A5036797016,https://openalex.org/C2524010,4
A5036797016,https://openalex.org/C2778805511,77
A5036797016,https://openalex.org/C33923547,10
A5036797016,https://openalex.org/C41008148,83
A5036797016,https://openalex.org/C41895202,1
A5036797016,https://openalex.org/C54355233,1
A5036797016,https://openalex.org/C55493867,9
A5036797016,https://openalex.org/C62520636,12
A5036797016,https://openalex.org/C71924100,2
A5036797016,https://openalex.org/C86803240,5
A5036797016,https://openalex.org/C95457728,4
A5036797016,https://openalex.org/C97355855,13
A5038013656,https://openalex.org/C121332964,1
A5038013656,https://openalex.org/C136764020,7
A5038013656,https://openalex.org/C161191863,5
A5038013656,https://openalex.org/C178790620,1
A5038013656,https://openalex.org/C185592680,1
A5038013656,https://openalex.org/C199360897,5
A5038013656,https://openalex.org/C2524010,1
A5038013656,https://openalex.org/C2778805511,7
A5038013656,https://openalex.org/C33923547,1
A5038013656,https://openalex.org/C41008148,7
A5038013656,https://openalex.org/C86803240,1
A5038013656,https://openalex.org/C97355855,1
A5038683975,https://openalex.org/C105795698,2
A5038683975,https://openalex.org/C111472728,6
A5038683975,https://openalex.org/C120665830,1
A5038683975,https://openalex.org/C121332964,18
A5038683975,https://openalex.org/C121864883,1
A5038683975,https://openalex.org/C127313418,1
A5038683975,https://openalex.org/C127413603,7
A5038683975,https://openalex.org/C1276947,2
A5038683975,https://openalex.org/C134306372,13
A5038683975,https://openalex.org/C136764020,1
A5038683975,https://openalex.org/C138885662,11
A5038683975,https://openalex.org/C144024400,8
A5038683975,https://openalex.org/C144133560,2
A5038683975,https://openalex.org/C144237770,38
A5038683975,https://openalex.org/C149782125,2
A5038683975,https://openalex.org/C151730666,2
A5038683975,https://openalex.org/C154945302,4
A5038683975,https://openalex.org/C15744967,7
A5038683975,https://openalex.org/C161191863,9
A5038683975,https://openalex.org/C162324750,19
A5038683975,https://openalex.org/C17744445,11
A5038683975,https://openalex.org/C185592680,5
A5038683975,https://openalex.org/C192562407,2
A5038683975,https://openalex.org/C199360897,7
A5038683975,https://openalex.org/C199539241,9
A5038683975,https://openalex.org/C202444582,18
A5038683975,https://openalex.org/C205649164,2
A5038683975,https://openalex.org/C2524010,10
A5038683975,https://openalex.org/C2778805511,4
A5038683975,https://openalex.org/C33332235,2
A5038683975,https://openalex.org/C33923547,67
A5038683975,https://openalex.org/C41008148,56
A5038683975,https://openalex.org/C41895202,1
A5038683975,https://openalex.org/C54355233,1
A5038683975,https://openalex.org/C62520636,10
A5038683975,https://openalex.org/C71924100,12
A5038683975,https://openalex.org/C77805123,1
A5038683975,https://openalex.org/C86803240,7
A5038683975,https://openalex.org/C95457728,11
A5038683975,https://openalex.org/C97355855,4
A5042383262,https://openalex.org/C121332964,2
A5042383262,https://openalex.org/C127413603,2
A5042383262,https://openalex.org/C159985019,2
A5042383262,https://openalex.org/C192562407,2
A5042383262,https://openalex.org/C2524010,1
A5042383262,https://openalex.org/C33923547,2
A5042383262,https://openalex.org/C41008148,1
A5042383262,https://openalex.org/C57879066,2
A5042383262,https://openalex.org/C62520636,1
A5042383262,https://openalex.org/C71924100,1
A5042383262,https://openalex.org/C74650414,1
A5042614574,https://openalex.org/C104317684,1
A5042614574,https://openalex.org/C105795698,20
A5042614574,https://openalex.org/C111472728,12
A5042614574,https://openalex.org/C121332964,15
A5042614574,https://openalex.org/C127313418,4
A5042614574,https://openalex.org/C127413603,9
A5042614574,https://openalex.org/C1276947,1
A5042614574,https://openalex.org/C134306372,5
A5042614574,https://openalex.org/C136764020,3
A5042614574,https://openalex.org/C138885662,76
A5042614574,https://openalex.org/C142362112,50
A5042614574,https://openalex.org/C144024400,38
A5042614574,https://openalex.org/C144133560,50
A5042614574,https://openalex.org/C144237770,27
A5042614574,https://openalex.org/C149782125,33
A5042614574,https://openalex.org/C151730666,3
A5042614574,https://openalex.org/C154945302,2
A5042614574,https://openalex.org/C15744967,28
A5042614574,https://openalex.org/C161191863,3
A5042614574,https://openalex.org/C162324750,182
A5042614574,https://openalex.org/C17744445,134
A5042614574,https://openalex.org/C185592680,2
A5042614574,https://openalex.org/C199360897,8
A5042614574,https://openalex.org/C199539241,25
A5042614574,https://openalex.org/C205649164,23
A5042614574,https://openalex.org/C2524010,2
A5042614574,https://openalex.org/C2778805511,1
A5042614574,https://openalex.org/C33332235,7
A5042614574,https://openalex.org/C33923547,48
A5042614574,https://openalex.org/C41008148,61
A5042614574,https://openalex.org/C41895202,13
A5042614574,https://openalex.org/C54355233,2
A5042614574,https://openalex.org/C55493867,2
A5042614574,https://openalex.org/C62520636,3
A5042614574,https://openalex.org/C71924100,3
A5042614574,https://openalex.org/C77805123,2
A5042614574,https://openalex.org/C86803240,9
A5042614574,https://openalex.org/C95457728,7
A5042614574,https://openalex.org/C97355855,2
A5042885999,https://openalex.org/C104317684,7
A5042885999,https://openalex.org/C105795698,1
A5042885999,https://openalex.org/C111472728,2
A5042885999,https://openalex.org/C120665830,107
A5042885999,https://openalex.org/C121332964,207
A5042885999,https://openalex.org/C121864883,1
A5042885999,https://openalex.org/C126322002,1
A5042885999,https://openalex.org/C127313418,19
A5042885999,https://openalex.org/C127413603,11
A5042885999,https://openalex.org/C1276947,15
A5042885999,https://openalex.org/C134306372,7
A5042885999,https://openalex.org/C136764020,8
A5042885999,https://openalex.org/C138885662,42
A5042885999,https://openalex.org/C142362112,10
A5042885999,https://openalex.org/C144133560,24
A5042885999,https://openalex.org/C151730666,14
A5042885999,https://openalex.org/C154945302,7
A5042885999,https://openalex.org/C15744967,11
A5042885999,https://openalex.org/C159985019,29
A5042885999,https://openalex.org/C161191863,60
A5042885999,https://openalex.org/C162324750,34
A5042885999,https://openalex.org/C17744445,1
A5042885999,https://openalex.org/C178790620,604
A5042885999,https://openalex.org/C184779094,7
A5042885999,https://openalex.org/C185592680,934
A5042885999,https://openalex.org/C192562407,186
A5042885999,https://openalex.org/C199360897,118
A5042885999,https://openalex.org/C202444582,4
A5042885999,https://openalex.org/C2524010,29
A5042885999,https://openalex.org/C2778805511,53
A5042885999,https://openalex.org/C33332235,1
A5042885999,https://openalex.org/C33923547,72
A5042885999,https://openalex.org/C41008148,238
A5042885999,https://openalex.org/C41895202,6
A5042885999,https://openalex.org/C44870925,1
A5042885999,https://openalex.org/C54355233,5
A5042885999,https://openalex.org/C55493867,112
A5042885999,https://openalex.org/C62520636,63
A5042885999,https://openalex.org/C71924100,38
A5042885999,https://openalex.org/C77805123,1
A5042885999,https://openalex.org/C86803240,33
A5042885999,https://openalex.org/C95457728,5
A5042885999,https://openalex.org/C97355855,9
A5043043561,https://openalex.org/C104317684,1
A5043043561,https://openalex.org/C105795698,4
A5043043561,https://openalex.org/C120665830,17
A5043043561,https://openalex.org/C121332964,77
A5043043561,https://openalex.org/C121864883,9
A5043043561,https://openalex.org/C126322002,1
A5043043561,https://openalex.org/C127413603,2
A5043043561,https://openalex.org/C1276947,1
A5043043561,https://openalex.org/C134306372,5
A5043043561,https://openalex.org/C136764020,1
A5043043561,https://openalex.org/C142362112,1
A5043043561,https://openalex.org/C144133560,1
A5043043561,https://openalex.org/C149782125,1
A5043043561,https://openalex.org/C15744967,3
A5043043561,https://openalex.org/C159985019,1
A5043043561,https://openalex.org/C161191863,1
A5043043561,https://openalex.org/C162324750,7
A5043043561,https://openalex.org/C17744445,1
A5043043561,https://openalex.org/C184779094,31
A5043043561,https://openalex.org/C185592680,10
A5043043561,https://openalex.org/C192562407,23
A5043043561,https://openalex.org/C199360897,4
A5043043561,https://openalex.org/C199539241,1
A5043043561,https://openalex.org/C202444582,7
A5043043561,https://openalex.org/C205649164,1
A5043043561,https://openalex.org/C2524010,7
A5043043561,https://openalex.org/C2778805511,1
A5043043561,https://openalex.org/C33332235,1
A5043043561,https://openalex.org/C33923547,27
A5043043561,https://openalex.org/C41008148,13
A5043043561,https://openalex.org/C44870925,1
A5043043561,https://openalex.org/C54355233,1
A5043043561,https://openalex.org/C55493867,1
A5043043561,https://openalex.org/C62520636,66
A5043043561,https://openalex.org/C71924100,1
A5043043561,https://openalex.org/C74650414,2
A5043043561,https://openalex.org/C77805123,3
A5043043561,https://openalex.org/C86803240,2
A5043043561,https://openalex.org/C95457728,1
A5043043561,https://openalex.org/C97355855,9
A5043077347,https://openalex.org/C104317684,29
A5043077347,https://openalex.org/C105795698,9
A5043077347,https://openalex.org/C111472728,9
A5043077347,https://openalex.org/C120665830,20
A5043077347,https://openalex.org/C121332964,138
A5043077347,https://openalex.org/C121864883,8
A5043077347,https://openalex.org/C126322002,48
A5043077347,https://openalex.org/C127313418,4
A5043077347,https://openalex.org/C127413603,57
A5043077347,https://openalex.org/C1276947,1
A5043077347,https://openalex.org/C134306372,17
A5043077347,https://openalex.org/C136764020,1
A5043077347,https://openalex.org/C138885662,15
A5043077347,https://openalex.org/C142362112,9
A5043077347,https://openalex.org/C144024400,14
A5043077347,https://openalex.org/C144133560,4
A5043077347,https://openalex.org/C149782125,3
A5043077347,https://openalex.org/C151730666,10
A5043077347,https://openalex.org/C154945302,10
A5043077347,https://openalex.org/C15744967,21
A5043077347,https://openalex.org/C159985019,18
A5043077347,https://openalex.org/C161191863,5
A5043077347,https://openalex.org/C162324750,16
A5043077347,https://openalex.org/C17744445,14
A5043077347,https://openalex.org/C178790620,4
A5043077347,https://openalex.org/C184779094,33
A5043077347,https://openalex.org/C185592680,38
A5043077347,https://openalex.org/C192562407,101
A5043077347,https://openalex.org/C199360897,19
A5043077347,https://openalex.org/C199539241,14
A5043077347,https://openalex.org/C202444582,9
A5043077347,https://openalex.org/C205649164,2
A5043077347,https://openalex.org/C2524010,17
A5043077347,https://openalex.org/C2778805511,4
A5043077347,https://openalex.org/C33332235,8
A5043077347,https://openalex.org/C33923547,48
A5043077347,https://openalex.org/C41008148,68
A5043077347,https://openalex.org/C41895202,3
A5043077347,https://openalex.org/C54355233,24
A5043077347,https://openalex.org/C55493867,15
A5043077347,https://openalex.org/C57879066,9
A5043077347,https://openalex.org/C62520636,78
A5043077347,https://openalex.org/C71924100,151
A5043077347,https://openalex.org/C74650414,8
A5043077347,https://openalex.org/C77805123,3
A5043077347,https://openalex.org/C86803240,53
A5043077347,https://openalex.org/C95457728,5
A5043077347,https://openalex.org/C97355855,24
A5044337523,https://openalex.org/C105795698,3
A5044337523,https://openalex.org/C111472728,1
A5044337523,https://openalex.org/C121332964,15
A5044337523,https://openalex.org/C121864883,1
A5044337523,https://openalex.org/C127313418,15
A5044337523,https://openalex.org/C127413603,3
A5044337523,https://openalex.org/C134306372,2
A5044337523,https://openalex.org/C136764020,1
A5044337523,https://openalex.org/C138885662,3
A5044337523,https://openalex.org/C142362112,2
A5044337523,https://openalex.org/C144024400,1
A5044337523,https://openalex.org/C144133560,1
A5044337523,https://openalex.org/C149782125,2
A5044337523,https://openalex.org/C154945302,1
A5044337523,https://openalex.org/C161191863,4
A5044337523,https://openalex.org/C162324750,1
A5044337523,https://openalex.org/C17744445,4
A5044337523,https://openalex.org/C178790620,1
A5044337523,https://openalex.org/C185592680,1
A5044337523,https://openalex.org/C192562407,1
A5044337523,https://openalex.org/C199539241,3
A5044337523,https://openalex.org/C202444582,1
A5044337523,https://openalex.org/C205649164,14
A5044337523,https://openalex.org/C2524010,1
A5044337523,https://openalex.org/C2778805511,2
A5044337523,https://openalex.org/C33923547,8
A5044337523,https://openalex.org/C41008148,9
A5044337523,https://openalex.org/C57879066,7
A5044337523,https://openalex.org/C62520636,3
A5044337523,https://openalex.org/C74650414,3
A5044337523,https://openalex.org/C86803240,2
A5044337523,https://openalex.org/C95457728,4
A5044337523,https://openalex.org/C97355855,5
A5044944912,https://openalex.org/C104317684,1
A5044944912,https://openalex.org/C105795698,9
A5044944912,https://openalex.org/C111472728,9
A5044944912,https://openalex.org/C120665830,50
A5044944912,https://openalex.org/C121332964,90
A5044944912,https://openalex.org/C121864883,2
A5044944912,https://openalex.org/C127313418,5
A5044944912,https://openalex.org/C127413603,20
A5044944912,https://openalex.org/C1276947,2
A5044944912,https://openalex.org/C134306372,11
A5044944912,https://openalex.org/C138885662,22
A5044944912,https://openalex.org/C142362112,15
A5044944912,https://openalex.org/C144024400,9
A5044944912,https://openalex.org/C144133560,3
A5044944912,https://openalex.org/C144237770,1
A5044944912,https://openalex.org/C151730666,3
A5044944912,https://openalex.org/C154945302,22
A5044944912,https://openalex.org/C15744967,9
A5044944912,https://openalex.org/C159985019,5
A5044944912,https://openalex.org/C161191863,11
A5044944912,https://openalex.org/C162324750,7
A5044944912,https://openalex.org/C17744445,23
A5044944912,https://openalex.org/C184779094,11
A5044944912,https://openalex.org/C185592680,11
A5044944912,https://openalex.org/C192562407,19
A5044944912,https://openalex.org/C199360897,4
A5044944912,https://openalex.org/C199539241,13
A5044944912,https://openalex.org/C202444582,3
A5044944912,https://openalex.org/C205649164,3
A5044944912,https://openalex.org/C2524010,10
A5044944912,https://openalex.org/C2778805511,1
A5044944912,https://openalex.org/C33332235,10
A5044944912,https://openalex.org/C33923547,34
A5044944912,https://openalex.org/C41008148,76
A5044944912,https://openalex.org/C41895202,4
A5044944912,https://openalex.org/C54355233,3
A5044944912,https://openalex.org/C55493867,2
A5044944912,https://openalex.org/C57879066,1
A5044944912,https://openalex.org/C62520636,36
A5044944912,https://openalex.org/C71924100,7
A5044944912,https://openalex.org/C74650414,3
A5044944912,https://openalex.org/C86803240,10
A5044944912,https://openalex.org/C95457728,13
A5044944912,https://openalex.org/C97355855,8
A5046395124,https://openalex.org/C104317684,1
A5046395124,https://openalex.org/C105795698,13
A5046395124,https://openalex.org/C111472728,1
A5046395124,https://openalex.org/C120665830,3
A5046395124,https://openalex.org/C121332964,12
A5046395124,https://openalex.org/C121864883,2
A5046395124,https://openalex.org/C126322002,1
A5046395124,https://openalex.org/C127313418,4
A5046395124,https://openalex.org/C127413603,15
A5046395124,https://openalex.org/C134306372,6
A5046395124,https://openalex.org/C138885662,4
A5046395124,https://openalex.org/C144024400,1
A5046395124,https://openalex.org/C144237770,1
A5046395124,https://openalex.org/C149782125,1
A5046395124,https://openalex.org/C151730666,5
A5046395124,https://openalex.org/C154945302,2
A5046395124,https://openalex.org/C15744967,2
A5046395124,https://openalex.org/C159985019,4
A5046395124,https://openalex.org/C161191863,1
A5046395124,https://openalex.org/C162324750,3
A5046395124,https://openalex.org/C17744445,3
A5046395124,https://openalex.org/C178790620,2
A5046395124,https://openalex.org/C185592680,4
A5046395124,https://openalex.org/C192562407,10
A5046395124,https://openalex.org/C199360897,4
A5046395124,https://openalex.org/C199539241,1
A5046395124,https://openalex.org/C202444582,2
A5046395124,https://openalex.org/C2524010,5
A5046395124,https://openalex.org/C33923547,24
A5046395124,https://openalex.org/C41008148,19
A5046395124,https://openalex.org/C41895202,2
A5046395124,https://openalex.org/C55493867,1
A5046395124,https://openalex.org/C57879066,5
A5046395124,https://openalex.org/C62520636,3
A5046395124,https://openalex.org/C71924100,3
A5046395124,https://openalex.org/C74650414,1
A5046395124,https://openalex.org/C86803240,4
A5046395124,https://openalex.org/C95457728,2
A5046395124,https://openalex.org/C97355855,4
A5046922782,https://openalex.org/C105795698,1
A5046922782,https://openalex.org/C111472728,1
A5046922782,https://openalex.org/C120665830,1
A5046922782,https://openalex.org/C121332964,45
A5046922782,https://openalex.org/C121864883,3
A5046922782,https://openalex.org/C126322002,2
A5046922782,https://openalex.org/C127313418,12
A5046922782,https://openalex.org/C127413603,23
A5046922782,https://openalex.org/C1276947,1
A5046922782,https://openalex.org/C134306372,4
A5046922782,https://openalex.org/C136764020,19
A5046922782,https://openalex.org/C138885662,2
A5046922782,https://openalex.org/C15744967,5
A5046922782,https://openalex.org/C159985019,14
A5046922782,https://openalex.org/C161191863,15
A5046922782,https://openalex.org/C17744445,4
A5046922782,https://openalex.org/C178790620,14
A5046922782,https://openalex.org/C185592680,26
A5046922782,https://openalex.org/C192562407,30
A5046922782,https://openalex.org/C199360897,21
A5046922782,https://openalex.org/C199539241,3
A5046922782,https://openalex.org/C202444582,1
A5046922782,https://openalex.org/C205649164,1
A5046922782,https://openalex.org/C2524010,3
A5046922782,https://openalex.org/C2778805511,24
A5046922782,https://openalex.org/C33923547,11
A5046922782,https://openalex.org/C41008148,45
A5046922782,https://openalex.org/C55493867,3
A5046922782,https://openalex.org/C57879066,19
A5046922782,https://openalex.org/C62520636,4
A5046922782,https://openalex.org/C71924100,5
A5046922782,https://openalex.org/C86803240,1
A5046922782,https://openalex.org/C95457728,1
A5046922782,https://openalex.org/C97355855,28
A5048382598,https://openalex.org/C104317684,2
A5048382598,https://openalex.org/C111472728,7
A5048382598,https://openalex.org/C121332964,7
A5048382598,https://openalex.org/C127313418,1
A5048382598,https://openalex.org/C127413603,8
A5048382598,https://openalex.org/C134306372,1
A5048382598,https://openalex.org/C138885662,30
A5048382598,https://openalex.org/C142362112,4
A5048382598,https://openalex.org/C144024400,27
A5048382598,https://openalex.org/C144133560,43
A5048382598,https://openalex.org/C144237770,16
A5048382598,https://openalex.org/C149782125,2
A5048382598,https://openalex.org/C151730666,1
A5048382598,https://openalex.org/C154945302,2
A5048382598,https://openalex.org/C15744967,3
A5048382598,https://openalex.org/C161191863,8
A5048382598,https://openalex.org/C162324750,103
A5048382598,https://openalex.org/C17744445,61
A5048382598,https://openalex.org/C185592680,3
A5048382598,https://openalex.org/C192562407,3
A5048382598,https://openalex.org/C199360897,10
A5048382598,https://openalex.org/C199539241,34
A5048382598,https://openalex.org/C205649164,3
A5048382598,https://openalex.org/C2524010,5
A5048382598,https://openalex.org/C2778805511,3
A5048382598,https://openalex.org/C33923547,6
A5048382598,https://openalex.org/C41008148,40
A5048382598,https://openalex.org/C41895202,10
A5048382598,https://openalex.org/C55493867,3
A5048382598,https://openalex.org/C62520636,6
A5048382598,https://openalex.org/C71924100,1
A5048382598,https://openalex.org/C86803240,6
A5048382598,https://openalex.org/C95457728,19
A5049036967,https://openalex.org/C104317684,1
A5049036967,https://openalex.org/C105795698,3
A5049036967,https://openalex.org/C111472728,11
A5049036967,https://openalex.org/C120665830,61
A5049036967,https://openalex.org/C121332964,246
A5049036967,https://openalex.org/C121864883,1
A5049036967,https://openalex.org/C127313418,8
A5049036967,https://openalex.org/C127413603,9
A5049036967,https://openalex.org/C1276947,67
A5049036967,https://openalex.org/C134306372,11
A5049036967,https://openalex.org/C136764020,4
A5049036967,https://openalex.org/C138885662,41
A5049036967,https://openalex.org/C142362112,5
A5049036967,https://openalex.org/C144024400,6
A5049036967,https://openalex.org/C144133560,5
A5049036967,https://openalex.org/C151730666,3
A5049036967,https://openalex.org/C154945302,5
A5049036967,https://openalex.org/C15744967,4
A5049036967,https://openalex.org/C159985019,3
A5049036967,https://openalex.org/C161191863,10
A5049036967,https://openalex.org/C162324750,3
A5049036967,https://openalex.org/C17744445,16
A5049036967,https://openalex.org/C178790620,64
A5049036967,https://openalex.org/C184779094,127
A5049036967,https://openalex.org/C185592680,136
A5049036967,https://openalex.org/C192562407,40
A5049036967,https://openalex.org/C199360897,10
A5049036967,https://openalex.org/C199539241,5
A5049036967,https://openalex.org/C205649164,4
A5049036967,https://openalex.org/C2524010,27
A5049036967,https://openalex.org/C2778805511,11
A5049036967,https://openalex.org/C33332235,2
A5049036967,https://openalex.org/C33923547,44
A5049036967,https://openalex.org/C41008148,60
A5049036967,https://openalex.org/C41895202,11
A5049036967,https://openalex.org/C44870925,32
A5049036967,https://openalex.org/C55493867,5
A5049036967,https://openalex.org/C62520636,140
A5049036967,https://openalex.org/C71924100,12
A5049036967,https://openalex.org/C74650414,2
A5049036967,https://openalex.org/C77805123,1
A5049036967,https://openalex.org/C86803240,12
A5049036967,https://openalex.org/C95457728,8
A5049036967,https://openalex.org/C97355855,5
A5049187779,https://openalex.org/C104317684,84
A5049187779,https://openalex.org/C105795698,2
A5049187779,https://openalex.org/C111472728,1
A5049187779,https://openalex.org/C120665830,9
A5049187779,https://openalex.org/C121332964,31
A5049187779,https://openalex.org/C126322002,2
A5049187779,https://openalex.org/C127313418,2
A5049187779,https://openalex.org/C127413603,5
A5049187779,https://openalex.org/C1276947,1
A5049187779,https://openalex.org/C134306372,2
A5049187779,https://openalex.org/C136764020,3
A5049187779,https://openalex.org/C138885662,16
A5049187779,https://openalex.org/C142362112,1
A5049187779,https://openalex.org/C144024400,1
A5049187779,https://openalex.org/C144133560,1
A5049187779,https://openalex.org/C151730666,2
A5049187779,https://openalex.org/C154945302,1
A5049187779,https://openalex.org/C15744967,2
A5049187779,https://openalex.org/C159985019,4
A5049187779,https://openalex.org/C161191863,15
A5049187779,https://openalex.org/C162324750,6
A5049187779,https://openalex.org/C17744445,7
A5049187779,https://openalex.org/C178790620,59
A5049187779,https://openalex.org/C185592680,172
A5049187779,https://openalex.org/C192562407,8
A5049187779,https://openalex.org/C199360897,5
A5049187779,https://openalex.org/C199539241,5
A5049187779,https://openalex.org/C205649164,3
A5049187779,https://openalex.org/C2524010,1
A5049187779,https://openalex.org/C2778805511,9
A5049187779,https://openalex.org/C33923547,11
A5049187779,https://openalex.org/C41008148,28
A5049187779,https://openalex.org/C41895202,13
A5049187779,https://openalex.org/C54355233,21
A5049187779,https://openalex.org/C55493867,155
A5049187779,https://openalex.org/C62520636,10
A5049187779,https://openalex.org/C71924100,4
A5049187779,https://openalex.org/C86803240,149
A5049187779,https://openalex.org/C95457728,5
A5049187779,https://openalex.org/C97355855,5
A5049818143,https://openalex.org/C105795698,44
A5049818143,https://openalex.org/C111472728,2
A5049818143,https://openalex.org/C121332964,4
A5049818143,https://openalex.org/C127313418,7
A5049818143,https://openalex.org/C127413603,6
A5049818143,https://openalex.org/C134306372,2
A5049818143,https://openalex.org/C138885662,5
A5049818143,https://openalex.org/C142362112,1
A5049818143,https://openalex.org/C144024400,9
A5049818143,https://openalex.org/C144133560,2
A5049818143,https://openalex.org/C144237770,2
A5049818143,https://openalex.org/C149782125,25
A5049818143,https://openalex.org/C151730666,10
A5049818143,https://openalex.org/C154945302,3
A5049818143,https://openalex.org/C15744967,13
A5049818143,https://openalex.org/C161191863,6
A5049818143,https://openalex.org/C162324750,19
A5049818143,https://openalex.org/C17744445,17
A5049818143,https://openalex.org/C178790620,1
A5049818143,https://openalex.org/C185592680,1
A5049818143,https://openalex.org/C199360897,1
A5049818143,https://openalex.org/C199539241,11
A5049818143,https://openalex.org/C2524010,3
A5049818143,https://openalex.org/C2778805511,2
A5049818143,https://openalex.org/C33332235,2
A5049818143,https://openalex.org/C33923547,51
A5049818143,https://openalex.org/C41008148,28
A5049818143,https://openalex.org/C41895202,2
A5049818143,https://openalex.org/C62520636,2
A5049818143,https://openalex.org/C71924100,3
A5049818143,https://openalex.org/C77805123,2
A5049818143,https://openalex.org/C86803240,4
A5049818143,https://openalex.org/C95457728,6
A5053868357,https://openalex.org/C104317684,10
A5053868357,https://openalex.org/C105795698,29
A5053868357,https://openalex.org/C111472728,34
A5053868357,https://openalex.org/C120665830,25
A5053868357,https://openalex.org/C121332964,308
A5053868357,https://openalex.org/C121864883,94
A5053868357,https://openalex.org/C126322002,1
A5053868357,https://openalex.org/C127313418,19
A5053868357,https://openalex.org/C127413603,76
A5053868357,https://openalex.org/C1276947,3
A5053868357,https://openalex.org/C134306372,171
A5053868357,https://openalex.org/C136764020,4
A5053868357,https://openalex.org/C138885662,92
A5053868357,https://openalex.org/C142362112,9
A5053868357,https://openalex.org/C144024400,14
A5053868357,https://openalex.org/C144133560,8
A5053868357,https://openalex.org/C144237770,3
A5053868357,https://openalex.org/C149782125,3
A5053868357,https://openalex.org/C151730666,12
A5053868357,https://openalex.org/C154945302,147
A5053868357,https://openalex.org/C15744967,68
A5053868357,https://openalex.org/C159985019,7
A5053868357,https://openalex.org/C161191863,3
A5053868357,https://openalex.org/C162324750,17
A5053868357,https://openalex.org/C17744445,8
A5053868357,https://openalex.org/C178790620,8
A5053868357,https://openalex.org/C184779094,1
A5053868357,https://openalex.org/C185592680,19
A5053868357,https://openalex.org/C192562407,20
A5053868357,https://openalex.org/C199360897,25
A5053868357,https://openalex.org/C199539241,6
A5053868357,https://openalex.org/C202444582,53
A5053868357,https://openalex.org/C205649164,10
A5053868357,https://openalex.org/C2524010,103
A5053868357,https://openalex.org/C2778805511,3
A5053868357,https://openalex.org/C33332235,10
A5053868357,https://openalex.org/C33923547,281
A5053868357,https://openalex.org/C41008148,302
A5053868357,https://openalex.org/C41895202,55
A5053868357,https://openalex.org/C54355233,5
A5053868357,https://openalex.org/C55493867,13
A5053868357,https://openalex.org/C57879066,80
A5053868357,https://openalex.org/C62520636,225
A5053868357,https://openalex.org/C71924100,32
A5053868357,https://openalex.org/C74650414,95
A5053868357,https://openalex.org/C77805123,8
A5053868357,https://openalex.org/C86803240,63
A5053868357,https://openalex.org/C95457728,20
A5053868357,https://openalex.org/C97355855,45
A5055584786,https://openalex.org/C104317684,14
A5055584786,https://openalex.org/C105795698,37
A5055584786,https://openalex.org/C111472728,167
A5055584786,https://openalex.org/C120665830,19
A5055584786,https://openalex.org/C121332964,538
A5055584786,https://openalex.org/C121864883,58
A5055584786,https://openalex.org/C126322002,2
A5055584786,https://openalex.org/C127313418,20
A5055584786,https://openalex.org/C127413603,80
A5055584786,https://openalex.org/C1276947,160
A5055584786,https://openalex.org/C134306372,86
A5055584786,https://openalex.org/C136764020,12
A5055584786,https://openalex.org/C138885662,216
A5055584786,https://openalex.org/C142362112,68
A5055584786,https://openalex.org/C144024400,29
A5055584786,https://openalex.org/C144133560,21
A5055584786,https://openalex.org/C144237770,10
A5055584786,https://openalex.org/C149782125,2
A5055584786,https://openalex.org/C151730666,29
A5055584786,https://openalex.org/C154945302,56
A5055584786,https://openalex.org/C15744967,80
A5055584786,https://openalex.org/C159985019,4
A5055584786,https://openalex.org/C161191863,24
A5055584786,https://openalex.org/C162324750,52
A5055584786,https://openalex.org/C17744445,64
A5055584786,https://openalex.org/C178790620,5
A5055584786,https://openalex.org/C185592680,26
A5055584786,https://openalex.org/C192562407,8
A5055584786,https://openalex.org/C199360897,44
A5055584786,https://openalex.org/C199539241,53
A5055584786,https://openalex.org/C202444582,67
A5055584786,https://openalex.org/C205649164,31
A5055584786,https://openalex.org/C2524010,127
A5055584786,https://openalex.org/C2778805511,5
A5055584786,https://openalex.org/C33332235,361
A5055584786,https://openalex.org/C33923547,286
A5055584786,https://openalex.org/C41008148,304
A5055584786,https://openalex.org/C41895202,40
A5055584786,https://openalex.org/C44870925,152
A5055584786,https://openalex.org/C54355233,9
A5055584786,https://openalex.org/C55493867,18
A5055584786,https://openalex.org/C57879066,19
A5055584786,https://openalex.org/C62520636,269
A5055584786,https://openalex.org/C71924100,46
A5055584786,https://openalex.org/C74650414,183
A5055584786,https://openalex.org/C77805123,18
A5055584786,https://openalex.org/C86803240,72
A5055584786,https://openalex.org/C95457728,109
A5055584786,https://openalex.org/C97355855,12
A5056600540,https://openalex.org/C104317684,2
A5056600540,https://openalex.org/C105795698,2
A5056600540,https://openalex.org/C111472728,1
A5056600540,https://openalex.org/C120665830,8
A5056600540,https://openalex.org/C121332964,13
A5056600540,https://openalex.org/C126322002,39
A5056600540,https://openalex.org/C127313418,4
A5056600540,https://openalex.org/C127413603,16
A5056600540,https://openalex.org/C1276947,1
A5056600540,https://openalex.org/C134306372,1
A5056600540,https://openalex.org/C136764020,6
A5056600540,https://openalex.org/C138885662,4
A5056600540,https://openalex.org/C144024400,5
A5056600540,https://openalex.org/C144133560,2
A5056600540,https://openalex.org/C151730666,6
A5056600540,https://openalex.org/C15744967,3
A5056600540,https://openalex.org/C159985019,1
A5056600540,https://openalex.org/C161191863,15
A5056600540,https://openalex.org/C162324750,5
A5056600540,https://openalex.org/C17744445,7
A5056600540,https://openalex.org/C178790620,21
A5056600540,https://openalex.org/C184779094,1
A5056600540,https://openalex.org/C185592680,52
A5056600540,https://openalex.org/C192562407,3
A5056600540,https://openalex.org/C199539241,6
A5056600540,https://openalex.org/C205649164,5
A5056600540,https://openalex.org/C2524010,1
A5056600540,https://openalex.org/C2778805511,5
A5056600540,https://openalex.org/C33923547,4
A5056600540,https://openalex.org/C41008148,26
A5056600540,https://openalex.org/C41895202,1
A5056600540,https://openalex.org/C44870925,1
A5056600540,https://openalex.org/C54355233,6
A5056600540,https://openalex.org/C55493867,28
A5056600540,https://openalex.org/C62520636,3
A5056600540,https://openalex.org/C71924100,84
A5056600540,https://openalex.org/C86803240,50
A5056600540,https://openalex.org/C95457728,8
A5056600540,https://openalex.org/C97355855,1
A5058780249,https://openalex.org/C104317684,5
A5058780249,https://openalex.org/C105795698,25
A5058780249,https://openalex.org/C111472728,6
A5058780249,https://openalex.org/C120665830,1
A5058780249,https://openalex.org/C121332964,8
A5058780249,https://openalex.org/C126322002,1
A5058780249,https://openalex.org/C127313418,2
A5058780249,https://openalex.org/C127413603,1
A5058780249,https://openalex.org/C134306372,7
A5058780249,https://openalex.org/C136764020,4
A5058780249,https://openalex.org/C138885662,12
A5058780249,https://openalex.org/C142362112,13
A5058780249,https://openalex.org/C144024400,16
A5058780249,https://openalex.org/C144133560,3
A5058780249,https://openalex.org/C151730666,1
A5058780249,https://openalex.org/C154945302,2
A5058780249,https://openalex.org/C15744967,6
A5058780249,https://openalex.org/C161191863,51
A5058780249,https://openalex.org/C162324750,3
A5058780249,https://openalex.org/C17744445,3
A5058780249,https://openalex.org/C178790620,1
A5058780249,https://openalex.org/C185592680,1
A5058780249,https://openalex.org/C199360897,1
A5058780249,https://openalex.org/C199539241,2
A5058780249,https://openalex.org/C202444582,1
A5058780249,https://openalex.org/C205649164,84
A5058780249,https://openalex.org/C2524010,23
A5058780249,https://openalex.org/C2778805511,8
A5058780249,https://openalex.org/C33923547,52
A5058780249,https://openalex.org/C41008148,62
A5058780249,https://openalex.org/C44870925,6
A5058780249,https://openalex.org/C54355233,10
A5058780249,https://openalex.org/C55493867,1
A5058780249,https://openalex.org/C71924100,6
A5058780249,https://openalex.org/C86803240,98
A5058780249,https://openalex.org/C95457728,19
A5059624154,https://openalex.org/C105795698,3
A5059624154,https://openalex.org/C111472728,11
A5059624154,https://openalex.org/C121332964,6
A5059624154,https://openalex.org/C126322002,1
A5059624154,https://openalex.org/C127313418,2
A5059624154,https://openalex.org/C127413603,2
A5059624154,https://openalex.org/C134306372,7
A5059624154,https://openalex.org/C136764020,1
A5059624154,https://openalex.org/C138885662,16
A5059624154,https://openalex.org/C142362112,2
A5059624154,https://openalex.org/C144133560,1
A5059624154,https://openalex.org/C144237770,2
A5059624154,https://openalex.org/C151730666,1
A5059624154,https://openalex.org/C154945302,11
A5059624154,https://openalex.org/C15744967,1
A5059624154,https://openalex.org/C159985019,1
A5059624154,https://openalex.org/C162324750,4
A5059624154,https://openalex.org/C17744445,2
A5059624154,https://openalex.org/C178790620,2
A5059624154,https://openalex.org/C185592680,3
A5059624154,https://openalex.org/C192562407,1
A5059624154,https://openalex.org/C199360897,24
A5059624154,https://openalex.org/C199539241,2
A5059624154,https://openalex.org/C202444582,3
A5059624154,https://openalex.org/C2524010,6
A5059624154,https://openalex.org/C2778805511,1
A5059624154,https://openalex.org/C33923547,28
A5059624154,https://openalex.org/C41008148,43
A5059624154,https://openalex.org/C41895202,4
A5059624154,https://openalex.org/C55493867,1
A5059624154,https://openalex.org/C62520636,4
A5059624154,https://openalex.org/C71924100,9
A5059624154,https://openalex.org/C74650414,2
A5059624154,https://openalex.org/C86803240,3
A5059624154,https://openalex.org/C95457728,1
A5060039934,https://openalex.org/C104317684,1
A5060039934,https://openalex.org/C105795698,4
A5060039934,https://openalex.org/C111472728,4
A5060039934,https://openalex.org/C120665830,4
A5060039934,https://openalex.org/C121332964,44
A5060039934,https://openalex.org/C121864883,7
A5060039934,https://openalex.org/C126322002,3
A5060039934,https://openalex.org/C127413603,3
A5060039934,https://openalex.org/C134306372,3
A5060039934,https://openalex.org/C136764020,14
A5060039934,https://openalex.org/C138885662,9
A5060039934,https://openalex.org/C142362112,2
A5060039934,https://openalex.org/C144237770,1
A5060039934,https://openalex.org/C151730666,1
A5060039934,https://openalex.org/C154945302,3
A5060039934,https://openalex.org/C15744967,12
A5060039934,https://openalex.org/C159985019,5
A5060039934,https://openalex.org/C161191863,13
A5060039934,https://openalex.org/C162324750,3
A5060039934,https://openalex.org/C17744445,2
A5060039934,https://openalex.org/C178790620,7
A5060039934,https://openalex.org/C184779094,8
A5060039934,https://openalex.org/C185592680,24
A5060039934,https://openalex.org/C192562407,24
A5060039934,https://openalex.org/C199360897,15
A5060039934,https://openalex.org/C199539241,2
A5060039934,https://openalex.org/C202444582,5
A5060039934,https://openalex.org/C2524010,7
A5060039934,https://openalex.org/C2778805511,16
A5060039934,https://openalex.org/C33332235,3
A5060039934,https://openalex.org/C33923547,29
A5060039934,https://openalex.org/C41008148,30
A5060039934,https://openalex.org/C41895202,4
A5060039934,https://openalex.org/C55493867,2
A5060039934,https://openalex.org/C57879066,8
A5060039934,https://openalex.org/C62520636,27
A5060039934,https://openalex.org/C71924100,6
A5060039934,https://openalex.org/C74650414,7
A5060039934,https://openalex.org/C77805123,6
A5060039934,https://openalex.org/C86803240,5
A5060039934,https://openalex.org/C95457728,4
A5060039934,https://openalex.org/C97355855,21
A5060503589,https://openalex.org/C111472728,1
A5060503589,https://openalex.org/C121332964,3
A5060503589,https://openalex.org/C126322002,1
A5060503589,https://openalex.org/C127413603,3
A5060503589,https://openalex.org/C138885662,2
A5060503589,https://openalex.org/C15744967,4
A5060503589,https://openalex.org/C159985019,1
A5060503589,https://openalex.org/C161191863,3
A5060503589,https://openalex.org/C162324750,1
A5060503589,https://openalex.org/C178790620,8
A5060503589,https://openalex.org/C185592680,30
A5060503589,https://openalex.org/C192562407,2
A5060503589,https://openalex.org/C41008148,4
A5060503589,https://openalex.org/C41895202,1
A5060503589,https://openalex.org/C55493867,21
A5060503589,https://openalex.org/C71924100,6
A5060503589,https://openalex.org/C86803240,19
A5060503589,https://openalex.org/C97355855,2
A5062811429,https://openalex.org/C104317684,1
A5062811429,https://openalex.org/C105795698,2
A5062811429,https://openalex.org/C111472728,1
A5062811429,https://openalex.org/C120665830,17
A5062811429,https://openalex.org/C121332964,46
A5062811429,https://openalex.org/C121864883,6
A5062811429,https://openalex.org/C127313418,1
A5062811429,https://openalex.org/C127413603,5
A5062811429,https://openalex.org/C1276947,2
A5062811429,https://openalex.org/C134306372,4
A5062811429,https://openalex.org/C138885662,4
A5062811429,https://openalex.org/C142362112,1
A5062811429,https://openalex.org/C144133560,3
A5062811429,https://openalex.org/C151730666,2
A5062811429,https://openalex.org/C154945302,1
A5062811429,https://openalex.org/C15744967,1
A5062811429,https://openalex.org/C159985019,14
A5062811429,https://openalex.org/C161191863,3
A5062811429,https://openalex.org/C162324750,3
A5062811429,https://openalex.org/C17744445,1
A5062811429,https://openalex.org/C178790620,12
A5062811429,https://openalex.org/C184779094,7
A5062811429,https://openalex.org/C185592680,47
A5062811429,https://openalex.org/C192562407,47
A5062811429,https://openalex.org/C199360897,4
A5062811429,https://openalex.org/C199539241,1
A5062811429,https://openalex.org/C202444582,1
A5062811429,https://openalex.org/C2524010,5
A5062811429,https://openalex.org/C2778805511,3
A5062811429,https://openalex.org/C33332235,1
A5062811429,https://openalex.org/C33923547,12
A5062811429,https://openalex.org/C41008148,15
A5062811429,https://openalex.org/C41895202,2
A5062811429,https://openalex.org/C55493867,3
A5062811429,https://openalex.org/C57879066,2
A5062811429,https://openalex.org/C62520636,8
A5062811429,https://openalex.org/C77805123,1
A5062811429,https://openalex.org/C86803240,5
A5062811429,https://openalex.org/C97355855,6
A5062850123,https://openalex.org/C105795698,9
A5062850123,https://openalex.org/C111472728,5
A5062850123,https://openalex.org/C120665830,3
A5062850123,https://openalex.org/C121332964,71
A5062850123,https://openalex.org/C121864883,14
A5062850123,https://openalex.org/C127313418,5
A5062850123,https://openalex.org/C127413603,9
A5062850123,https://openalex.org/C1276947,3
A5062850123,https://openalex.org/C134306372,25
A5062850123,https://openalex.org/C136764020,1
A5062850123,https://openalex.org/C138885662,8
A5062850123,https://openalex.org/C142362112,1
A5062850123,https://openalex.org/C144024400,1
A5062850123,https://openalex.org/C144237770,3
A5062850123,https://openalex.org/C151730666,2
A5062850123,https://openalex.org/C154945302,1
A5062850123,https://openalex.org/C159985019,2
A5062850123,https://openalex.org/C161191863,6
A5062850123,https://openalex.org/C162324750,2
A5062850123,https://openalex.org/C17744445,2
A5062850123,https://openalex.org/C178790620,3
A5062850123,https://openalex.org/C185592680,11
A5062850123,https://openalex.org/C192562407,17
A5062850123,https://openalex.org/C199360897,12
A5062850123,https://openalex.org/C199539241,2
A5062850123,https://openalex.org/C202444582,19
A5062850123,https://openalex.org/C2524010,22
A5062850123,https://openalex.org/C2778805511,5
A5062850123,https://openalex.org/C33332235,10
A5062850123,https://openalex.org/C33923547,66
A5062850123,https://openalex.org/C41008148,44
A5062850123,https://openalex.org/C41895202,4
A5062850123,https://openalex.org/C44870925,1
A5062850123,https://openalex.org/C57879066,31
A5062850123,https://openalex.org/C62520636,22
A5062850123,https://openalex.org/C71924100,8
A5062850123,https://openalex.org/C74650414,24
A5062850123,https://openalex.org/C86803240,7
A5062850123,https://openalex.org/C95457728,2
A5062850123,https://openalex.org/C97355855,12
A5064411709,https://openalex.org/C111472728,1
A5064411709,https://openalex.org/C127313418,2
A5064411709,https://openalex.org/C127413603,1
A5064411709,https://openalex.org/C138885662,1
A5064411709,https://openalex.org/C144024400,1
A5064411709,https://openalex.org/C151730666,2
A5064411709,https://openalex.org/C154945302,1
A5064411709,https://openalex.org/C15744967,8
A5064411709,https://openalex.org/C199360897,1
A5064411709,https://openalex.org/C2524010,1
A5064411709,https://openalex.org/C33923547,1
A5064411709,https://openalex.org/C41008148,8
A5064411709,https://openalex.org/C95457728,3
A5064999142,https://openalex.org/C104317684,8
A5064999142,https://openalex.org/C105795698,44
A5064999142,https://openalex.org/C111472728,73
A5064999142,https://openalex.org/C120665830,4
A5064999142,https://openalex.org/C121332964,75
A5064999142,https://openalex.org/C121864883,7
A5064999142,https://openalex.org/C126322002,5
A5064999142,https://openalex.org/C127313418,6
A5064999142,https://openalex.org/C127413603,21
A5064999142,https://openalex.org/C1276947,8
A5064999142,https://openalex.org/C134306372,32
A5064999142,https://openalex.org/C136764020,7
A5064999142,https://openalex.org/C138885662,163
A5064999142,https://openalex.org/C142362112,32
A5064999142,https://openalex.org/C144024400,94
A5064999142,https://openalex.org/C144133560,46
A5064999142,https://openalex.org/C144237770,204
A5064999142,https://openalex.org/C149782125,91
A5064999142,https://openalex.org/C151730666,4
A5064999142,https://openalex.org/C154945302,9
A5064999142,https://openalex.org/C15744967,32
A5064999142,https://openalex.org/C159985019,5
A5064999142,https://openalex.org/C161191863,39
A5064999142,https://openalex.org/C162324750,481
A5064999142,https://openalex.org/C17744445,161
A5064999142,https://openalex.org/C178790620,2
A5064999142,https://openalex.org/C185592680,11
A5064999142,https://openalex.org/C192562407,5
A5064999142,https://openalex.org/C199360897,43
A5064999142,https://openalex.org/C199539241,99
A5064999142,https://openalex.org/C202444582,13
A5064999142,https://openalex.org/C205649164,22
A5064999142,https://openalex.org/C2524010,31
A5064999142,https://openalex.org/C2778805511,14
A5064999142,https://openalex.org/C33332235,5
A5064999142,https://openalex.org/C33923547,171
A5064999142,https://openalex.org/C41008148,201
A5064999142,https://openalex.org/C41895202,30
A5064999142,https://openalex.org/C44870925,2
A5064999142,https://openalex.org/C54355233,10
A5064999142,https://openalex.org/C55493867,7
A5064999142,https://openalex.org/C57879066,1
A5064999142,https://openalex.org/C62520636,33
A5064999142,https://openalex.org/C71924100,22
A5064999142,https://openalex.org/C74650414,9
A5064999142,https://openalex.org/C77805123,10
A5064999142,https://openalex.org/C86803240,36
A5064999142,https://openalex.org/C95457728,81
A5064999142,https://openalex.org/C97355855,13
A5065683612,https://openalex.org/C104317684,8
A5065683612,https://openalex.org/C105795698,6
A5065683612,https://openalex.org/C111472728,13
A5065683612,https://openalex.org/C120665830,15
A5065683612,https://openalex.org/C121332964,78
A5065683612,https://openalex.org/C121864883,2
A5065683612,https://openalex.org/C126322002,1
A5065683612,https://openalex.org/C127313418,15
A5065683612,https://openalex.org/C127413603,11
A5065683612,https://openalex.org/C1276947,7
A5065683612,https://openalex.org/C134306372,64
A5065683612,https://openalex.org/C136764020,4
A5065683612,https://openalex.org/C138885662,21
A5065683612,https://openalex.org/C144024400,2
A5065683612,https://openalex.org/C144133560,1
A5065683612,https://openalex.org/C144237770,4
A5065683612,https://openalex.org/C151730666,6
A5065683612,https://openalex.org/C154945302,7
A5065683612,https://openalex.org/C15744967,4
A5065683612,https://openalex.org/C159985019,2
A5065683612,https://openalex.org/C161191863,11
A5065683612,https://openalex.org/C17744445,5
A5065683612,https://openalex.org/C178790620,2
A5065683612,https://openalex.org/C184779094,3
A5065683612,https://openalex.org/C185592680,12
A5065683612,https://openalex.org/C192562407,3
A5065683612,https://openalex.org/C199360897,8
A5065683612,https://openalex.org/C199539241,3
A5065683612,https://openalex.org/C202444582,38
A5065683612,https://openalex.org/C205649164,7
A5065683612,https://openalex.org/C2524010,27
A5065683612,https://openalex.org/C2778805511,14
A5065683612,https://openalex.org/C33332235,8
A5065683612,https://openalex.org/C33923547,123
A5065683612,https://openalex.org/C41008148,53
A5065683612,https://openalex.org/C41895202,6
A5065683612,https://openalex.org/C44870925,2
A5065683612,https://openalex.org/C54355233,2
A5065683612,https://openalex.org/C55493867,9
A5065683612,https://openalex.org/C57879066,11
A5065683612,https://openalex.org/C62520636,35
A5065683612,https://openalex.org/C71924100,25
A5065683612,https://openalex.org/C74650414,29
A5065683612,https://openalex.org/C86803240,19
A5065683612,https://openalex.org/C95457728,3
A5065683612,https://openalex.org/C97355855,3
A5066565862,https://openalex.org/C104317684,5
A5066565862,https://openalex.org/C111472728,13
A5066565862,https://openalex.org/C121332964,6
A5066565862,https://openalex.org/C121864883,3
A5066565862,https://openalex.org/C127313418,1
A5066565862,https://openalex.org/C127413603,3
A5066565862,https://openalex.org/C134306372,6
A5066565862,https://openalex.org/C136764020,5
A5066565862,https://openalex.org/C138885662,14
A5066565862,https://openalex.org/C142362112,2
A5066565862,https://openalex.org/C144024400,1
A5066565862,https://openalex.org/C144133560,2
A5066565862,https://openalex.org/C144237770,2
A5066565862,https://openalex.org/C151730666,5
A5066565862,https://openalex.org/C154945302,11
A5066565862,https://openalex.org/C15744967,12
A5066565862,https://openalex.org/C159985019,1
A5066565862,https://openalex.org/C161191863,2
A5066565862,https://openalex.org/C162324750,1
A5066565862,https://openalex.org/C17744445,7
A5066565862,https://openalex.org/C178790620,1
A5066565862,https://openalex.org/C185592680,3
A5066565862,https://openalex.org/C192562407,1
A5066565862,https://openalex.org/C199360897,24
A5066565862,https://openalex.org/C199539241,2
A5066565862,https://openalex.org/C202444582,5
A5066565862,https://openalex.org/C205649164,1
A5066565862,https://openalex.org/C2524010,7
A5066565862,https://openalex.org/C2778805511,6
A5066565862,https://openalex.org/C33332235,1
A5066565862,https://openalex.org/C33923547,31
A5066565862,https://openalex.org/C41008148,63
A5066565862,https://openalex.org/C41895202,3
A5066565862,https://openalex.org/C54355233,5
A5066565862,https://openalex.org/C55493867,4
A5066565862,https://openalex.org/C57879066,3
A5066565862,https://openalex.org/C62520636,2
A5066565862,https://openalex.org/C71924100,5
A5066565862,https://openalex.org/C74650414,3
A5066565862,https://openalex.org/C77805123,1
A5066565862,https://openalex.org/C86803240,16
A5066565862,https://openalex.org/C95457728,5
A5066565862,https://openalex.org/C97355855,3
A5068389137,https://openalex.org/C104317684,1
A5068389137,https://openalex.org/C105795698,7
A5068389137,https://openalex.org/C111472728,5
A5068389137,https://openalex.org/C120665830,60
A5068389137,https://openalex.org/C121332964,185
A5068389137,https://openalex.org/C121864883,3
A5068389137,https://openalex.org/C126322002,3
A5068389137,https://openalex.org/C127313418,41
A5068389137,https://openalex.org/C127413603,53
A5068389137,https://openalex.org/C1276947,9
A5068389137,https://openalex.org/C134306372,52
A5068389137,https://openalex.org/C136764020,2
A5068389137,https://openalex.org/C138885662,38
A5068389137,https://openalex.org/C142362112,2
A5068389137,https://openalex.org/C144133560,2
A5068389137,https://openalex.org/C151730666,8
A5068389137,https://openalex.org/C154945302,3
A5068389137,https://openalex.org/C15744967,8
A5068389137,https://openalex.org/C159985019,87
A5068389137,https://openalex.org/C162324750,4
A5068389137,https://openalex.org/C17744445,4
A5068389137,https://openalex.org/C178790620,1
A5068389137,https://openalex.org/C184779094,7
A5068389137,https://openalex.org/C185592680,29
A5068389137,https://openalex.org/C192562407,149
A5068389137,https://openalex.org/C199360897,45
A5068389137,https://openalex.org/C199539241,4
A5068389137,https://openalex.org/C202444582,2
A5068389137,https://openalex.org/C2524010,60
A5068389137,https://openalex.org/C2778805511,2
A5068389137,https://openalex.org/C33332235,5
A5068389137,https://openalex.org/C33923547,97
A5068389137,https://openalex.org/C41008148,76
A5068389137,https://openalex.org/C41895202,31
A5068389137,https://openalex.org/C44870925,2
A5068389137,https://openalex.org/C55493867,1
A5068389137,https://openalex.org/C57879066,57
A5068389137,https://openalex.org/C62520636,45
A5068389137,https://openalex.org/C71924100,17
A5068389137,https://openalex.org/C74650414,60
A5068389137,https://openalex.org/C77805123,1
A5068389137,https://openalex.org/C86803240,5
A5068389137,https://openalex.org/C95457728,3
A5068389137,https://openalex.org/C97355855,30
A5068520992,https://openalex.org/C104317684,6
A5068520992,https://openalex.org/C105795698,36
A5068520992,https://openalex.org/C111472728,11
A5068520992,https://openalex.org/C120665830,19
A5068520992,https://openalex.org/C121332964,167
A5068520992,https://openalex.org/C121864883,73
A5068520992,https://openalex.org/C127313418,22
A5068520992,https://openalex.org/C127413603,40
A5068520992,https://openalex.org/C1276947,5
A5068520992,https://openalex.org/C134306372,19
A5068520992,https://openalex.org/C136764020,6
A5068520992,https://openalex.org/C138885662,22
A5068520992,https://openalex.org/C142362112,3
A5068520992,https://openalex.org/C144133560,4
A5068520992,https://openalex.org/C151730666,8
A5068520992,https://openalex.org/C154945302,27
A5068520992,https://openalex.org/C15744967,7
A5068520992,https://openalex.org/C159985019,43
A5068520992,https://openalex.org/C161191863,1
A5068520992,https://openalex.org/C162324750,3
A5068520992,https://openalex.org/C17744445,5
A5068520992,https://openalex.org/C178790620,23
A5068520992,https://openalex.org/C184779094,5
A5068520992,https://openalex.org/C185592680,68
A5068520992,https://openalex.org/C192562407,82
A5068520992,https://openalex.org/C199360897,70
A5068520992,https://openalex.org/C199539241,5
A5068520992,https://openalex.org/C202444582,6
A5068520992,https://openalex.org/C205649164,18
A5068520992,https://openalex.org/C2524010,45
A5068520992,https://openalex.org/C2778805511,2
A5068520992,https://openalex.org/C33332235,1
A5068520992,https://openalex.org/C33923547,96
A5068520992,https://openalex.org/C41008148,212
A5068520992,https://openalex.org/C41895202,11
A5068520992,https://openalex.org/C44870925,1
A5068520992,https://openalex.org/C54355233,3
A5068520992,https://openalex.org/C55493867,8
A5068520992,https://openalex.org/C57879066,37
A5068520992,https://openalex.org/C62520636,71
A5068520992,https://openalex.org/C71924100,12
A5068520992,https://openalex.org/C74650414,27
A5068520992,https://openalex.org/C77805123,3
A5068520992,https://openalex.org/C86803240,23
A5068520992,https://openalex.org/C95457728,5
A5068520992,https://openalex.org/C97355855,57
A5069449163,https://openalex.org/C104317684,3
A5069449163,https://openalex.org/C105795698,7
A5069449163,https://openalex.org/C111472728,11
A5069449163,https://openalex.org/C120665830,24
A5069449163,https://openalex.org/C121332964,242
A5069449163,https://openalex.org/C121864883,24
A5069449163,https://openalex.org/C127313418,8
A5069449163,https://openalex.org/C127413603,21
A5069449163,https://openalex.org/C1276947,7
A5069449163,https://openalex.org/C134306372,25
A5069449163,https://openalex.org/C136764020,3
A5069449163,https://openalex.org/C138885662,23
A5069449163,https://openalex.org/C142362112,13
A5069449163,https://openalex.org/C144133560,3
A5069449163,https://openalex.org/C144237770,1
A5069449163,https://openalex.org/C149782125,2
A5069449163,https://openalex.org/C151730666,4
A5069449163,https://openalex.org/C154945302,4
A5069449163,https://openalex.org/C15744967,10
A5069449163,https://openalex.org/C159985019,28
A5069449163,https://openalex.org/C161191863,9
A5069449163,https://openalex.org/C162324750,19
A5069449163,https://openalex.org/C17744445,23
A5069449163,https://openalex.org/C178790620,2
A5069449163,https://openalex.org/C184779094,56
A5069449163,https://openalex.org/C185592680,16
A5069449163,https://openalex.org/C192562407,37
A5069449163,https://openalex.org/C199360897,8
A5069449163,https://openalex.org/C199539241,13
A5069449163,https://openalex.org/C202444582,10
A5069449163,https://openalex.org/C205649164,2
A5069449163,https://openalex.org/C2524010,28
A5069449163,https://openalex.org/C2778805511,5
A5069449163,https://openalex.org/C33332235,43
A5069449163,https://openalex.org/C33923547,60
A5069449163,https://openalex.org/C41008148,68
A5069449163,https://openalex.org/C41895202,1
A5069449163,https://openalex.org/C44870925,1
A5069449163,https://openalex.org/C54355233,1
A5069449163,https://openalex.org/C55493867,3
A5069449163,https://openalex.org/C57879066,6
A5069449163,https://openalex.org/C62520636,124
A5069449163,https://openalex.org/C71924100,6
A5069449163,https://openalex.org/C74650414,22
A5069449163,https://openalex.org/C86803240,20
A5069449163,https://openalex.org/C95457728,8
A5069449163,https://openalex.org/C97355855,20
A5069618685,https://openalex.org/C104317684,1
A5069618685,https://openalex.org/C121332964,1
A5069618685,https://openalex.org/C126322002,3
A5069618685,https://openalex.org/C138885662,1
A5069618685,https://openalex.org/C142362112,2
A5069618685,https://openalex.org/C144024400,2
A5069618685,https://openalex.org/C161191863,12
A5069618685,https://openalex.org/C178790620,1
A5069618685,https://openalex.org/C185592680,2
A5069618685,https://openalex.org/C199360897,2
A5069618685,https://openalex.org/C2778805511,7
A5069618685,https://openalex.org/C41008148,12
A5069618685,https://openalex.org/C54355233,1
A5069618685,https://openalex.org/C55493867,4
A5069618685,https://openalex.org/C62520636,1
A5069618685,https://openalex.org/C71924100,3
A5069618685,https://openalex.org/C86803240,17
A5069618685,https://openalex.org/C95457728,1
A5069849313,https://openalex.org/C104317684,1
A5069849313,https://openalex.org/C105795698,81
A5069849313,https://openalex.org/C111472728,11
A5069849313,https://openalex.org/C121332964,15
A5069849313,https://openalex.org/C121864883,4
A5069849313,https://openalex.org/C127313418,2
A5069849313,https://openalex.org/C127413603,4
A5069849313,https://openalex.org/C1276947,1
A5069849313,https://openalex.org/C134306372,15
A5069849313,https://openalex.org/C138885662,21
A5069849313,https://openalex.org/C144024400,3
A5069849313,https://openalex.org/C144133560,2
A5069849313,https://openalex.org/C144237770,18
A5069849313,https://openalex.org/C149782125,39
A5069849313,https://openalex.org/C151730666,3
A5069849313,https://openalex.org/C154945302,16
A5069849313,https://openalex.org/C161191863,11
A5069849313,https://openalex.org/C162324750,6
A5069849313,https://openalex.org/C17744445,3
A5069849313,https://openalex.org/C185592680,1
A5069849313,https://openalex.org/C199360897,4
A5069849313,https://openalex.org/C199539241,3
A5069849313,https://openalex.org/C202444582,4
A5069849313,https://openalex.org/C205649164,2
A5069849313,https://openalex.org/C2524010,8
A5069849313,https://openalex.org/C2778805511,8
A5069849313,https://openalex.org/C33923547,97
A5069849313,https://openalex.org/C41008148,68
A5069849313,https://openalex.org/C41895202,7
A5069849313,https://openalex.org/C44870925,2
A5069849313,https://openalex.org/C55493867,1
A5069849313,https://openalex.org/C62520636,7
A5069849313,https://openalex.org/C71924100,6
A5069849313,https://openalex.org/C86803240,5
A5069849313,https://openalex.org/C95457728,2
A5069849313,https://openalex.org/C97355855,1
A5070348120,https://openalex.org/C104317684,1
A5070348120,https://openalex.org/C105795698,5
A5070348120,https://openalex.org/C111472728,22
A5070348120,https://openalex.org/C121332964,24
A5070348120,https://openalex.org/C121864883,1
A5070348120,https://openalex.org/C127313418,1
A5070348120,https://openalex.org/C127413603,9
A5070348120,https://openalex.org/C134306372,2
A5070348120,https://openalex.org/C138885662,64
A5070348120,https://openalex.org/C142362112,14
A5070348120,https://openalex.org/C144024400,46
A5070348120,https://openalex.org/C144133560,8
A5070348120,https://openalex.org/C144237770,1
A5070348120,https://openalex.org/C149782125,1
A5070348120,https://openalex.org/C154945302,6
A5070348120,https://openalex.org/C15744967,122
A5070348120,https://openalex.org/C161191863,9
A5070348120,https://openalex.org/C162324750,10
A5070348120,https://openalex.org/C17744445,41
A5070348120,https://openalex.org/C178790620,5
A5070348120,https://openalex.org/C185592680,7
A5070348120,https://openalex.org/C192562407,2
A5070348120,https://openalex.org/C199360897,4
A5070348120,https://openalex.org/C199539241,15
A5070348120,https://openalex.org/C202444582,11
A5070348120,https://openalex.org/C205649164,5
A5070348120,https://openalex.org/C2524010,2
A5070348120,https://openalex.org/C2778805511,7
A5070348120,https://openalex.org/C33923547,28
A5070348120,https://openalex.org/C41008148,59
A5070348120,https://openalex.org/C41895202,2
A5070348120,https://openalex.org/C55493867,1
A5070348120,https://openalex.org/C62520636,14
A5070348120,https://openalex.org/C71924100,5
A5070348120,https://openalex.org/C77805123,42
A5070348120,https://openalex.org/C86803240,2
A5070348120,https://openalex.org/C95457728,7
A5070727013,https://openalex.org/C104317684,3
A5070727013,https://openalex.org/C105795698,3
A5070727013,https://openalex.org/C111472728,32
A5070727013,https://openalex.org/C120665830,21
A5070727013,https://openalex.org/C121332964,216
A5070727013,https://openalex.org/C121864883,2
A5070727013,https://openalex.org/C126322002,3
A5070727013,https://openalex.org/C127313418,7
A5070727013,https://openalex.org/C127413603,22
A5070727013,https://openalex.org/C1276947,18
A5070727013,https://openalex.org/C134306372,7
A5070727013,https://openalex.org/C136764020,3
A5070727013,https://openalex.org/C138885662,43
A5070727013,https://openalex.org/C142362112,7
A5070727013,https://openalex.org/C144024400,2
A5070727013,https://openalex.org/C144133560,1
A5070727013,https://openalex.org/C151730666,1
A5070727013,https://openalex.org/C154945302,1
A5070727013,https://openalex.org/C15744967,19
A5070727013,https://openalex.org/C159985019,6
A5070727013,https://openalex.org/C161191863,3
A5070727013,https://openalex.org/C17744445,2
A5070727013,https://openalex.org/C178790620,4
A5070727013,https://openalex.org/C184779094,23
A5070727013,https://openalex.org/C185592680,20
A5070727013,https://openalex.org/C192562407,20
A5070727013,https://openalex.org/C199360897,7
A5070727013,https://openalex.org/C199539241,1
A5070727013,https://openalex.org/C202444582,6
A5070727013,https://openalex.org/C205649164,1
A5070727013,https://openalex.org/C2524010,15
A5070727013,https://openalex.org/C2778805511,4
A5070727013,https://openalex.org/C33332235,104
A5070727013,https://openalex.org/C33923547,46
A5070727013,https://openalex.org/C41008148,61
A5070727013,https://openalex.org/C41895202,1
A5070727013,https://openalex.org/C44870925,18
A5070727013,https://openalex.org/C54355233,2
A5070727013,https://openalex.org/C55493867,6
A5070727013,https://openalex.org/C57879066,9
A5070727013,https://openalex.org/C62520636,81
A5070727013,https://openalex.org/C71924100,10
A5070727013,https://openalex.org/C74650414,13
A5070727013,https://openalex.org/C77805123,8
A5070727013,https://openalex.org/C86803240,8
A5070727013,https://openalex.org/C95457728,3
A5070727013,https://openalex.org/C97355855,14
A5070947764,https://openalex.org/C104317684,5
A5070947764,https://openalex.org/C105795698,32
A5070947764,https://openalex.org/C111472728,12
A5070947764,https://openalex.org/C120665830,1
A5070947764,https://openalex.org/C121332964,68
A5070947764,https://openalex.org/C121864883,1
A5070947764,https://openalex.org/C126322002,3
A5070947764,https://openalex.org/C127313418,3
A5070947764,https://openalex.org/C127413603,49
A5070947764,https://openalex.org/C1276947,3
A5070947764,https://openalex.org/C134306372,52
A5070947764,https://openalex.org/C136764020,5
A5070947764,https://openalex.org/C138885662,36
A5070947764,https://openalex.org/C142362112,17
A5070947764,https://openalex.org/C144024400,8
A5070947764,https://openalex.org/C144133560,11
A5070947764,https://openalex.org/C144237770,31
A5070947764,https://openalex.org/C149782125,9
A5070947764,https://openalex.org/C151730666,11
A5070947764,https://openalex.org/C154945302,36
A5070947764,https://openalex.org/C15744967,3
A5070947764,https://openalex.org/C159985019,10
A5070947764,https://openalex.org/C161191863,7
A5070947764,https://openalex.org/C162324750,54
A5070947764,https://openalex.org/C17744445,13
A5070947764,https://openalex.org/C178790620,8
A5070947764,https://openalex.org/C185592680,22
A5070947764,https://openalex.org/C192562407,12
A5070947764,https://openalex.org/C199360897,44
A5070947764,https://openalex.org/C199539241,7
A5070947764,https://openalex.org/C202444582,16
A5070947764,https://openalex.org/C205649164,18
A5070947764,https://openalex.org/C2524010,44
A5070947764,https://openalex.org/C2778805511,2
A5070947764,https://openalex.org/C33332235,1
A5070947764,https://openalex.org/C33923547,217
A5070947764,https://openalex.org/C41008148,234
A5070947764,https://openalex.org/C41895202,7
A5070947764,https://openalex.org/C54355233,5
A5070947764,https://openalex.org/C55493867,6
A5070947764,https://openalex.org/C62520636,44
A5070947764,https://openalex.org/C71924100,29
A5070947764,https://openalex.org/C86803240,53
A5070947764,https://openalex.org/C95457728,11
A5070947764,https://openalex.org/C97355855,5
A5071003992,https://openalex.org/C104317684,37
A5071003992,https://openalex.org/C105795698,100
A5071003992,https://openalex.org/C111472728,9
A5071003992,https://openalex.org/C120665830,4
A5071003992,https://openalex.org/C121332964,72
A5071003992,https://openalex.org/C121864883,7
A5071003992,https://openalex.org/C126322002,11
A5071003992,https://openalex.org/C127313418,13
A5071003992,https://openalex.org/C127413603,29
A5071003992,https://openalex.org/C1276947,1
A5071003992,https://openalex.org/C134306372,42
A5071003992,https://openalex.org/C136764020,7
A5071003992,https://openalex.org/C138885662,26
A5071003992,https://openalex.org/C142362112,3
A5071003992,https://openalex.org/C144024400,25
A5071003992,https://openalex.org/C144133560,25
A5071003992,https://openalex.org/C144237770,86
A5071003992,https://openalex.org/C149782125,194
A5071003992,https://openalex.org/C151730666,18
A5071003992,https://openalex.org/C154945302,45
A5071003992,https://openalex.org/C15744967,10
A5071003992,https://openalex.org/C159985019,13
A5071003992,https://openalex.org/C161191863,11
A5071003992,https://openalex.org/C162324750,219
A5071003992,https://openalex.org/C17744445,22
A5071003992,https://openalex.org/C185592680,42
A5071003992,https://openalex.org/C192562407,13
A5071003992,https://openalex.org/C199360897,48
A5071003992,https://openalex.org/C199539241,15
A5071003992,https://openalex.org/C202444582,8
A5071003992,https://openalex.org/C205649164,14
A5071003992,https://openalex.org/C2524010,32
A5071003992,https://openalex.org/C2778805511,1
A5071003992,https://openalex.org/C33332235,4
A5071003992,https://openalex.org/C33923547,160
A5071003992,https://openalex.org/C41008148,194
A5071003992,https://openalex.org/C41895202,16
A5071003992,https://openalex.org/C44870925,2
A5071003992,https://openalex.org/C54355233,4
A5071003992,https://openalex.org/C55493867,38
A5071003992,https://openalex.org/C62520636,44
A5071003992,https://openalex.org/C71924100,26
A5071003992,https://openalex.org/C74650414,12
A5071003992,https://openalex.org/C77805123,2
A5071003992,https://openalex.org/C86803240,53
A5071003992,https://openalex.org/C95457728,11
A5071003992,https://openalex.org/C97355855,10
A5071875770,https://openalex.org/C104317684,3
A5071875770,https://openalex.org/C105795698,7
A5071875770,https://openalex.org/C111472728,24
A5071875770,https://openalex.org/C120665830,3
A5071875770,https://openalex.org/C121332964,22
A5071875770,https://openalex.org/C121864883,2
A5071875770,https://openalex.org/C127413603,15
A5071875770,https://openalex.org/C1276947,2
A5071875770,https://openalex.org/C134306372,7
A5071875770,https://openalex.org/C136764020,2
A5071875770,https://openalex.org/C138885662,35
A5071875770,https://openalex.org/C142362112,7
A5071875770,https://openalex.org/C144024400,13
A5071875770,https://openalex.org/C144133560,6
A5071875770,https://openalex.org/C144237770,5
A5071875770,https://openalex.org/C149782125,3
A5071875770,https://openalex.org/C151730666,7
A5071875770,https://openalex.org/C154945302,56
A5071875770,https://openalex.org/C15744967,37
A5071875770,https://openalex.org/C159985019,2
A5071875770,https://openalex.org/C161191863,6
A5071875770,https://openalex.org/C162324750,10
A5071875770,https://openalex.org/C17744445,13
A5071875770,https://openalex.org/C192562407,5
A5071875770,https://openalex.org/C199360897,19
A5071875770,https://openalex.org/C199539241,11
A5071875770,https://openalex.org/C202444582,4
A5071875770,https://openalex.org/C205649164,7
A5071875770,https://openalex.org/C2524010,5
A5071875770,https://openalex.org/C2778805511,1
A5071875770,https://openalex.org/C33332235,1
A5071875770,https://openalex.org/C33923547,35
A5071875770,https://openalex.org/C41008148,115
A5071875770,https://openalex.org/C41895202,13
A5071875770,https://openalex.org/C44870925,1
A5071875770,https://openalex.org/C54355233,6
A5071875770,https://openalex.org/C62520636,11
A5071875770,https://openalex.org/C71924100,4
A5071875770,https://openalex.org/C74650414,3
A5071875770,https://openalex.org/C77805123,3
A5071875770,https://openalex.org/C86803240,25
A5071875770,https://openalex.org/C95457728,4
A5071875770,https://openalex.org/C97355855,1
A5072009257,https://openalex.org/C105795698,9
A5072009257,https://openalex.org/C111472728,9
A5072009257,https://openalex.org/C120665830,5
A5072009257,https://openalex.org/C121332964,21
A5072009257,https://openalex.org/C121864883,1
A5072009257,https://openalex.org/C127313418,2
A5072009257,https://openalex.org/C127413603,4
A5072009257,https://openalex.org/C1276947,2
A5072009257,https://openalex.org/C134306372,4
A5072009257,https://openalex.org/C136764020,1
A5072009257,https://openalex.org/C138885662,22
A5072009257,https://openalex.org/C142362112,7
A5072009257,https://openalex.org/C144024400,26
A5072009257,https://openalex.org/C144133560,4
A5072009257,https://openalex.org/C144237770,1
A5072009257,https://openalex.org/C149782125,3
A5072009257,https://openalex.org/C151730666,6
A5072009257,https://openalex.org/C154945302,12
A5072009257,https://openalex.org/C15744967,106
A5072009257,https://openalex.org/C159985019,2
A5072009257,https://openalex.org/C161191863,1
A5072009257,https://openalex.org/C162324750,14
A5072009257,https://openalex.org/C17744445,16
A5072009257,https://openalex.org/C178790620,6
A5072009257,https://openalex.org/C185592680,10
A5072009257,https://openalex.org/C192562407,2
A5072009257,https://openalex.org/C199360897,3
A5072009257,https://openalex.org/C199539241,5
A5072009257,https://openalex.org/C202444582,2
A5072009257,https://openalex.org/C205649164,3
A5072009257,https://openalex.org/C2524010,5
A5072009257,https://openalex.org/C2778805511,1
A5072009257,https://openalex.org/C33923547,17
A5072009257,https://openalex.org/C41008148,40
A5072009257,https://openalex.org/C41895202,6
A5072009257,https://openalex.org/C55493867,1
A5072009257,https://openalex.org/C62520636,10
A5072009257,https://openalex.org/C71924100,12
A5072009257,https://openalex.org/C77805123,47
A5072009257,https://openalex.org/C86803240,11
A5072009257,https://openalex.org/C95457728,6
A5072009257,https://openalex.org/C97355855,1
A5073258256,https://openalex.org/C105795698,47
A5073258256,https://openalex.org/C111472728,18
A5073258256,https://openalex.org/C120665830,8
A5073258256,https://openalex.org/C121332964,241
A5073258256,https://openalex.org/C121864883,165
A5073258256,https://openalex.org/C126322002,7
A5073258256,https://openalex.org/C127313418,20
A5073258256,https://openalex.org/C127413603,18
A5073258256,https://openalex.org/C1276947,8
A5073258256,https://openalex.org/C134306372,80
A5073258256,https://openalex.org/C136764020,5
A5073258256,https://openalex.org/C138885662,30
A5073258256,https://openalex.org/C142362112,4
A5073258256,https://openalex.org/C144024400,3
A5073258256,https://openalex.org/C144237770,3
A5073258256,https://openalex.org/C151730666,9
A5073258256,https://openalex.org/C154945302,24
A5073258256,https://openalex.org/C15744967,7
A5073258256,https://openalex.org/C159985019,22
A5073258256,https://openalex.org/C161191863,3
A5073258256,https://openalex.org/C162324750,10
A5073258256,https://openalex.org/C17744445,4
A5073258256,https://openalex.org/C178790620,5
A5073258256,https://openalex.org/C184779094,11
A5073258256,https://openalex.org/C185592680,37
A5073258256,https://openalex.org/C192562407,61
A5073258256,https://openalex.org/C199360897,20
A5073258256,https://openalex.org/C199539241,4
A5073258256,https://openalex.org/C202444582,14
A5073258256,https://openalex.org/C205649164,2
A5073258256,https://openalex.org/C2524010,39
A5073258256,https://openalex.org/C2778805511,5
A5073258256,https://openalex.org/C33332235,15
A5073258256,https://openalex.org/C33923547,151
A5073258256,https://openalex.org/C41008148,92
A5073258256,https://openalex.org/C41895202,10
A5073258256,https://openalex.org/C44870925,2
A5073258256,https://openalex.org/C57879066,74
A5073258256,https://openalex.org/C62520636,155
A5073258256,https://openalex.org/C71924100,10
A5073258256,https://openalex.org/C74650414,123
A5073258256,https://openalex.org/C77805123,2
A5073258256,https://openalex.org/C86803240,18
A5073258256,https://openalex.org/C95457728,4
A5073258256,https://openalex.org/C97355855,147
A5074378485,https://openalex.org/C111472728,1
A5074378485,https://openalex.org/C120665830,1
A5074378485,https://openalex.org/C121332964,28
A5074378485,https://openalex.org/C121864883,1
A5074378485,https://openalex.org/C127313418,3
A5074378485,https://openalex.org/C127413603,33
A5074378485,https://openalex.org/C136764020,10
A5074378485,https://openalex.org/C138885662,3
A5074378485,https://openalex.org/C142362112,3
A5074378485,https://openalex.org/C144024400,1
A5074378485,https://openalex.org/C15744967,1
A5074378485,https://openalex.org/C159985019,27
A5074378485,https://openalex.org/C161191863,13
A5074378485,https://openalex.org/C17744445,1
A5074378485,https://openalex.org/C178790620,43
A5074378485,https://openalex.org/C184779094,1
A5074378485,https://openalex.org/C185592680,65
A5074378485,https://openalex.org/C192562407,38
A5074378485,https://openalex.org/C199360897,13
A5074378485,https://openalex.org/C199539241,1
A5074378485,https://openalex.org/C2524010,5
A5074378485,https://openalex.org/C2778805511,17
A5074378485,https://openalex.org/C33332235,1
A5074378485,https://openalex.org/C33923547,7
A5074378485,https://openalex.org/C41008148,22
A5074378485,https://openalex.org/C55493867,3
A5074378485,https://openalex.org/C57879066,2
A5074378485,https://openalex.org/C62520636,12
A5074378485,https://openalex.org/C97355855,15
A5074999609,https://openalex.org/C104317684,1
A5074999609,https://openalex.org/C105795698,2
A5074999609,https://openalex.org/C111472728,1
A5074999609,https://openalex.org/C120665830,11
A5074999609,https://openalex.org/C121332964,65
A5074999609,https://openalex.org/C121864883,3
A5074999609,https://openalex.org/C126322002,4
A5074999609,https://openalex.org/C127313418,68
A5074999609,https://openalex.org/C127413603,9
A5074999609,https://openalex.org/C1276947,9
A5074999609,https://openalex.org/C134306372,5
A5074999609,https://openalex.org/C136764020,8
A5074999609,https://openalex.org/C138885662,9
A5074999609,https://openalex.org/C142362112,1
A5074999609,https://openalex.org/C144024400,1
A5074999609,https://openalex.org/C151730666,10
A5074999609,https://openalex.org/C154945302,2
A5074999609,https://openalex.org/C15744967,1
A5074999609,https://openalex.org/C159985019,18
A5074999609,https://openalex.org/C161191863,13
A5074999609,https://openalex.org/C162324750,4
A5074999609,https://openalex.org/C17744445,2
A5074999609,https://openalex.org/C178790620,3
A5074999609,https://openalex.org/C184779094,4
A5074999609,https://openalex.org/C185592680,11
A5074999609,https://openalex.org/C192562407,36
A5074999609,https://openalex.org/C199360897,15
A5074999609,https://openalex.org/C199539241,2
A5074999609,https://openalex.org/C202444582,1
A5074999609,https://openalex.org/C205649164,9
A5074999609,https://openalex.org/C2524010,7
A5074999609,https://openalex.org/C2778805511,11
A5074999609,https://openalex.org/C33923547,17
A5074999609,https://openalex.org/C41008148,27
A5074999609,https://openalex.org/C41895202,3
A5074999609,https://openalex.org/C44870925,3
A5074999609,https://openalex.org/C55493867,2
A5074999609,https://openalex.org/C57879066,13
A5074999609,https://openalex.org/C62520636,10
A5074999609,https://openalex.org/C71924100,7
A5074999609,https://openalex.org/C74650414,2
A5074999609,https://openalex.org/C86803240,2
A5074999609,https://openalex.org/C95457728,8
A5074999609,https://openalex.org/C97355855,35
A5075738642,https://openalex.org/C104317684,3
A5075738642,https://openalex.org/C105795698,7
A5075738642,https://openalex.org/C111472728,15
A5075738642,https://openalex.org/C120665830,34
A5075738642,https://openalex.org/C121332964,341
A5075738642,https://openalex.org/C121864883,13
A5075738642,https://openalex.org/C126322002,16
A5075738642,https://openalex.org/C127313418,13
A5075738642,https://openalex.org/C127413603,38
A5075738642,https://openalex.org/C1276947,52
A5075738642,https://openalex.org/C134306372,17
A5075738642,https://openalex.org/C136764020,2
A5075738642,https://openalex.org/C138885662,58
A5075738642,https://openalex.org/C142362112,13
A5075738642,https://openalex.org/C144024400,8
A5075738642,https://openalex.org/C144133560,18
A5075738642,https://openalex.org/C144237770,2
A5075738642,https://openalex.org/C151730666,8
A5075738642,https://openalex.org/C154945302,5
A5075738642,https://openalex.org/C15744967,12
A5075738642,https://openalex.org/C159985019,14
A5075738642,https://openalex.org/C161191863,13
A5075738642,https://openalex.org/C162324750,36
A5075738642,https://openalex.org/C17744445,61
A5075738642,https://openalex.org/C178790620,3
A5075738642,https://openalex.org/C184779094,88
A5075738642,https://openalex.org/C185592680,23
A5075738642,https://openalex.org/C192562407,36
A5075738642,https://openalex.org/C199360897,12
A5075738642,https://openalex.org/C199539241,31
A5075738642,https://openalex.org/C202444582,17
A5075738642,https://openalex.org/C205649164,6
A5075738642,https://openalex.org/C2524010,18
A5075738642,https://openalex.org/C2778805511,8
A5075738642,https://openalex.org/C33332235,35
A5075738642,https://openalex.org/C33923547,79
A5075738642,https://openalex.org/C41008148,96
A5075738642,https://openalex.org/C41895202,13
A5075738642,https://openalex.org/C44870925,50
A5075738642,https://openalex.org/C55493867,4
A5075738642,https://openalex.org/C57879066,13
A5075738642,https://openalex.org/C62520636,148
A5075738642,https://openalex.org/C71924100,23
A5075738642,https://openalex.org/C74650414,22
A5075738642,https://openalex.org/C77805123,3
A5075738642,https://openalex.org/C86803240,23
A5075738642,https://openalex.org/C95457728,26
A5075738642,https://openalex.org/C97355855,23
A5076112588,https://openalex.org/C104317684,3
A5076112588,https://openalex.org/C105795698,13
A5076112588,https://openalex.org/C111472728,15
A5076112588,https://openalex.org/C120665830,4
A5076112588,https://openalex.org/C121332964,98
A5076112588,https://openalex.org/C121864883,4
A5076112588,https://openalex.org/C126322002,2
A5076112588,https://openalex.org/C127313418,11
A5076112588,https://openalex.org/C127413603,19
A5076112588,https://openalex.org/C1276947,2
A5076112588,https://openalex.org/C134306372,76
A5076112588,https://openalex.org/C136764020,7
A5076112588,https://openalex.org/C138885662,161
A5076112588,https://openalex.org/C142362112,25
A5076112588,https://openalex.org/C144024400,1
A5076112588,https://openalex.org/C144133560,3
A5076112588,https://openalex.org/C144237770,7
A5076112588,https://openalex.org/C151730666,10
A5076112588,https://openalex.org/C154945302,7
A5076112588,https://openalex.org/C15744967,4
A5076112588,https://openalex.org/C161191863,25
A5076112588,https://openalex.org/C162324750,9
A5076112588,https://openalex.org/C17744445,18
A5076112588,https://openalex.org/C178790620,2
A5076112588,https://openalex.org/C185592680,7
A5076112588,https://openalex.org/C192562407,7
A5076112588,https://openalex.org/C199360897,13
A5076112588,https://openalex.org/C199539241,9
A5076112588,https://openalex.org/C202444582,50
A5076112588,https://openalex.org/C205649164,8
A5076112588,https://openalex.org/C2524010,35
A5076112588,https://openalex.org/C2778805511,13
A5076112588,https://openalex.org/C33332235,5
A5076112588,https://openalex.org/C33923547,189
A5076112588,https://openalex.org/C41008148,92
A5076112588,https://openalex.org/C41895202,10
A5076112588,https://openalex.org/C44870925,3
A5076112588,https://openalex.org/C55493867,3
A5076112588,https://openalex.org/C57879066,5
A5076112588,https://openalex.org/C62520636,15
A5076112588,https://openalex.org/C71924100,80
A5076112588,https://openalex.org/C74650414,2
A5076112588,https://openalex.org/C77805123,1
A5076112588,https://openalex.org/C86803240,20
A5076112588,https://openalex.org/C95457728,2
A5076112588,https://openalex.org/C97355855,10
A5077031398,https://openalex.org/C104317684,1
A5077031398,https://openalex.org/C105795698,71
A5077031398,https://openalex.org/C111472728,10
A5077031398,https://openalex.org/C120665830,1
A5077031398,https://openalex.org/C121332964,13
A5077031398,https://openalex.org/C121864883,4
A5077031398,https://openalex.org/C126322002,1
A5077031398,https://openalex.org/C127313418,1
A5077031398,https://openalex.org/C127413603,3
A5077031398,https://openalex.org/C1276947,1
A5077031398,https://openalex.org/C134306372,15
A5077031398,https://openalex.org/C136764020,2
A5077031398,https://openalex.org/C138885662,14
A5077031398,https://openalex.org/C142362112,2
A5077031398,https://openalex.org/C144024400,12
A5077031398,https://openalex.org/C144133560,8
A5077031398,https://openalex.org/C144237770,25
A5077031398,https://openalex.org/C149782125,57
A5077031398,https://openalex.org/C151730666,2
A5077031398,https://openalex.org/C154945302,9
A5077031398,https://openalex.org/C15744967,7
A5077031398,https://openalex.org/C159985019,2
A5077031398,https://openalex.org/C161191863,8
A5077031398,https://openalex.org/C162324750,41
A5077031398,https://openalex.org/C17744445,14
A5077031398,https://openalex.org/C185592680,9
A5077031398,https://openalex.org/C192562407,2
A5077031398,https://openalex.org/C199360897,5
A5077031398,https://openalex.org/C199539241,12
A5077031398,https://openalex.org/C202444582,6
A5077031398,https://openalex.org/C205649164,3
A5077031398,https://openalex.org/C2524010,8
A5077031398,https://openalex.org/C2778805511,3
A5077031398,https://openalex.org/C33923547,98
A5077031398,https://openalex.org/C41008148,60
A5077031398,https://openalex.org/C41895202,3
A5077031398,https://openalex.org/C44870925,1
A5077031398,https://openalex.org/C54355233,3
A5077031398,https://openalex.org/C55493867,2
A5077031398,https://openalex.org/C62520636,2
A5077031398,https://openalex.org/C71924100,8
A5077031398,https://openalex.org/C74650414,2
A5077031398,https://openalex.org/C77805123,1
A5077031398,https://openalex.org/C86803240,12
A5077031398,https://openalex.org/C95457728,4
A5077031398,https://openalex.org/C97355855,1
A5077097325,https://openalex.org/C104317684,6
A5077097325,https://openalex.org/C105795698,18
A5077097325,https://openalex.org/C111472728,44
A5077097325,https://openalex.org/C120665830,2
A5077097325,https://openalex.org/C121332964,62
A5077097325,https://openalex.org/C121864883,15
A5077097325,https://openalex.org/C126322002,2
A5077097325,https://openalex.org/C127313418,11
A5077097325,https://openalex.org/C127413603,9
A5077097325,https://openalex.org/C134306372,35
A5077097325,https://openalex.org/C136764020,2
A5077097325,https://openalex.org/C138885662,75
A5077097325,https://openalex.org/C142362112,12
A5077097325,https://openalex.org/C144024400,18
A5077097325,https://openalex.org/C144133560,2
A5077097325,https://openalex.org/C144237770,14
A5077097325,https://openalex.org/C149782125,3
A5077097325,https://openalex.org/C151730666,9
A5077097325,https://openalex.org/C154945302,36
A5077097325,https://openalex.org/C15744967,43
A5077097325,https://openalex.org/C159985019,2
A5077097325,https://openalex.org/C161191863,20
A5077097325,https://openalex.org/C162324750,7
A5077097325,https://openalex.org/C17744445,18
A5077097325,https://openalex.org/C178790620,2
A5077097325,https://openalex.org/C185592680,12
A5077097325,https://openalex.org/C192562407,2
A5077097325,https://openalex.org/C199360897,8
A5077097325,https://openalex.org/C199539241,11
A5077097325,https://openalex.org/C202444582,48
A5077097325,https://openalex.org/C205649164,1
A5077097325,https://openalex.org/C2524010,11
A5077097325,https://openalex.org/C2778805511,19
A5077097325,https://openalex.org/C33332235,13
A5077097325,https://openalex.org/C33923547,121
A5077097325,https://openalex.org/C41008148,123
A5077097325,https://openalex.org/C41895202,10
A5077097325,https://openalex.org/C44870925,2
A5077097325,https://openalex.org/C55493867,9
A5077097325,https://openalex.org/C57879066,2
A5077097325,https://openalex.org/C62520636,42
A5077097325,https://openalex.org/C71924100,27
A5077097325,https://openalex.org/C74650414,9
A5077097325,https://openalex.org/C77805123,1
A5077097325,https://openalex.org/C86803240,19
A5077097325,https://openalex.org/C95457728,13
A5077097325,https://openalex.org/C97355855,4
A5077500767,https://openalex.org/C104317684,18
A5077500767,https://openalex.org/C111472728,25
A5077500767,https://openalex.org/C120665830,1
A5077500767,https://openalex.org/C121332964,14
A5077500767,https://openalex.org/C126322002,5
A5077500767,https://openalex.org/C127313418,1
A5077500767,https://openalex.org/C127413603,3
A5077500767,https://openalex.org/C1276947,1
A5077500767,https://openalex.org/C136764020,2
A5077500767,https://openalex.org/C138885662,70
A5077500767,https://openalex.org/C142362112,67
A5077500767,https://openalex.org/C144024400,5
A5077500767,https://openalex.org/C144133560,3
A5077500767,https://openalex.org/C151730666,5
A5077500767,https://openalex.org/C154945302,3
A5077500767,https://openalex.org/C15744967,38
A5077500767,https://openalex.org/C161191863,32
A5077500767,https://openalex.org/C162324750,2
A5077500767,https://openalex.org/C17744445,8
A5077500767,https://openalex.org/C178790620,2
A5077500767,https://openalex.org/C185592680,8
A5077500767,https://openalex.org/C192562407,1
A5077500767,https://openalex.org/C199360897,3
A5077500767,https://openalex.org/C199539241,5
A5077500767,https://openalex.org/C205649164,7
A5077500767,https://openalex.org/C2524010,2
A5077500767,https://openalex.org/C2778805511,19
A5077500767,https://openalex.org/C33923547,2
A5077500767,https://openalex.org/C41008148,47
A5077500767,https://openalex.org/C41895202,6
A5077500767,https://openalex.org/C54355233,23
A5077500767,https://openalex.org/C55493867,14
A5077500767,https://openalex.org/C62520636,3
A5077500767,https://openalex.org/C71924100,29
A5077500767,https://openalex.org/C74650414,1
A5077500767,https://openalex.org/C77805123,4
A5077500767,https://openalex.org/C86803240,91
A5077500767,https://openalex.org/C95457728,77
A5077500767,https://openalex.org/C97355855,2
A5079071970,https://openalex.org/C104317684,4
A5079071970,https://openalex.org/C105795698,7
A5079071970,https://openalex.org/C111472728,13
A5079071970,https://openalex.org/C121332964,14
A5079071970,https://openalex.org/C121864883,2
A5079071970,https://openalex.org/C126322002,1
A5079071970,https://openalex.org/C127313418,1
A5079071970,https://openalex.org/C127413603,8
A5079071970,https://openalex.org/C134306372,7
A5079071970,https://openalex.org/C136764020,1
A5079071970,https://openalex.org/C138885662,22
A5079071970,https://openalex.org/C142362112,2
A5079071970,https://openalex.org/C144133560,2
A5079071970,https://openalex.org/C144237770,8
A5079071970,https://openalex.org/C149782125,2
A5079071970,https://openalex.org/C151730666,3
A5079071970,https://openalex.org/C154945302,48
A5079071970,https://openalex.org/C15744967,8
A5079071970,https://openalex.org/C161191863,1
A5079071970,https://openalex.org/C162324750,4
A5079071970,https://openalex.org/C17744445,5
A5079071970,https://openalex.org/C184779094,2
A5079071970,https://openalex.org/C185592680,4
A5079071970,https://openalex.org/C192562407,1
A5079071970,https://openalex.org/C199360897,22
A5079071970,https://openalex.org/C199539241,5
A5079071970,https://openalex.org/C202444582,5
A5079071970,https://openalex.org/C205649164,3
A5079071970,https://openalex.org/C2524010,6
A5079071970,https://openalex.org/C2778805511,1
A5079071970,https://openalex.org/C33332235,2
A5079071970,https://openalex.org/C33923547,34
A5079071970,https://openalex.org/C41008148,67
A5079071970,https://openalex.org/C41895202,10
A5079071970,https://openalex.org/C55493867,4
A5079071970,https://openalex.org/C62520636,10
A5079071970,https://openalex.org/C71924100,6
A5079071970,https://openalex.org/C86803240,5
A5079071970,https://openalex.org/C95457728,4
A5079071970,https://openalex.org/C97355855,1
A5080667017,https://openalex.org/C104317684,1
A5080667017,https://openalex.org/C105795698,2
A5080667017,https://openalex.org/C111472728,39
A5080667017,https://openalex.org/C121332964,15
A5080667017,https://openalex.org/C127413603,6
A5080667017,https://openalex.org/C136764020,12
A5080667017,https://openalex.org/C138885662,57
A5080667017,https://openalex.org/C142362112,12
A5080667017,https://openalex.org/C144024400,104
A5080667017,https://openalex.org/C144133560,2
A5080667017,https://openalex.org/C144237770,1
A5080667017,https://openalex.org/C154945302,1
A5080667017,https://openalex.org/C15744967,33
A5080667017,https://openalex.org/C161191863,10
A5080667017,https://openalex.org/C162324750,14
A5080667017,https://openalex.org/C17744445,35
A5080667017,https://openalex.org/C185592680,1
A5080667017,https://openalex.org/C199360897,5
A5080667017,https://openalex.org/C199539241,28
A5080667017,https://openalex.org/C205649164,3
A5080667017,https://openalex.org/C2524010,3
A5080667017,https://openalex.org/C33923547,6
A5080667017,https://openalex.org/C41008148,28
A5080667017,https://openalex.org/C41895202,4
A5080667017,https://openalex.org/C55493867,1
A5080667017,https://openalex.org/C62520636,10
A5080667017,https://openalex.org/C71924100,2
A5080667017,https://openalex.org/C77805123,4
A5080667017,https://openalex.org/C86803240,1
A5080667017,https://openalex.org/C95457728,16
A5080667017,https://openalex.org/C97355855,5
A5080716647,https://openalex.org/C104317684,1
A5080716647,https://openalex.org/C111472728,1
A5080716647,https://openalex.org/C120665830,1
A5080716647,https://openalex.org/C121332964,22
A5080716647,https://openalex.org/C121864883,2
A5080716647,https://openalex.org/C127313418,4
A5080716647,https://openalex.org/C127413603,4
A5080716647,https://openalex.org/C134306372,22
A5080716647,https://openalex.org/C138885662,12
A5080716647,https://openalex.org/C142362112,2
A5080716647,https://openalex.org/C144237770,1
A5080716647,https://openalex.org/C151730666,9
A5080716647,https://openalex.org/C154945302,2
A5080716647,https://openalex.org/C15744967,2
A5080716647,https://openalex.org/C159985019,4
A5080716647,https://openalex.org/C161191863,4
A5080716647,https://openalex.org/C162324750,1
A5080716647,https://openalex.org/C17744445,1
A5080716647,https://openalex.org/C185592680,2
A5080716647,https://openalex.org/C192562407,12
A5080716647,https://openalex.org/C199360897,5
A5080716647,https://openalex.org/C199539241,1
A5080716647,https://openalex.org/C202444582,9
A5080716647,https://openalex.org/C2524010,11
A5080716647,https://openalex.org/C2778805511,2
A5080716647,https://openalex.org/C33332235,2
A5080716647,https://openalex.org/C33923547,33
A5080716647,https://openalex.org/C41008148,16
A5080716647,https://openalex.org/C41895202,8
A5080716647,https://openalex.org/C55493867,1
A5080716647,https://openalex.org/C57879066,8
A5080716647,https://openalex.org/C62520636,5
A5080716647,https://openalex.org/C71924100,8
A5080716647,https://openalex.org/C74650414,2
A5080716647,https://openalex.org/C77805123,2
A5080716647,https://openalex.org/C86803240,9
A5080716647,https://openalex.org/C95457728,2
A5080716647,https://openalex.org/C97355855,8
A5081458871,https://openalex.org/C104317684,3
A5081458871,https://openalex.org/C111472728,2
A5081458871,https://openalex.org/C120665830,6
A5081458871,https://openalex.org/C121332964,44
A5081458871,https://openalex.org/C126322002,11
A5081458871,https://openalex.org/C127313418,2
A5081458871,https://openalex.org/C127413603,8
A5081458871,https://openalex.org/C1276947,2
A5081458871,https://openalex.org/C136764020,1
A5081458871,https://openalex.org/C138885662,100
A5081458871,https://openalex.org/C142362112,28
A5081458871,https://openalex.org/C151730666,1
A5081458871,https://openalex.org/C15744967,3
A5081458871,https://openalex.org/C159985019,1
A5081458871,https://openalex.org/C161191863,12
A5081458871,https://openalex.org/C17744445,18
A5081458871,https://openalex.org/C178790620,15
A5081458871,https://openalex.org/C185592680,176
A5081458871,https://openalex.org/C192562407,8
A5081458871,https://openalex.org/C199360897,1
A5081458871,https://openalex.org/C199539241,3
A5081458871,https://openalex.org/C202444582,1
A5081458871,https://openalex.org/C205649164,8
A5081458871,https://openalex.org/C2778805511,11
A5081458871,https://openalex.org/C33923547,6
A5081458871,https://openalex.org/C41008148,30
A5081458871,https://openalex.org/C41895202,3
A5081458871,https://openalex.org/C54355233,11
A5081458871,https://openalex.org/C55493867,51
A5081458871,https://openalex.org/C62520636,11
A5081458871,https://openalex.org/C71924100,28
A5081458871,https://openalex.org/C86803240,60
A5081458871,https://openalex.org/C95457728,3
A5081458871,https://openalex.org/C97355855,3
A5081960116,https://openalex.org/C105795698,1
A5081960116,https://openalex.org/C144133560,2
A5081960116,https://openalex.org/C154945302,1
A5081960116,https://openalex.org/C161191863,4
A5081960116,https://openalex.org/C178790620,3
A5081960116,https://openalex.org/C185592680,3
A5081960116,https://openalex.org/C205649164,2
A5081960116,https://openalex.org/C2778805511,1
A5081960116,https://openalex.org/C33923547,1
A5081960116,https://openalex.org/C41008148,5
A5081960116,https://openalex.org/C71924100,2
A5081960116,https://openalex.org/C86803240,12
A5082331920,https://openalex.org/C105795698,6
A5082331920,https://openalex.org/C111472728,155
A5082331920,https://openalex.org/C120665830,1
A5082331920,https://openalex.org/C121332964,24
A5082331920,https://openalex.org/C127313418,1
A5082331920,https://openalex.org/C127413603,17
A5082331920,https://openalex.org/C1276947,5
A5082331920,https://openalex.org/C134306372,4
A5082331920,https://openalex.org/C136764020,2
A5082331920,https://openalex.org/C138885662,329
A5082331920,https://openalex.org/C142362112,80
A5082331920,https://openalex.org/C144024400,241
A5082331920,https://openalex.org/C144133560,16
A5082331920,https://openalex.org/C144237770,1
A5082331920,https://openalex.org/C149782125,1
A5082331920,https://openalex.org/C151730666,2
A5082331920,https://openalex.org/C154945302,10
A5082331920,https://openalex.org/C15744967,136
A5082331920,https://openalex.org/C161191863,13
A5082331920,https://openalex.org/C162324750,36
A5082331920,https://openalex.org/C17744445,202
A5082331920,https://openalex.org/C185592680,3
A5082331920,https://openalex.org/C192562407,2
A5082331920,https://openalex.org/C199360897,10
A5082331920,https://openalex.org/C199539241,81
A5082331920,https://openalex.org/C202444582,4
A5082331920,https://openalex.org/C205649164,12
A5082331920,https://openalex.org/C2524010,15
A5082331920,https://openalex.org/C2778805511,2
A5082331920,https://openalex.org/C33923547,53
A5082331920,https://openalex.org/C41008148,101
A5082331920,https://openalex.org/C41895202,30
A5082331920,https://openalex.org/C54355233,2
A5082331920,https://openalex.org/C55493867,3
A5082331920,https://openalex.org/C62520636,14
A5082331920,https://openalex.org/C71924100,16
A5082331920,https://openalex.org/C77805123,23
A5082331920,https://openalex.org/C86803240,13
A5082331920,https://openalex.org/C95457728,47
A5082331920,https://openalex.org/C97355855,1
A5082651430,https://openalex.org/C104317684,67
A5082651430,https://openalex.org/C105795698,13
A5082651430,https://openalex.org/C111472728,4
A5082651430,https://openalex.org/C120665830,7
A5082651430,https://openalex.org/C121332964,116
A5082651430,https://openalex.org/C121864883,7
A5082651430,https://openalex.org/C126322002,59
A5082651430,https://openalex.org/C127313418,10
A5082651430,https://openalex.org/C127413603,11
A5082651430,https://openalex.org/C1276947,7
A5082651430,https://openalex.org/C134306372,15
A5082651430,https://openalex.org/C136764020,75
A5082651430,https://openalex.org/C138885662,12
A5082651430,https://openalex.org/C142362112,11
A5082651430,https://openalex.org/C144024400,6
A5082651430,https://openalex.org/C144133560,12
A5082651430,https://openalex.org/C144237770,1
A5082651430,https://openalex.org/C151730666,8
A5082651430,https://openalex.org/C154945302,8
A5082651430,https://openalex.org/C15744967,14
A5082651430,https://openalex.org/C159985019,11
A5082651430,https://openalex.org/C161191863,111
A5082651430,https://openalex.org/C162324750,11
A5082651430,https://openalex.org/C17744445,5
A5082651430,https://openalex.org/C178790620,197
A5082651430,https://openalex.org/C184779094,57
A5082651430,https://openalex.org/C185592680,567
A5082651430,https://openalex.org/C192562407,50
A5082651430,https://openalex.org/C199360897,95
A5082651430,https://openalex.org/C199539241,2
A5082651430,https://openalex.org/C202444582,4
A5082651430,https://openalex.org/C205649164,4
A5082651430,https://openalex.org/C2524010,20
A5082651430,https://openalex.org/C2778805511,117
A5082651430,https://openalex.org/C33332235,1
A5082651430,https://openalex.org/C33923547,48
A5082651430,https://openalex.org/C41008148,197
A5082651430,https://openalex.org/C41895202,3
A5082651430,https://openalex.org/C44870925,1
A5082651430,https://openalex.org/C54355233,36
A5082651430,https://openalex.org/C55493867,233
A5082651430,https://openalex.org/C57879066,2
A5082651430,https://openalex.org/C62520636,72
A5082651430,https://openalex.org/C71924100,108
A5082651430,https://openalex.org/C74650414,5
A5082651430,https://openalex.org/C77805123,2
A5082651430,https://openalex.org/C86803240,118
A5082651430,https://openalex.org/C95457728,17
A5082651430,https://openalex.org/C97355855,22
A5083138872,https://openalex.org/C105795698,1
A5083138872,https://openalex.org/C121332964,2
A5083138872,https://openalex.org/C121864883,1
A5083138872,https://openalex.org/C1276947,1
A5083138872,https://openalex.org/C151730666,1
A5083138872,https://openalex.org/C33332235,1
A5083138872,https://openalex.org/C33923547,1
A5083138872,https://openalex.org/C41008148,1
A5083138872,https://openalex.org/C44870925,1
A5083138872,https://openalex.org/C62520636,2
A5083138872,https://openalex.org/C86803240,1
A5083138872,https://openalex.org/C95457728,1
A5084379194,https://openalex.org/C104317684,1
A5084379194,https://openalex.org/C105795698,2
A5084379194,https://openalex.org/C111472728,2
A5084379194,https://openalex.org/C120665830,4
A5084379194,https://openalex.org/C121332964,34
A5084379194,https://openalex.org/C126322002,1
A5084379194,https://openalex.org/C127313418,1
A5084379194,https://openalex.org/C127413603,4
A5084379194,https://openalex.org/C134306372,4
A5084379194,https://openalex.org/C138885662,5
A5084379194,https://openalex.org/C142362112,1
A5084379194,https://openalex.org/C144024400,2
A5084379194,https://openalex.org/C154945302,2
A5084379194,https://openalex.org/C15744967,1
A5084379194,https://openalex.org/C159985019,1
A5084379194,https://openalex.org/C161191863,1
A5084379194,https://openalex.org/C162324750,3
A5084379194,https://openalex.org/C17744445,2
A5084379194,https://openalex.org/C184779094,5
A5084379194,https://openalex.org/C185592680,4
A5084379194,https://openalex.org/C192562407,2
A5084379194,https://openalex.org/C199360897,3
A5084379194,https://openalex.org/C199539241,2
A5084379194,https://openalex.org/C202444582,5
A5084379194,https://openalex.org/C2524010,5
A5084379194,https://openalex.org/C2778805511,1
A5084379194,https://openalex.org/C33332235,8
A5084379194,https://openalex.org/C33923547,19
A5084379194,https://openalex.org/C41008148,11
A5084379194,https://openalex.org/C41895202,1
A5084379194,https://openalex.org/C54355233,1
A5084379194,https://openalex.org/C55493867,2
A5084379194,https://openalex.org/C57879066,5
A5084379194,https://openalex.org/C62520636,27
A5084379194,https://openalex.org/C71924100,3
A5084379194,https://openalex.org/C74650414,12
A5084379194,https://openalex.org/C86803240,3
A5084379194,https://openalex.org/C97355855,3
A5087680980,https://openalex.org/C104317684,8
A5087680980,https://openalex.org/C105795698,60
A5087680980,https://openalex.org/C111472728,66
A5087680980,https://openalex.org/C120665830,47
A5087680980,https://openalex.org/C121332964,288
A5087680980,https://openalex.org/C121864883,15
A5087680980,https://openalex.org/C126322002,4
A5087680980,https://openalex.org/C127313418,220
A5087680980,https://openalex.org/C127413603,31
A5087680980,https://openalex.org/C1276947,102
A5087680980,https://openalex.org/C134306372,69
A5087680980,https://openalex.org/C136764020,5
A5087680980,https://openalex.org/C138885662,113
A5087680980,https://openalex.org/C142362112,13
A5087680980,https://openalex.org/C144024400,9
A5087680980,https://openalex.org/C144133560,4
A5087680980,https://openalex.org/C144237770,35
A5087680980,https://openalex.org/C149782125,14
A5087680980,https://openalex.org/C151730666,27
A5087680980,https://openalex.org/C154945302,18
A5087680980,https://openalex.org/C15744967,27
A5087680980,https://openalex.org/C159985019,21
A5087680980,https://openalex.org/C161191863,37
A5087680980,https://openalex.org/C162324750,31
A5087680980,https://openalex.org/C17744445,42
A5087680980,https://openalex.org/C178790620,2
A5087680980,https://openalex.org/C184779094,3
A5087680980,https://openalex.org/C185592680,23
A5087680980,https://openalex.org/C192562407,28
A5087680980,https://openalex.org/C199360897,37
A5087680980,https://openalex.org/C199539241,40
A5087680980,https://openalex.org/C202444582,13
A5087680980,https://openalex.org/C205649164,31
A5087680980,https://openalex.org/C2524010,66
A5087680980,https://openalex.org/C2778805511,20
A5087680980,https://openalex.org/C33332235,39
A5087680980,https://openalex.org/C33923547,214
A5087680980,https://openalex.org/C41008148,161
A5087680980,https://openalex.org/C41895202,32
A5087680980,https://openalex.org/C44870925,44
A5087680980,https://openalex.org/C54355233,4
A5087680980,https://openalex.org/C55493867,17
A5087680980,https://openalex.org/C57879066,49
A5087680980,https://openalex.org/C62520636,66
A5087680980,https://openalex.org/C71924100,39
A5087680980,https://openalex.org/C74650414,58
A5087680980,https://openalex.org/C77805123,2
A5087680980,https://openalex.org/C86803240,31
A5087680980,https://openalex.org/C95457728,38
A5087680980,https://openalex.org/C97355855,47
A5088282668,https://openalex.org/C104317684,28
A5088282668,https://openalex.org/C105795698,2
A5088282668,https://openalex.org/C111472728,3
A5088282668,https://openalex.org/C121332964,11
A5088282668,https://openalex.org/C126322002,14
A5088282668,https://openalex.org/C127413603,6
A5088282668,https://openalex.org/C134306372,1
A5088282668,https://openalex.org/C136764020,6
A5088282668,https://openalex.org/C138885662,9
A5088282668,https://openalex.org/C142362112,4
A5088282668,https://openalex.org/C144024400,1
A5088282668,https://openalex.org/C15744967,1
A5088282668,https://openalex.org/C161191863,11
A5088282668,https://openalex.org/C162324750,1
A5088282668,https://openalex.org/C17744445,1
A5088282668,https://openalex.org/C178790620,23
A5088282668,https://openalex.org/C185592680,106
A5088282668,https://openalex.org/C199360897,1
A5088282668,https://openalex.org/C199539241,1
A5088282668,https://openalex.org/C2778805511,3
A5088282668,https://openalex.org/C33923547,4
A5088282668,https://openalex.org/C41008148,16
A5088282668,https://openalex.org/C54355233,5
A5088282668,https://openalex.org/C55493867,90
A5088282668,https://openalex.org/C62520636,7
A5088282668,https://openalex.org/C71924100,20
A5088282668,https://openalex.org/C86803240,47
A5088282668,https://openalex.org/C95457728,1
A5088282668,https://openalex.org/C97355855,2
A5088428969,https://openalex.org/C104317684,6
A5088428969,https://openalex.org/C105795698,7
A5088428969,https://openalex.org/C111472728,28
A5088428969,https://openalex.org/C120665830,25
A5088428969,https://openalex.org/C121332964,53
A5088428969,https://openalex.org/C126322002,1
A5088428969,https://openalex.org/C127313418,8
A5088428969,https://openalex.org/C127413603,64
A5088428969,https://openalex.org/C1276947,5
A5088428969,https://openalex.org/C134306372,5
A5088428969,https://openalex.org/C136764020,32
A5088428969,https://openalex.org/C138885662,47
A5088428969,https://openalex.org/C142362112,37
A5088428969,https://openalex.org/C144024400,61
A5088428969,https://openalex.org/C144133560,26
A5088428969,https://openalex.org/C151730666,18
A5088428969,https://openalex.org/C154945302,35
A5088428969,https://openalex.org/C15744967,74
A5088428969,https://openalex.org/C159985019,3
A5088428969,https://openalex.org/C161191863,29
A5088428969,https://openalex.org/C162324750,16
A5088428969,https://openalex.org/C17744445,60
A5088428969,https://openalex.org/C178790620,3
A5088428969,https://openalex.org/C184779094,5
A5088428969,https://openalex.org/C185592680,15
A5088428969,https://openalex.org/C192562407,15
A5088428969,https://openalex.org/C199360897,21
A5088428969,https://openalex.org/C199539241,44
A5088428969,https://openalex.org/C202444582,12
A5088428969,https://openalex.org/C205649164,19
A5088428969,https://openalex.org/C2524010,2
A5088428969,https://openalex.org/C2778805511,12
A5088428969,https://openalex.org/C33923547,28
A5088428969,https://openalex.org/C41008148,162
A5088428969,https://openalex.org/C41895202,17
A5088428969,https://openalex.org/C54355233,7
A5088428969,https://openalex.org/C55493867,8
A5088428969,https://openalex.org/C62520636,24
A5088428969,https://openalex.org/C71924100,30
A5088428969,https://openalex.org/C77805123,18
A5088428969,https://openalex.org/C86803240,37
A5088428969,https://openalex.org/C95457728,42
A5088428969,https://openalex.org/C97355855,2
A5089121489,https://openalex.org/C104317684,2
A5089121489,https://openalex.org/C105795698,2
A5089121489,https://openalex.org/C111472728,4
A5089121489,https://openalex.org/C120665830,2
A5089121489,https://openalex.org/C121332964,43
A5089121489,https://openalex.org/C121864883,4
A5089121489,https://openalex.org/C126322002,8
A5089121489,https://openalex.org/C127313418,1
A5089121489,https://openalex.org/C127413603,20
A5089121489,https://openalex.org/C134306372,3
A5089121489,https://openalex.org/C136764020,61
A5089121489,https://openalex.org/C138885662,9
A5089121489,https://openalex.org/C142362112,1
A5089121489,https://openalex.org/C144133560,1
A5089121489,https://openalex.org/C144237770,3
A5089121489,https://openalex.org/C151730666,3
A5089121489,https://openalex.org/C154945302,11
A5089121489,https://openalex.org/C159985019,4
A5089121489,https://openalex.org/C161191863,50
A5089121489,https://openalex.org/C178790620,54
A5089121489,https://openalex.org/C185592680,113
A5089121489,https://openalex.org/C192562407,21
A5089121489,https://openalex.org/C199360897,67
A5089121489,https://openalex.org/C202444582,1
A5089121489,https://openalex.org/C2524010,4
A5089121489,https://openalex.org/C2778805511,79
A5089121489,https://openalex.org/C33332235,1
A5089121489,https://openalex.org/C33923547,15
A5089121489,https://openalex.org/C41008148,90
A5089121489,https://openalex.org/C41895202,5
A5089121489,https://openalex.org/C55493867,28
A5089121489,https://openalex.org/C57879066,1
A5089121489,https://openalex.org/C62520636,7
A5089121489,https://openalex.org/C71924100,15
A5089121489,https://openalex.org/C86803240,8
A5089121489,https://openalex.org/C95457728,3
A5089121489,https://openalex.org/C97355855,33
A5090012606,https://openalex.org/C104317684,5
A5090012606,https://openalex.org/C105795698,12
A5090012606,https://openalex.org/C111472728,6
A5090012606,https://openalex.org/C120665830,20
A5090012606,https://openalex.org/C121332964,158
A5090012606,https://openalex.org/C121864883,14
A5090012606,https://openalex.org/C126322002,1
A5090012606,https://openalex.org/C127313418,3
A5090012606,https://openalex.org/C127413603,52
A5090012606,https://openalex.org/C1276947,9
A5090012606,https://openalex.org/C134306372,20
A5090012606,https://openalex.org/C136764020,1
A5090012606,https://openalex.org/C138885662,13
A5090012606,https://openalex.org/C142362112,1
A5090012606,https://openalex.org/C144024400,2
A5090012606,https://openalex.org/C144133560,2
A5090012606,https://openalex.org/C151730666,3
A5090012606,https://openalex.org/C154945302,24
A5090012606,https://openalex.org/C159985019,11
A5090012606,https://openalex.org/C161191863,4
A5090012606,https://openalex.org/C162324750,9
A5090012606,https://openalex.org/C17744445,5
A5090012606,https://openalex.org/C178790620,5
A5090012606,https://openalex.org/C184779094,49
A5090012606,https://openalex.org/C185592680,35
A5090012606,https://openalex.org/C192562407,47
A5090012606,https://openalex.org/C199360897,14
A5090012606,https://openalex.org/C199539241,5
A5090012606,https://openalex.org/C202444582,13
A5090012606,https://openalex.org/C205649164,2
A5090012606,https://openalex.org/C2524010,30
A5090012606,https://openalex.org/C2778805511,3
A5090012606,https://openalex.org/C33332235,16
A5090012606,https://openalex.org/C33923547,71
A5090012606,https://openalex.org/C41008148,84
A5090012606,https://openalex.org/C41895202,7
A5090012606,https://openalex.org/C54355233,1
A5090012606,https://openalex.org/C55493867,6
A5090012606,https://openalex.org/C57879066,9
A5090012606,https://openalex.org/C62520636,116
A5090012606,https://openalex.org/C71924100,4
A5090012606,https://openalex.org/C74650414,18
A5090012606,https://openalex.org/C86803240,33
A5090012606,https://openalex.org/C95457728,2
A5090012606,https://openalex.org/C97355855,21
A5091275445,https://openalex.org/C104317684,5
A5091275445,https://openalex.org/C105795698,19
A5091275445,https://openalex.org/C111472728,7
A5091275445,https://openalex.org/C120665830,4
A5091275445,https://openalex.org/C121332964,11
A5091275445,https://openalex.org/C127313418,4
A5091275445,https://openalex.org/C127413603,17
A5091275445,https://openalex.org/C134306372,10
A5091275445,https://openalex.org/C136764020,6
A5091275445,https://openalex.org/C138885662,14
A5091275445,https://openalex.org/C142362112,3
A5091275445,https://openalex.org/C144024400,8
A5091275445,https://openalex.org/C144133560,15
A5091275445,https://openalex.org/C144237770,3
A5091275445,https://openalex.org/C149782125,20
A5091275445,https://openalex.org/C151730666,5
A5091275445,https://openalex.org/C154945302,42
A5091275445,https://openalex.org/C15744967,5
A5091275445,https://openalex.org/C159985019,1
A5091275445,https://openalex.org/C161191863,10
A5091275445,https://openalex.org/C162324750,33
A5091275445,https://openalex.org/C17744445,17
A5091275445,https://openalex.org/C185592680,8
A5091275445,https://openalex.org/C192562407,3
A5091275445,https://openalex.org/C199360897,10
A5091275445,https://openalex.org/C199539241,14
A5091275445,https://openalex.org/C202444582,4
A5091275445,https://openalex.org/C205649164,6
A5091275445,https://openalex.org/C2524010,5
A5091275445,https://openalex.org/C2778805511,8
A5091275445,https://openalex.org/C33923547,38
A5091275445,https://openalex.org/C41008148,73
A5091275445,https://openalex.org/C41895202,9
A5091275445,https://openalex.org/C55493867,5
A5091275445,https://openalex.org/C62520636,4
A5091275445,https://openalex.org/C71924100,2
A5091275445,https://openalex.org/C74650414,1
A5091275445,https://openalex.org/C77805123,1
A5091275445,https://openalex.org/C86803240,10
A5091275445,https://openalex.org/C95457728,7
A5091275445,https://openalex.org/C97355855,1
A5091544334,https://openalex.org/C104317684,25
A5091544334,https://openalex.org/C105795698,6
A5091544334,https://openalex.org/C111472728,9
A5091544334,https://openalex.org/C120665830,33
A5091544334,https://openalex.org/C121332964,235
A5091544334,https://openalex.org/C121864883,35
A5091544334,https://openalex.org/C126322002,1
A5091544334,https://openalex.org/C127313418,8
A5091544334,https://openalex.org/C127413603,23
A5091544334,https://openalex.org/C1276947,5
A5091544334,https://openalex.org/C134306372,25
A5091544334,https://openalex.org/C136764020,4
A5091544334,https://openalex.org/C138885662,22
A5091544334,https://openalex.org/C142362112,6
A5091544334,https://openalex.org/C149782125,1
A5091544334,https://openalex.org/C151730666,6
A5091544334,https://openalex.org/C154945302,4
A5091544334,https://openalex.org/C15744967,3
A5091544334,https://openalex.org/C159985019,29
A5091544334,https://openalex.org/C161191863,3
A5091544334,https://openalex.org/C162324750,7
A5091544334,https://openalex.org/C17744445,13
A5091544334,https://openalex.org/C178790620,7
A5091544334,https://openalex.org/C184779094,90
A5091544334,https://openalex.org/C185592680,46
A5091544334,https://openalex.org/C192562407,53
A5091544334,https://openalex.org/C199360897,27
A5091544334,https://openalex.org/C199539241,9
A5091544334,https://openalex.org/C202444582,22
A5091544334,https://openalex.org/C205649164,6
A5091544334,https://openalex.org/C2524010,43
A5091544334,https://openalex.org/C2778805511,2
A5091544334,https://openalex.org/C33332235,44
A5091544334,https://openalex.org/C33923547,85
A5091544334,https://openalex.org/C41008148,91
A5091544334,https://openalex.org/C41895202,7
A5091544334,https://openalex.org/C44870925,1
A5091544334,https://openalex.org/C54355233,14
A5091544334,https://openalex.org/C55493867,13
A5091544334,https://openalex.org/C57879066,3
A5091544334,https://openalex.org/C62520636,155
A5091544334,https://openalex.org/C71924100,8
A5091544334,https://openalex.org/C74650414,38
A5091544334,https://openalex.org/C77805123,1
A5091544334,https://openalex.org/C86803240,27
A5091544334,https://openalex.org/C95457728,1
A5091544334,https://openalex.org/C97355855,23
A5096894678,https://openalex.org/C154945302,3
A5096894678,https://openalex.org/C15744967,1
A5096894678,https://openalex.org/C205649164,3
A5096894678,https://openalex.org/C41008148,3
A5096894678,https://openalex.org/C86803240,1
A5096894678,https://openalex.org/C95457728,1
A5102150038,https://openalex.org/C104317684,1
A5102150038,https://openalex.org/C105795698,37
A5102150038,https://openalex.org/C111472728,2
A5102150038,https://openalex.org/C120665830,4
A5102150038,https://openalex.org/C121332964,9
A5102150038,https://openalex.org/C121864883,1
A5102150038,https://openalex.org/C126322002,6
A5102150038,https://openalex.org/C127313418,4
A5102150038,https://openalex.org/C127413603,3
A5102150038,https://openalex.org/C1276947,1
A5102150038,https://openalex.org/C134306372,13
A5102150038,https://openalex.org/C138885662,4
A5102150038,https://openalex.org/C142362112,1
A5102150038,https://openalex.org/C144133560,6
A5102150038,https://openalex.org/C144237770,1
A5102150038,https://openalex.org/C149782125,11
A5102150038,https://openalex.org/C151730666,6
A5102150038,https://openalex.org/C154945302,7
A5102150038,https://openalex.org/C15744967,2
A5102150038,https://openalex.org/C161191863,1
A5102150038,https://openalex.org/C162324750,2
A5102150038,https://openalex.org/C185592680,2
A5102150038,https://openalex.org/C199360897,3
A5102150038,https://openalex.org/C205649164,1
A5102150038,https://openalex.org/C2524010,5
A5102150038,https://openalex.org/C2778805511,1
A5102150038,https://openalex.org/C33923547,40
A5102150038,https://openalex.org/C41008148,20
A5102150038,https://openalex.org/C41895202,2
A5102150038,https://openalex.org/C44870925,1
A5102150038,https://openalex.org/C54355233,1
A5102150038,https://openalex.org/C55493867,1
A5102150038,https://openalex.org/C62520636,4
A5102150038,https://openalex.org/C71924100,10
A5102150038,https://openalex.org/C77805123,1
A5102150038,https://openalex.org/C86803240,11
A5103383453,https://openalex.org/C105795698,8
A5103383453,https://openalex.org/C111472728,9
A5103383453,https://openalex.org/C121332964,5
A5103383453,https://openalex.org/C127413603,8
A5103383453,https://openalex.org/C134306372,6
A5103383453,https://openalex.org/C138885662,27
A5103383453,https://openalex.org/C142362112,3
A5103383453,https://openalex.org/C144024400,5
A5103383453,https://openalex.org/C144133560,2
A5103383453,https://openalex.org/C151730666,9
A5103383453,https://openalex.org/C154945302,18
A5103383453,https://openalex.org/C15744967,106
A5103383453,https://openalex.org/C161191863,7
A5103383453,https://openalex.org/C162324750,4
A5103383453,https://openalex.org/C17744445,11
A5103383453,https://openalex.org/C199360897,3
A5103383453,https://openalex.org/C199539241,10
A5103383453,https://openalex.org/C205649164,9
A5103383453,https://openalex.org/C2778805511,7
A5103383453,https://openalex.org/C33923547,12
A5103383453,https://openalex.org/C41008148,44
A5103383453,https://openalex.org/C41895202,8
A5103383453,https://openalex.org/C62520636,5
A5103383453,https://openalex.org/C71924100,2
A5103383453,https://openalex.org/C77805123,67
A5103383453,https://openalex.org/C86803240,10
A5103383453,https://openalex.org/C95457728,3
A5103505833,https://openalex.org/C104317684,16
A5103505833,https://openalex.org/C105795698,39
A5103505833,https://openalex.org/C111472728,9
A5103505833,https://openalex.org/C120665830,23
A5103505833,https://openalex.org/C121332964,162
A5103505833,https://openalex.org/C121864883,6
A5103505833,https://openalex.org/C126322002,7
A5103505833,https://openalex.org/C127313418,5
A5103505833,https://openalex.org/C127413603,21
A5103505833,https://openalex.org/C1276947,25
A5103505833,https://openalex.org/C134306372,25
A5103505833,https://openalex.org/C136764020,14
A5103505833,https://openalex.org/C138885662,35
A5103505833,https://openalex.org/C142362112,10
A5103505833,https://openalex.org/C144024400,18
A5103505833,https://openalex.org/C144133560,11
A5103505833,https://openalex.org/C144237770,11
A5103505833,https://openalex.org/C149782125,20
A5103505833,https://openalex.org/C151730666,8
A5103505833,https://openalex.org/C154945302,10
A5103505833,https://openalex.org/C15744967,25
A5103505833,https://openalex.org/C159985019,5
A5103505833,https://openalex.org/C161191863,18
A5103505833,https://openalex.org/C162324750,32
A5103505833,https://openalex.org/C17744445,15
A5103505833,https://openalex.org/C178790620,51
A5103505833,https://openalex.org/C184779094,53
A5103505833,https://openalex.org/C185592680,100
A5103505833,https://openalex.org/C192562407,33
A5103505833,https://openalex.org/C199360897,25
A5103505833,https://openalex.org/C199539241,10
A5103505833,https://openalex.org/C202444582,6
A5103505833,https://openalex.org/C205649164,12
A5103505833,https://openalex.org/C2524010,43
A5103505833,https://openalex.org/C2778805511,15
A5103505833,https://openalex.org/C33332235,11
A5103505833,https://openalex.org/C33923547,116
A5103505833,https://openalex.org/C41008148,106
A5103505833,https://openalex.org/C41895202,10
A5103505833,https://openalex.org/C44870925,4
A5103505833,https://openalex.org/C54355233,10
A5103505833,https://openalex.org/C55493867,8
A5103505833,https://openalex.org/C57879066,4
A5103505833,https://openalex.org/C62520636,106
A5103505833,https://openalex.org/C71924100,41
A5103505833,https://openalex.org/C74650414,26
A5103505833,https://openalex.org/C77805123,4
A5103505833,https://openalex.org/C86803240,66
A5103505833,https://openalex.org/C95457728,8
A5103505833,https://openalex.org/C97355855,15
A5104357209,https://openalex.org/C104317684,1
A5104357209,https://openalex.org/C105795698,3
A5104357209,https://openalex.org/C111472728,38
A5104357209,https://openalex.org/C120665830,8
A5104357209,https://openalex.org/C121332964,202
A5104357209,https://openalex.org/C121864883,12
A5104357209,https://openalex.org/C127313418,6
A5104357209,https://openalex.org/C127413603,7
A5104357209,https://openalex.org/C1276947,6
A5104357209,https://openalex.org/C134306372,10
A5104357209,https://openalex.org/C136764020,2
A5104357209,https://openalex.org/C138885662,206
A5104357209,https://openalex.org/C142362112,28
A5104357209,https://openalex.org/C144024400,14
A5104357209,https://openalex.org/C144237770,7
A5104357209,https://openalex.org/C151730666,5
A5104357209,https://openalex.org/C154945302,1
A5104357209,https://openalex.org/C15744967,15
A5104357209,https://openalex.org/C159985019,2
A5104357209,https://openalex.org/C161191863,22
A5104357209,https://openalex.org/C162324750,6
A5104357209,https://openalex.org/C17744445,26
A5104357209,https://openalex.org/C184779094,1
A5104357209,https://openalex.org/C185592680,11
A5104357209,https://openalex.org/C192562407,6
A5104357209,https://openalex.org/C199360897,13
A5104357209,https://openalex.org/C199539241,12
A5104357209,https://openalex.org/C202444582,12
A5104357209,https://openalex.org/C205649164,1
A5104357209,https://openalex.org/C2524010,11
A5104357209,https://openalex.org/C2778805511,15
A5104357209,https://openalex.org/C33332235,55
A5104357209,https://openalex.org/C33923547,55
A5104357209,https://openalex.org/C41008148,61
A5104357209,https://openalex.org/C41895202,13
A5104357209,https://openalex.org/C44870925,3
A5104357209,https://openalex.org/C55493867,4
A5104357209,https://openalex.org/C57879066,1
A5104357209,https://openalex.org/C62520636,37
A5104357209,https://openalex.org/C71924100,16
A5104357209,https://openalex.org/C74650414,24
A5104357209,https://openalex.org/C77805123,4
A5104357209,https://openalex.org/C86803240,3
A5104357209,https://openalex.org/C95457728,24
A5104357209,https://openalex.org/C97355855,11
A5108249230,https://openalex.org/C104317684,1
A5108249230,https://openalex.org/C105795698,277
A5108249230,https://openalex.org/C111472728,8
A5108249230,https://openalex.org/C121332964,53
A5108249230,https://openalex.org/C121864883,13
A5108249230,https://openalex.org/C127313418,38
A5108249230,https://openalex.org/C127413603,21
A5108249230,https://openalex.org/C1276947,6
A5108249230,https://openalex.org/C134306372,28
A5108249230,https://openalex.org/C136764020,5
A5108249230,https://openalex.org/C138885662,21
A5108249230,https://openalex.org/C142362112,3
A5108249230,https://openalex.org/C144024400,17
A5108249230,https://openalex.org/C144133560,6
A5108249230,https://openalex.org/C144237770,37
A5108249230,https://openalex.org/C149782125,145
A5108249230,https://openalex.org/C151730666,48
A5108249230,https://openalex.org/C154945302,25
A5108249230,https://openalex.org/C15744967,18
A5108249230,https://openalex.org/C161191863,52
A5108249230,https://openalex.org/C162324750,36
A5108249230,https://openalex.org/C17744445,22
A5108249230,https://openalex.org/C185592680,4
A5108249230,https://openalex.org/C199360897,12
A5108249230,https://openalex.org/C199539241,18
A5108249230,https://openalex.org/C202444582,7
A5108249230,https://openalex.org/C205649164,10
A5108249230,https://openalex.org/C2524010,37
A5108249230,https://openalex.org/C2778805511,7
A5108249230,https://openalex.org/C33332235,1
A5108249230,https://openalex.org/C33923547,323
A5108249230,https://openalex.org/C41008148,176
A5108249230,https://openalex.org/C41895202,7
A5108249230,https://openalex.org/C54355233,1
A5108249230,https://openalex.org/C55493867,1
A5108249230,https://openalex.org/C62520636,23
A5108249230,https://openalex.org/C71924100,18
A5108249230,https://openalex.org/C74650414,3
A5108249230,https://openalex.org/C86803240,21
A5108249230,https://openalex.org/C95457728,29
A5108249230,https://openalex.org/C97355855,11
A5108262021,https://openalex.org/C104317684,15
A5108262021,https://openalex.org/C105795698,3
A5108262021,https://openalex.org/C111472728,2
A5108262021,https://openalex.org/C121332964,14
A5108262021,https://openalex.org/C127313418,7
A5108262021,https://openalex.org/C127413603,19
A5108262021,https://openalex.org/C134306372,3
A5108262021,https://openalex.org/C136764020,8
A5108262021,https://openalex.org/C138885662,17
A5108262021,https://openalex.org/C142362112,14
A5108262021,https://openalex.org/C144024400,24
A5108262021,https://openalex.org/C144133560,2
A5108262021,https://openalex.org/C149782125,1
A5108262021,https://openalex.org/C151730666,17
A5108262021,https://openalex.org/C154945302,5
A5108262021,https://openalex.org/C15744967,10
A5108262021,https://openalex.org/C159985019,1
A5108262021,https://openalex.org/C161191863,24
A5108262021,https://openalex.org/C162324750,4
A5108262021,https://openalex.org/C17744445,12
A5108262021,https://openalex.org/C178790620,7
A5108262021,https://openalex.org/C185592680,8
A5108262021,https://openalex.org/C192562407,5
A5108262021,https://openalex.org/C199360897,6
A5108262021,https://openalex.org/C199539241,10
A5108262021,https://openalex.org/C202444582,1
A5108262021,https://openalex.org/C205649164,130
A5108262021,https://openalex.org/C2524010,2
A5108262021,https://openalex.org/C2778805511,4
A5108262021,https://openalex.org/C33923547,12
A5108262021,https://openalex.org/C41008148,59
A5108262021,https://openalex.org/C41895202,6
A5108262021,https://openalex.org/C44870925,2
A5108262021,https://openalex.org/C54355233,8
A5108262021,https://openalex.org/C55493867,35
A5108262021,https://openalex.org/C62520636,4
A5108262021,https://openalex.org/C71924100,6
A5108262021,https://openalex.org/C77805123,2
A5108262021,https://openalex.org/C86803240,435
A5108262021,https://openalex.org/C95457728,33
A5108262021,https://openalex.org/C97355855,4
A5108357701,https://openalex.org/C104317684,2
A5108357701,https://openalex.org/C105795698,47
A5108357701,https://openalex.org/C111472728,202
A5108357701,https://openalex.org/C120665830,6
A5108357701,https://openalex.org/C121332964,87
A5108357701,https://openalex.org/C121864883,6
A5108357701,https://openalex.org/C126322002,1
A5108357701,https://openalex.org/C127313418,4
A5108357701,https://openalex.org/C127413603,110
A5108357701,https://openalex.org/C1276947,4
A5108357701,https://openalex.org/C134306372,75
A5108357701,https://openalex.org/C136764020,30
A5108357701,https://openalex.org/C138885662,271
A5108357701,https://openalex.org/C142362112,20
A5108357701,https://openalex.org/C144024400,121
A5108357701,https://openalex.org/C144133560,84
A5108357701,https://openalex.org/C144237770,75
A5108357701,https://openalex.org/C149782125,37
A5108357701,https://openalex.org/C151730666,11
A5108357701,https://openalex.org/C154945302,181
A5108357701,https://openalex.org/C15744967,328
A5108357701,https://openalex.org/C159985019,5
A5108357701,https://openalex.org/C161191863,45
A5108357701,https://openalex.org/C162324750,175
A5108357701,https://openalex.org/C17744445,174
A5108357701,https://openalex.org/C178790620,6
A5108357701,https://openalex.org/C184779094,1
A5108357701,https://openalex.org/C185592680,26
A5108357701,https://openalex.org/C192562407,8
A5108357701,https://openalex.org/C199360897,88
A5108357701,https://openalex.org/C199539241,95
A5108357701,https://openalex.org/C202444582,15
A5108357701,https://openalex.org/C205649164,19
A5108357701,https://openalex.org/C2524010,37
A5108357701,https://openalex.org/C2778805511,11
A5108357701,https://openalex.org/C33332235,7
A5108357701,https://openalex.org/C33923547,219
A5108357701,https://openalex.org/C41008148,532
A5108357701,https://openalex.org/C41895202,37
A5108357701,https://openalex.org/C44870925,1
A5108357701,https://openalex.org/C54355233,6
A5108357701,https://openalex.org/C55493867,9
A5108357701,https://openalex.org/C57879066,2
A5108357701,https://openalex.org/C62520636,59
A5108357701,https://openalex.org/C71924100,44
A5108357701,https://openalex.org/C74650414,8
A5108357701,https://openalex.org/C77805123,40
A5108357701,https://openalex.org/C86803240,56
A5108357701,https://openalex.org/C95457728,42
A5108357701,https://openalex.org/C97355855,9
A5108370000,https://openalex.org/C104317684,93
A5108370000,https://openalex.org/C105795698,9
A5108370000,https://openalex.org/C111472728,16
A5108370000,https://openalex.org/C120665830,1
A5108370000,https://openalex.org/C121332964,28
A5108370000,https://openalex.org/C121864883,1
A5108370000,https://openalex.org/C126322002,75
A5108370000,https://openalex.org/C127313418,14
A5108370000,https://openalex.org/C127413603,13
A5108370000,https://openalex.org/C1276947,7
A5108370000,https://openalex.org/C134306372,9
A5108370000,https://openalex.org/C136764020,12
A5108370000,https://openalex.org/C138885662,49
A5108370000,https://openalex.org/C142362112,15
A5108370000,https://openalex.org/C144024400,12
A5108370000,https://openalex.org/C144133560,22
A5108370000,https://openalex.org/C144237770,2
A5108370000,https://openalex.org/C151730666,7
A5108370000,https://openalex.org/C154945302,8
A5108370000,https://openalex.org/C15744967,18
A5108370000,https://openalex.org/C161191863,30
A5108370000,https://openalex.org/C162324750,14
A5108370000,https://openalex.org/C17744445,32
A5108370000,https://openalex.org/C178790620,22
A5108370000,https://openalex.org/C185592680,182
A5108370000,https://openalex.org/C192562407,3
A5108370000,https://openalex.org/C199360897,42
A5108370000,https://openalex.org/C199539241,24
A5108370000,https://openalex.org/C202444582,1
A5108370000,https://openalex.org/C205649164,22
A5108370000,https://openalex.org/C2524010,1
A5108370000,https://openalex.org/C2778805511,21
A5108370000,https://openalex.org/C33923547,29
A5108370000,https://openalex.org/C41008148,97
A5108370000,https://openalex.org/C41895202,13
A5108370000,https://openalex.org/C54355233,126
A5108370000,https://openalex.org/C55493867,124
A5108370000,https://openalex.org/C62520636,8
A5108370000,https://openalex.org/C71924100,137
A5108370000,https://openalex.org/C77805123,4
A5108370000,https://openalex.org/C86803240,367
A5108370000,https://openalex.org/C95457728,37
A5108370000,https://openalex.org/C97355855,5
A5108411636,https://openalex.org/C105795698,5
A5108411636,https://openalex.org/C111472728,3
A5108411636,https://openalex.org/C120665830,26
A5108411636,https://openalex.org/C121332964,48
A5108411636,https://openalex.org/C121864883,1
A5108411636,https://openalex.org/C126322002,1
A5108411636,https://openalex.org/C127313418,4
A5108411636,https://openalex.org/C127413603,13
A5108411636,https://openalex.org/C1276947,4
A5108411636,https://openalex.org/C134306372,7
A5108411636,https://openalex.org/C136764020,9
A5108411636,https://openalex.org/C138885662,3
A5108411636,https://openalex.org/C142362112,1
A5108411636,https://openalex.org/C144133560,3
A5108411636,https://openalex.org/C151730666,1
A5108411636,https://openalex.org/C154945302,5
A5108411636,https://openalex.org/C159985019,10
A5108411636,https://openalex.org/C161191863,6
A5108411636,https://openalex.org/C17744445,1
A5108411636,https://openalex.org/C178790620,3
A5108411636,https://openalex.org/C184779094,3
A5108411636,https://openalex.org/C185592680,32
A5108411636,https://openalex.org/C192562407,21
A5108411636,https://openalex.org/C199360897,11
A5108411636,https://openalex.org/C199539241,1
A5108411636,https://openalex.org/C202444582,2
A5108411636,https://openalex.org/C205649164,1
A5108411636,https://openalex.org/C2524010,12
A5108411636,https://openalex.org/C2778805511,11
A5108411636,https://openalex.org/C33332235,3
A5108411636,https://openalex.org/C33923547,25
A5108411636,https://openalex.org/C41008148,44
A5108411636,https://openalex.org/C54355233,1
A5108411636,https://openalex.org/C55493867,1
A5108411636,https://openalex.org/C57879066,11
A5108411636,https://openalex.org/C62520636,12
A5108411636,https://openalex.org/C71924100,4
A5108411636,https://openalex.org/C74650414,2
A5108411636,https://openalex.org/C86803240,3
A5108411636,https://openalex.org/C95457728,2
A5108411636,https://openalex.org/C97355855,15
A5108520736,https://openalex.org/C104317684,1
A5108520736,https://openalex.org/C105795698,16
A5108520736,https://openalex.org/C111472728,11
A5108520736,https://openalex.org/C120665830,1
A5108520736,https://openalex.org/C121332964,26
A5108520736,https://openalex.org/C127413603,22
A5108520736,https://openalex.org/C134306372,1
A5108520736,https://openalex.org/C138885662,17
A5108520736,https://openalex.org/C142362112,4
A5108520736,https://openalex.org/C144024400,2
A5108520736,https://openalex.org/C144133560,1
A5108520736,https://openalex.org/C144237770,2
A5108520736,https://openalex.org/C151730666,2
A5108520736,https://openalex.org/C154945302,16
A5108520736,https://openalex.org/C15744967,2
A5108520736,https://openalex.org/C161191863,3
A5108520736,https://openalex.org/C162324750,1
A5108520736,https://openalex.org/C17744445,12
A5108520736,https://openalex.org/C199360897,10
A5108520736,https://openalex.org/C199539241,9
A5108520736,https://openalex.org/C202444582,7
A5108520736,https://openalex.org/C205649164,1
A5108520736,https://openalex.org/C2524010,4
A5108520736,https://openalex.org/C2778805511,3
A5108520736,https://openalex.org/C33332235,2
A5108520736,https://openalex.org/C33923547,39
A5108520736,https://openalex.org/C41008148,79
A5108520736,https://openalex.org/C41895202,2
A5108520736,https://openalex.org/C54355233,2
A5108520736,https://openalex.org/C55493867,1
A5108520736,https://openalex.org/C62520636,14
A5108520736,https://openalex.org/C71924100,7
A5108520736,https://openalex.org/C86803240,7
A5108520736,https://openalex.org/C95457728,4
A5108520736,https://openalex.org/C97355855,5
A5108631265,https://openalex.org/C104317684,5
A5108631265,https://openalex.org/C105795698,200
A5108631265,https://openalex.org/C111472728,15
A5108631265,https://openalex.org/C121332964,30
A5108631265,https://openalex.org/C121864883,7
A5108631265,https://openalex.org/C126322002,1
A5108631265,https://openalex.org/C127313418,5
A5108631265,https://openalex.org/C127413603,10
A5108631265,https://openalex.org/C1276947,2
A5108631265,https://openalex.org/C134306372,36
A5108631265,https://openalex.org/C138885662,27
A5108631265,https://openalex.org/C142362112,1
A5108631265,https://openalex.org/C144024400,11
A5108631265,https://openalex.org/C144133560,6
A5108631265,https://openalex.org/C144237770,19
A5108631265,https://openalex.org/C149782125,78
A5108631265,https://openalex.org/C151730666,12
A5108631265,https://openalex.org/C154945302,12
A5108631265,https://openalex.org/C15744967,12
A5108631265,https://openalex.org/C159985019,18
A5108631265,https://openalex.org/C161191863,14
A5108631265,https://openalex.org/C162324750,9
A5108631265,https://openalex.org/C17744445,6
A5108631265,https://openalex.org/C185592680,12
A5108631265,https://openalex.org/C192562407,19
A5108631265,https://openalex.org/C199360897,16
A5108631265,https://openalex.org/C199539241,6
A5108631265,https://openalex.org/C202444582,2
A5108631265,https://openalex.org/C205649164,5
A5108631265,https://openalex.org/C2524010,15
A5108631265,https://openalex.org/C33923547,214
A5108631265,https://openalex.org/C41008148,80
A5108631265,https://openalex.org/C41895202,6
A5108631265,https://openalex.org/C54355233,1
A5108631265,https://openalex.org/C55493867,6
A5108631265,https://openalex.org/C62520636,11
A5108631265,https://openalex.org/C71924100,16
A5108631265,https://openalex.org/C74650414,3
A5108631265,https://openalex.org/C77805123,1
A5108631265,https://openalex.org/C86803240,14
A5108631265,https://openalex.org/C95457728,18
A5108631265,https://openalex.org/C97355855,8
A5109004846,https://openalex.org/C104317684,9
A5109004846,https://openalex.org/C105795698,88
A5109004846,https://openalex.org/C111472728,34
A5109004846,https://openalex.org/C120665830,8
A5109004846,https://openalex.org/C121332964,34
A5109004846,https://openalex.org/C121864883,1
A5109004846,https://openalex.org/C127313418,4
A5109004846,https://openalex.org/C127413603,89
A5109004846,https://openalex.org/C134306372,36
A5109004846,https://openalex.org/C136764020,6
A5109004846,https://openalex.org/C138885662,49
A5109004846,https://openalex.org/C142362112,18
A5109004846,https://openalex.org/C144024400,20
A5109004846,https://openalex.org/C144133560,84
A5109004846,https://openalex.org/C144237770,47
A5109004846,https://openalex.org/C149782125,82
A5109004846,https://openalex.org/C151730666,19
A5109004846,https://openalex.org/C154945302,56
A5109004846,https://openalex.org/C15744967,20
A5109004846,https://openalex.org/C159985019,10
A5109004846,https://openalex.org/C161191863,11
A5109004846,https://openalex.org/C162324750,178
A5109004846,https://openalex.org/C17744445,58
A5109004846,https://openalex.org/C178790620,1
A5109004846,https://openalex.org/C185592680,17
A5109004846,https://openalex.org/C192562407,14
A5109004846,https://openalex.org/C199360897,43
A5109004846,https://openalex.org/C199539241,47
A5109004846,https://openalex.org/C202444582,17
A5109004846,https://openalex.org/C205649164,25
A5109004846,https://openalex.org/C2524010,45
A5109004846,https://openalex.org/C2778805511,3
A5109004846,https://openalex.org/C33923547,227
A5109004846,https://openalex.org/C41008148,285
A5109004846,https://openalex.org/C41895202,14
A5109004846,https://openalex.org/C54355233,9
A5109004846,https://openalex.org/C55493867,11
A5109004846,https://openalex.org/C57879066,1
A5109004846,https://openalex.org/C62520636,18
A5109004846,https://openalex.org/C71924100,14
A5109004846,https://openalex.org/C77805123,3
A5109004846,https://openalex.org/C86803240,46
A5109004846,https://openalex.org/C95457728,17
A5109004846,https://openalex.org/C97355855,6
A5109036612,https://openalex.org/C104317684,5
A5109036612,https://openalex.org/C105795698,8
A5109036612,https://openalex.org/C111472728,9
A5109036612,https://openalex.org/C120665830,19
A5109036612,https://openalex.org/C121332964,230
A5109036612,https://openalex.org/C121864883,19
A5109036612,https://openalex.org/C126322002,6
A5109036612,https://openalex.org/C127313418,13
A5109036612,https://openalex.org/C127413603,11
A5109036612,https://openalex.org/C1276947,5
A5109036612,https://openalex.org/C134306372,16
A5109036612,https://openalex.org/C138885662,20
A5109036612,https://openalex.org/C142362112,4
A5109036612,https://openalex.org/C144024400,1
A5109036612,https://openalex.org/C144133560,1
A5109036612,https://openalex.org/C144237770,4
A5109036612,https://openalex.org/C151730666,2
A5109036612,https://openalex.org/C154945302,5
A5109036612,https://openalex.org/C15744967,7
A5109036612,https://openalex.org/C159985019,10
A5109036612,https://openalex.org/C161191863,3
A5109036612,https://openalex.org/C162324750,21
A5109036612,https://openalex.org/C17744445,8
A5109036612,https://openalex.org/C178790620,6
A5109036612,https://openalex.org/C184779094,17
A5109036612,https://openalex.org/C185592680,30
A5109036612,https://openalex.org/C192562407,25
A5109036612,https://openalex.org/C199360897,13
A5109036612,https://openalex.org/C199539241,2
A5109036612,https://openalex.org/C202444582,32
A5109036612,https://openalex.org/C205649164,4
A5109036612,https://openalex.org/C2524010,29
A5109036612,https://openalex.org/C2778805511,2
A5109036612,https://openalex.org/C33332235,48
A5109036612,https://openalex.org/C33923547,91
A5109036612,https://openalex.org/C41008148,72
A5109036612,https://openalex.org/C41895202,4
A5109036612,https://openalex.org/C44870925,1
A5109036612,https://openalex.org/C55493867,5
A5109036612,https://openalex.org/C57879066,47
A5109036612,https://openalex.org/C62520636,105
A5109036612,https://openalex.org/C71924100,10
A5109036612,https://openalex.org/C74650414,82
A5109036612,https://openalex.org/C86803240,12
A5109036612,https://openalex.org/C95457728,9
A5109036612,https://openalex.org/C97355855,41
A5109045060,https://openalex.org/C104317684,4
A5109045060,https://openalex.org/C105795698,26
A5109045060,https://openalex.org/C111472728,45
A5109045060,https://openalex.org/C121332964,57
A5109045060,https://openalex.org/C126322002,4
A5109045060,https://openalex.org/C127313418,12
A5109045060,https://openalex.org/C127413603,23
A5109045060,https://openalex.org/C1276947,9
A5109045060,https://openalex.org/C134306372,6
A5109045060,https://openalex.org/C136764020,8
A5109045060,https://openalex.org/C138885662,182
A5109045060,https://openalex.org/C142362112,57
A5109045060,https://openalex.org/C144024400,55
A5109045060,https://openalex.org/C144133560,70
A5109045060,https://openalex.org/C144237770,30
A5109045060,https://openalex.org/C149782125,16
A5109045060,https://openalex.org/C151730666,1
A5109045060,https://openalex.org/C154945302,14
A5109045060,https://openalex.org/C15744967,47
A5109045060,https://openalex.org/C159985019,2
A5109045060,https://openalex.org/C161191863,15
A5109045060,https://openalex.org/C162324750,294
A5109045060,https://openalex.org/C17744445,265
A5109045060,https://openalex.org/C178790620,2
A5109045060,https://openalex.org/C185592680,9
A5109045060,https://openalex.org/C192562407,5
A5109045060,https://openalex.org/C199360897,8
A5109045060,https://openalex.org/C199539241,152
A5109045060,https://openalex.org/C202444582,1
A5109045060,https://openalex.org/C205649164,33
A5109045060,https://openalex.org/C2524010,18
A5109045060,https://openalex.org/C33332235,11
A5109045060,https://openalex.org/C33923547,61
A5109045060,https://openalex.org/C41008148,132
A5109045060,https://openalex.org/C41895202,31
A5109045060,https://openalex.org/C55493867,7
A5109045060,https://openalex.org/C57879066,3
A5109045060,https://openalex.org/C62520636,16
A5109045060,https://openalex.org/C71924100,22
A5109045060,https://openalex.org/C74650414,1
A5109045060,https://openalex.org/C77805123,9
A5109045060,https://openalex.org/C86803240,11
A5109045060,https://openalex.org/C95457728,185
A5109045060,https://openalex.org/C97355855,13
A5109052943,https://openalex.org/C104317684,7
A5109052943,https://openalex.org/C105795698,2
A5109052943,https://openalex.org/C111472728,13
A5109052943,https://openalex.org/C120665830,2
A5109052943,https://openalex.org/C121332964,106
A5109052943,https://openalex.org/C121864883,1
A5109052943,https://openalex.org/C127313418,29
A5109052943,https://openalex.org/C127413603,36
A5109052943,https://openalex.org/C134306372,104
A5109052943,https://openalex.org/C136764020,1
A5109052943,https://openalex.org/C138885662,40
A5109052943,https://openalex.org/C142362112,5
A5109052943,https://openalex.org/C144133560,3
A5109052943,https://openalex.org/C144237770,4
A5109052943,https://openalex.org/C151730666,7
A5109052943,https://openalex.org/C154945302,8
A5109052943,https://openalex.org/C15744967,10
A5109052943,https://openalex.org/C159985019,7
A5109052943,https://openalex.org/C161191863,1
A5109052943,https://openalex.org/C162324750,4
A5109052943,https://openalex.org/C17744445,5
A5109052943,https://openalex.org/C178790620,1
A5109052943,https://openalex.org/C185592680,5
A5109052943,https://openalex.org/C192562407,20
A5109052943,https://openalex.org/C199360897,21
A5109052943,https://openalex.org/C199539241,4
A5109052943,https://openalex.org/C202444582,178
A5109052943,https://openalex.org/C205649164,9
A5109052943,https://openalex.org/C2524010,156
A5109052943,https://openalex.org/C33332235,6
A5109052943,https://openalex.org/C33923547,295
A5109052943,https://openalex.org/C41008148,112
A5109052943,https://openalex.org/C41895202,11
A5109052943,https://openalex.org/C44870925,1
A5109052943,https://openalex.org/C54355233,4
A5109052943,https://openalex.org/C55493867,5
A5109052943,https://openalex.org/C57879066,1
A5109052943,https://openalex.org/C62520636,23
A5109052943,https://openalex.org/C71924100,28
A5109052943,https://openalex.org/C74650414,7
A5109052943,https://openalex.org/C86803240,12
A5109052943,https://openalex.org/C95457728,8
A5109052943,https://openalex.org/C97355855,34
A5109233611,https://openalex.org/C104317684,12
A5109233611,https://openalex.org/C105795698,2
A5109233611,https://openalex.org/C111472728,2
A5109233611,https://openalex.org/C120665830,1
A5109233611,https://openalex.org/C121332964,7
A5109233611,https://openalex.org/C127313418,1
A5109233611,https://openalex.org/C127413603,8
A5109233611,https://openalex.org/C136764020,4
A5109233611,https://openalex.org/C138885662,7
A5109233611,https://openalex.org/C144024400,2
A5109233611,https://openalex.org/C151730666,3
A5109233611,https://openalex.org/C159985019,2
A5109233611,https://openalex.org/C161191863,2
A5109233611,https://openalex.org/C162324750,2
A5109233611,https://openalex.org/C17744445,1
A5109233611,https://openalex.org/C178790620,43
A5109233611,https://openalex.org/C185592680,67
A5109233611,https://openalex.org/C192562407,3
A5109233611,https://openalex.org/C205649164,4
A5109233611,https://openalex.org/C2524010,2
A5109233611,https://openalex.org/C2778805511,1
A5109233611,https://openalex.org/C33923547,6
A5109233611,https://openalex.org/C41008148,7
A5109233611,https://openalex.org/C41895202,5
A5109233611,https://openalex.org/C54355233,62
A5109233611,https://openalex.org/C55493867,42
A5109233611,https://openalex.org/C62520636,2
A5109233611,https://openalex.org/C71924100,9
A5109233611,https://openalex.org/C86803240,79
A5109233611,https://openalex.org/C95457728,3
A5109233611,https://openalex.org/C97355855,3
A5109238934,https://openalex.org/C104317684,38
A5109238934,https://openalex.org/C105795698,11
A5109238934,https://openalex.org/C111472728,1
A5109238934,https://openalex.org/C120665830,24
A5109238934,https://openalex.org/C121332964,84
A5109238934,https://openalex.org/C126322002,4
A5109238934,https://openalex.org/C127313418,23
A5109238934,https://openalex.org/C127413603,53
A5109238934,https://openalex.org/C1276947,3
A5109238934,https://openalex.org/C134306372,2
A5109238934,https://openalex.org/C136764020,1
A5109238934,https://openalex.org/C138885662,11
A5109238934,https://openalex.org/C142362112,2
A5109238934,https://openalex.org/C144024400,13
A5109238934,https://openalex.org/C144133560,3
A5109238934,https://openalex.org/C151730666,11
A5109238934,https://openalex.org/C154945302,8
A5109238934,https://openalex.org/C15744967,5
A5109238934,https://openalex.org/C159985019,49
A5109238934,https://openalex.org/C161191863,7
A5109238934,https://openalex.org/C162324750,4
A5109238934,https://openalex.org/C17744445,8
A5109238934,https://openalex.org/C178790620,30
A5109238934,https://openalex.org/C184779094,4
A5109238934,https://openalex.org/C185592680,77
A5109238934,https://openalex.org/C192562407,73
A5109238934,https://openalex.org/C199360897,5
A5109238934,https://openalex.org/C199539241,6
A5109238934,https://openalex.org/C202444582,5
A5109238934,https://openalex.org/C205649164,5
A5109238934,https://openalex.org/C2524010,4
A5109238934,https://openalex.org/C2778805511,2
A5109238934,https://openalex.org/C33923547,24
A5109238934,https://openalex.org/C41008148,42
A5109238934,https://openalex.org/C41895202,10
A5109238934,https://openalex.org/C44870925,1
A5109238934,https://openalex.org/C54355233,40
A5109238934,https://openalex.org/C55493867,29
A5109238934,https://openalex.org/C57879066,11
A5109238934,https://openalex.org/C62520636,37
A5109238934,https://openalex.org/C71924100,16
A5109238934,https://openalex.org/C74650414,1
A5109238934,https://openalex.org/C77805123,2
A5109238934,https://openalex.org/C86803240,69
A5109238934,https://openalex.org/C95457728,3
A5109238934,https://openalex.org/C97355855,9
A5109393586,https://openalex.org/C104317684,1
A5109393586,https://openalex.org/C105795698,41
A5109393586,https://openalex.org/C111472728,5
A5109393586,https://openalex.org/C120665830,2
A5109393586,https://openalex.org/C121332964,15
A5109393586,https://openalex.org/C121864883,1
A5109393586,https://openalex.org/C126322002,27
A5109393586,https://openalex.org/C127313418,3
A5109393586,https://openalex.org/C127413603,5
A5109393586,https://openalex.org/C134306372,8
A5109393586,https://openalex.org/C136764020,2
A5109393586,https://openalex.org/C138885662,8
A5109393586,https://openalex.org/C144024400,8
A5109393586,https://openalex.org/C144133560,9
A5109393586,https://openalex.org/C144237770,5
A5109393586,https://openalex.org/C149782125,15
A5109393586,https://openalex.org/C151730666,11
A5109393586,https://openalex.org/C154945302,1
A5109393586,https://openalex.org/C15744967,16
A5109393586,https://openalex.org/C159985019,3
A5109393586,https://openalex.org/C161191863,6
A5109393586,https://openalex.org/C162324750,5
A5109393586,https://openalex.org/C17744445,3
A5109393586,https://openalex.org/C185592680,15
A5109393586,https://openalex.org/C192562407,4
A5109393586,https://openalex.org/C199360897,5
A5109393586,https://openalex.org/C199539241,2
A5109393586,https://openalex.org/C205649164,2
A5109393586,https://openalex.org/C2524010,3
A5109393586,https://openalex.org/C2778805511,3
A5109393586,https://openalex.org/C33923547,49
A5109393586,https://openalex.org/C41008148,54
A5109393586,https://openalex.org/C41895202,2
A5109393586,https://openalex.org/C54355233,2
A5109393586,https://openalex.org/C55493867,7
A5109393586,https://openalex.org/C62520636,7
A5109393586,https://openalex.org/C71924100,44
A5109393586,https://openalex.org/C77805123,1
A5109393586,https://openalex.org/C86803240,18
A5109393586,https://openalex.org/C95457728,1
A5109393586,https://openalex.org/C97355855,7
A5109468491,https://openalex.org/C104317684,1
A5109468491,https://openalex.org/C105795698,1
A5109468491,https://openalex.org/C111472728,2
A5109468491,https://openalex.org/C127413603,2
A5109468491,https://openalex.org/C134306372,8
A5109468491,https://openalex.org/C138885662,3
A5109468491,https://openalex.org/C144024400,1
A5109468491,https://openalex.org/C15744967,1
A5109468491,https://openalex.org/C161191863,1
A5109468491,https://openalex.org/C162324750,1
A5109468491,https://openalex.org/C17744445,1
A5109468491,https://openalex.org/C185592680,1
A5109468491,https://openalex.org/C199360897,2
A5109468491,https://openalex.org/C199539241,1
A5109468491,https://openalex.org/C202444582,2
A5109468491,https://openalex.org/C2524010,1
A5109468491,https://openalex.org/C2778805511,1
A5109468491,https://openalex.org/C33923547,10
A5109468491,https://openalex.org/C41008148,11
A5109468491,https://openalex.org/C55493867,2
A5109468491,https://openalex.org/C71924100,5
A5109468491,https://openalex.org/C86803240,1
A5109468491,https://openalex.org/C95457728,1
A5109871396,https://openalex.org/C104317684,1
A5109871396,https://openalex.org/C105795698,2
A5109871396,https://openalex.org/C120665830,5
A5109871396,https://openalex.org/C121332964,98
A5109871396,https://openalex.org/C121864883,7
A5109871396,https://openalex.org/C127313418,2
A5109871396,https://openalex.org/C127413603,13
A5109871396,https://openalex.org/C1276947,2
A5109871396,https://openalex.org/C134306372,4
A5109871396,https://openalex.org/C138885662,8
A5109871396,https://openalex.org/C144024400,1
A5109871396,https://openalex.org/C151730666,2
A5109871396,https://openalex.org/C154945302,1
A5109871396,https://openalex.org/C15744967,2
A5109871396,https://openalex.org/C159985019,6
A5109871396,https://openalex.org/C161191863,3
A5109871396,https://openalex.org/C162324750,5
A5109871396,https://openalex.org/C17744445,1
A5109871396,https://openalex.org/C178790620,5
A5109871396,https://openalex.org/C184779094,19
A5109871396,https://openalex.org/C185592680,12
A5109871396,https://openalex.org/C192562407,40
A5109871396,https://openalex.org/C199360897,2
A5109871396,https://openalex.org/C202444582,4
A5109871396,https://openalex.org/C2524010,15
A5109871396,https://openalex.org/C33332235,17
A5109871396,https://openalex.org/C33923547,23
A5109871396,https://openalex.org/C41008148,14
A5109871396,https://openalex.org/C41895202,5
A5109871396,https://openalex.org/C44870925,2
A5109871396,https://openalex.org/C55493867,1
A5109871396,https://openalex.org/C57879066,2
A5109871396,https://openalex.org/C62520636,54
A5109871396,https://openalex.org/C74650414,9
A5109871396,https://openalex.org/C86803240,6
A5109871396,https://openalex.org/C97355855,16
A5109920036,https://openalex.org/C104317684,19
A5109920036,https://openalex.org/C121332964,1
A5109920036,https://openalex.org/C127413603,1
A5109920036,https://openalex.org/C136764020,1
A5109920036,https://openalex.org/C138885662,5
A5109920036,https://openalex.org/C142362112,6
A5109920036,https://openalex.org/C144024400,2
A5109920036,https://openalex.org/C151730666,2
A5109920036,https://openalex.org/C15744967,1
A5109920036,https://openalex.org/C161191863,7
A5109920036,https://openalex.org/C162324750,1
A5109920036,https://openalex.org/C17744445,1
A5109920036,https://openalex.org/C199539241,1
A5109920036,https://openalex.org/C205649164,2
A5109920036,https://openalex.org/C2778805511,4
A5109920036,https://openalex.org/C33923547,1
A5109920036,https://openalex.org/C41008148,7
A5109920036,https://openalex.org/C54355233,15
A5109920036,https://openalex.org/C55493867,4
A5109920036,https://openalex.org/C62520636,1
A5109920036,https://openalex.org/C71924100,4
A5109920036,https://openalex.org/C86803240,28
A5109920036,https://openalex.org/C95457728,2
A5109983911,https://openalex.org/C104317684,4
A5109983911,https://openalex.org/C105795698,1
A5109983911,https://openalex.org/C111472728,2
A5109983911,https://openalex.org/C120665830,1
A5109983911,https://openalex.org/C121332964,5
A5109983911,https://openalex.org/C126322002,45
A5109983911,https://openalex.org/C127313418,2
A5109983911,https://openalex.org/C127413603,5
A5109983911,https://openalex.org/C136764020,22
A5109983911,https://openalex.org/C138885662,6
A5109983911,https://openalex.org/C142362112,2
A5109983911,https://openalex.org/C144024400,2
A5109983911,https://openalex.org/C144133560,2
A5109983911,https://openalex.org/C154945302,3
A5109983911,https://openalex.org/C159985019,3
A5109983911,https://openalex.org/C161191863,8
A5109983911,https://openalex.org/C17744445,9
A5109983911,https://openalex.org/C178790620,46
A5109983911,https://openalex.org/C185592680,93
A5109983911,https://openalex.org/C192562407,4
A5109983911,https://openalex.org/C199360897,13
A5109983911,https://openalex.org/C199539241,9
A5109983911,https://openalex.org/C2524010,2
A5109983911,https://openalex.org/C2778805511,22
A5109983911,https://openalex.org/C33923547,5
A5109983911,https://openalex.org/C41008148,26
A5109983911,https://openalex.org/C41895202,3
A5109983911,https://openalex.org/C54355233,33
A5109983911,https://openalex.org/C55493867,43
A5109983911,https://openalex.org/C62520636,2
A5109983911,https://openalex.org/C71924100,51
A5109983911,https://openalex.org/C86803240,59
A5109983911,https://openalex.org/C97355855,1
A5110106506,https://openalex.org/C104317684,1
A5110106506,https://openalex.org/C111472728,1
A5110106506,https://openalex.org/C121332964,74
A5110106506,https://openalex.org/C121864883,1
A5110106506,https://openalex.org/C127313418,4
A5110106506,https://openalex.org/C127413603,1
A5110106506,https://openalex.org/C1276947,12
A5110106506,https://openalex.org/C134306372,8
A5110106506,https://openalex.org/C138885662,5
A5110106506,https://openalex.org/C142362112,4
A5110106506,https://openalex.org/C144237770,1
A5110106506,https://openalex.org/C154945302,2
A5110106506,https://openalex.org/C161191863,1
A5110106506,https://openalex.org/C162324750,4
A5110106506,https://openalex.org/C17744445,2
A5110106506,https://openalex.org/C178790620,2
A5110106506,https://openalex.org/C184779094,13
A5110106506,https://openalex.org/C185592680,7
A5110106506,https://openalex.org/C199360897,3
A5110106506,https://openalex.org/C199539241,2
A5110106506,https://openalex.org/C202444582,13
A5110106506,https://openalex.org/C2524010,12
A5110106506,https://openalex.org/C2778805511,1
A5110106506,https://openalex.org/C33332235,45
A5110106506,https://openalex.org/C33923547,34
A5110106506,https://openalex.org/C41008148,18
A5110106506,https://openalex.org/C41895202,3
A5110106506,https://openalex.org/C44870925,17
A5110106506,https://openalex.org/C55493867,3
A5110106506,https://openalex.org/C62520636,38
A5110106506,https://openalex.org/C71924100,3
A5110106506,https://openalex.org/C74650414,47
A5110106506,https://openalex.org/C86803240,2
A5110106506,https://openalex.org/C97355855,4
A5110138757,https://openalex.org/C104317684,10
A5110138757,https://openalex.org/C105795698,17
A5110138757,https://openalex.org/C120665830,1
A5110138757,https://openalex.org/C121332964,14
A5110138757,https://openalex.org/C127313418,3
A5110138757,https://openalex.org/C138885662,2
A5110138757,https://openalex.org/C142362112,2
A5110138757,https://openalex.org/C144024400,2
A5110138757,https://openalex.org/C149782125,2
A5110138757,https://openalex.org/C151730666,2
A5110138757,https://openalex.org/C154945302,2
A5110138757,https://openalex.org/C15744967,2
A5110138757,https://openalex.org/C159985019,1
A5110138757,https://openalex.org/C161191863,20
A5110138757,https://openalex.org/C162324750,1
A5110138757,https://openalex.org/C17744445,1
A5110138757,https://openalex.org/C178790620,4
A5110138757,https://openalex.org/C185592680,9
A5110138757,https://openalex.org/C192562407,10
A5110138757,https://openalex.org/C202444582,1
A5110138757,https://openalex.org/C205649164,4
A5110138757,https://openalex.org/C2524010,3
A5110138757,https://openalex.org/C2778805511,14
A5110138757,https://openalex.org/C33923547,36
A5110138757,https://openalex.org/C41008148,29
A5110138757,https://openalex.org/C54355233,13
A5110138757,https://openalex.org/C55493867,4
A5110138757,https://openalex.org/C62520636,1
A5110138757,https://openalex.org/C71924100,1
A5110138757,https://openalex.org/C86803240,45
A5110138757,https://openalex.org/C95457728,2
A5110138757,https://openalex.org/C97355855,7
A5110168523,https://openalex.org/C104317684,8
A5110168523,https://openalex.org/C105795698,24
A5110168523,https://openalex.org/C111472728,28
A5110168523,https://openalex.org/C120665830,25
A5110168523,https://openalex.org/C121332964,351
A5110168523,https://openalex.org/C121864883,37
A5110168523,https://openalex.org/C126322002,4
A5110168523,https://openalex.org/C127313418,13
A5110168523,https://openalex.org/C127413603,25
A5110168523,https://openalex.org/C1276947,100
A5110168523,https://openalex.org/C134306372,76
A5110168523,https://openalex.org/C136764020,5
A5110168523,https://openalex.org/C138885662,60
A5110168523,https://openalex.org/C142362112,23
A5110168523,https://openalex.org/C144024400,50
A5110168523,https://openalex.org/C144133560,13
A5110168523,https://openalex.org/C144237770,7
A5110168523,https://openalex.org/C149782125,3
A5110168523,https://openalex.org/C151730666,7
A5110168523,https://openalex.org/C154945302,12
A5110168523,https://openalex.org/C15744967,12
A5110168523,https://openalex.org/C159985019,5
A5110168523,https://openalex.org/C161191863,19
A5110168523,https://openalex.org/C162324750,40
A5110168523,https://openalex.org/C17744445,57
A5110168523,https://openalex.org/C178790620,3
A5110168523,https://openalex.org/C184779094,9
A5110168523,https://openalex.org/C185592680,26
A5110168523,https://openalex.org/C192562407,8
A5110168523,https://openalex.org/C199360897,21
A5110168523,https://openalex.org/C199539241,38
A5110168523,https://openalex.org/C202444582,27
A5110168523,https://openalex.org/C205649164,43
A5110168523,https://openalex.org/C2524010,82
A5110168523,https://openalex.org/C2778805511,9
A5110168523,https://openalex.org/C33332235,98
A5110168523,https://openalex.org/C33923547,180
A5110168523,https://openalex.org/C41008148,144
A5110168523,https://openalex.org/C41895202,16
A5110168523,https://openalex.org/C44870925,141
A5110168523,https://openalex.org/C54355233,17
A5110168523,https://openalex.org/C55493867,17
A5110168523,https://openalex.org/C57879066,85
A5110168523,https://openalex.org/C62520636,144
A5110168523,https://openalex.org/C71924100,31
A5110168523,https://openalex.org/C74650414,173
A5110168523,https://openalex.org/C77805123,3
A5110168523,https://openalex.org/C86803240,33
A5110168523,https://openalex.org/C95457728,32
A5110168523,https://openalex.org/C97355855,38
A5110509669,https://openalex.org/C104317684,5
A5110509669,https://openalex.org/C105795698,6
A5110509669,https://openalex.org/C111472728,19
A5110509669,https://openalex.org/C120665830,3
A5110509669,https://openalex.org/C121332964,21
A5110509669,https://openalex.org/C121864883,1
A5110509669,https://openalex.org/C126322002,12
A5110509669,https://openalex.org/C127313418,1
A5110509669,https://openalex.org/C127413603,19
A5110509669,https://openalex.org/C1276947,1
A5110509669,https://openalex.org/C134306372,2
A5110509669,https://openalex.org/C136764020,5
A5110509669,https://openalex.org/C138885662,33
A5110509669,https://openalex.org/C142362112,10
A5110509669,https://openalex.org/C144024400,3
A5110509669,https://openalex.org/C144133560,2
A5110509669,https://openalex.org/C151730666,6
A5110509669,https://openalex.org/C154945302,21
A5110509669,https://openalex.org/C15744967,76
A5110509669,https://openalex.org/C161191863,12
A5110509669,https://openalex.org/C162324750,3
A5110509669,https://openalex.org/C17744445,4
A5110509669,https://openalex.org/C178790620,6
A5110509669,https://openalex.org/C185592680,16
A5110509669,https://openalex.org/C192562407,4
A5110509669,https://openalex.org/C199360897,12
A5110509669,https://openalex.org/C199539241,3
A5110509669,https://openalex.org/C202444582,2
A5110509669,https://openalex.org/C205649164,1
A5110509669,https://openalex.org/C2524010,8
A5110509669,https://openalex.org/C2778805511,5
A5110509669,https://openalex.org/C33332235,1
A5110509669,https://openalex.org/C33923547,24
A5110509669,https://openalex.org/C41008148,71
A5110509669,https://openalex.org/C41895202,4
A5110509669,https://openalex.org/C54355233,1
A5110509669,https://openalex.org/C55493867,9
A5110509669,https://openalex.org/C62520636,12
A5110509669,https://openalex.org/C71924100,44
A5110509669,https://openalex.org/C77805123,2
A5110509669,https://openalex.org/C86803240,47
A5110509669,https://openalex.org/C95457728,3
A5110509669,https://openalex.org/C97355855,2
A5110518065,https://openalex.org/C104317684,14
A5110518065,https://openalex.org/C105795698,4
A5110518065,https://openalex.org/C111472728,15
A5110518065,https://openalex.org/C120665830,9
A5110518065,https://openalex.org/C121332964,251
A5110518065,https://openalex.org/C121864883,49
A5110518065,https://openalex.org/C126322002,2
A5110518065,https://openalex.org/C127313418,6
A5110518065,https://openalex.org/C127413603,28
A5110518065,https://openalex.org/C1276947,7
A5110518065,https://openalex.org/C134306372,37
A5110518065,https://openalex.org/C136764020,21
A5110518065,https://openalex.org/C138885662,24
A5110518065,https://openalex.org/C142362112,10
A5110518065,https://openalex.org/C144024400,5
A5110518065,https://openalex.org/C144133560,2
A5110518065,https://openalex.org/C144237770,2
A5110518065,https://openalex.org/C149782125,1
A5110518065,https://openalex.org/C151730666,5
A5110518065,https://openalex.org/C154945302,9
A5110518065,https://openalex.org/C15744967,1
A5110518065,https://openalex.org/C159985019,17
A5110518065,https://openalex.org/C161191863,24
A5110518065,https://openalex.org/C162324750,12
A5110518065,https://openalex.org/C17744445,10
A5110518065,https://openalex.org/C178790620,35
A5110518065,https://openalex.org/C184779094,80
A5110518065,https://openalex.org/C185592680,135
A5110518065,https://openalex.org/C192562407,37
A5110518065,https://openalex.org/C199360897,29
A5110518065,https://openalex.org/C199539241,9
A5110518065,https://openalex.org/C202444582,9
A5110518065,https://openalex.org/C205649164,2
A5110518065,https://openalex.org/C2524010,33
A5110518065,https://openalex.org/C2778805511,22
A5110518065,https://openalex.org/C33332235,19
A5110518065,https://openalex.org/C33923547,127
A5110518065,https://openalex.org/C41008148,89
A5110518065,https://openalex.org/C41895202,8
A5110518065,https://openalex.org/C54355233,4
A5110518065,https://openalex.org/C55493867,22
A5110518065,https://openalex.org/C57879066,23
A5110518065,https://openalex.org/C62520636,174
A5110518065,https://openalex.org/C71924100,13
A5110518065,https://openalex.org/C74650414,58
A5110518065,https://openalex.org/C77805123,1
A5110518065,https://openalex.org/C86803240,32
A5110518065,https://openalex.org/C95457728,5
A5110518065,https://openalex.org/C97355855,66
A5110710145,https://openalex.org/C104317684,47
A5110710145,https://openalex.org/C105795698,274
A5110710145,https://openalex.org/C111472728,80
A5110710145,https://openalex.org/C120665830,2
A5110710145,https://openalex.org/C121332964,99
A5110710145,https://openalex.org/C121864883,8
A5110710145,https://openalex.org/C126322002,9
A5110710145,https://openalex.org/C127313418,31
A5110710145,https://openalex.org/C127413603,28
A5110710145,https://openalex.org/C1276947,13
A5110710145,https://openalex.org/C134306372,52
A5110710145,https://openalex.org/C136764020,15
A5110710145,https://openalex.org/C138885662,134
A5110710145,https://openalex.org/C142362112,38
A5110710145,https://openalex.org/C144024400,106
A5110710145,https://openalex.org/C144133560,8
A5110710145,https://openalex.org/C144237770,43
A5110710145,https://openalex.org/C149782125,61
A5110710145,https://openalex.org/C151730666,40
A5110710145,https://openalex.org/C154945302,47
A5110710145,https://openalex.org/C15744967,65
A5110710145,https://openalex.org/C159985019,5
A5110710145,https://openalex.org/C161191863,28
A5110710145,https://openalex.org/C162324750,21
A5110710145,https://openalex.org/C17744445,82
A5110710145,https://openalex.org/C185592680,13
A5110710145,https://openalex.org/C192562407,6
A5110710145,https://openalex.org/C199360897,21
A5110710145,https://openalex.org/C199539241,74
A5110710145,https://openalex.org/C202444582,8
A5110710145,https://openalex.org/C205649164,22
A5110710145,https://openalex.org/C2524010,120
A5110710145,https://openalex.org/C2778805511,1
A5110710145,https://openalex.org/C33332235,1
A5110710145,https://openalex.org/C33923547,415
A5110710145,https://openalex.org/C41008148,211
A5110710145,https://openalex.org/C41895202,25
A5110710145,https://openalex.org/C44870925,17
A5110710145,https://openalex.org/C54355233,95
A5110710145,https://openalex.org/C55493867,11
A5110710145,https://openalex.org/C62520636,31
A5110710145,https://openalex.org/C71924100,80
A5110710145,https://openalex.org/C74650414,9
A5110710145,https://openalex.org/C77805123,11
A5110710145,https://openalex.org/C86803240,186
A5110710145,https://openalex.org/C95457728,137
A5110710145,https://openalex.org/C97355855,18
A5110883277,https://openalex.org/C104317684,3
A5110883277,https://openalex.org/C105795698,121
A5110883277,https://openalex.org/C111472728,13
A5110883277,https://openalex.org/C120665830,1
A5110883277,https://openalex.org/C121332964,47
A5110883277,https://openalex.org/C121864883,11
A5110883277,https://openalex.org/C126322002,5
A5110883277,https://openalex.org/C127313418,2
A5110883277,https://openalex.org/C127413603,9
A5110883277,https://openalex.org/C134306372,49
A5110883277,https://openalex.org/C136764020,1
A5110883277,https://openalex.org/C138885662,63
A5110883277,https://openalex.org/C142362112,17
A5110883277,https://openalex.org/C144024400,7
A5110883277,https://openalex.org/C144133560,9
A5110883277,https://openalex.org/C144237770,25
A5110883277,https://openalex.org/C149782125,49
A5110883277,https://openalex.org/C151730666,6
A5110883277,https://openalex.org/C154945302,24
A5110883277,https://openalex.org/C15744967,8
A5110883277,https://openalex.org/C161191863,12
A5110883277,https://openalex.org/C162324750,36
A5110883277,https://openalex.org/C17744445,19
A5110883277,https://openalex.org/C178790620,2
A5110883277,https://openalex.org/C185592680,12
A5110883277,https://openalex.org/C199360897,14
A5110883277,https://openalex.org/C199539241,18
A5110883277,https://openalex.org/C202444582,21
A5110883277,https://openalex.org/C205649164,5
A5110883277,https://openalex.org/C2524010,16
A5110883277,https://openalex.org/C33923547,208
A5110883277,https://openalex.org/C41008148,121
A5110883277,https://openalex.org/C41895202,2
A5110883277,https://openalex.org/C54355233,13
A5110883277,https://openalex.org/C55493867,3
A5110883277,https://openalex.org/C62520636,8
A5110883277,https://openalex.org/C71924100,29
A5110883277,https://openalex.org/C74650414,2
A5110883277,https://openalex.org/C86803240,34
A5110883277,https://openalex.org/C95457728,4
A5110883277,https://openalex.org/C97355855,6
A5110937608,https://openalex.org/C104317684,1
A5110937608,https://openalex.org/C121332964,1
A5110937608,https://openalex.org/C127313418,1
A5110937608,https://openalex.org/C127413603,1
A5110937608,https://openalex.org/C134306372,1
A5110937608,https://openalex.org/C136764020,1
A5110937608,https://openalex.org/C144024400,3
A5110937608,https://openalex.org/C144133560,2
A5110937608,https://openalex.org/C151730666,1
A5110937608,https://openalex.org/C161191863,13
A5110937608,https://openalex.org/C178790620,3
A5110937608,https://openalex.org/C185592680,4
A5110937608,https://openalex.org/C199360897,1
A5110937608,https://openalex.org/C202444582,1
A5110937608,https://openalex.org/C205649164,17
A5110937608,https://openalex.org/C2778805511,12
A5110937608,https://openalex.org/C33923547,2
A5110937608,https://openalex.org/C41008148,16
A5110937608,https://openalex.org/C55493867,1
A5110937608,https://openalex.org/C71924100,4
A5110937608,https://openalex.org/C86803240,29
A5110937608,https://openalex.org/C95457728,2
A5110937608,https://openalex.org/C97355855,1
A5111372929,https://openalex.org/C104317684,1
A5111372929,https://openalex.org/C105795698,1
A5111372929,https://openalex.org/C111472728,2
A5111372929,https://openalex.org/C120665830,11
A5111372929,https://openalex.org/C121332964,51
A5111372929,https://openalex.org/C126322002,3
A5111372929,https://openalex.org/C127413603,20
A5111372929,https://openalex.org/C1276947,2
A5111372929,https://openalex.org/C134306372,5
A5111372929,https://openalex.org/C136764020,1
A5111372929,https://openalex.org/C138885662,6
A5111372929,https://openalex.org/C142362112,1
A5111372929,https://openalex.org/C144024400,6
A5111372929,https://openalex.org/C151730666,2
A5111372929,https://openalex.org/C15744967,6
A5111372929,https://openalex.org/C159985019,8
A5111372929,https://openalex.org/C161191863,12
A5111372929,https://openalex.org/C17744445,2
A5111372929,https://openalex.org/C178790620,10
A5111372929,https://openalex.org/C185592680,56
A5111372929,https://openalex.org/C192562407,41
A5111372929,https://openalex.org/C199360897,3
A5111372929,https://openalex.org/C199539241,2
A5111372929,https://openalex.org/C202444582,3
A5111372929,https://openalex.org/C2524010,9
A5111372929,https://openalex.org/C2778805511,7
A5111372929,https://openalex.org/C33332235,1
A5111372929,https://openalex.org/C33923547,16
A5111372929,https://openalex.org/C41008148,29
A5111372929,https://openalex.org/C41895202,3
A5111372929,https://openalex.org/C55493867,28
A5111372929,https://openalex.org/C57879066,1
A5111372929,https://openalex.org/C62520636,32
A5111372929,https://openalex.org/C71924100,12
A5111372929,https://openalex.org/C74650414,5
A5111372929,https://openalex.org/C77805123,2
A5111372929,https://openalex.org/C86803240,52
A5111372929,https://openalex.org/C95457728,6
A5111372929,https://openalex.org/C97355855,14
A5111437337,https://openalex.org/C104317684,7
A5111437337,https://openalex.org/C105795698,2
A5111437337,https://openalex.org/C111472728,40
A5111437337,https://openalex.org/C120665830,2
A5111437337,https://openalex.org/C121332964,21
A5111437337,https://openalex.org/C121864883,2
A5111437337,https://openalex.org/C127313418,9
A5111437337,https://openalex.org/C127413603,47
A5111437337,https://openalex.org/C1276947,3
A5111437337,https://openalex.org/C134306372,5
A5111437337,https://openalex.org/C136764020,21
A5111437337,https://openalex.org/C138885662,62
A5111437337,https://openalex.org/C142362112,18
A5111437337,https://openalex.org/C144024400,50
A5111437337,https://openalex.org/C144133560,51
A5111437337,https://openalex.org/C144237770,1
A5111437337,https://openalex.org/C151730666,14
A5111437337,https://openalex.org/C154945302,49
A5111437337,https://openalex.org/C15744967,71
A5111437337,https://openalex.org/C159985019,1
A5111437337,https://openalex.org/C161191863,10
A5111437337,https://openalex.org/C162324750,26
A5111437337,https://openalex.org/C17744445,49
A5111437337,https://openalex.org/C185592680,10
A5111437337,https://openalex.org/C192562407,3
A5111437337,https://openalex.org/C199360897,38
A5111437337,https://openalex.org/C199539241,32
A5111437337,https://openalex.org/C202444582,8
A5111437337,https://openalex.org/C205649164,10
A5111437337,https://openalex.org/C2524010,5
A5111437337,https://openalex.org/C2778805511,2
A5111437337,https://openalex.org/C33332235,4
A5111437337,https://openalex.org/C33923547,20
A5111437337,https://openalex.org/C41008148,180
A5111437337,https://openalex.org/C41895202,18
A5111437337,https://openalex.org/C54355233,1
A5111437337,https://openalex.org/C55493867,8
A5111437337,https://openalex.org/C62520636,13
A5111437337,https://openalex.org/C71924100,7
A5111437337,https://openalex.org/C74650414,1
A5111437337,https://openalex.org/C77805123,9
A5111437337,https://openalex.org/C86803240,21
A5111437337,https://openalex.org/C95457728,15
A5111437337,https://openalex.org/C97355855,3
A5111445595,https://openalex.org/C104317684,3
A5111445595,https://openalex.org/C105795698,2
A5111445595,https://openalex.org/C111472728,3
A5111445595,https://openalex.org/C120665830,19
A5111445595,https://openalex.org/C121332964,174
A5111445595,https://openalex.org/C121864883,15
A5111445595,https://openalex.org/C126322002,3
A5111445595,https://openalex.org/C127313418,3
A5111445595,https://openalex.org/C127413603,14
A5111445595,https://openalex.org/C1276947,7
A5111445595,https://openalex.org/C134306372,16
A5111445595,https://openalex.org/C136764020,5
A5111445595,https://openalex.org/C138885662,25
A5111445595,https://openalex.org/C142362112,2
A5111445595,https://openalex.org/C144024400,1
A5111445595,https://openalex.org/C144133560,1
A5111445595,https://openalex.org/C144237770,1
A5111445595,https://openalex.org/C151730666,1
A5111445595,https://openalex.org/C154945302,1
A5111445595,https://openalex.org/C15744967,11
A5111445595,https://openalex.org/C159985019,15
A5111445595,https://openalex.org/C161191863,4
A5111445595,https://openalex.org/C162324750,7
A5111445595,https://openalex.org/C17744445,5
A5111445595,https://openalex.org/C178790620,4
A5111445595,https://openalex.org/C184779094,50
A5111445595,https://openalex.org/C185592680,32
A5111445595,https://openalex.org/C192562407,76
A5111445595,https://openalex.org/C199360897,16
A5111445595,https://openalex.org/C199539241,1
A5111445595,https://openalex.org/C202444582,13
A5111445595,https://openalex.org/C205649164,1
A5111445595,https://openalex.org/C2524010,8
A5111445595,https://openalex.org/C2778805511,5
A5111445595,https://openalex.org/C33332235,16
A5111445595,https://openalex.org/C33923547,44
A5111445595,https://openalex.org/C41008148,50
A5111445595,https://openalex.org/C41895202,3
A5111445595,https://openalex.org/C54355233,3
A5111445595,https://openalex.org/C55493867,6
A5111445595,https://openalex.org/C57879066,2
A5111445595,https://openalex.org/C62520636,90
A5111445595,https://openalex.org/C71924100,5
A5111445595,https://openalex.org/C74650414,5
A5111445595,https://openalex.org/C77805123,6
A5111445595,https://openalex.org/C86803240,10
A5111445595,https://openalex.org/C95457728,1
A5111445595,https://openalex.org/C97355855,34
A5111514681,https://openalex.org/C105795698,36
A5111514681,https://openalex.org/C111472728,5
A5111514681,https://openalex.org/C120665830,1
A5111514681,https://openalex.org/C121332964,6
A5111514681,https://openalex.org/C127413603,1
A5111514681,https://openalex.org/C134306372,10
A5111514681,https://openalex.org/C136764020,1
A5111514681,https://openalex.org/C138885662,15
A5111514681,https://openalex.org/C142362112,1
A5111514681,https://openalex.org/C144024400,2
A5111514681,https://openalex.org/C144133560,1
A5111514681,https://openalex.org/C144237770,22
A5111514681,https://openalex.org/C149782125,28
A5111514681,https://openalex.org/C151730666,1
A5111514681,https://openalex.org/C154945302,13
A5111514681,https://openalex.org/C15744967,9
A5111514681,https://openalex.org/C161191863,3
A5111514681,https://openalex.org/C162324750,16
A5111514681,https://openalex.org/C17744445,7
A5111514681,https://openalex.org/C178790620,1
A5111514681,https://openalex.org/C185592680,4
A5111514681,https://openalex.org/C199360897,3
A5111514681,https://openalex.org/C199539241,4
A5111514681,https://openalex.org/C202444582,4
A5111514681,https://openalex.org/C205649164,2
A5111514681,https://openalex.org/C2524010,7
A5111514681,https://openalex.org/C33923547,61
A5111514681,https://openalex.org/C41008148,40
A5111514681,https://openalex.org/C41895202,5
A5111514681,https://openalex.org/C54355233,1
A5111514681,https://openalex.org/C55493867,1
A5111514681,https://openalex.org/C62520636,5
A5111514681,https://openalex.org/C71924100,7
A5111514681,https://openalex.org/C77805123,1
A5111514681,https://openalex.org/C86803240,5
A5111514681,https://openalex.org/C95457728,1
A5111543476,https://openalex.org/C104317684,3
A5111543476,https://openalex.org/C105795698,1
A5111543476,https://openalex.org/C111472728,13
A5111543476,https://openalex.org/C120665830,2
A5111543476,https://openalex.org/C121332964,12
A5111543476,https://openalex.org/C126322002,42
A5111543476,https://openalex.org/C127413603,13
A5111543476,https://openalex.org/C1276947,1
A5111543476,https://openalex.org/C134306372,6
A5111543476,https://openalex.org/C136764020,7
A5111543476,https://openalex.org/C138885662,24
A5111543476,https://openalex.org/C142362112,9
A5111543476,https://openalex.org/C144024400,11
A5111543476,https://openalex.org/C144133560,4
A5111543476,https://openalex.org/C151730666,6
A5111543476,https://openalex.org/C154945302,1
A5111543476,https://openalex.org/C15744967,97
A5111543476,https://openalex.org/C161191863,6
A5111543476,https://openalex.org/C162324750,10
A5111543476,https://openalex.org/C17744445,15
A5111543476,https://openalex.org/C178790620,3
A5111543476,https://openalex.org/C185592680,11
A5111543476,https://openalex.org/C199360897,1
A5111543476,https://openalex.org/C199539241,14
A5111543476,https://openalex.org/C2524010,2
A5111543476,https://openalex.org/C2778805511,2
A5111543476,https://openalex.org/C33923547,10
A5111543476,https://openalex.org/C41008148,30
A5111543476,https://openalex.org/C41895202,4
A5111543476,https://openalex.org/C54355233,7
A5111543476,https://openalex.org/C55493867,3
A5111543476,https://openalex.org/C57879066,1
A5111543476,https://openalex.org/C62520636,4
A5111543476,https://openalex.org/C71924100,122
A5111543476,https://openalex.org/C77805123,14
A5111543476,https://openalex.org/C86803240,29
A5111543476,https://openalex.org/C95457728,4
A5111543476,https://openalex.org/C97355855,2
A5111558429,https://openalex.org/C104317684,3
A5111558429,https://openalex.org/C105795698,1
A5111558429,https://openalex.org/C111472728,12
A5111558429,https://openalex.org/C121332964,26
A5111558429,https://openalex.org/C121864883,1
A5111558429,https://openalex.org/C126322002,1
A5111558429,https://openalex.org/C127313418,12
A5111558429,https://openalex.org/C127413603,5
A5111558429,https://openalex.org/C1276947,1
A5111558429,https://openalex.org/C134306372,61
A5111558429,https://openalex.org/C136764020,7
A5111558429,https://openalex.org/C138885662,19
A5111558429,https://openalex.org/C142362112,3
A5111558429,https://openalex.org/C144237770,16
A5111558429,https://openalex.org/C151730666,23
A5111558429,https://openalex.org/C154945302,35
A5111558429,https://openalex.org/C15744967,1
A5111558429,https://openalex.org/C161191863,57
A5111558429,https://openalex.org/C162324750,13
A5111558429,https://openalex.org/C17744445,6
A5111558429,https://openalex.org/C178790620,1
A5111558429,https://openalex.org/C185592680,8
A5111558429,https://openalex.org/C199360897,9
A5111558429,https://openalex.org/C199539241,5
A5111558429,https://openalex.org/C202444582,58
A5111558429,https://openalex.org/C205649164,2
A5111558429,https://openalex.org/C2524010,15
A5111558429,https://openalex.org/C2778805511,52
A5111558429,https://openalex.org/C33332235,2
A5111558429,https://openalex.org/C33923547,143
A5111558429,https://openalex.org/C41008148,116
A5111558429,https://openalex.org/C41895202,7
A5111558429,https://openalex.org/C54355233,4
A5111558429,https://openalex.org/C55493867,8
A5111558429,https://openalex.org/C62520636,15
A5111558429,https://openalex.org/C71924100,25
A5111558429,https://openalex.org/C74650414,2
A5111558429,https://openalex.org/C86803240,23
A5111558429,https://openalex.org/C95457728,10
A5111558429,https://openalex.org/C97355855,5
A5111631801,https://openalex.org/C104317684,3
A5111631801,https://openalex.org/C105795698,14
A5111631801,https://openalex.org/C111472728,29
A5111631801,https://openalex.org/C120665830,5
A5111631801,https://openalex.org/C121332964,28
A5111631801,https://openalex.org/C126322002,3
A5111631801,https://openalex.org/C127313418,4
A5111631801,https://openalex.org/C127413603,10
A5111631801,https://openalex.org/C1276947,1
A5111631801,https://openalex.org/C134306372,5
A5111631801,https://openalex.org/C136764020,5
A5111631801,https://openalex.org/C138885662,110
A5111631801,https://openalex.org/C142362112,10
A5111631801,https://openalex.org/C144024400,13
A5111631801,https://openalex.org/C144133560,1
A5111631801,https://openalex.org/C151730666,12
A5111631801,https://openalex.org/C154945302,76
A5111631801,https://openalex.org/C15744967,151
A5111631801,https://openalex.org/C159985019,1
A5111631801,https://openalex.org/C161191863,5
A5111631801,https://openalex.org/C162324750,7
A5111631801,https://openalex.org/C17744445,14
A5111631801,https://openalex.org/C178790620,3
A5111631801,https://openalex.org/C185592680,9
A5111631801,https://openalex.org/C192562407,1
A5111631801,https://openalex.org/C199360897,19
A5111631801,https://openalex.org/C199539241,12
A5111631801,https://openalex.org/C202444582,3
A5111631801,https://openalex.org/C205649164,3
A5111631801,https://openalex.org/C2524010,5
A5111631801,https://openalex.org/C2778805511,5
A5111631801,https://openalex.org/C33923547,44
A5111631801,https://openalex.org/C41008148,124
A5111631801,https://openalex.org/C41895202,86
A5111631801,https://openalex.org/C44870925,1
A5111631801,https://openalex.org/C55493867,6
A5111631801,https://openalex.org/C57879066,1
A5111631801,https://openalex.org/C62520636,5
A5111631801,https://openalex.org/C71924100,21
A5111631801,https://openalex.org/C77805123,17
A5111631801,https://openalex.org/C86803240,32
A5111631801,https://openalex.org/C95457728,9
A5111631801,https://openalex.org/C97355855,4
A5111705521,https://openalex.org/C104317684,3
A5111705521,https://openalex.org/C111472728,12
A5111705521,https://openalex.org/C121332964,5
A5111705521,https://openalex.org/C127413603,10
A5111705521,https://openalex.org/C1276947,1
A5111705521,https://openalex.org/C134306372,1
A5111705521,https://openalex.org/C136764020,10
A5111705521,https://openalex.org/C138885662,26
A5111705521,https://openalex.org/C142362112,1
A5111705521,https://openalex.org/C144024400,11
A5111705521,https://openalex.org/C144133560,9
A5111705521,https://openalex.org/C151730666,5
A5111705521,https://openalex.org/C154945302,1
A5111705521,https://openalex.org/C15744967,2
A5111705521,https://openalex.org/C161191863,33
A5111705521,https://openalex.org/C162324750,4
A5111705521,https://openalex.org/C17744445,22
A5111705521,https://openalex.org/C178790620,2
A5111705521,https://openalex.org/C185592680,11
A5111705521,https://openalex.org/C192562407,1
A5111705521,https://openalex.org/C199360897,11
A5111705521,https://openalex.org/C199539241,13
A5111705521,https://openalex.org/C205649164,5
A5111705521,https://openalex.org/C2778805511,5
A5111705521,https://openalex.org/C33923547,2
A5111705521,https://openalex.org/C41008148,63
A5111705521,https://openalex.org/C41895202,12
A5111705521,https://openalex.org/C44870925,1
A5111705521,https://openalex.org/C54355233,42
A5111705521,https://openalex.org/C55493867,10
A5111705521,https://openalex.org/C62520636,1
A5111705521,https://openalex.org/C71924100,11
A5111705521,https://openalex.org/C86803240,105
A5111705521,https://openalex.org/C95457728,12
A5111705521,https://openalex.org/C97355855,2
A5111719561,https://openalex.org/C104317684,6
A5111719561,https://openalex.org/C105795698,11
A5111719561,https://openalex.org/C111472728,14
A5111719561,https://openalex.org/C120665830,1
A5111719561,https://openalex.org/C121332964,98
A5111719561,https://openalex.org/C121864883,35
A5111719561,https://openalex.org/C127313418,3
A5111719561,https://openalex.org/C127413603,4
A5111719561,https://openalex.org/C134306372,17
A5111719561,https://openalex.org/C136764020,2
A5111719561,https://openalex.org/C138885662,30
A5111719561,https://openalex.org/C142362112,4
A5111719561,https://openalex.org/C144024400,2
A5111719561,https://openalex.org/C144237770,3
A5111719561,https://openalex.org/C151730666,4
A5111719561,https://openalex.org/C15744967,5
A5111719561,https://openalex.org/C159985019,2
A5111719561,https://openalex.org/C161191863,1
A5111719561,https://openalex.org/C162324750,7
A5111719561,https://openalex.org/C17744445,1
A5111719561,https://openalex.org/C178790620,3
A5111719561,https://openalex.org/C184779094,13
A5111719561,https://openalex.org/C185592680,10
A5111719561,https://openalex.org/C192562407,6
A5111719561,https://openalex.org/C199360897,7
A5111719561,https://openalex.org/C199539241,1
A5111719561,https://openalex.org/C202444582,5
A5111719561,https://openalex.org/C205649164,2
A5111719561,https://openalex.org/C2524010,10
A5111719561,https://openalex.org/C2778805511,1
A5111719561,https://openalex.org/C33332235,15
A5111719561,https://openalex.org/C33923547,45
A5111719561,https://openalex.org/C41008148,25
A5111719561,https://openalex.org/C41895202,3
A5111719561,https://openalex.org/C44870925,2
A5111719561,https://openalex.org/C54355233,3
A5111719561,https://openalex.org/C55493867,3
A5111719561,https://openalex.org/C57879066,14
A5111719561,https://openalex.org/C62520636,62
A5111719561,https://openalex.org/C71924100,2
A5111719561,https://openalex.org/C74650414,16
A5111719561,https://openalex.org/C86803240,13
A5111719561,https://openalex.org/C95457728,2
A5111719561,https://openalex.org/C97355855,30
A5111775925,https://openalex.org/C104317684,8
A5111775925,https://openalex.org/C105795698,46
A5111775925,https://openalex.org/C111472728,4
A5111775925,https://openalex.org/C121332964,13
A5111775925,https://openalex.org/C121864883,1
A5111775925,https://openalex.org/C126322002,1
A5111775925,https://openalex.org/C127313418,6
A5111775925,https://openalex.org/C127413603,5
A5111775925,https://openalex.org/C134306372,9
A5111775925,https://openalex.org/C138885662,7
A5111775925,https://openalex.org/C144024400,9
A5111775925,https://openalex.org/C144133560,3
A5111775925,https://openalex.org/C144237770,3
A5111775925,https://openalex.org/C149782125,11
A5111775925,https://openalex.org/C151730666,8
A5111775925,https://openalex.org/C154945302,4
A5111775925,https://openalex.org/C15744967,11
A5111775925,https://openalex.org/C159985019,1
A5111775925,https://openalex.org/C161191863,11
A5111775925,https://openalex.org/C162324750,5
A5111775925,https://openalex.org/C17744445,6
A5111775925,https://openalex.org/C178790620,3
A5111775925,https://openalex.org/C185592680,8
A5111775925,https://openalex.org/C192562407,4
A5111775925,https://openalex.org/C199360897,6
A5111775925,https://openalex.org/C199539241,6
A5111775925,https://openalex.org/C202444582,1
A5111775925,https://openalex.org/C205649164,4
A5111775925,https://openalex.org/C2524010,9
A5111775925,https://openalex.org/C2778805511,9
A5111775925,https://openalex.org/C33923547,59
A5111775925,https://openalex.org/C41008148,33
A5111775925,https://openalex.org/C41895202,3
A5111775925,https://openalex.org/C44870925,1
A5111775925,https://openalex.org/C54355233,10
A5111775925,https://openalex.org/C55493867,2
A5111775925,https://openalex.org/C57879066,2
A5111775925,https://openalex.org/C62520636,1
A5111775925,https://openalex.org/C71924100,8
A5111775925,https://openalex.org/C77805123,4
A5111775925,https://openalex.org/C86803240,28
A5111775925,https://openalex.org/C95457728,10
A5111775925,https://openalex.org/C97355855,7
A5111805874,https://openalex.org/C104317684,2
A5111805874,https://openalex.org/C105795698,22
A5111805874,https://openalex.org/C111472728,13
A5111805874,https://openalex.org/C120665830,7
A5111805874,https://openalex.org/C121332964,135
A5111805874,https://openalex.org/C121864883,3
A5111805874,https://openalex.org/C126322002,4
A5111805874,https://openalex.org/C127313418,11
A5111805874,https://openalex.org/C127413603,94
A5111805874,https://openalex.org/C1276947,1
A5111805874,https://openalex.org/C134306372,57
A5111805874,https://openalex.org/C136764020,1
A5111805874,https://openalex.org/C138885662,74
A5111805874,https://openalex.org/C142362112,3
A5111805874,https://openalex.org/C144024400,1
A5111805874,https://openalex.org/C144133560,2
A5111805874,https://openalex.org/C144237770,12
A5111805874,https://openalex.org/C151730666,2
A5111805874,https://openalex.org/C154945302,8
A5111805874,https://openalex.org/C15744967,12
A5111805874,https://openalex.org/C159985019,62
A5111805874,https://openalex.org/C161191863,5
A5111805874,https://openalex.org/C162324750,10
A5111805874,https://openalex.org/C17744445,17
A5111805874,https://openalex.org/C178790620,4
A5111805874,https://openalex.org/C185592680,11
A5111805874,https://openalex.org/C192562407,80
A5111805874,https://openalex.org/C199360897,13
A5111805874,https://openalex.org/C199539241,15
A5111805874,https://openalex.org/C202444582,11
A5111805874,https://openalex.org/C2524010,53
A5111805874,https://openalex.org/C2778805511,4
A5111805874,https://openalex.org/C33332235,1
A5111805874,https://openalex.org/C33923547,150
A5111805874,https://openalex.org/C41008148,92
A5111805874,https://openalex.org/C41895202,31
A5111805874,https://openalex.org/C55493867,2
A5111805874,https://openalex.org/C57879066,55
A5111805874,https://openalex.org/C62520636,18
A5111805874,https://openalex.org/C71924100,38
A5111805874,https://openalex.org/C74650414,31
A5111805874,https://openalex.org/C77805123,2
A5111805874,https://openalex.org/C86803240,6
A5111805874,https://openalex.org/C95457728,5
A5111805874,https://openalex.org/C97355855,37
A5111864596,https://openalex.org/C104317684,5
A5111864596,https://openalex.org/C105795698,8
A5111864596,https://openalex.org/C111472728,5
A5111864596,https://openalex.org/C120665830,31
A5111864596,https://openalex.org/C121332964,207
A5111864596,https://openalex.org/C121864883,14
A5111864596,https://openalex.org/C126322002,20
A5111864596,https://openalex.org/C127313418,2
A5111864596,https://openalex.org/C127413603,31
A5111864596,https://openalex.org/C1276947,3
A5111864596,https://openalex.org/C134306372,33
A5111864596,https://openalex.org/C136764020,66
A5111864596,https://openalex.org/C138885662,29
A5111864596,https://openalex.org/C142362112,9
A5111864596,https://openalex.org/C144024400,4
A5111864596,https://openalex.org/C144133560,4
A5111864596,https://openalex.org/C144237770,1
A5111864596,https://openalex.org/C154945302,2
A5111864596,https://openalex.org/C15744967,76
A5111864596,https://openalex.org/C159985019,169
A5111864596,https://openalex.org/C161191863,64
A5111864596,https://openalex.org/C162324750,4
A5111864596,https://openalex.org/C17744445,8
A5111864596,https://openalex.org/C178790620,134
A5111864596,https://openalex.org/C184779094,2
A5111864596,https://openalex.org/C185592680,224
A5111864596,https://openalex.org/C192562407,208
A5111864596,https://openalex.org/C199360897,68
A5111864596,https://openalex.org/C199539241,6
A5111864596,https://openalex.org/C202444582,2
A5111864596,https://openalex.org/C205649164,1
A5111864596,https://openalex.org/C2524010,11
A5111864596,https://openalex.org/C2778805511,89
A5111864596,https://openalex.org/C33332235,1
A5111864596,https://openalex.org/C33923547,57
A5111864596,https://openalex.org/C41008148,116
A5111864596,https://openalex.org/C41895202,21
A5111864596,https://openalex.org/C44870925,3
A5111864596,https://openalex.org/C54355233,2
A5111864596,https://openalex.org/C55493867,60
A5111864596,https://openalex.org/C57879066,10
A5111864596,https://openalex.org/C62520636,51
A5111864596,https://openalex.org/C71924100,42
A5111864596,https://openalex.org/C74650414,6
A5111864596,https://openalex.org/C77805123,71
A5111864596,https://openalex.org/C86803240,58
A5111864596,https://openalex.org/C95457728,8
A5111864596,https://openalex.org/C97355855,151
A5111906093,https://openalex.org/C104317684,3
A5111906093,https://openalex.org/C105795698,1
A5111906093,https://openalex.org/C111472728,3
A5111906093,https://openalex.org/C120665830,8
A5111906093,https://openalex.org/C121332964,68
A5111906093,https://openalex.org/C121864883,7
A5111906093,https://openalex.org/C126322002,1
A5111906093,https://openalex.org/C127313418,1
A5111906093,https://openalex.org/C127413603,9
A5111906093,https://openalex.org/C134306372,8
A5111906093,https://openalex.org/C136764020,6
A5111906093,https://openalex.org/C138885662,9
A5111906093,https://openalex.org/C142362112,1
A5111906093,https://openalex.org/C144133560,2
A5111906093,https://openalex.org/C144237770,1
A5111906093,https://openalex.org/C15744967,2
A5111906093,https://openalex.org/C159985019,2
A5111906093,https://openalex.org/C161191863,3
A5111906093,https://openalex.org/C162324750,4
A5111906093,https://openalex.org/C17744445,4
A5111906093,https://openalex.org/C178790620,3
A5111906093,https://openalex.org/C184779094,8
A5111906093,https://openalex.org/C185592680,13
A5111906093,https://openalex.org/C192562407,8
A5111906093,https://openalex.org/C199360897,17
A5111906093,https://openalex.org/C199539241,4
A5111906093,https://openalex.org/C202444582,7
A5111906093,https://openalex.org/C205649164,6
A5111906093,https://openalex.org/C2524010,9
A5111906093,https://openalex.org/C2778805511,6
A5111906093,https://openalex.org/C33332235,27
A5111906093,https://openalex.org/C33923547,21
A5111906093,https://openalex.org/C41008148,31
A5111906093,https://openalex.org/C41895202,3
A5111906093,https://openalex.org/C54355233,1
A5111906093,https://openalex.org/C55493867,3
A5111906093,https://openalex.org/C57879066,4
A5111906093,https://openalex.org/C62520636,40
A5111906093,https://openalex.org/C71924100,5
A5111906093,https://openalex.org/C74650414,21
A5111906093,https://openalex.org/C86803240,6
A5111906093,https://openalex.org/C95457728,1
A5111906093,https://openalex.org/C97355855,8
A5111913130,https://openalex.org/C120665830,3
A5111913130,https://openalex.org/C121332964,6
A5111913130,https://openalex.org/C138885662,1
A5111913130,https://openalex.org/C15744967,1
A5111913130,https://openalex.org/C159985019,1
A5111913130,https://openalex.org/C161191863,1
A5111913130,https://openalex.org/C162324750,2
A5111913130,https://openalex.org/C178790620,2
A5111913130,https://openalex.org/C184779094,1
A5111913130,https://openalex.org/C185592680,4
A5111913130,https://openalex.org/C192562407,4
A5111913130,https://openalex.org/C199360897,1
A5111913130,https://openalex.org/C2778805511,1
A5111913130,https://openalex.org/C33923547,2
A5111913130,https://openalex.org/C41008148,2
A5111913130,https://openalex.org/C41895202,1
A5111913130,https://openalex.org/C62520636,2
A5111913130,https://openalex.org/C97355855,2
A5112001494,https://openalex.org/C105795698,1
A5112001494,https://openalex.org/C111472728,2
A5112001494,https://openalex.org/C120665830,5
A5112001494,https://openalex.org/C121332964,58
A5112001494,https://openalex.org/C126322002,2
A5112001494,https://openalex.org/C127313418,12
A5112001494,https://openalex.org/C127413603,75
A5112001494,https://openalex.org/C1276947,1
A5112001494,https://openalex.org/C134306372,13
A5112001494,https://openalex.org/C136764020,4
A5112001494,https://openalex.org/C138885662,22
A5112001494,https://openalex.org/C142362112,4
A5112001494,https://openalex.org/C144133560,2
A5112001494,https://openalex.org/C144237770,5
A5112001494,https://openalex.org/C149782125,1
A5112001494,https://openalex.org/C151730666,2
A5112001494,https://openalex.org/C154945302,4
A5112001494,https://openalex.org/C15744967,10
A5112001494,https://openalex.org/C159985019,33
A5112001494,https://openalex.org/C161191863,3
A5112001494,https://openalex.org/C162324750,5
A5112001494,https://openalex.org/C17744445,6
A5112001494,https://openalex.org/C178790620,1
A5112001494,https://openalex.org/C185592680,2
A5112001494,https://openalex.org/C192562407,60
A5112001494,https://openalex.org/C199360897,5
A5112001494,https://openalex.org/C199539241,5
A5112001494,https://openalex.org/C202444582,4
A5112001494,https://openalex.org/C205649164,3
A5112001494,https://openalex.org/C2524010,19
A5112001494,https://openalex.org/C2778805511,2
A5112001494,https://openalex.org/C33923547,51
A5112001494,https://openalex.org/C41008148,43
A5112001494,https://openalex.org/C41895202,12
A5112001494,https://openalex.org/C57879066,20
A5112001494,https://openalex.org/C62520636,6
A5112001494,https://openalex.org/C71924100,17
A5112001494,https://openalex.org/C74650414,11
A5112001494,https://openalex.org/C86803240,4
A5112001494,https://openalex.org/C95457728,5
A5112001494,https://openalex.org/C97355855,9
A5112089062,https://openalex.org/C104317684,1
A5112089062,https://openalex.org/C105795698,7
A5112089062,https://openalex.org/C111472728,12
A5112089062,https://openalex.org/C120665830,31
A5112089062,https://openalex.org/C121332964,113
A5112089062,https://openalex.org/C121864883,1
A5112089062,https://openalex.org/C126322002,51
A5112089062,https://openalex.org/C127313418,3
A5112089062,https://openalex.org/C127413603,37
A5112089062,https://openalex.org/C1276947,1
A5112089062,https://openalex.org/C134306372,8
A5112089062,https://openalex.org/C136764020,13
A5112089062,https://openalex.org/C138885662,39
A5112089062,https://openalex.org/C142362112,11
A5112089062,https://openalex.org/C144024400,19
A5112089062,https://openalex.org/C144133560,4
A5112089062,https://openalex.org/C144237770,1
A5112089062,https://openalex.org/C151730666,4
A5112089062,https://openalex.org/C154945302,7
A5112089062,https://openalex.org/C15744967,39
A5112089062,https://openalex.org/C159985019,15
A5112089062,https://openalex.org/C161191863,48
A5112089062,https://openalex.org/C162324750,21
A5112089062,https://openalex.org/C17744445,34
A5112089062,https://openalex.org/C178790620,35
A5112089062,https://openalex.org/C184779094,3
A5112089062,https://openalex.org/C185592680,91
A5112089062,https://openalex.org/C192562407,40
A5112089062,https://openalex.org/C199360897,14
A5112089062,https://openalex.org/C199539241,23
A5112089062,https://openalex.org/C202444582,1
A5112089062,https://openalex.org/C205649164,1
A5112089062,https://openalex.org/C2524010,13
A5112089062,https://openalex.org/C2778805511,45
A5112089062,https://openalex.org/C33923547,52
A5112089062,https://openalex.org/C41008148,96
A5112089062,https://openalex.org/C41895202,15
A5112089062,https://openalex.org/C54355233,17
A5112089062,https://openalex.org/C55493867,22
A5112089062,https://openalex.org/C57879066,44
A5112089062,https://openalex.org/C62520636,28
A5112089062,https://openalex.org/C71924100,82
A5112089062,https://openalex.org/C74650414,15
A5112089062,https://openalex.org/C77805123,7
A5112089062,https://openalex.org/C86803240,69
A5112089062,https://openalex.org/C95457728,17
A5112089062,https://openalex.org/C97355855,61
A5112135752,https://openalex.org/C104317684,4
A5112135752,https://openalex.org/C105795698,3
A5112135752,https://openalex.org/C120665830,2
A5112135752,https://openalex.org/C121332964,9
A5112135752,https://openalex.org/C126322002,7
A5112135752,https://openalex.org/C136764020,2
A5112135752,https://openalex.org/C142362112,2
A5112135752,https://openalex.org/C144024400,1
A5112135752,https://openalex.org/C151730666,3
A5112135752,https://openalex.org/C154945302,1
A5112135752,https://openalex.org/C15744967,1
A5112135752,https://openalex.org/C161191863,1
A5112135752,https://openalex.org/C178790620,11
A5112135752,https://openalex.org/C185592680,46
A5112135752,https://openalex.org/C199360897,3
A5112135752,https://openalex.org/C202444582,1
A5112135752,https://openalex.org/C205649164,3
A5112135752,https://openalex.org/C2524010,3
A5112135752,https://openalex.org/C2778805511,2
A5112135752,https://openalex.org/C33923547,6
A5112135752,https://openalex.org/C41008148,7
A5112135752,https://openalex.org/C54355233,4
A5112135752,https://openalex.org/C55493867,29
A5112135752,https://openalex.org/C62520636,1
A5112135752,https://openalex.org/C71924100,13
A5112135752,https://openalex.org/C86803240,36
A5112135752,https://openalex.org/C97355855,7
A5112358123,https://openalex.org/C104317684,3
A5112358123,https://openalex.org/C105795698,2
A5112358123,https://openalex.org/C111472728,7
A5112358123,https://openalex.org/C120665830,13
A5112358123,https://openalex.org/C121332964,112
A5112358123,https://openalex.org/C121864883,3
A5112358123,https://openalex.org/C126322002,1
A5112358123,https://openalex.org/C127313418,16
A5112358123,https://openalex.org/C127413603,35
A5112358123,https://openalex.org/C1276947,9
A5112358123,https://openalex.org/C134306372,3
A5112358123,https://openalex.org/C136764020,29
A5112358123,https://openalex.org/C138885662,20
A5112358123,https://openalex.org/C142362112,5
A5112358123,https://openalex.org/C144024400,2
A5112358123,https://openalex.org/C144133560,5
A5112358123,https://openalex.org/C151730666,2
A5112358123,https://openalex.org/C154945302,6
A5112358123,https://openalex.org/C15744967,12
A5112358123,https://openalex.org/C159985019,26
A5112358123,https://openalex.org/C161191863,24
A5112358123,https://openalex.org/C162324750,7
A5112358123,https://openalex.org/C17744445,11
A5112358123,https://openalex.org/C178790620,44
A5112358123,https://openalex.org/C184779094,35
A5112358123,https://openalex.org/C185592680,98
A5112358123,https://openalex.org/C192562407,84
A5112358123,https://openalex.org/C199360897,38
A5112358123,https://openalex.org/C199539241,8
A5112358123,https://openalex.org/C202444582,1
A5112358123,https://openalex.org/C205649164,5
A5112358123,https://openalex.org/C2524010,14
A5112358123,https://openalex.org/C2778805511,32
A5112358123,https://openalex.org/C33332235,4
A5112358123,https://openalex.org/C33923547,23
A5112358123,https://openalex.org/C41008148,77
A5112358123,https://openalex.org/C41895202,7
A5112358123,https://openalex.org/C44870925,1
A5112358123,https://openalex.org/C54355233,2
A5112358123,https://openalex.org/C55493867,14
A5112358123,https://openalex.org/C57879066,9
A5112358123,https://openalex.org/C62520636,52
A5112358123,https://openalex.org/C71924100,4
A5112358123,https://openalex.org/C74650414,6
A5112358123,https://openalex.org/C77805123,1
A5112358123,https://openalex.org/C86803240,19
A5112358123,https://openalex.org/C95457728,4
A5112358123,https://openalex.org/C97355855,31
A5112523816,https://openalex.org/C104317684,43
A5112523816,https://openalex.org/C105795698,112
A5112523816,https://openalex.org/C111472728,57
A5112523816,https://openalex.org/C120665830,3
A5112523816,https://openalex.org/C121332964,38
A5112523816,https://openalex.org/C121864883,3
A5112523816,https://openalex.org/C126322002,9
A5112523816,https://openalex.org/C127313418,32
A5112523816,https://openalex.org/C127413603,36
A5112523816,https://openalex.org/C1276947,4
A5112523816,https://openalex.org/C134306372,28
A5112523816,https://openalex.org/C136764020,5
A5112523816,https://openalex.org/C138885662,123
A5112523816,https://openalex.org/C142362112,36
A5112523816,https://openalex.org/C144024400,83
A5112523816,https://openalex.org/C144133560,30
A5112523816,https://openalex.org/C144237770,20
A5112523816,https://openalex.org/C149782125,41
A5112523816,https://openalex.org/C151730666,29
A5112523816,https://openalex.org/C154945302,57
A5112523816,https://openalex.org/C15744967,49
A5112523816,https://openalex.org/C159985019,3
A5112523816,https://openalex.org/C161191863,46
A5112523816,https://openalex.org/C162324750,50
A5112523816,https://openalex.org/C17744445,90
A5112523816,https://openalex.org/C178790620,6
A5112523816,https://openalex.org/C185592680,15
A5112523816,https://openalex.org/C192562407,6
A5112523816,https://openalex.org/C199360897,14
A5112523816,https://openalex.org/C199539241,60
A5112523816,https://openalex.org/C202444582,6
A5112523816,https://openalex.org/C205649164,130
A5112523816,https://openalex.org/C2524010,19
A5112523816,https://openalex.org/C2778805511,12
A5112523816,https://openalex.org/C33332235,1
A5112523816,https://openalex.org/C33923547,252
A5112523816,https://openalex.org/C41008148,288
A5112523816,https://openalex.org/C41895202,24
A5112523816,https://openalex.org/C44870925,4
A5112523816,https://openalex.org/C54355233,61
A5112523816,https://openalex.org/C55493867,7
A5112523816,https://openalex.org/C57879066,1
A5112523816,https://openalex.org/C62520636,9
A5112523816,https://openalex.org/C71924100,74
A5112523816,https://openalex.org/C74650414,1
A5112523816,https://openalex.org/C77805123,9
A5112523816,https://openalex.org/C86803240,153
A5112523816,https://openalex.org/C95457728,136
A5112523816,https://openalex.org/C97355855,9
A5112784443,https://openalex.org/C104317684,3
A5112784443,https://openalex.org/C105795698,27
A5112784443,https://openalex.org/C111472728,21
A5112784443,https://openalex.org/C121332964,46
A5112784443,https://openalex.org/C126322002,3
A5112784443,https://openalex.org/C127313418,18
A5112784443,https://openalex.org/C127413603,19
A5112784443,https://openalex.org/C1276947,3
A5112784443,https://openalex.org/C134306372,14
A5112784443,https://openalex.org/C136764020,12
A5112784443,https://openalex.org/C138885662,75
A5112784443,https://openalex.org/C142362112,14
A5112784443,https://openalex.org/C144024400,41
A5112784443,https://openalex.org/C144133560,75
A5112784443,https://openalex.org/C144237770,41
A5112784443,https://openalex.org/C149782125,61
A5112784443,https://openalex.org/C151730666,23
A5112784443,https://openalex.org/C154945302,7
A5112784443,https://openalex.org/C15744967,31
A5112784443,https://openalex.org/C159985019,1
A5112784443,https://openalex.org/C161191863,23
A5112784443,https://openalex.org/C162324750,365
A5112784443,https://openalex.org/C17744445,135
A5112784443,https://openalex.org/C185592680,4
A5112784443,https://openalex.org/C192562407,4
A5112784443,https://openalex.org/C199360897,7
A5112784443,https://openalex.org/C199539241,97
A5112784443,https://openalex.org/C202444582,1
A5112784443,https://openalex.org/C205649164,14
A5112784443,https://openalex.org/C2524010,8
A5112784443,https://openalex.org/C2778805511,7
A5112784443,https://openalex.org/C33332235,34
A5112784443,https://openalex.org/C33923547,65
A5112784443,https://openalex.org/C41008148,148
A5112784443,https://openalex.org/C41895202,20
A5112784443,https://openalex.org/C55493867,3
A5112784443,https://openalex.org/C62520636,3
A5112784443,https://openalex.org/C71924100,9
A5112784443,https://openalex.org/C77805123,3
A5112784443,https://openalex.org/C86803240,24
A5112784443,https://openalex.org/C95457728,54
A5112784443,https://openalex.org/C97355855,4
A5113599985,https://openalex.org/C104317684,269
A5113599985,https://openalex.org/C105795698,10
A5113599985,https://openalex.org/C111472728,4
A5113599985,https://openalex.org/C120665830,20
A5113599985,https://openalex.org/C121332964,77
A5113599985,https://openalex.org/C121864883,1
A5113599985,https://openalex.org/C126322002,36
A5113599985,https://openalex.org/C127313418,2
A5113599985,https://openalex.org/C127413603,20
A5113599985,https://openalex.org/C1276947,6
A5113599985,https://openalex.org/C134306372,4
A5113599985,https://openalex.org/C136764020,19
A5113599985,https://openalex.org/C138885662,22
A5113599985,https://openalex.org/C142362112,5
A5113599985,https://openalex.org/C144024400,17
A5113599985,https://openalex.org/C144133560,3
A5113599985,https://openalex.org/C151730666,6
A5113599985,https://openalex.org/C154945302,19
A5113599985,https://openalex.org/C15744967,17
A5113599985,https://openalex.org/C159985019,2
A5113599985,https://openalex.org/C161191863,32
A5113599985,https://openalex.org/C162324750,5
A5113599985,https://openalex.org/C17744445,11
A5113599985,https://openalex.org/C178790620,64
A5113599985,https://openalex.org/C184779094,3
A5113599985,https://openalex.org/C185592680,202
A5113599985,https://openalex.org/C192562407,30
A5113599985,https://openalex.org/C199360897,26
A5113599985,https://openalex.org/C199539241,8
A5113599985,https://openalex.org/C202444582,6
A5113599985,https://openalex.org/C205649164,3
A5113599985,https://openalex.org/C2524010,6
A5113599985,https://openalex.org/C2778805511,19
A5113599985,https://openalex.org/C33923547,30
A5113599985,https://openalex.org/C41008148,139
A5113599985,https://openalex.org/C41895202,10
A5113599985,https://openalex.org/C54355233,200
A5113599985,https://openalex.org/C55493867,167
A5113599985,https://openalex.org/C62520636,39
A5113599985,https://openalex.org/C71924100,74
A5113599985,https://openalex.org/C77805123,1
A5113599985,https://openalex.org/C86803240,330
A5113599985,https://openalex.org/C95457728,8
A5113599985,https://openalex.org/C97355855,4
A5113678219,https://openalex.org/C104317684,3
A5113678219,https://openalex.org/C111472728,1
A5113678219,https://openalex.org/C120665830,6
A5113678219,https://openalex.org/C121332964,37
A5113678219,https://openalex.org/C126322002,14
A5113678219,https://openalex.org/C127313418,1
A5113678219,https://openalex.org/C127413603,4
A5113678219,https://openalex.org/C1276947,1
A5113678219,https://openalex.org/C134306372,7
A5113678219,https://openalex.org/C136764020,3
A5113678219,https://openalex.org/C138885662,8
A5113678219,https://openalex.org/C142362112,1
A5113678219,https://openalex.org/C144024400,1
A5113678219,https://openalex.org/C144133560,1
A5113678219,https://openalex.org/C144237770,1
A5113678219,https://openalex.org/C151730666,5
A5113678219,https://openalex.org/C15744967,14
A5113678219,https://openalex.org/C159985019,14
A5113678219,https://openalex.org/C161191863,10
A5113678219,https://openalex.org/C162324750,4
A5113678219,https://openalex.org/C17744445,1
A5113678219,https://openalex.org/C178790620,12
A5113678219,https://openalex.org/C184779094,1
A5113678219,https://openalex.org/C185592680,40
A5113678219,https://openalex.org/C192562407,18
A5113678219,https://openalex.org/C199360897,2
A5113678219,https://openalex.org/C2524010,2
A5113678219,https://openalex.org/C2778805511,11
A5113678219,https://openalex.org/C33332235,1
A5113678219,https://openalex.org/C33923547,11
A5113678219,https://openalex.org/C41008148,26
A5113678219,https://openalex.org/C41895202,4
A5113678219,https://openalex.org/C54355233,2
A5113678219,https://openalex.org/C55493867,18
A5113678219,https://openalex.org/C57879066,8
A5113678219,https://openalex.org/C62520636,15
A5113678219,https://openalex.org/C71924100,23
A5113678219,https://openalex.org/C74650414,3
A5113678219,https://openalex.org/C77805123,3
A5113678219,https://openalex.org/C86803240,41
A5113678219,https://openalex.org/C97355855,11
A5114007683,https://openalex.org/C104317684,56
A5114007683,https://openalex.org/C111472728,1
A5114007683,https://openalex.org/C121332964,6
A5114007683,https://openalex.org/C126322002,4
A5114007683,https://openalex.org/C127313418,1
A5114007683,https://openalex.org/C127413603,1
A5114007683,https://openalex.org/C1276947,4
A5114007683,https://openalex.org/C134306372,1
A5114007683,https://openalex.org/C136764020,24
A5114007683,https://openalex.org/C138885662,2
A5114007683,https://openalex.org/C142362112,1
A5114007683,https://openalex.org/C151730666,3
A5114007683,https://openalex.org/C161191863,26
A5114007683,https://openalex.org/C17744445,1
A5114007683,https://openalex.org/C178790620,8
A5114007683,https://openalex.org/C185592680,48
A5114007683,https://openalex.org/C192562407,1
A5114007683,https://openalex.org/C199360897,24
A5114007683,https://openalex.org/C2778805511,27
A5114007683,https://openalex.org/C33923547,2
A5114007683,https://openalex.org/C41008148,32
A5114007683,https://openalex.org/C54355233,37
A5114007683,https://openalex.org/C55493867,44
A5114007683,https://openalex.org/C71924100,7
A5114007683,https://openalex.org/C74650414,1
A5114007683,https://openalex.org/C86803240,64
A5114376371,https://openalex.org/C104317684,22
A5114376371,https://openalex.org/C105795698,8
A5114376371,https://openalex.org/C111472728,1
A5114376371,https://openalex.org/C120665830,16
A5114376371,https://openalex.org/C121332964,42
A5114376371,https://openalex.org/C121864883,2
A5114376371,https://openalex.org/C126322002,2
A5114376371,https://openalex.org/C127313418,4
A5114376371,https://openalex.org/C127413603,9
A5114376371,https://openalex.org/C1276947,2
A5114376371,https://openalex.org/C134306372,8
A5114376371,https://openalex.org/C138885662,4
A5114376371,https://openalex.org/C142362112,14
A5114376371,https://openalex.org/C144024400,2
A5114376371,https://openalex.org/C144237770,2
A5114376371,https://openalex.org/C149782125,1
A5114376371,https://openalex.org/C151730666,3
A5114376371,https://openalex.org/C154945302,2
A5114376371,https://openalex.org/C159985019,6
A5114376371,https://openalex.org/C161191863,6
A5114376371,https://openalex.org/C162324750,1
A5114376371,https://openalex.org/C17744445,3
A5114376371,https://openalex.org/C178790620,17
A5114376371,https://openalex.org/C184779094,2
A5114376371,https://openalex.org/C185592680,41
A5114376371,https://openalex.org/C192562407,26
A5114376371,https://openalex.org/C199360897,5
A5114376371,https://openalex.org/C199539241,3
A5114376371,https://openalex.org/C202444582,20
A5114376371,https://openalex.org/C205649164,3
A5114376371,https://openalex.org/C2524010,8
A5114376371,https://openalex.org/C33923547,29
A5114376371,https://openalex.org/C41008148,43
A5114376371,https://openalex.org/C41895202,2
A5114376371,https://openalex.org/C44870925,1
A5114376371,https://openalex.org/C54355233,14
A5114376371,https://openalex.org/C55493867,31
A5114376371,https://openalex.org/C62520636,16
A5114376371,https://openalex.org/C71924100,6
A5114376371,https://openalex.org/C86803240,35
A5114376371,https://openalex.org/C95457728,4
A5114376371,https://openalex.org/C97355855,5
