iso,country,discipline,filter_path,from_year,count,years_json
AE,United Arab Emirates,History,topics.subfield.id:https://openalex.org/subfields/1202,1990,430,"{""2026"": 67}"
AE,United Arab Emirates,Political Science,topics.subfield.id:https://openalex.org/subfields/3320,1990,4235,"{""2026"": 498}"
AE,United Arab Emirates,Law,topics.subfield.id:https://openalex.org/subfields/3308,1990,622,"{""2026"": 118}"
AE,United Arab Emirates,Philosophy,topics.subfield.id:https://openalex.org/subfields/1211,1990,803,"{""2026"": 102}"
AE,United Arab Emirates,Linguistics,topics.subfield.id:https://openalex.org/subfields/1203|https://openalex.org/subfields/3310,1990,1445,"{""2025"": 177}"
AE,United Arab Emirates,Anthropology,topics.subfield.id:https://openalex.org/subfields/3314,1990,614,"{""2025"": 63}"
AE,United Arab Emirates,Archaeology,concepts.id:https://openalex.org/C166957645,1990,9498,"{""2023"": 1206}"
AE,United Arab Emirates,Evolutionary Biology,topics.subfield.id:https://openalex.org/subfields/1105,1990,1042,"{""2025"": 129}"
AE,United Arab Emirates,Botany,concepts.id:https://openalex.org/C59822182,1990,3790,"{""2023"": 456}"
AE,United Arab Emirates,Tropical,concepts.id:https://openalex.org/C185032368,1990,34,"{""2026"": 13}"
AE,United Arab Emirates,Mining,concepts.id:https://openalex.org/C16674752,1990,371,"{""2025"": 76}"
AE,United Arab Emirates,Materials Science,topics.field.id:https://openalex.org/fields/25,1990,14222,"{""2025"": 2131}"
AE,United Arab Emirates,Computer Science,topics.field.id:https://openalex.org/fields/17,1990,42955,"{""2025"": 6131}"
AE,United Arab Emirates,Physics and Astronomy,topics.field.id:https://openalex.org/fields/31,1990,9112,"{""2025"": 1072}"
AE,United Arab Emirates,Mathematics,topics.field.id:https://openalex.org/fields/26,1990,6037,"{""2021"": 654}"
AE,United Arab Emirates,Chemistry,topics.field.id:https://openalex.org/fields/16,1990,6188,"{""2025"": 751}"
AE,United Arab Emirates,Engineering,topics.field.id:https://openalex.org/fields/22,1990,65750,"{""2025"": 8712}"
AG,Antigua and Barbuda,History,topics.subfield.id:https://openalex.org/subfields/1202,1990,1,"{""2025"": 1}"
AG,Antigua and Barbuda,Political Science,topics.subfield.id:https://openalex.org/subfields/3320,1990,1,"{""2021"": 1}"
AG,Antigua and Barbuda,Law,topics.subfield.id:https://openalex.org/subfields/3308,1990,0,{}
AG,Antigua and Barbuda,Philosophy,topics.subfield.id:https://openalex.org/subfields/1211,1990,2,"{""2020"": 2}"
AG,Antigua and Barbuda,Linguistics,topics.subfield.id:https://openalex.org/subfields/1203|https://openalex.org/subfields/3310,1990,0,{}
AG,Antigua and Barbuda,Anthropology,topics.subfield.id:https://openalex.org/subfields/3314,1990,0,{}
AG,Antigua and Barbuda,Archaeology,concepts.id:https://openalex.org/C166957645,1990,9,"{""2023"": 2}"
AG,Antigua and Barbuda,Evolutionary Biology,topics.subfield.id:https://openalex.org/subfields/1105,1990,0,{}
AG,Antigua and Barbuda,Botany,concepts.id:https://openalex.org/C59822182,1990,13,"{""2013"": 2}"
AG,Antigua and Barbuda,Tropical,concepts.id:https://openalex.org/C185032368,1990,0,{}
AG,Antigua and Barbuda,Mining,concepts.id:https://openalex.org/C16674752,1990,0,{}
AG,Antigua and Barbuda,Materials Science,topics.field.id:https://openalex.org/fields/25,1990,9,"{""2023"": 3}"
AG,Antigua and Barbuda,Computer Science,topics.field.id:https://openalex.org/fields/17,1990,24,"{""2023"": 5}"
AG,Antigua and Barbuda,Physics and Astronomy,topics.field.id:https://openalex.org/fields/31,1990,3,"{""2023"": 2}"
AG,Antigua and Barbuda,Mathematics,topics.field.id:https://openalex.org/fields/26,1990,5,"{""2010"": 1}"
AG,Antigua and Barbuda,Chemistry,topics.field.id:https://openalex.org/fields/16,1990,8,"{""2025"": 3}"
AG,Antigua and Barbuda,Engineering,topics.field.id:https://openalex.org/fields/22,1990,32,"{""2023"": 7}"
AI,Anguilla,History,topics.subfield.id:https://openalex.org/subfields/1202,1990,0,{}
AI,Anguilla,Political Science,topics.subfield.id:https://openalex.org/subfields/3320,1990,0,{}
AI,Anguilla,Law,topics.subfield.id:https://openalex.org/subfields/3308,1990,0,{}
AI,Anguilla,Philosophy,topics.subfield.id:https://openalex.org/subfields/1211,1990,0,{}
AI,Anguilla,Linguistics,topics.subfield.id:https://openalex.org/subfields/1203|https://openalex.org/subfields/3310,1990,0,{}
AI,Anguilla,Anthropology,topics.subfield.id:https://openalex.org/subfields/3314,1990,0,{}
AI,Anguilla,Archaeology,concepts.id:https://openalex.org/C166957645,1990,0,{}
AI,Anguilla,Evolutionary Biology,topics.subfield.id:https://openalex.org/subfields/1105,1990,0,{}
AI,Anguilla,Botany,concepts.id:https://openalex.org/C59822182,1990,0,{}
AI,Anguilla,Tropical,concepts.id:https://openalex.org/C185032368,1990,0,{}
AI,Anguilla,Mining,concepts.id:https://openalex.org/C16674752,1990,0,{}
AI,Anguilla,Materials Science,topics.field.id:https://openalex.org/fields/25,1990,0,{}
AI,Anguilla,Computer Science,topics.field.id:https://openalex.org/fields/17,1990,0,{}
AI,Anguilla,Physics and Astronomy,topics.field.id:https://openalex.org/fields/31,1990,0,{}
AI,Anguilla,Mathematics,topics.field.id:https://openalex.org/fields/26,1990,0,{}
AI,Anguilla,Chemistry,topics.field.id:https://openalex.org/fields/16,1990,0,{}
AI,Anguilla,Engineering,topics.field.id:https://openalex.org/fields/22,1990,0,{}
AO,Angola,History,topics.subfield.id:https://openalex.org/subfields/1202,1990,21,"{""2026"": 7}"
AO,Angola,Political Science,topics.subfield.id:https://openalex.org/subfields/3320,1990,212,"{""2026"": 38}"
AO,Angola,Law,topics.subfield.id:https://openalex.org/subfields/3308,1990,96,"{""2026"": 30}"
AO,Angola,Philosophy,topics.subfield.id:https://openalex.org/subfields/1211,1990,61,"{""2026"": 13}"
AO,Angola,Linguistics,topics.subfield.id:https://openalex.org/subfields/1203|https://openalex.org/subfields/3310,1990,85,"{""2010"": 12}"
AO,Angola,Anthropology,topics.subfield.id:https://openalex.org/subfields/3314,1990,246,"{""2026"": 27}"
AO,Angola,Archaeology,concepts.id:https://openalex.org/C166957645,1990,227,"{""2023"": 28}"
AO,Angola,Evolutionary Biology,topics.subfield.id:https://openalex.org/subfields/1105,1990,151,"{""2025"": 59}"
AO,Angola,Botany,concepts.id:https://openalex.org/C59822182,1990,164,"{""2024"": 16}"
AO,Angola,Tropical,concepts.id:https://openalex.org/C185032368,1990,30,"{""2026"": 7}"
AO,Angola,Mining,concepts.id:https://openalex.org/C16674752,1990,15,"{""2025"": 4}"
AO,Angola,Materials Science,topics.field.id:https://openalex.org/fields/25,1990,96,"{""2025"": 26}"
AO,Angola,Computer Science,topics.field.id:https://openalex.org/fields/17,1990,366,"{""2026"": 52}"
AO,Angola,Physics and Astronomy,topics.field.id:https://openalex.org/fields/31,1990,54,"{""2025"": 10}"
AO,Angola,Mathematics,topics.field.id:https://openalex.org/fields/26,1990,51,"{""2025"": 9}"
AO,Angola,Chemistry,topics.field.id:https://openalex.org/fields/16,1990,54,"{""2024"": 8}"
AO,Angola,Engineering,topics.field.id:https://openalex.org/fields/22,1990,458,"{""2024"": 42}"
AS,American Samoa,History,topics.subfield.id:https://openalex.org/subfields/1202,1990,1,"{""2008"": 1}"
AS,American Samoa,Political Science,topics.subfield.id:https://openalex.org/subfields/3320,1990,0,{}
AS,American Samoa,Law,topics.subfield.id:https://openalex.org/subfields/3308,1990,0,{}
AS,American Samoa,Philosophy,topics.subfield.id:https://openalex.org/subfields/1211,1990,0,{}
AS,American Samoa,Linguistics,topics.subfield.id:https://openalex.org/subfields/1203|https://openalex.org/subfields/3310,1990,0,{}
AS,American Samoa,Anthropology,topics.subfield.id:https://openalex.org/subfields/3314,1990,0,{}
AS,American Samoa,Archaeology,concepts.id:https://openalex.org/C166957645,1990,38,"{""2008"": 4}"
AS,American Samoa,Evolutionary Biology,topics.subfield.id:https://openalex.org/subfields/1105,1990,24,"{""2000"": 3}"
AS,American Samoa,Botany,concepts.id:https://openalex.org/C59822182,1990,9,"{""2007"": 2}"
AS,American Samoa,Tropical,concepts.id:https://openalex.org/C185032368,1990,0,{}
AS,American Samoa,Mining,concepts.id:https://openalex.org/C16674752,1990,0,{}
AS,American Samoa,Materials Science,topics.field.id:https://openalex.org/fields/25,1990,0,{}
AS,American Samoa,Computer Science,topics.field.id:https://openalex.org/fields/17,1990,0,{}
AS,American Samoa,Physics and Astronomy,topics.field.id:https://openalex.org/fields/31,1990,0,{}
AS,American Samoa,Mathematics,topics.field.id:https://openalex.org/fields/26,1990,2,"{""2024"": 2}"
AS,American Samoa,Chemistry,topics.field.id:https://openalex.org/fields/16,1990,1,"{""2023"": 1}"
AS,American Samoa,Engineering,topics.field.id:https://openalex.org/fields/22,1990,8,"{""1997"": 1}"
AU,Australia,History,topics.subfield.id:https://openalex.org/subfields/1202,1990,18029,"{""2019"": 955}"
AU,Australia,Political Science,topics.subfield.id:https://openalex.org/subfields/3320,1990,84639,"{""2018"": 4572}"
AU,Australia,Law,topics.subfield.id:https://openalex.org/subfields/3308,1990,24192,"{""2018"": 1516}"
AU,Australia,Philosophy,topics.subfield.id:https://openalex.org/subfields/1211,1990,23686,"{""2016"": 1108}"
AU,Australia,Linguistics,topics.subfield.id:https://openalex.org/subfields/1203|https://openalex.org/subfields/3310,1990,20191,"{""2025"": 1078}"
AU,Australia,Anthropology,topics.subfield.id:https://openalex.org/subfields/3314,1990,25422,"{""2025"": 1336}"
AU,Australia,Archaeology,concepts.id:https://openalex.org/C166957645,1990,160512,"{""2021"": 9906}"
AU,Australia,Evolutionary Biology,topics.subfield.id:https://openalex.org/subfields/1105,1990,55175,"{""2023"": 2955}"
AU,Australia,Botany,concepts.id:https://openalex.org/C59822182,1990,81850,"{""2023"": 4225}"
AU,Australia,Tropical,concepts.id:https://openalex.org/C185032368,1990,682,"{""2026"": 83}"
AU,Australia,Mining,concepts.id:https://openalex.org/C16674752,1990,6067,"{""2025"": 398}"
AU,Australia,Materials Science,topics.field.id:https://openalex.org/fields/25,1990,150656,"{""2020"": 8095}"
AU,Australia,Computer Science,topics.field.id:https://openalex.org/fields/17,1990,297249,"{""2025"": 17586}"
AU,Australia,Physics and Astronomy,topics.field.id:https://openalex.org/fields/31,1990,149731,"{""2021"": 6645}"
AU,Australia,Mathematics,topics.field.id:https://openalex.org/fields/26,1990,59120,"{""2020"": 3328}"
AU,Australia,Chemistry,topics.field.id:https://openalex.org/fields/16,1990,82785,"{""2023"": 3921}"
AU,Australia,Engineering,topics.field.id:https://openalex.org/fields/22,1990,525657,"{""2025"": 29413}"
AW,Aruba,History,topics.subfield.id:https://openalex.org/subfields/1202,1990,6,"{""2026"": 3}"
AW,Aruba,Political Science,topics.subfield.id:https://openalex.org/subfields/3320,1990,12,"{""2026"": 5}"
AW,Aruba,Law,topics.subfield.id:https://openalex.org/subfields/3308,1990,8,"{""2021"": 3}"
AW,Aruba,Philosophy,topics.subfield.id:https://openalex.org/subfields/1211,1990,2,"{""2025"": 1}"
AW,Aruba,Linguistics,topics.subfield.id:https://openalex.org/subfields/1203|https://openalex.org/subfields/3310,1990,26,"{""2026"": 11}"
AW,Aruba,Anthropology,topics.subfield.id:https://openalex.org/subfields/3314,1990,1,"{""2026"": 1}"
AW,Aruba,Archaeology,concepts.id:https://openalex.org/C166957645,1990,13,"{""2023"": 3}"
AW,Aruba,Evolutionary Biology,topics.subfield.id:https://openalex.org/subfields/1105,1990,3,"{""2026"": 3}"
AW,Aruba,Botany,concepts.id:https://openalex.org/C59822182,1990,0,{}
AW,Aruba,Tropical,concepts.id:https://openalex.org/C185032368,1990,0,{}
AW,Aruba,Mining,concepts.id:https://openalex.org/C16674752,1990,0,{}
AW,Aruba,Materials Science,topics.field.id:https://openalex.org/fields/25,1990,0,{}
AW,Aruba,Computer Science,topics.field.id:https://openalex.org/fields/17,1990,26,"{""2026"": 20}"
AW,Aruba,Physics and Astronomy,topics.field.id:https://openalex.org/fields/31,1990,0,{}
AW,Aruba,Mathematics,topics.field.id:https://openalex.org/fields/26,1990,1,"{""2026"": 1}"
AW,Aruba,Chemistry,topics.field.id:https://openalex.org/fields/16,1990,2,"{""2024"": 1}"
AW,Aruba,Engineering,topics.field.id:https://openalex.org/fields/22,1990,11,"{""2023"": 4}"
BB,Barbados,History,topics.subfield.id:https://openalex.org/subfields/1202,1990,38,"{""2015"": 4}"
BB,Barbados,Political Science,topics.subfield.id:https://openalex.org/subfields/3320,1990,200,"{""2025"": 23}"
BB,Barbados,Law,topics.subfield.id:https://openalex.org/subfields/3308,1990,95,"{""2025"": 11}"
BB,Barbados,Philosophy,topics.subfield.id:https://openalex.org/subfields/1211,1990,42,"{""1995"": 5}"
BB,Barbados,Linguistics,topics.subfield.id:https://openalex.org/subfields/1203|https://openalex.org/subfields/3310,1990,90,"{""2020"": 12}"
BB,Barbados,Anthropology,topics.subfield.id:https://openalex.org/subfields/3314,1990,141,"{""2015"": 10}"
BB,Barbados,Archaeology,concepts.id:https://openalex.org/C166957645,1990,629,"{""2023"": 59}"
BB,Barbados,Evolutionary Biology,topics.subfield.id:https://openalex.org/subfields/1105,1990,109,"{""2021"": 8}"
BB,Barbados,Botany,concepts.id:https://openalex.org/C59822182,1990,168,"{""2025"": 12}"
BB,Barbados,Tropical,concepts.id:https://openalex.org/C185032368,1990,3,"{""2012"": 1}"
BB,Barbados,Mining,concepts.id:https://openalex.org/C16674752,1990,6,"{""2020"": 2}"
BB,Barbados,Materials Science,topics.field.id:https://openalex.org/fields/25,1990,140,"{""2014"": 10}"
BB,Barbados,Computer Science,topics.field.id:https://openalex.org/fields/17,1990,391,"{""2026"": 27}"
BB,Barbados,Physics and Astronomy,topics.field.id:https://openalex.org/fields/31,1990,156,"{""2003"": 15}"
BB,Barbados,Mathematics,topics.field.id:https://openalex.org/fields/26,1990,144,"{""2020"": 13}"
BB,Barbados,Chemistry,topics.field.id:https://openalex.org/fields/16,1990,267,"{""2010"": 24}"
BB,Barbados,Engineering,topics.field.id:https://openalex.org/fields/22,1990,494,"{""2018"": 27}"
BE,Belgium,History,topics.subfield.id:https://openalex.org/subfields/1202,1990,12757,"{""2018"": 707}"
BE,Belgium,Political Science,topics.subfield.id:https://openalex.org/subfields/3320,1990,43604,"{""2020"": 2343}"
BE,Belgium,Law,topics.subfield.id:https://openalex.org/subfields/3308,1990,13239,"{""2019"": 663}"
BE,Belgium,Philosophy,topics.subfield.id:https://openalex.org/subfields/1211,1990,19029,"{""2016"": 1253}"
BE,Belgium,Linguistics,topics.subfield.id:https://openalex.org/subfields/1203|https://openalex.org/subfields/3310,1990,18480,"{""2018"": 957}"
BE,Belgium,Anthropology,topics.subfield.id:https://openalex.org/subfields/3314,1990,13696,"{""2017"": 729}"
BE,Belgium,Archaeology,concepts.id:https://openalex.org/C166957645,1990,45268,"{""2023"": 3107}"
BE,Belgium,Evolutionary Biology,topics.subfield.id:https://openalex.org/subfields/1105,1990,29154,"{""2025"": 2898}"
BE,Belgium,Botany,concepts.id:https://openalex.org/C59822182,1990,33639,"{""2023"": 2147}"
BE,Belgium,Tropical,concepts.id:https://openalex.org/C185032368,1990,512,"{""2026"": 47}"
BE,Belgium,Mining,concepts.id:https://openalex.org/C16674752,1990,821,"{""2026"": 69}"
BE,Belgium,Materials Science,topics.field.id:https://openalex.org/fields/25,1990,84253,"{""2025"": 3593}"
BE,Belgium,Computer Science,topics.field.id:https://openalex.org/fields/17,1990,111441,"{""2025"": 5423}"
BE,Belgium,Physics and Astronomy,topics.field.id:https://openalex.org/fields/31,1990,99681,"{""2023"": 4475}"
BE,Belgium,Mathematics,topics.field.id:https://openalex.org/fields/26,1990,33115,"{""2021"": 1538}"
BE,Belgium,Chemistry,topics.field.id:https://openalex.org/fields/16,1990,54965,"{""2019"": 2048}"
BE,Belgium,Engineering,topics.field.id:https://openalex.org/fields/22,1990,236864,"{""2023"": 11340}"
BF,Burkina Faso,History,topics.subfield.id:https://openalex.org/subfields/1202,1990,33,"{""2024"": 9}"
BF,Burkina Faso,Political Science,topics.subfield.id:https://openalex.org/subfields/3320,1990,338,"{""2025"": 33}"
BF,Burkina Faso,Law,topics.subfield.id:https://openalex.org/subfields/3308,1990,25,"{""2025"": 4}"
BF,Burkina Faso,Philosophy,topics.subfield.id:https://openalex.org/subfields/1211,1990,89,"{""2022"": 10}"
BF,Burkina Faso,Linguistics,topics.subfield.id:https://openalex.org/subfields/1203|https://openalex.org/subfields/3310,1990,189,"{""2026"": 42}"
BF,Burkina Faso,Anthropology,topics.subfield.id:https://openalex.org/subfields/3314,1990,255,"{""2025"": 28}"
BF,Burkina Faso,Archaeology,concepts.id:https://openalex.org/C166957645,1990,1479,"{""2022"": 171}"
BF,Burkina Faso,Evolutionary Biology,topics.subfield.id:https://openalex.org/subfields/1105,1990,3160,"{""2025"": 331}"
BF,Burkina Faso,Botany,concepts.id:https://openalex.org/C59822182,1990,1678,"{""2023"": 163}"
BF,Burkina Faso,Tropical,concepts.id:https://openalex.org/C185032368,1990,303,"{""2026"": 58}"
BF,Burkina Faso,Mining,concepts.id:https://openalex.org/C16674752,1990,63,"{""2025"": 14}"
BF,Burkina Faso,Materials Science,topics.field.id:https://openalex.org/fields/25,1990,572,"{""2025"": 86}"
BF,Burkina Faso,Computer Science,topics.field.id:https://openalex.org/fields/17,1990,1364,"{""2025"": 208}"
BF,Burkina Faso,Physics and Astronomy,topics.field.id:https://openalex.org/fields/31,1990,366,"{""2026"": 48}"
BF,Burkina Faso,Mathematics,topics.field.id:https://openalex.org/fields/26,1990,812,"{""2026"": 104}"
BF,Burkina Faso,Chemistry,topics.field.id:https://openalex.org/fields/16,1990,350,"{""2026"": 41}"
BF,Burkina Faso,Engineering,topics.field.id:https://openalex.org/fields/22,1990,2138,"{""2025"": 265}"
BJ,Benin,History,topics.subfield.id:https://openalex.org/subfields/1202,1990,89,"{""2026"": 41}"
BJ,Benin,Political Science,topics.subfield.id:https://openalex.org/subfields/3320,1990,478,"{""2022"": 42}"
BJ,Benin,Law,topics.subfield.id:https://openalex.org/subfields/3308,1990,51,"{""2017"": 9}"
BJ,Benin,Philosophy,topics.subfield.id:https://openalex.org/subfields/1211,1990,89,"{""2026"": 11}"
BJ,Benin,Linguistics,topics.subfield.id:https://openalex.org/subfields/1203|https://openalex.org/subfields/3310,1990,208,"{""2026"": 31}"
BJ,Benin,Anthropology,topics.subfield.id:https://openalex.org/subfields/3314,1990,308,"{""2025"": 26}"
BJ,Benin,Archaeology,concepts.id:https://openalex.org/C166957645,1990,1779,"{""2023"": 218}"
BJ,Benin,Evolutionary Biology,topics.subfield.id:https://openalex.org/subfields/1105,1990,3650,"{""2022"": 307}"
BJ,Benin,Botany,concepts.id:https://openalex.org/C59822182,1990,2339,"{""2021"": 175}"
BJ,Benin,Tropical,concepts.id:https://openalex.org/C185032368,1990,134,"{""2025"": 19}"
BJ,Benin,Mining,concepts.id:https://openalex.org/C16674752,1990,27,"{""2025"": 6}"
BJ,Benin,Materials Science,topics.field.id:https://openalex.org/fields/25,1990,383,"{""2025"": 69}"
BJ,Benin,Computer Science,topics.field.id:https://openalex.org/fields/17,1990,1238,"{""2026"": 159}"
BJ,Benin,Physics and Astronomy,topics.field.id:https://openalex.org/fields/31,1990,944,"{""2022"": 79}"
BJ,Benin,Mathematics,topics.field.id:https://openalex.org/fields/26,1990,799,"{""2021"": 101}"
BJ,Benin,Chemistry,topics.field.id:https://openalex.org/fields/16,1990,293,"{""2025"": 34}"
BJ,Benin,Engineering,topics.field.id:https://openalex.org/fields/22,1990,1794,"{""2025"": 214}"
BL,Saint Barthélemy,History,topics.subfield.id:https://openalex.org/subfields/1202,1990,0,{}
BL,Saint Barthélemy,Political Science,topics.subfield.id:https://openalex.org/subfields/3320,1990,0,{}
BL,Saint Barthélemy,Law,topics.subfield.id:https://openalex.org/subfields/3308,1990,0,{}
BL,Saint Barthélemy,Philosophy,topics.subfield.id:https://openalex.org/subfields/1211,1990,0,{}
BL,Saint Barthélemy,Linguistics,topics.subfield.id:https://openalex.org/subfields/1203|https://openalex.org/subfields/3310,1990,0,{}
BL,Saint Barthélemy,Anthropology,topics.subfield.id:https://openalex.org/subfields/3314,1990,0,{}
BL,Saint Barthélemy,Archaeology,concepts.id:https://openalex.org/C166957645,1990,0,{}
BL,Saint Barthélemy,Evolutionary Biology,topics.subfield.id:https://openalex.org/subfields/1105,1990,0,{}
BL,Saint Barthélemy,Botany,concepts.id:https://openalex.org/C59822182,1990,0,{}
BL,Saint Barthélemy,Tropical,concepts.id:https://openalex.org/C185032368,1990,0,{}
BL,Saint Barthélemy,Mining,concepts.id:https://openalex.org/C16674752,1990,0,{}
BL,Saint Barthélemy,Materials Science,topics.field.id:https://openalex.org/fields/25,1990,0,{}
BL,Saint Barthélemy,Computer Science,topics.field.id:https://openalex.org/fields/17,1990,0,{}
BL,Saint Barthélemy,Physics and Astronomy,topics.field.id:https://openalex.org/fields/31,1990,0,{}
BL,Saint Barthélemy,Mathematics,topics.field.id:https://openalex.org/fields/26,1990,0,{}
BL,Saint Barthélemy,Chemistry,topics.field.id:https://openalex.org/fields/16,1990,0,{}
BL,Saint Barthélemy,Engineering,topics.field.id:https://openalex.org/fields/22,1990,0,{}
BM,Bermuda,History,topics.subfield.id:https://openalex.org/subfields/1202,1990,0,{}
BM,Bermuda,Political Science,topics.subfield.id:https://openalex.org/subfields/3320,1990,1,"{""1994"": 1}"
BM,Bermuda,Law,topics.subfield.id:https://openalex.org/subfields/3308,1990,0,{}
BM,Bermuda,Philosophy,topics.subfield.id:https://openalex.org/subfields/1211,1990,2,"{""2002"": 1}"
BM,Bermuda,Linguistics,topics.subfield.id:https://openalex.org/subfields/1203|https://openalex.org/subfields/3310,1990,3,"{""1991"": 1}"
BM,Bermuda,Anthropology,topics.subfield.id:https://openalex.org/subfields/3314,1990,1,"{""2018"": 1}"
BM,Bermuda,Archaeology,concepts.id:https://openalex.org/C166957645,1990,43,"{""2023"": 6}"
BM,Bermuda,Evolutionary Biology,topics.subfield.id:https://openalex.org/subfields/1105,1990,22,"{""2013"": 5}"
BM,Bermuda,Botany,concepts.id:https://openalex.org/C59822182,1990,84,"{""2007"": 9}"
BM,Bermuda,Tropical,concepts.id:https://openalex.org/C185032368,1990,0,{}
BM,Bermuda,Mining,concepts.id:https://openalex.org/C16674752,1990,0,{}
BM,Bermuda,Materials Science,topics.field.id:https://openalex.org/fields/25,1990,3,"{""2009"": 1}"
BM,Bermuda,Computer Science,topics.field.id:https://openalex.org/fields/17,1990,57,"{""2003"": 8}"
BM,Bermuda,Physics and Astronomy,topics.field.id:https://openalex.org/fields/31,1990,12,"{""2021"": 4}"
BM,Bermuda,Mathematics,topics.field.id:https://openalex.org/fields/26,1990,7,"{""2005"": 2}"
BM,Bermuda,Chemistry,topics.field.id:https://openalex.org/fields/16,1990,9,"{""2024"": 2}"
BM,Bermuda,Engineering,topics.field.id:https://openalex.org/fields/22,1990,64,"{""2019"": 10}"
BN,Brunei,History,topics.subfield.id:https://openalex.org/subfields/1202,1990,51,"{""2024"": 11}"
BN,Brunei,Political Science,topics.subfield.id:https://openalex.org/subfields/3320,1990,778,"{""2025"": 132}"
BN,Brunei,Law,topics.subfield.id:https://openalex.org/subfields/3308,1990,237,"{""2025"": 37}"
BN,Brunei,Philosophy,topics.subfield.id:https://openalex.org/subfields/1211,1990,81,"{""2026"": 17}"
BN,Brunei,Linguistics,topics.subfield.id:https://openalex.org/subfields/1203|https://openalex.org/subfields/3310,1990,434,"{""2024"": 50}"
BN,Brunei,Anthropology,topics.subfield.id:https://openalex.org/subfields/3314,1990,156,"{""2025"": 19}"
BN,Brunei,Archaeology,concepts.id:https://openalex.org/C166957645,1990,1303,"{""2022"": 155}"
BN,Brunei,Evolutionary Biology,topics.subfield.id:https://openalex.org/subfields/1105,1990,372,"{""2021"": 31}"
BN,Brunei,Botany,concepts.id:https://openalex.org/C59822182,1990,510,"{""2024"": 77}"
BN,Brunei,Tropical,concepts.id:https://openalex.org/C185032368,1990,1,"{""2020"": 1}"
BN,Brunei,Mining,concepts.id:https://openalex.org/C16674752,1990,22,"{""2021"": 3}"
BN,Brunei,Materials Science,topics.field.id:https://openalex.org/fields/25,1990,1691,"{""2024"": 246}"
BN,Brunei,Computer Science,topics.field.id:https://openalex.org/fields/17,1990,2288,"{""2023"": 316}"
BN,Brunei,Physics and Astronomy,topics.field.id:https://openalex.org/fields/31,1990,272,"{""2024"": 19}"
BN,Brunei,Mathematics,topics.field.id:https://openalex.org/fields/26,1990,343,"{""2021"": 33}"
BN,Brunei,Chemistry,topics.field.id:https://openalex.org/fields/16,1990,703,"{""2024"": 97}"
BN,Brunei,Engineering,topics.field.id:https://openalex.org/fields/22,1990,4040,"{""2023"": 515}"
BO,Bolivia,History,topics.subfield.id:https://openalex.org/subfields/1202,1990,428,"{""2026"": 43}"
BO,Bolivia,Political Science,topics.subfield.id:https://openalex.org/subfields/3320,1990,2644,"{""2025"": 217}"
BO,Bolivia,Law,topics.subfield.id:https://openalex.org/subfields/3308,1990,1342,"{""2021"": 123}"
BO,Bolivia,Philosophy,topics.subfield.id:https://openalex.org/subfields/1211,1990,458,"{""2018"": 44}"
BO,Bolivia,Linguistics,topics.subfield.id:https://openalex.org/subfields/1203|https://openalex.org/subfields/3310,1990,506,"{""2025"": 37}"
BO,Bolivia,Anthropology,topics.subfield.id:https://openalex.org/subfields/3314,1990,775,"{""2026"": 94}"
BO,Bolivia,Archaeology,concepts.id:https://openalex.org/C166957645,1990,1189,"{""2020"": 112}"
BO,Bolivia,Evolutionary Biology,topics.subfield.id:https://openalex.org/subfields/1105,1990,1349,"{""2020"": 272}"
BO,Bolivia,Botany,concepts.id:https://openalex.org/C59822182,1990,2505,"{""2020"": 947}"
BO,Bolivia,Tropical,concepts.id:https://openalex.org/C185032368,1990,18,"{""2025"": 4}"
BO,Bolivia,Mining,concepts.id:https://openalex.org/C16674752,1990,23,"{""2024"": 4}"
BO,Bolivia,Materials Science,topics.field.id:https://openalex.org/fields/25,1990,436,"{""2020"": 49}"
BO,Bolivia,Computer Science,topics.field.id:https://openalex.org/fields/17,1990,2617,"{""2025"": 303}"
BO,Bolivia,Physics and Astronomy,topics.field.id:https://openalex.org/fields/31,1990,526,"{""2026"": 70}"
BO,Bolivia,Mathematics,topics.field.id:https://openalex.org/fields/26,1990,377,"{""2026"": 33}"
BO,Bolivia,Chemistry,topics.field.id:https://openalex.org/fields/16,1990,435,"{""2020"": 57}"
BO,Bolivia,Engineering,topics.field.id:https://openalex.org/fields/22,1990,2156,"{""2025"": 216}"
BQ,Caribbean Netherlands,History,topics.subfield.id:https://openalex.org/subfields/1202,1990,0,{}
BQ,Caribbean Netherlands,Political Science,topics.subfield.id:https://openalex.org/subfields/3320,1990,0,{}
BQ,Caribbean Netherlands,Law,topics.subfield.id:https://openalex.org/subfields/3308,1990,0,{}
BQ,Caribbean Netherlands,Philosophy,topics.subfield.id:https://openalex.org/subfields/1211,1990,0,{}
BQ,Caribbean Netherlands,Linguistics,topics.subfield.id:https://openalex.org/subfields/1203|https://openalex.org/subfields/3310,1990,0,{}
BQ,Caribbean Netherlands,Anthropology,topics.subfield.id:https://openalex.org/subfields/3314,1990,0,{}
BQ,Caribbean Netherlands,Archaeology,concepts.id:https://openalex.org/C166957645,1990,0,{}
BQ,Caribbean Netherlands,Evolutionary Biology,topics.subfield.id:https://openalex.org/subfields/1105,1990,0,{}
BQ,Caribbean Netherlands,Botany,concepts.id:https://openalex.org/C59822182,1990,0,{}
BQ,Caribbean Netherlands,Tropical,concepts.id:https://openalex.org/C185032368,1990,0,{}
BQ,Caribbean Netherlands,Mining,concepts.id:https://openalex.org/C16674752,1990,0,{}
BQ,Caribbean Netherlands,Materials Science,topics.field.id:https://openalex.org/fields/25,1990,0,{}
BQ,Caribbean Netherlands,Computer Science,topics.field.id:https://openalex.org/fields/17,1990,0,{}
BQ,Caribbean Netherlands,Physics and Astronomy,topics.field.id:https://openalex.org/fields/31,1990,0,{}
BQ,Caribbean Netherlands,Mathematics,topics.field.id:https://openalex.org/fields/26,1990,0,{}
BQ,Caribbean Netherlands,Chemistry,topics.field.id:https://openalex.org/fields/16,1990,0,{}
BQ,Caribbean Netherlands,Engineering,topics.field.id:https://openalex.org/fields/22,1990,1,"{""2005"": 1}"
BR,Brazil,History,topics.subfield.id:https://openalex.org/subfields/1202,1990,44006,"{""2026"": 3475}"
BR,Brazil,Political Science,topics.subfield.id:https://openalex.org/subfields/3320,1990,132793,"{""2020"": 9421}"
BR,Brazil,Law,topics.subfield.id:https://openalex.org/subfields/3308,1990,85600,"{""2023"": 6807}"
BR,Brazil,Philosophy,topics.subfield.id:https://openalex.org/subfields/1211,1990,138904,"{""2020"": 10537}"
BR,Brazil,Linguistics,topics.subfield.id:https://openalex.org/subfields/1203|https://openalex.org/subfields/3310,1990,59736,"{""2020"": 4490}"
BR,Brazil,Anthropology,topics.subfield.id:https://openalex.org/subfields/3314,1990,33202,"{""2025"": 2591}"
BR,Brazil,Archaeology,concepts.id:https://openalex.org/C166957645,1990,98684,"{""2021"": 8126}"
BR,Brazil,Evolutionary Biology,topics.subfield.id:https://openalex.org/subfields/1105,1990,83959,"{""2025"": 5594}"
BR,Brazil,Botany,concepts.id:https://openalex.org/C59822182,1990,145881,"{""2020"": 9335}"
BR,Brazil,Tropical,concepts.id:https://openalex.org/C185032368,1990,677,"{""2025"": 96}"
BR,Brazil,Mining,concepts.id:https://openalex.org/C16674752,1990,2072,"{""2025"": 288}"
BR,Brazil,Materials Science,topics.field.id:https://openalex.org/fields/25,1990,143911,"{""2025"": 8424}"
BR,Brazil,Computer Science,topics.field.id:https://openalex.org/fields/17,1990,305357,"{""2025"": 21504}"
BR,Brazil,Physics and Astronomy,topics.field.id:https://openalex.org/fields/31,1990,128864,"{""2026"": 6933}"
BR,Brazil,Mathematics,topics.field.id:https://openalex.org/fields/26,1990,58736,"{""2021"": 3725}"
BR,Brazil,Chemistry,topics.field.id:https://openalex.org/fields/16,1990,100743,"{""2020"": 5584}"
BR,Brazil,Engineering,topics.field.id:https://openalex.org/fields/22,1990,440371,"{""2025"": 29159}"
BS,Bahamas,History,topics.subfield.id:https://openalex.org/subfields/1202,1990,43,"{""2015"": 4}"
BS,Bahamas,Political Science,topics.subfield.id:https://openalex.org/subfields/3320,1990,152,"{""2025"": 17}"
BS,Bahamas,Law,topics.subfield.id:https://openalex.org/subfields/3308,1990,58,"{""2009"": 7}"
BS,Bahamas,Philosophy,topics.subfield.id:https://openalex.org/subfields/1211,1990,29,"{""1995"": 4}"
BS,Bahamas,Linguistics,topics.subfield.id:https://openalex.org/subfields/1203|https://openalex.org/subfields/3310,1990,80,"{""2010"": 6}"
BS,Bahamas,Anthropology,topics.subfield.id:https://openalex.org/subfields/3314,1990,147,"{""2015"": 12}"
BS,Bahamas,Archaeology,concepts.id:https://openalex.org/C166957645,1990,530,"{""2015"": 69}"
BS,Bahamas,Evolutionary Biology,topics.subfield.id:https://openalex.org/subfields/1105,1990,136,"{""2021"": 15}"
BS,Bahamas,Botany,concepts.id:https://openalex.org/C59822182,1990,106,"{""2025"": 11}"
BS,Bahamas,Tropical,concepts.id:https://openalex.org/C185032368,1990,0,{}
BS,Bahamas,Mining,concepts.id:https://openalex.org/C16674752,1990,5,"{""2011"": 1}"
BS,Bahamas,Materials Science,topics.field.id:https://openalex.org/fields/25,1990,80,"{""2025"": 11}"
BS,Bahamas,Computer Science,topics.field.id:https://openalex.org/fields/17,1990,334,"{""2021"": 32}"
BS,Bahamas,Physics and Astronomy,topics.field.id:https://openalex.org/fields/31,1990,72,"{""2026"": 8}"
BS,Bahamas,Mathematics,topics.field.id:https://openalex.org/fields/26,1990,84,"{""2020"": 7}"
BS,Bahamas,Chemistry,topics.field.id:https://openalex.org/fields/16,1990,66,"{""2021"": 8}"
BS,Bahamas,Engineering,topics.field.id:https://openalex.org/fields/22,1990,399,"{""2025"": 34}"
BT,Bhutan,History,topics.subfield.id:https://openalex.org/subfields/1202,1990,2,"{""2010"": 1}"
BT,Bhutan,Political Science,topics.subfield.id:https://openalex.org/subfields/3320,1990,107,"{""2020"": 15}"
BT,Bhutan,Law,topics.subfield.id:https://openalex.org/subfields/3308,1990,10,"{""2018"": 4}"
BT,Bhutan,Philosophy,topics.subfield.id:https://openalex.org/subfields/1211,1990,23,"{""2023"": 4}"
BT,Bhutan,Linguistics,topics.subfield.id:https://openalex.org/subfields/1203|https://openalex.org/subfields/3310,1990,18,"{""2023"": 6}"
BT,Bhutan,Anthropology,topics.subfield.id:https://openalex.org/subfields/3314,1990,16,"{""2024"": 5}"
BT,Bhutan,Archaeology,concepts.id:https://openalex.org/C166957645,1990,333,"{""2022"": 42}"
BT,Bhutan,Evolutionary Biology,topics.subfield.id:https://openalex.org/subfields/1105,1990,191,"{""2022"": 36}"
BT,Bhutan,Botany,concepts.id:https://openalex.org/C59822182,1990,158,"{""2021"": 30}"
BT,Bhutan,Tropical,concepts.id:https://openalex.org/C185032368,1990,14,"{""2016"": 3}"
BT,Bhutan,Mining,concepts.id:https://openalex.org/C16674752,1990,6,"{""2025"": 2}"
BT,Bhutan,Materials Science,topics.field.id:https://openalex.org/fields/25,1990,46,"{""2025"": 10}"
BT,Bhutan,Computer Science,topics.field.id:https://openalex.org/fields/17,1990,198,"{""2025"": 31}"
BT,Bhutan,Physics and Astronomy,topics.field.id:https://openalex.org/fields/31,1990,31,"{""2023"": 4}"
BT,Bhutan,Mathematics,topics.field.id:https://openalex.org/fields/26,1990,56,"{""2021"": 18}"
BT,Bhutan,Chemistry,topics.field.id:https://openalex.org/fields/16,1990,18,"{""2022"": 4}"
BT,Bhutan,Engineering,topics.field.id:https://openalex.org/fields/22,1990,384,"{""2025"": 60}"
BW,Botswana,History,topics.subfield.id:https://openalex.org/subfields/1202,1990,57,"{""2002"": 8}"
BW,Botswana,Political Science,topics.subfield.id:https://openalex.org/subfields/3320,1990,831,"{""2026"": 57}"
BW,Botswana,Law,topics.subfield.id:https://openalex.org/subfields/3308,1990,356,"{""2013"": 21}"
BW,Botswana,Philosophy,topics.subfield.id:https://openalex.org/subfields/1211,1990,65,"{""2015"": 8}"
BW,Botswana,Linguistics,topics.subfield.id:https://openalex.org/subfields/1203|https://openalex.org/subfields/3310,1990,343,"{""2009"": 22}"
BW,Botswana,Anthropology,topics.subfield.id:https://openalex.org/subfields/3314,1990,573,"{""2024"": 33}"
BW,Botswana,Archaeology,concepts.id:https://openalex.org/C166957645,1990,1895,"{""2023"": 153}"
BW,Botswana,Evolutionary Biology,topics.subfield.id:https://openalex.org/subfields/1105,1990,494,"{""2024"": 41}"
BW,Botswana,Botany,concepts.id:https://openalex.org/C59822182,1990,620,"{""2024"": 50}"
BW,Botswana,Tropical,concepts.id:https://openalex.org/C185032368,1990,34,"{""2025"": 6}"
BW,Botswana,Mining,concepts.id:https://openalex.org/C16674752,1990,88,"{""2025"": 18}"
BW,Botswana,Materials Science,topics.field.id:https://openalex.org/fields/25,1990,747,"{""2020"": 77}"
BW,Botswana,Computer Science,topics.field.id:https://openalex.org/fields/17,1990,2242,"{""2024"": 210}"
BW,Botswana,Physics and Astronomy,topics.field.id:https://openalex.org/fields/31,1990,601,"{""2023"": 65}"
BW,Botswana,Mathematics,topics.field.id:https://openalex.org/fields/26,1990,793,"{""2021"": 69}"
BW,Botswana,Chemistry,topics.field.id:https://openalex.org/fields/16,1990,564,"{""2024"": 37}"
BW,Botswana,Engineering,topics.field.id:https://openalex.org/fields/22,1990,3307,"{""2024"": 334}"
BZ,Belize,History,topics.subfield.id:https://openalex.org/subfields/1202,1990,7,"{""2026"": 3}"
BZ,Belize,Political Science,topics.subfield.id:https://openalex.org/subfields/3320,1990,9,"{""2012"": 2}"
BZ,Belize,Law,topics.subfield.id:https://openalex.org/subfields/3308,1990,3,"{""2006"": 1}"
BZ,Belize,Philosophy,topics.subfield.id:https://openalex.org/subfields/1211,1990,1,"{""2017"": 1}"
BZ,Belize,Linguistics,topics.subfield.id:https://openalex.org/subfields/1203|https://openalex.org/subfields/3310,1990,2,"{""2019"": 2}"
BZ,Belize,Anthropology,topics.subfield.id:https://openalex.org/subfields/3314,1990,12,"{""2025"": 3}"
BZ,Belize,Archaeology,concepts.id:https://openalex.org/C166957645,1990,70,"{""2019"": 9}"
BZ,Belize,Evolutionary Biology,topics.subfield.id:https://openalex.org/subfields/1105,1990,33,"{""2026"": 9}"
BZ,Belize,Botany,concepts.id:https://openalex.org/C59822182,1990,45,"{""2021"": 6}"
BZ,Belize,Tropical,concepts.id:https://openalex.org/C185032368,1990,0,{}
BZ,Belize,Mining,concepts.id:https://openalex.org/C16674752,1990,0,{}
BZ,Belize,Materials Science,topics.field.id:https://openalex.org/fields/25,1990,9,"{""2018"": 2}"
BZ,Belize,Computer Science,topics.field.id:https://openalex.org/fields/17,1990,16,"{""2019"": 4}"
BZ,Belize,Physics and Astronomy,topics.field.id:https://openalex.org/fields/31,1990,0,{}
BZ,Belize,Mathematics,topics.field.id:https://openalex.org/fields/26,1990,6,"{""2020"": 2}"
BZ,Belize,Chemistry,topics.field.id:https://openalex.org/fields/16,1990,3,"{""2021"": 2}"
BZ,Belize,Engineering,topics.field.id:https://openalex.org/fields/22,1990,29,"{""2018"": 6}"
CA,Canada,History,topics.subfield.id:https://openalex.org/subfields/1202,1990,29111,"{""2019"": 1511}"
CA,Canada,Political Science,topics.subfield.id:https://openalex.org/subfields/3320,1990,92561,"{""2021"": 4498}"
CA,Canada,Law,topics.subfield.id:https://openalex.org/subfields/3308,1990,20386,"{""2017"": 1120}"
CA,Canada,Philosophy,topics.subfield.id:https://openalex.org/subfields/1211,1990,39712,"{""2018"": 1841}"
CA,Canada,Linguistics,topics.subfield.id:https://openalex.org/subfields/1203|https://openalex.org/subfields/3310,1990,29626,"{""2021"": 1551}"
CA,Canada,Anthropology,topics.subfield.id:https://openalex.org/subfields/3314,1990,29533,"{""2021"": 1469}"
CA,Canada,Archaeology,concepts.id:https://openalex.org/C166957645,1990,151775,"{""2021"": 10120}"
CA,Canada,Evolutionary Biology,topics.subfield.id:https://openalex.org/subfields/1105,1990,53994,"{""2021"": 2515}"
CA,Canada,Botany,concepts.id:https://openalex.org/C59822182,1990,86165,"{""2021"": 3746}"
CA,Canada,Tropical,concepts.id:https://openalex.org/C185032368,1990,330,"{""2026"": 42}"
CA,Canada,Mining,concepts.id:https://openalex.org/C16674752,1990,6035,"{""2024"": 393}"
CA,Canada,Materials Science,topics.field.id:https://openalex.org/fields/25,1990,181331,"{""2024"": 8473}"
CA,Canada,Computer Science,topics.field.id:https://openalex.org/fields/17,1990,403606,"{""2021"": 19512}"
CA,Canada,Physics and Astronomy,topics.field.id:https://openalex.org/fields/31,1990,225795,"{""2021"": 9101}"
CA,Canada,Mathematics,topics.field.id:https://openalex.org/fields/26,1990,103487,"{""2021"": 4961}"
CA,Canada,Chemistry,topics.field.id:https://openalex.org/fields/16,1990,136765,"{""2016"": 6489}"
CA,Canada,Engineering,topics.field.id:https://openalex.org/fields/22,1990,711184,"{""2021"": 36037}"
CD,DR Congo,History,topics.subfield.id:https://openalex.org/subfields/1202,1990,73,"{""2022"": 11}"
CD,DR Congo,Political Science,topics.subfield.id:https://openalex.org/subfields/3320,1990,998,"{""2026"": 194}"
CD,DR Congo,Law,topics.subfield.id:https://openalex.org/subfields/3308,1990,182,"{""2026"": 39}"
CD,DR Congo,Philosophy,topics.subfield.id:https://openalex.org/subfields/1211,1990,108,"{""2022"": 24}"
CD,DR Congo,Linguistics,topics.subfield.id:https://openalex.org/subfields/1203|https://openalex.org/subfields/3310,1990,210,"{""2026"": 40}"
CD,DR Congo,Anthropology,topics.subfield.id:https://openalex.org/subfields/3314,1990,530,"{""2026"": 149}"
CD,DR Congo,Archaeology,concepts.id:https://openalex.org/C166957645,1990,1061,"{""2023"": 154}"
CD,DR Congo,Evolutionary Biology,topics.subfield.id:https://openalex.org/subfields/1105,1990,1676,"{""2025"": 228}"
CD,DR Congo,Botany,concepts.id:https://openalex.org/C59822182,1990,826,"{""2023"": 128}"
CD,DR Congo,Tropical,concepts.id:https://openalex.org/C185032368,1990,201,"{""2026"": 62}"
CD,DR Congo,Mining,concepts.id:https://openalex.org/C16674752,1990,100,"{""2026"": 21}"
CD,DR Congo,Materials Science,topics.field.id:https://openalex.org/fields/25,1990,282,"{""2025"": 47}"
CD,DR Congo,Computer Science,topics.field.id:https://openalex.org/fields/17,1990,1133,"{""2026"": 269}"
CD,DR Congo,Physics and Astronomy,topics.field.id:https://openalex.org/fields/31,1990,155,"{""2026"": 28}"
CD,DR Congo,Mathematics,topics.field.id:https://openalex.org/fields/26,1990,558,"{""2025"": 78}"
CD,DR Congo,Chemistry,topics.field.id:https://openalex.org/fields/16,1990,337,"{""2026"": 42}"
CD,DR Congo,Engineering,topics.field.id:https://openalex.org/fields/22,1990,1614,"{""2026"": 318}"
CF,Central African Republic,History,topics.subfield.id:https://openalex.org/subfields/1202,1990,4,"{""2010"": 1}"
CF,Central African Republic,Political Science,topics.subfield.id:https://openalex.org/subfields/3320,1990,55,"{""2002"": 10}"
CF,Central African Republic,Law,topics.subfield.id:https://openalex.org/subfields/3308,1990,9,"{""2000"": 2}"
CF,Central African Republic,Philosophy,topics.subfield.id:https://openalex.org/subfields/1211,1990,3,"{""2002"": 2}"
CF,Central African Republic,Linguistics,topics.subfield.id:https://openalex.org/subfields/1203|https://openalex.org/subfields/3310,1990,10,"{""2026"": 4}"
CF,Central African Republic,Anthropology,topics.subfield.id:https://openalex.org/subfields/3314,1990,40,"{""2001"": 6}"
CF,Central African Republic,Archaeology,concepts.id:https://openalex.org/C166957645,1990,72,"{""2025"": 14}"
CF,Central African Republic,Evolutionary Biology,topics.subfield.id:https://openalex.org/subfields/1105,1990,125,"{""2025"": 47}"
CF,Central African Republic,Botany,concepts.id:https://openalex.org/C59822182,1990,61,"{""2025"": 10}"
CF,Central African Republic,Tropical,concepts.id:https://openalex.org/C185032368,1990,16,"{""2000"": 2}"
CF,Central African Republic,Mining,concepts.id:https://openalex.org/C16674752,1990,5,"{""2025"": 2}"
CF,Central African Republic,Materials Science,topics.field.id:https://openalex.org/fields/25,1990,78,"{""2025"": 28}"
CF,Central African Republic,Computer Science,topics.field.id:https://openalex.org/fields/17,1990,142,"{""2024"": 16}"
CF,Central African Republic,Physics and Astronomy,topics.field.id:https://openalex.org/fields/31,1990,33,"{""2025"": 9}"
CF,Central African Republic,Mathematics,topics.field.id:https://openalex.org/fields/26,1990,54,"{""2025"": 15}"
CF,Central African Republic,Chemistry,topics.field.id:https://openalex.org/fields/16,1990,32,"{""2024"": 8}"
CF,Central African Republic,Engineering,topics.field.id:https://openalex.org/fields/22,1990,156,"{""2025"": 28}"
CG,Congo,History,topics.subfield.id:https://openalex.org/subfields/1202,1990,78,"{""2022"": 7}"
CG,Congo,Political Science,topics.subfield.id:https://openalex.org/subfields/3320,1990,590,"{""2023"": 46}"
CG,Congo,Law,topics.subfield.id:https://openalex.org/subfields/3308,1990,35,"{""2010"": 4}"
CG,Congo,Philosophy,topics.subfield.id:https://openalex.org/subfields/1211,1990,166,"{""2025"": 34}"
CG,Congo,Linguistics,topics.subfield.id:https://openalex.org/subfields/1203|https://openalex.org/subfields/3310,1990,184,"{""2025"": 36}"
CG,Congo,Anthropology,topics.subfield.id:https://openalex.org/subfields/3314,1990,431,"{""2022"": 34}"
CG,Congo,Archaeology,concepts.id:https://openalex.org/C166957645,1990,721,"{""2020"": 71}"
CG,Congo,Evolutionary Biology,topics.subfield.id:https://openalex.org/subfields/1105,1990,1157,"{""2020"": 82}"
CG,Congo,Botany,concepts.id:https://openalex.org/C59822182,1990,501,"{""2024"": 47}"
CG,Congo,Tropical,concepts.id:https://openalex.org/C185032368,1990,92,"{""2025"": 15}"
CG,Congo,Mining,concepts.id:https://openalex.org/C16674752,1990,13,"{""2025"": 4}"
CG,Congo,Materials Science,topics.field.id:https://openalex.org/fields/25,1990,208,"{""2024"": 25}"
CG,Congo,Computer Science,topics.field.id:https://openalex.org/fields/17,1990,500,"{""2025"": 57}"
CG,Congo,Physics and Astronomy,topics.field.id:https://openalex.org/fields/31,1990,174,"{""2022"": 18}"
CG,Congo,Mathematics,topics.field.id:https://openalex.org/fields/26,1990,450,"{""2021"": 68}"
CG,Congo,Chemistry,topics.field.id:https://openalex.org/fields/16,1990,107,"{""2024"": 15}"
CG,Congo,Engineering,topics.field.id:https://openalex.org/fields/22,1990,717,"{""2023"": 92}"
CI,Ivory Coast,History,topics.subfield.id:https://openalex.org/subfields/1202,1990,183,"{""2014"": 27}"
CI,Ivory Coast,Political Science,topics.subfield.id:https://openalex.org/subfields/3320,1990,654,"{""2023"": 64}"
CI,Ivory Coast,Law,topics.subfield.id:https://openalex.org/subfields/3308,1990,64,"{""2021"": 9}"
CI,Ivory Coast,Philosophy,topics.subfield.id:https://openalex.org/subfields/1211,1990,550,"{""2021"": 48}"
CI,Ivory Coast,Linguistics,topics.subfield.id:https://openalex.org/subfields/1203|https://openalex.org/subfields/3310,1990,727,"{""2022"": 63}"
CI,Ivory Coast,Anthropology,topics.subfield.id:https://openalex.org/subfields/3314,1990,862,"{""2021"": 87}"
CI,Ivory Coast,Archaeology,concepts.id:https://openalex.org/C166957645,1990,1917,"{""2022"": 213}"
CI,Ivory Coast,Evolutionary Biology,topics.subfield.id:https://openalex.org/subfields/1105,1990,4485,"{""2025"": 441}"
CI,Ivory Coast,Botany,concepts.id:https://openalex.org/C59822182,1990,3148,"{""2025"": 351}"
CI,Ivory Coast,Tropical,concepts.id:https://openalex.org/C185032368,1990,354,"{""2014"": 31}"
CI,Ivory Coast,Mining,concepts.id:https://openalex.org/C16674752,1990,129,"{""2025"": 39}"
CI,Ivory Coast,Materials Science,topics.field.id:https://openalex.org/fields/25,1990,871,"{""2025"": 122}"
CI,Ivory Coast,Computer Science,topics.field.id:https://openalex.org/fields/17,1990,1627,"{""2025"": 172}"
CI,Ivory Coast,Physics and Astronomy,topics.field.id:https://openalex.org/fields/31,1990,292,"{""2026"": 38}"
CI,Ivory Coast,Mathematics,topics.field.id:https://openalex.org/fields/26,1990,695,"{""2026"": 75}"
CI,Ivory Coast,Chemistry,topics.field.id:https://openalex.org/fields/16,1990,1177,"{""2025"": 116}"
CI,Ivory Coast,Engineering,topics.field.id:https://openalex.org/fields/22,1990,2236,"{""2025"": 250}"
CK,Cook Islands,History,topics.subfield.id:https://openalex.org/subfields/1202,1990,0,{}
CK,Cook Islands,Political Science,topics.subfield.id:https://openalex.org/subfields/3320,1990,1,"{""1999"": 1}"
CK,Cook Islands,Law,topics.subfield.id:https://openalex.org/subfields/3308,1990,0,{}
CK,Cook Islands,Philosophy,topics.subfield.id:https://openalex.org/subfields/1211,1990,0,{}
CK,Cook Islands,Linguistics,topics.subfield.id:https://openalex.org/subfields/1203|https://openalex.org/subfields/3310,1990,0,{}
CK,Cook Islands,Anthropology,topics.subfield.id:https://openalex.org/subfields/3314,1990,0,{}
CK,Cook Islands,Archaeology,concepts.id:https://openalex.org/C166957645,1990,6,"{""2023"": 2}"
CK,Cook Islands,Evolutionary Biology,topics.subfield.id:https://openalex.org/subfields/1105,1990,3,"{""2025"": 2}"
CK,Cook Islands,Botany,concepts.id:https://openalex.org/C59822182,1990,0,{}
CK,Cook Islands,Tropical,concepts.id:https://openalex.org/C185032368,1990,0,{}
CK,Cook Islands,Mining,concepts.id:https://openalex.org/C16674752,1990,0,{}
CK,Cook Islands,Materials Science,topics.field.id:https://openalex.org/fields/25,1990,0,{}
CK,Cook Islands,Computer Science,topics.field.id:https://openalex.org/fields/17,1990,0,{}
CK,Cook Islands,Physics and Astronomy,topics.field.id:https://openalex.org/fields/31,1990,0,{}
CK,Cook Islands,Mathematics,topics.field.id:https://openalex.org/fields/26,1990,0,{}
CK,Cook Islands,Chemistry,topics.field.id:https://openalex.org/fields/16,1990,0,{}
CK,Cook Islands,Engineering,topics.field.id:https://openalex.org/fields/22,1990,2,"{""2011"": 1}"
CL,Chile,History,topics.subfield.id:https://openalex.org/subfields/1202,1990,3906,"{""2025"": 324}"
CL,Chile,Political Science,topics.subfield.id:https://openalex.org/subfields/3320,1990,22954,"{""2016"": 1808}"
CL,Chile,Law,topics.subfield.id:https://openalex.org/subfields/3308,1990,11351,"{""2016"": 910}"
CL,Chile,Philosophy,topics.subfield.id:https://openalex.org/subfields/1211,1990,6439,"{""2025"": 498}"
CL,Chile,Linguistics,topics.subfield.id:https://openalex.org/subfields/1203|https://openalex.org/subfields/3310,1990,5214,"{""2024"": 315}"
CL,Chile,Anthropology,topics.subfield.id:https://openalex.org/subfields/3314,1990,4409,"{""2025"": 342}"
CL,Chile,Archaeology,concepts.id:https://openalex.org/C166957645,1990,16131,"{""2021"": 1399}"
CL,Chile,Evolutionary Biology,topics.subfield.id:https://openalex.org/subfields/1105,1990,9936,"{""2020"": 570}"
CL,Chile,Botany,concepts.id:https://openalex.org/C59822182,1990,15119,"{""2020"": 1038}"
CL,Chile,Tropical,concepts.id:https://openalex.org/C185032368,1990,32,"{""2026"": 6}"
CL,Chile,Mining,concepts.id:https://openalex.org/C16674752,1990,618,"{""2024"": 62}"
CL,Chile,Materials Science,topics.field.id:https://openalex.org/fields/25,1990,17858,"{""2025"": 1447}"
CL,Chile,Computer Science,topics.field.id:https://openalex.org/fields/17,1990,36161,"{""2025"": 2834}"
CL,Chile,Physics and Astronomy,topics.field.id:https://openalex.org/fields/31,1990,49474,"{""2026"": 3054}"
CL,Chile,Mathematics,topics.field.id:https://openalex.org/fields/26,1990,13263,"{""2021"": 885}"
CL,Chile,Chemistry,topics.field.id:https://openalex.org/fields/16,1990,14587,"{""2025"": 861}"
CL,Chile,Engineering,topics.field.id:https://openalex.org/fields/22,1990,58742,"{""2025"": 4916}"
CM,Cameroon,History,topics.subfield.id:https://openalex.org/subfields/1202,1990,134,"{""2025"": 23}"
CM,Cameroon,Political Science,topics.subfield.id:https://openalex.org/subfields/3320,1990,1448,"{""2026"": 191}"
CM,Cameroon,Law,topics.subfield.id:https://openalex.org/subfields/3308,1990,285,"{""2025"": 44}"
CM,Cameroon,Philosophy,topics.subfield.id:https://openalex.org/subfields/1211,1990,442,"{""2024"": 46}"
CM,Cameroon,Linguistics,topics.subfield.id:https://openalex.org/subfields/1203|https://openalex.org/subfields/3310,1990,1046,"{""2026"": 121}"
CM,Cameroon,Anthropology,topics.subfield.id:https://openalex.org/subfields/3314,1990,1093,"{""2026"": 163}"
CM,Cameroon,Archaeology,concepts.id:https://openalex.org/C166957645,1990,3781,"{""2023"": 462}"
CM,Cameroon,Evolutionary Biology,topics.subfield.id:https://openalex.org/subfields/1105,1990,4565,"{""2025"": 431}"
CM,Cameroon,Botany,concepts.id:https://openalex.org/C59822182,1990,5040,"{""2024"": 415}"
CM,Cameroon,Tropical,concepts.id:https://openalex.org/C185032368,1990,294,"{""2026"": 50}"
CM,Cameroon,Mining,concepts.id:https://openalex.org/C16674752,1990,229,"{""2025"": 45}"
CM,Cameroon,Materials Science,topics.field.id:https://openalex.org/fields/25,1990,2962,"{""2026"": 325}"
CM,Cameroon,Computer Science,topics.field.id:https://openalex.org/fields/17,1990,7475,"{""2025"": 740}"
CM,Cameroon,Physics and Astronomy,topics.field.id:https://openalex.org/fields/31,1990,3746,"{""2022"": 308}"
CM,Cameroon,Mathematics,topics.field.id:https://openalex.org/fields/26,1990,1977,"{""2021"": 220}"
CM,Cameroon,Chemistry,topics.field.id:https://openalex.org/fields/16,1990,2149,"{""2024"": 199}"
CM,Cameroon,Engineering,topics.field.id:https://openalex.org/fields/22,1990,8524,"{""2025"": 1010}"
CN,China,History,topics.subfield.id:https://openalex.org/subfields/1202,1990,8162,"{""2011"": 525}"
CN,China,Political Science,topics.subfield.id:https://openalex.org/subfields/3320,1990,102993,"{""2025"": 7668}"
CN,China,Law,topics.subfield.id:https://openalex.org/subfields/3308,1990,32679,"{""2007"": 2823}"
CN,China,Philosophy,topics.subfield.id:https://openalex.org/subfields/1211,1990,19754,"{""2025"": 1270}"
CN,China,Linguistics,topics.subfield.id:https://openalex.org/subfields/1203|https://openalex.org/subfields/3310,1990,83653,"{""2011"": 6017}"
CN,China,Anthropology,topics.subfield.id:https://openalex.org/subfields/3314,1990,16044,"{""2025"": 1324}"
CN,China,Archaeology,concepts.id:https://openalex.org/C166957645,1990,686776,"{""2024"": 55858}"
CN,China,Evolutionary Biology,topics.subfield.id:https://openalex.org/subfields/1105,1990,142922,"{""2026"": 13625}"
CN,China,Botany,concepts.id:https://openalex.org/C59822182,1990,562499,"{""2024"": 42945}"
CN,China,Tropical,concepts.id:https://openalex.org/C185032368,1990,1598,"{""2025"": 437}"
CN,China,Mining,concepts.id:https://openalex.org/C16674752,1990,61059,"{""2025"": 5613}"
CN,China,Materials Science,topics.field.id:https://openalex.org/fields/25,1990,2221539,"{""2025"": 199115}"
CN,China,Computer Science,topics.field.id:https://openalex.org/fields/17,1990,2649419,"{""2025"": 237849}"
CN,China,Physics and Astronomy,topics.field.id:https://openalex.org/fields/31,1990,964723,"{""2025"": 72650}"
CN,China,Mathematics,topics.field.id:https://openalex.org/fields/26,1990,368225,"{""2025"": 24398}"
CN,China,Chemistry,topics.field.id:https://openalex.org/fields/16,1990,955290,"{""2025"": 73603}"
CN,China,Engineering,topics.field.id:https://openalex.org/fields/22,1990,6505497,"{""2025"": 600553}"
CO,Colombia,History,topics.subfield.id:https://openalex.org/subfields/1202,1990,5208,"{""2025"": 302}"
CO,Colombia,Political Science,topics.subfield.id:https://openalex.org/subfields/3320,1990,34506,"{""2016"": 2040}"
CO,Colombia,Law,topics.subfield.id:https://openalex.org/subfields/3308,1990,17999,"{""2020"": 1330}"
CO,Colombia,Philosophy,topics.subfield.id:https://openalex.org/subfields/1211,1990,7584,"{""2013"": 463}"
CO,Colombia,Linguistics,topics.subfield.id:https://openalex.org/subfields/1203|https://openalex.org/subfields/3310,1990,8751,"{""2017"": 561}"
CO,Colombia,Anthropology,topics.subfield.id:https://openalex.org/subfields/3314,1990,5485,"{""2025"": 399}"
CO,Colombia,Archaeology,concepts.id:https://openalex.org/C166957645,1990,19210,"{""2021"": 1465}"
CO,Colombia,Evolutionary Biology,topics.subfield.id:https://openalex.org/subfields/1105,1990,12751,"{""2025"": 1549}"
CO,Colombia,Botany,concepts.id:https://openalex.org/C59822182,1990,16462,"{""2025"": 1052}"
CO,Colombia,Tropical,concepts.id:https://openalex.org/C185032368,1990,162,"{""2026"": 27}"
CO,Colombia,Mining,concepts.id:https://openalex.org/C16674752,1990,348,"{""2024"": 34}"
CO,Colombia,Materials Science,topics.field.id:https://openalex.org/fields/25,1990,17107,"{""2025"": 1136}"
CO,Colombia,Computer Science,topics.field.id:https://openalex.org/fields/17,1990,52070,"{""2020"": 3943}"
CO,Colombia,Physics and Astronomy,topics.field.id:https://openalex.org/fields/31,1990,13811,"{""2023"": 782}"
CO,Colombia,Mathematics,topics.field.id:https://openalex.org/fields/26,1990,8880,"{""2021"": 699}"
CO,Colombia,Chemistry,topics.field.id:https://openalex.org/fields/16,1990,10818,"{""2024"": 636}"
CO,Colombia,Engineering,topics.field.id:https://openalex.org/fields/22,1990,65229,"{""2020"": 4503}"
CU,Cuba,History,topics.subfield.id:https://openalex.org/subfields/1202,1990,1099,"{""2018"": 84}"
CU,Cuba,Political Science,topics.subfield.id:https://openalex.org/subfields/3320,1990,2591,"{""2021"": 243}"
CU,Cuba,Law,topics.subfield.id:https://openalex.org/subfields/3308,1990,1671,"{""2020"": 219}"
CU,Cuba,Philosophy,topics.subfield.id:https://openalex.org/subfields/1211,1990,395,"{""2018"": 32}"
CU,Cuba,Linguistics,topics.subfield.id:https://openalex.org/subfields/1203|https://openalex.org/subfields/3310,1990,1144,"{""2021"": 102}"
CU,Cuba,Anthropology,topics.subfield.id:https://openalex.org/subfields/3314,1990,297,"{""2026"": 32}"
CU,Cuba,Archaeology,concepts.id:https://openalex.org/C166957645,1990,3546,"{""2021"": 358}"
CU,Cuba,Evolutionary Biology,topics.subfield.id:https://openalex.org/subfields/1105,1990,2215,"{""2020"": 118}"
CU,Cuba,Botany,concepts.id:https://openalex.org/C59822182,1990,5173,"{""2015"": 293}"
CU,Cuba,Tropical,concepts.id:https://openalex.org/C185032368,1990,31,"{""2017"": 5}"
CU,Cuba,Mining,concepts.id:https://openalex.org/C16674752,1990,42,"{""2017"": 7}"
CU,Cuba,Materials Science,topics.field.id:https://openalex.org/fields/25,1990,3829,"{""2016"": 168}"
CU,Cuba,Computer Science,topics.field.id:https://openalex.org/fields/17,1990,11354,"{""2021"": 964}"
CU,Cuba,Physics and Astronomy,topics.field.id:https://openalex.org/fields/31,1990,2741,"{""2011"": 133}"
CU,Cuba,Mathematics,topics.field.id:https://openalex.org/fields/26,1990,1218,"{""2014"": 59}"
CU,Cuba,Chemistry,topics.field.id:https://openalex.org/fields/16,1990,3049,"{""2008"": 129}"
CU,Cuba,Engineering,topics.field.id:https://openalex.org/fields/22,1990,11372,"{""2021"": 592}"
CV,Cabo Verde,History,topics.subfield.id:https://openalex.org/subfields/1202,1990,17,"{""2004"": 2}"
CV,Cabo Verde,Political Science,topics.subfield.id:https://openalex.org/subfields/3320,1990,85,"{""2021"": 11}"
CV,Cabo Verde,Law,topics.subfield.id:https://openalex.org/subfields/3308,1990,32,"{""2010"": 6}"
CV,Cabo Verde,Philosophy,topics.subfield.id:https://openalex.org/subfields/1211,1990,22,"{""2014"": 5}"
CV,Cabo Verde,Linguistics,topics.subfield.id:https://openalex.org/subfields/1203|https://openalex.org/subfields/3310,1990,29,"{""2010"": 5}"
CV,Cabo Verde,Anthropology,topics.subfield.id:https://openalex.org/subfields/3314,1990,70,"{""2016"": 9}"
CV,Cabo Verde,Archaeology,concepts.id:https://openalex.org/C166957645,1990,193,"{""2020"": 21}"
CV,Cabo Verde,Evolutionary Biology,topics.subfield.id:https://openalex.org/subfields/1105,1990,38,"{""2020"": 8}"
CV,Cabo Verde,Botany,concepts.id:https://openalex.org/C59822182,1990,31,"{""2009"": 6}"
CV,Cabo Verde,Tropical,concepts.id:https://openalex.org/C185032368,1990,9,"{""2006"": 3}"
CV,Cabo Verde,Mining,concepts.id:https://openalex.org/C16674752,1990,2,"{""2010"": 1}"
CV,Cabo Verde,Materials Science,topics.field.id:https://openalex.org/fields/25,1990,21,"{""1999"": 3}"
CV,Cabo Verde,Computer Science,topics.field.id:https://openalex.org/fields/17,1990,167,"{""2025"": 13}"
CV,Cabo Verde,Physics and Astronomy,topics.field.id:https://openalex.org/fields/31,1990,24,"{""2007"": 2}"
CV,Cabo Verde,Mathematics,topics.field.id:https://openalex.org/fields/26,1990,89,"{""2020"": 10}"
CV,Cabo Verde,Chemistry,topics.field.id:https://openalex.org/fields/16,1990,20,"{""2016"": 4}"
CV,Cabo Verde,Engineering,topics.field.id:https://openalex.org/fields/22,1990,190,"{""2006"": 14}"
CW,Curaçao,History,topics.subfield.id:https://openalex.org/subfields/1202,1990,4,"{""2025"": 2}"
CW,Curaçao,Political Science,topics.subfield.id:https://openalex.org/subfields/3320,1990,22,"{""2014"": 5}"
CW,Curaçao,Law,topics.subfield.id:https://openalex.org/subfields/3308,1990,15,"{""2019"": 3}"
CW,Curaçao,Philosophy,topics.subfield.id:https://openalex.org/subfields/1211,1990,8,"{""2017"": 2}"
CW,Curaçao,Linguistics,topics.subfield.id:https://openalex.org/subfields/1203|https://openalex.org/subfields/3310,1990,11,"{""2025"": 3}"
CW,Curaçao,Anthropology,topics.subfield.id:https://openalex.org/subfields/3314,1990,6,"{""2026"": 2}"
CW,Curaçao,Archaeology,concepts.id:https://openalex.org/C166957645,1990,59,"{""2023"": 12}"
CW,Curaçao,Evolutionary Biology,topics.subfield.id:https://openalex.org/subfields/1105,1990,35,"{""1997"": 4}"
CW,Curaçao,Botany,concepts.id:https://openalex.org/C59822182,1990,45,"{""2008"": 5}"
CW,Curaçao,Tropical,concepts.id:https://openalex.org/C185032368,1990,0,{}
CW,Curaçao,Mining,concepts.id:https://openalex.org/C16674752,1990,0,{}
CW,Curaçao,Materials Science,topics.field.id:https://openalex.org/fields/25,1990,13,"{""2014"": 2}"
CW,Curaçao,Computer Science,topics.field.id:https://openalex.org/fields/17,1990,37,"{""2017"": 8}"
CW,Curaçao,Physics and Astronomy,topics.field.id:https://openalex.org/fields/31,1990,9,"{""1993"": 2}"
CW,Curaçao,Mathematics,topics.field.id:https://openalex.org/fields/26,1990,14,"{""2022"": 3}"
CW,Curaçao,Chemistry,topics.field.id:https://openalex.org/fields/16,1990,5,"{""1992"": 1}"
CW,Curaçao,Engineering,topics.field.id:https://openalex.org/fields/22,1990,67,"{""2023"": 7}"
CX,Christmas Island,History,topics.subfield.id:https://openalex.org/subfields/1202,1990,0,{}
CX,Christmas Island,Political Science,topics.subfield.id:https://openalex.org/subfields/3320,1990,0,{}
CX,Christmas Island,Law,topics.subfield.id:https://openalex.org/subfields/3308,1990,0,{}
CX,Christmas Island,Philosophy,topics.subfield.id:https://openalex.org/subfields/1211,1990,0,{}
CX,Christmas Island,Linguistics,topics.subfield.id:https://openalex.org/subfields/1203|https://openalex.org/subfields/3310,1990,0,{}
CX,Christmas Island,Anthropology,topics.subfield.id:https://openalex.org/subfields/3314,1990,0,{}
CX,Christmas Island,Archaeology,concepts.id:https://openalex.org/C166957645,1990,0,{}
CX,Christmas Island,Evolutionary Biology,topics.subfield.id:https://openalex.org/subfields/1105,1990,0,{}
CX,Christmas Island,Botany,concepts.id:https://openalex.org/C59822182,1990,0,{}
CX,Christmas Island,Tropical,concepts.id:https://openalex.org/C185032368,1990,0,{}
CX,Christmas Island,Mining,concepts.id:https://openalex.org/C16674752,1990,0,{}
CX,Christmas Island,Materials Science,topics.field.id:https://openalex.org/fields/25,1990,0,{}
CX,Christmas Island,Computer Science,topics.field.id:https://openalex.org/fields/17,1990,0,{}
CX,Christmas Island,Physics and Astronomy,topics.field.id:https://openalex.org/fields/31,1990,0,{}
CX,Christmas Island,Mathematics,topics.field.id:https://openalex.org/fields/26,1990,0,{}
CX,Christmas Island,Chemistry,topics.field.id:https://openalex.org/fields/16,1990,0,{}
CX,Christmas Island,Engineering,topics.field.id:https://openalex.org/fields/22,1990,0,{}
CY,Cyprus,History,topics.subfield.id:https://openalex.org/subfields/1202,1990,456,"{""2023"": 43}"
CY,Cyprus,Political Science,topics.subfield.id:https://openalex.org/subfields/3320,1990,2827,"{""2025"": 262}"
CY,Cyprus,Law,topics.subfield.id:https://openalex.org/subfields/3308,1990,350,"{""2024"": 39}"
CY,Cyprus,Philosophy,topics.subfield.id:https://openalex.org/subfields/1211,1990,1262,"{""2023"": 124}"
CY,Cyprus,Linguistics,topics.subfield.id:https://openalex.org/subfields/1203|https://openalex.org/subfields/3310,1990,1152,"{""2021"": 99}"
CY,Cyprus,Anthropology,topics.subfield.id:https://openalex.org/subfields/3314,1990,560,"{""2020"": 47}"
CY,Cyprus,Archaeology,concepts.id:https://openalex.org/C166957645,1990,6195,"{""2023"": 652}"
CY,Cyprus,Evolutionary Biology,topics.subfield.id:https://openalex.org/subfields/1105,1990,584,"{""2022"": 62}"
CY,Cyprus,Botany,concepts.id:https://openalex.org/C59822182,1990,1933,"{""2021"": 175}"
CY,Cyprus,Tropical,concepts.id:https://openalex.org/C185032368,1990,8,"{""2023"": 2}"
CY,Cyprus,Mining,concepts.id:https://openalex.org/C16674752,1990,78,"{""2024"": 13}"
CY,Cyprus,Materials Science,topics.field.id:https://openalex.org/fields/25,1990,3849,"{""2022"": 325}"
CY,Cyprus,Computer Science,topics.field.id:https://openalex.org/fields/17,1990,15433,"{""2025"": 1380}"
CY,Cyprus,Physics and Astronomy,topics.field.id:https://openalex.org/fields/31,1990,5853,"{""2025"": 565}"
CY,Cyprus,Mathematics,topics.field.id:https://openalex.org/fields/26,1990,4255,"{""2024"": 452}"
CY,Cyprus,Chemistry,topics.field.id:https://openalex.org/fields/16,1990,2795,"{""2022"": 242}"
CY,Cyprus,Engineering,topics.field.id:https://openalex.org/fields/22,1990,21196,"{""2024"": 1835}"
DE,Germany,History,topics.subfield.id:https://openalex.org/subfields/1202,1990,42973,"{""2021"": 2463}"
DE,Germany,Political Science,topics.subfield.id:https://openalex.org/subfields/3320,1990,168254,"{""2020"": 10365}"
DE,Germany,Law,topics.subfield.id:https://openalex.org/subfields/3308,1990,49798,"{""2020"": 2725}"
DE,Germany,Philosophy,topics.subfield.id:https://openalex.org/subfields/1211,1990,54254,"{""2025"": 3454}"
DE,Germany,Linguistics,topics.subfield.id:https://openalex.org/subfields/1203|https://openalex.org/subfields/3310,1990,60356,"{""2020"": 3517}"
DE,Germany,Anthropology,topics.subfield.id:https://openalex.org/subfields/3314,1990,28198,"{""2021"": 1849}"
DE,Germany,Archaeology,concepts.id:https://openalex.org/C166957645,1990,203030,"{""2023"": 14277}"
DE,Germany,Evolutionary Biology,topics.subfield.id:https://openalex.org/subfields/1105,1990,92708,"{""2025"": 6086}"
DE,Germany,Botany,concepts.id:https://openalex.org/C59822182,1990,140965,"{""2021"": 6695}"
DE,Germany,Tropical,concepts.id:https://openalex.org/C185032368,1990,621,"{""2025"": 85}"
DE,Germany,Mining,concepts.id:https://openalex.org/C16674752,1990,3618,"{""2025"": 394}"
DE,Germany,Materials Science,topics.field.id:https://openalex.org/fields/25,1990,562413,"{""2016"": 21877}"
DE,Germany,Computer Science,topics.field.id:https://openalex.org/fields/17,1990,662819,"{""2025"": 35677}"
DE,Germany,Physics and Astronomy,topics.field.id:https://openalex.org/fields/31,1990,757049,"{""2019"": 27995}"
DE,Germany,Mathematics,topics.field.id:https://openalex.org/fields/26,1990,183543,"{""2021"": 8367}"
DE,Germany,Chemistry,topics.field.id:https://openalex.org/fields/16,1990,431509,"{""2008"": 18173}"
DE,Germany,Engineering,topics.field.id:https://openalex.org/fields/22,1990,1403086,"{""2023"": 66063}"
DK,Denmark,History,topics.subfield.id:https://openalex.org/subfields/1202,1990,13007,"{""2017"": 961}"
DK,Denmark,Political Science,topics.subfield.id:https://openalex.org/subfields/3320,1990,41984,"{""2017"": 2699}"
DK,Denmark,Law,topics.subfield.id:https://openalex.org/subfields/3308,1990,5102,"{""2013"": 316}"
DK,Denmark,Philosophy,topics.subfield.id:https://openalex.org/subfields/1211,1990,12846,"{""2013"": 804}"
DK,Denmark,Linguistics,topics.subfield.id:https://openalex.org/subfields/1203|https://openalex.org/subfields/3310,1990,9771,"{""2017"": 774}"
DK,Denmark,Anthropology,topics.subfield.id:https://openalex.org/subfields/3314,1990,7208,"{""2023"": 465}"
DK,Denmark,Archaeology,concepts.id:https://openalex.org/C166957645,1990,36713,"{""2023"": 2498}"
DK,Denmark,Evolutionary Biology,topics.subfield.id:https://openalex.org/subfields/1105,1990,13923,"{""2024"": 739}"
DK,Denmark,Botany,concepts.id:https://openalex.org/C59822182,1990,20753,"{""2023"": 1110}"
DK,Denmark,Tropical,concepts.id:https://openalex.org/C185032368,1990,301,"{""2013"": 25}"
DK,Denmark,Mining,concepts.id:https://openalex.org/C16674752,1990,513,"{""2018"": 41}"
DK,Denmark,Materials Science,topics.field.id:https://openalex.org/fields/25,1990,44473,"{""2019"": 3423}"
DK,Denmark,Computer Science,topics.field.id:https://openalex.org/fields/17,1990,80612,"{""2023"": 4719}"
DK,Denmark,Physics and Astronomy,topics.field.id:https://openalex.org/fields/31,1990,60824,"{""2023"": 2986}"
DK,Denmark,Mathematics,topics.field.id:https://openalex.org/fields/26,1990,16759,"{""2021"": 907}"
DK,Denmark,Chemistry,topics.field.id:https://openalex.org/fields/16,1990,33917,"{""2019"": 2486}"
DK,Denmark,Engineering,topics.field.id:https://openalex.org/fields/22,1990,166113,"{""2023"": 9662}"
DM,Dominica,History,topics.subfield.id:https://openalex.org/subfields/1202,1990,2,"{""2019"": 1}"
DM,Dominica,Political Science,topics.subfield.id:https://openalex.org/subfields/3320,1990,17,"{""2006"": 7}"
DM,Dominica,Law,topics.subfield.id:https://openalex.org/subfields/3308,1990,10,"{""2006"": 6}"
DM,Dominica,Philosophy,topics.subfield.id:https://openalex.org/subfields/1211,1990,1,"{""2018"": 1}"
DM,Dominica,Linguistics,topics.subfield.id:https://openalex.org/subfields/1203|https://openalex.org/subfields/3310,1990,3,"{""2006"": 2}"
DM,Dominica,Anthropology,topics.subfield.id:https://openalex.org/subfields/3314,1990,2,"{""1998"": 1}"
DM,Dominica,Archaeology,concepts.id:https://openalex.org/C166957645,1990,12,"{""2020"": 7}"
DM,Dominica,Evolutionary Biology,topics.subfield.id:https://openalex.org/subfields/1105,1990,3,"{""2021"": 1}"
DM,Dominica,Botany,concepts.id:https://openalex.org/C59822182,1990,6,"{""2006"": 2}"
DM,Dominica,Tropical,concepts.id:https://openalex.org/C185032368,1990,0,{}
DM,Dominica,Mining,concepts.id:https://openalex.org/C16674752,1990,1,"{""2019"": 1}"
DM,Dominica,Materials Science,topics.field.id:https://openalex.org/fields/25,1990,4,"{""2018"": 3}"
DM,Dominica,Computer Science,topics.field.id:https://openalex.org/fields/17,1990,45,"{""2025"": 14}"
DM,Dominica,Physics and Astronomy,topics.field.id:https://openalex.org/fields/31,1990,1,"{""2022"": 1}"
DM,Dominica,Mathematics,topics.field.id:https://openalex.org/fields/26,1990,8,"{""2020"": 4}"
DM,Dominica,Chemistry,topics.field.id:https://openalex.org/fields/16,1990,4,"{""2010"": 1}"
DM,Dominica,Engineering,topics.field.id:https://openalex.org/fields/22,1990,17,"{""2026"": 4}"
DO,Dominican Rep.,History,topics.subfield.id:https://openalex.org/subfields/1202,1990,146,"{""2023"": 27}"
DO,Dominican Rep.,Political Science,topics.subfield.id:https://openalex.org/subfields/3320,1990,505,"{""2020"": 52}"
DO,Dominican Rep.,Law,topics.subfield.id:https://openalex.org/subfields/3308,1990,170,"{""2026"": 25}"
DO,Dominican Rep.,Philosophy,topics.subfield.id:https://openalex.org/subfields/1211,1990,57,"{""2020"": 9}"
DO,Dominican Rep.,Linguistics,topics.subfield.id:https://openalex.org/subfields/1203|https://openalex.org/subfields/3310,1990,65,"{""2022"": 9}"
DO,Dominican Rep.,Anthropology,topics.subfield.id:https://openalex.org/subfields/3314,1990,80,"{""2023"": 9}"
DO,Dominican Rep.,Archaeology,concepts.id:https://openalex.org/C166957645,1990,333,"{""2023"": 35}"
DO,Dominican Rep.,Evolutionary Biology,topics.subfield.id:https://openalex.org/subfields/1105,1990,189,"{""2025"": 28}"
DO,Dominican Rep.,Botany,concepts.id:https://openalex.org/C59822182,1990,194,"{""2025"": 22}"
DO,Dominican Rep.,Tropical,concepts.id:https://openalex.org/C185032368,1990,3,"{""2024"": 1}"
DO,Dominican Rep.,Mining,concepts.id:https://openalex.org/C16674752,1990,6,"{""1995"": 2}"
DO,Dominican Rep.,Materials Science,topics.field.id:https://openalex.org/fields/25,1990,195,"{""2020"": 25}"
DO,Dominican Rep.,Computer Science,topics.field.id:https://openalex.org/fields/17,1990,1361,"{""2026"": 262}"
DO,Dominican Rep.,Physics and Astronomy,topics.field.id:https://openalex.org/fields/31,1990,189,"{""2026"": 43}"
DO,Dominican Rep.,Mathematics,topics.field.id:https://openalex.org/fields/26,1990,297,"{""2026"": 83}"
DO,Dominican Rep.,Chemistry,topics.field.id:https://openalex.org/fields/16,1990,99,"{""2020"": 16}"
DO,Dominican Rep.,Engineering,topics.field.id:https://openalex.org/fields/22,1990,742,"{""2025"": 86}"
DZ,Algeria,History,topics.subfield.id:https://openalex.org/subfields/1202,1990,1628,"{""2025"": 173}"
DZ,Algeria,Political Science,topics.subfield.id:https://openalex.org/subfields/3320,1990,8638,"{""2021"": 1179}"
DZ,Algeria,Law,topics.subfield.id:https://openalex.org/subfields/3308,1990,829,"{""2020"": 135}"
DZ,Algeria,Philosophy,topics.subfield.id:https://openalex.org/subfields/1211,1990,2229,"{""2021"": 240}"
DZ,Algeria,Linguistics,topics.subfield.id:https://openalex.org/subfields/1203|https://openalex.org/subfields/3310,1990,5664,"{""2021"": 585}"
DZ,Algeria,Anthropology,topics.subfield.id:https://openalex.org/subfields/3314,1990,3083,"{""2021"": 345}"
DZ,Algeria,Archaeology,concepts.id:https://openalex.org/C166957645,1990,6252,"{""2024"": 687}"
DZ,Algeria,Evolutionary Biology,topics.subfield.id:https://openalex.org/subfields/1105,1990,5866,"{""2026"": 465}"
DZ,Algeria,Botany,concepts.id:https://openalex.org/C59822182,1990,8495,"{""2022"": 780}"
DZ,Algeria,Tropical,concepts.id:https://openalex.org/C185032368,1990,19,"{""2025"": 5}"
DZ,Algeria,Mining,concepts.id:https://openalex.org/C16674752,1990,390,"{""2025"": 58}"
DZ,Algeria,Materials Science,topics.field.id:https://openalex.org/fields/25,1990,26505,"{""2025"": 2325}"
DZ,Algeria,Computer Science,topics.field.id:https://openalex.org/fields/17,1990,37150,"{""2025"": 3404}"
DZ,Algeria,Physics and Astronomy,topics.field.id:https://openalex.org/fields/31,1990,14413,"{""2025"": 1009}"
DZ,Algeria,Mathematics,topics.field.id:https://openalex.org/fields/26,1990,12301,"{""2025"": 1166}"
DZ,Algeria,Chemistry,topics.field.id:https://openalex.org/fields/16,1990,11504,"{""2025"": 981}"
DZ,Algeria,Engineering,topics.field.id:https://openalex.org/fields/22,1990,142796,"{""2021"": 14773}"
EC,Ecuador,History,topics.subfield.id:https://openalex.org/subfields/1202,1990,747,"{""2025"": 108}"
EC,Ecuador,Political Science,topics.subfield.id:https://openalex.org/subfields/3320,1990,8536,"{""2025"": 1603}"
EC,Ecuador,Law,topics.subfield.id:https://openalex.org/subfields/3308,1990,10866,"{""2025"": 1873}"
EC,Ecuador,Philosophy,topics.subfield.id:https://openalex.org/subfields/1211,1990,843,"{""2017"": 220}"
EC,Ecuador,Linguistics,topics.subfield.id:https://openalex.org/subfields/1203|https://openalex.org/subfields/3310,1990,1831,"{""2025"": 248}"
EC,Ecuador,Anthropology,topics.subfield.id:https://openalex.org/subfields/3314,1990,1258,"{""2026"": 203}"
EC,Ecuador,Archaeology,concepts.id:https://openalex.org/C166957645,1990,7311,"{""2023"": 804}"
EC,Ecuador,Evolutionary Biology,topics.subfield.id:https://openalex.org/subfields/1105,1990,4872,"{""2026"": 1133}"
EC,Ecuador,Botany,concepts.id:https://openalex.org/C59822182,1990,5401,"{""2025"": 579}"
EC,Ecuador,Tropical,concepts.id:https://openalex.org/C185032368,1990,75,"{""2026"": 25}"
EC,Ecuador,Mining,concepts.id:https://openalex.org/C16674752,1990,115,"{""2025"": 19}"
EC,Ecuador,Materials Science,topics.field.id:https://openalex.org/fields/25,1990,3727,"{""2026"": 696}"
EC,Ecuador,Computer Science,topics.field.id:https://openalex.org/fields/17,1990,33188,"{""2026"": 5801}"
EC,Ecuador,Physics and Astronomy,topics.field.id:https://openalex.org/fields/31,1990,2248,"{""2025"": 324}"
EC,Ecuador,Mathematics,topics.field.id:https://openalex.org/fields/26,1990,1925,"{""2026"": 255}"
EC,Ecuador,Chemistry,topics.field.id:https://openalex.org/fields/16,1990,2070,"{""2025"": 274}"
EC,Ecuador,Engineering,topics.field.id:https://openalex.org/fields/22,1990,20625,"{""2025"": 2725}"
EG,Egypt,History,topics.subfield.id:https://openalex.org/subfields/1202,1990,1127,"{""2023"": 153}"
EG,Egypt,Political Science,topics.subfield.id:https://openalex.org/subfields/3320,1990,8066,"{""2023"": 986}"
EG,Egypt,Law,topics.subfield.id:https://openalex.org/subfields/3308,1990,1021,"{""2023"": 171}"
EG,Egypt,Philosophy,topics.subfield.id:https://openalex.org/subfields/1211,1990,2507,"{""2023"": 334}"
EG,Egypt,Linguistics,topics.subfield.id:https://openalex.org/subfields/1203|https://openalex.org/subfields/3310,1990,3984,"{""2023"": 532}"
EG,Egypt,Anthropology,topics.subfield.id:https://openalex.org/subfields/3314,1990,2362,"{""2022"": 276}"
EG,Egypt,Archaeology,concepts.id:https://openalex.org/C166957645,1990,21220,"{""2022"": 2214}"
EG,Egypt,Evolutionary Biology,topics.subfield.id:https://openalex.org/subfields/1105,1990,9921,"{""2025"": 742}"
EG,Egypt,Botany,concepts.id:https://openalex.org/C59822182,1990,41877,"{""2022"": 3488}"
EG,Egypt,Tropical,concepts.id:https://openalex.org/C185032368,1990,130,"{""2026"": 31}"
EG,Egypt,Mining,concepts.id:https://openalex.org/C16674752,1990,962,"{""2025"": 118}"
EG,Egypt,Materials Science,topics.field.id:https://openalex.org/fields/25,1990,75492,"{""2024"": 6477}"
EG,Egypt,Computer Science,topics.field.id:https://openalex.org/fields/17,1990,71952,"{""2023"": 6970}"
EG,Egypt,Physics and Astronomy,topics.field.id:https://openalex.org/fields/31,1990,27120,"{""2023"": 1957}"
EG,Egypt,Mathematics,topics.field.id:https://openalex.org/fields/26,1990,19312,"{""2022"": 1981}"
EG,Egypt,Chemistry,topics.field.id:https://openalex.org/fields/16,1990,60474,"{""2024"": 4202}"
EG,Egypt,Engineering,topics.field.id:https://openalex.org/fields/22,1990,247587,"{""2024"": 26666}"
ER,Eritrea,History,topics.subfield.id:https://openalex.org/subfields/1202,1990,4,"{""2021"": 2}"
ER,Eritrea,Political Science,topics.subfield.id:https://openalex.org/subfields/3320,1990,147,"{""2006"": 15}"
ER,Eritrea,Law,topics.subfield.id:https://openalex.org/subfields/3308,1990,7,"{""2025"": 3}"
ER,Eritrea,Philosophy,topics.subfield.id:https://openalex.org/subfields/1211,1990,8,"{""2000"": 2}"
ER,Eritrea,Linguistics,topics.subfield.id:https://openalex.org/subfields/1203|https://openalex.org/subfields/3310,1990,14,"{""2024"": 3}"
ER,Eritrea,Anthropology,topics.subfield.id:https://openalex.org/subfields/3314,1990,52,"{""2001"": 8}"
ER,Eritrea,Archaeology,concepts.id:https://openalex.org/C166957645,1990,64,"{""2001"": 6}"
ER,Eritrea,Evolutionary Biology,topics.subfield.id:https://openalex.org/subfields/1105,1990,22,"{""2001"": 2}"
ER,Eritrea,Botany,concepts.id:https://openalex.org/C59822182,1990,43,"{""2001"": 5}"
ER,Eritrea,Tropical,concepts.id:https://openalex.org/C185032368,1990,1,"{""2025"": 1}"
ER,Eritrea,Mining,concepts.id:https://openalex.org/C16674752,1990,2,"{""2007"": 1}"
ER,Eritrea,Materials Science,topics.field.id:https://openalex.org/fields/25,1990,19,"{""2026"": 3}"
ER,Eritrea,Computer Science,topics.field.id:https://openalex.org/fields/17,1990,62,"{""2006"": 7}"
ER,Eritrea,Physics and Astronomy,topics.field.id:https://openalex.org/fields/31,1990,14,"{""2002"": 4}"
ER,Eritrea,Mathematics,topics.field.id:https://openalex.org/fields/26,1990,23,"{""2019"": 4}"
ER,Eritrea,Chemistry,topics.field.id:https://openalex.org/fields/16,1990,16,"{""2024"": 3}"
ER,Eritrea,Engineering,topics.field.id:https://openalex.org/fields/22,1990,43,"{""2006"": 6}"
ES,Spain,History,topics.subfield.id:https://openalex.org/subfields/1202,1990,69506,"{""2025"": 4376}"
ES,Spain,Political Science,topics.subfield.id:https://openalex.org/subfields/3320,1990,88220,"{""2025"": 6037}"
ES,Spain,Law,topics.subfield.id:https://openalex.org/subfields/3308,1990,32283,"{""2025"": 2309}"
ES,Spain,Philosophy,topics.subfield.id:https://openalex.org/subfields/1211,1990,36734,"{""2025"": 2554}"
ES,Spain,Linguistics,topics.subfield.id:https://openalex.org/subfields/1203|https://openalex.org/subfields/3310,1990,48974,"{""2025"": 3168}"
ES,Spain,Anthropology,topics.subfield.id:https://openalex.org/subfields/3314,1990,22868,"{""2025"": 1610}"
ES,Spain,Archaeology,concepts.id:https://openalex.org/C166957645,1990,118076,"{""2023"": 9007}"
ES,Spain,Evolutionary Biology,topics.subfield.id:https://openalex.org/subfields/1105,1990,47845,"{""2025"": 3184}"
ES,Spain,Botany,concepts.id:https://openalex.org/C59822182,1990,93240,"{""2021"": 4832}"
ES,Spain,Tropical,concepts.id:https://openalex.org/C185032368,1990,520,"{""2026"": 90}"
ES,Spain,Mining,concepts.id:https://openalex.org/C16674752,1990,2388,"{""2025"": 215}"
ES,Spain,Materials Science,topics.field.id:https://openalex.org/fields/25,1990,200635,"{""2025"": 9712}"
ES,Spain,Computer Science,topics.field.id:https://openalex.org/fields/17,1990,337336,"{""2025"": 18595}"
ES,Spain,Physics and Astronomy,topics.field.id:https://openalex.org/fields/31,1990,240394,"{""2023"": 13667}"
ES,Spain,Mathematics,topics.field.id:https://openalex.org/fields/26,1990,81758,"{""2021"": 4221}"
ES,Spain,Chemistry,topics.field.id:https://openalex.org/fields/16,1990,169738,"{""2023"": 6009}"
ES,Spain,Engineering,topics.field.id:https://openalex.org/fields/22,1990,527561,"{""2025"": 30193}"
ET,Ethiopia,History,topics.subfield.id:https://openalex.org/subfields/1202,1990,316,"{""2025"": 30}"
ET,Ethiopia,Political Science,topics.subfield.id:https://openalex.org/subfields/3320,1990,5352,"{""2025"": 549}"
ET,Ethiopia,Law,topics.subfield.id:https://openalex.org/subfields/3308,1990,430,"{""2021"": 40}"
ET,Ethiopia,Philosophy,topics.subfield.id:https://openalex.org/subfields/1211,1990,304,"{""2021"": 58}"
ET,Ethiopia,Linguistics,topics.subfield.id:https://openalex.org/subfields/1203|https://openalex.org/subfields/3310,1990,1012,"{""2025"": 139}"
ET,Ethiopia,Anthropology,topics.subfield.id:https://openalex.org/subfields/3314,1990,1226,"{""2026"": 174}"
ET,Ethiopia,Archaeology,concepts.id:https://openalex.org/C166957645,1990,13253,"{""2023"": 1675}"
ET,Ethiopia,Evolutionary Biology,topics.subfield.id:https://openalex.org/subfields/1105,1990,6558,"{""2025"": 702}"
ET,Ethiopia,Botany,concepts.id:https://openalex.org/C59822182,1990,7290,"{""2024"": 867}"
ET,Ethiopia,Tropical,concepts.id:https://openalex.org/C185032368,1990,954,"{""2026"": 195}"
ET,Ethiopia,Mining,concepts.id:https://openalex.org/C16674752,1990,264,"{""2026"": 59}"
ET,Ethiopia,Materials Science,topics.field.id:https://openalex.org/fields/25,1990,6812,"{""2025"": 972}"
ET,Ethiopia,Computer Science,topics.field.id:https://openalex.org/fields/17,1990,9705,"{""2022"": 1236}"
ET,Ethiopia,Physics and Astronomy,topics.field.id:https://openalex.org/fields/31,1990,2080,"{""2025"": 254}"
ET,Ethiopia,Mathematics,topics.field.id:https://openalex.org/fields/26,1990,3589,"{""2021"": 474}"
ET,Ethiopia,Chemistry,topics.field.id:https://openalex.org/fields/16,1990,3209,"{""2024"": 407}"
ET,Ethiopia,Engineering,topics.field.id:https://openalex.org/fields/22,1990,21015,"{""2025"": 2740}"
FJ,Fiji,History,topics.subfield.id:https://openalex.org/subfields/1202,1990,38,"{""2017"": 5}"
FJ,Fiji,Political Science,topics.subfield.id:https://openalex.org/subfields/3320,1990,309,"{""2019"": 24}"
FJ,Fiji,Law,topics.subfield.id:https://openalex.org/subfields/3308,1990,67,"{""2019"": 6}"
FJ,Fiji,Philosophy,topics.subfield.id:https://openalex.org/subfields/1211,1990,50,"{""2020"": 7}"
FJ,Fiji,Linguistics,topics.subfield.id:https://openalex.org/subfields/1203|https://openalex.org/subfields/3310,1990,103,"{""2025"": 12}"
FJ,Fiji,Anthropology,topics.subfield.id:https://openalex.org/subfields/3314,1990,93,"{""2025"": 12}"
FJ,Fiji,Archaeology,concepts.id:https://openalex.org/C166957645,1990,1123,"{""2021"": 107}"
FJ,Fiji,Evolutionary Biology,topics.subfield.id:https://openalex.org/subfields/1105,1990,214,"{""2025"": 18}"
FJ,Fiji,Botany,concepts.id:https://openalex.org/C59822182,1990,375,"{""2018"": 30}"
FJ,Fiji,Tropical,concepts.id:https://openalex.org/C185032368,1990,3,"{""2012"": 1}"
FJ,Fiji,Mining,concepts.id:https://openalex.org/C16674752,1990,9,"{""2020"": 2}"
FJ,Fiji,Materials Science,topics.field.id:https://openalex.org/fields/25,1990,268,"{""2019"": 21}"
FJ,Fiji,Computer Science,topics.field.id:https://openalex.org/fields/17,1990,1138,"{""2022"": 101}"
FJ,Fiji,Physics and Astronomy,topics.field.id:https://openalex.org/fields/31,1990,139,"{""2023"": 14}"
FJ,Fiji,Mathematics,topics.field.id:https://openalex.org/fields/26,1990,163,"{""2014"": 17}"
FJ,Fiji,Chemistry,topics.field.id:https://openalex.org/fields/16,1990,164,"{""2020"": 13}"
FJ,Fiji,Engineering,topics.field.id:https://openalex.org/fields/22,1990,1569,"{""2022"": 136}"
FK,Falkland Islands,History,topics.subfield.id:https://openalex.org/subfields/1202,1990,1,"{""2015"": 1}"
FK,Falkland Islands,Political Science,topics.subfield.id:https://openalex.org/subfields/3320,1990,1,"{""2015"": 1}"
FK,Falkland Islands,Law,topics.subfield.id:https://openalex.org/subfields/3308,1990,0,{}
FK,Falkland Islands,Philosophy,topics.subfield.id:https://openalex.org/subfields/1211,1990,0,{}
FK,Falkland Islands,Linguistics,topics.subfield.id:https://openalex.org/subfields/1203|https://openalex.org/subfields/3310,1990,0,{}
FK,Falkland Islands,Anthropology,topics.subfield.id:https://openalex.org/subfields/3314,1990,1,"{""2021"": 1}"
FK,Falkland Islands,Archaeology,concepts.id:https://openalex.org/C166957645,1990,37,"{""2022"": 5}"
FK,Falkland Islands,Evolutionary Biology,topics.subfield.id:https://openalex.org/subfields/1105,1990,117,"{""2015"": 9}"
FK,Falkland Islands,Botany,concepts.id:https://openalex.org/C59822182,1990,10,"{""2012"": 2}"
FK,Falkland Islands,Tropical,concepts.id:https://openalex.org/C185032368,1990,0,{}
FK,Falkland Islands,Mining,concepts.id:https://openalex.org/C16674752,1990,1,"{""2023"": 1}"
FK,Falkland Islands,Materials Science,topics.field.id:https://openalex.org/fields/25,1990,0,{}
FK,Falkland Islands,Computer Science,topics.field.id:https://openalex.org/fields/17,1990,1,"{""2025"": 1}"
FK,Falkland Islands,Physics and Astronomy,topics.field.id:https://openalex.org/fields/31,1990,0,{}
FK,Falkland Islands,Mathematics,topics.field.id:https://openalex.org/fields/26,1990,4,"{""2019"": 1}"
FK,Falkland Islands,Chemistry,topics.field.id:https://openalex.org/fields/16,1990,6,"{""2015"": 2}"
FK,Falkland Islands,Engineering,topics.field.id:https://openalex.org/fields/22,1990,11,"{""2014"": 2}"
FM,Micronesia,History,topics.subfield.id:https://openalex.org/subfields/1202,1990,3,"{""2004"": 1}"
FM,Micronesia,Political Science,topics.subfield.id:https://openalex.org/subfields/3320,1990,8,"{""2002"": 1}"
FM,Micronesia,Law,topics.subfield.id:https://openalex.org/subfields/3308,1990,0,{}
FM,Micronesia,Philosophy,topics.subfield.id:https://openalex.org/subfields/1211,1990,1,"{""2018"": 1}"
FM,Micronesia,Linguistics,topics.subfield.id:https://openalex.org/subfields/1203|https://openalex.org/subfields/3310,1990,3,"{""2011"": 1}"
FM,Micronesia,Anthropology,topics.subfield.id:https://openalex.org/subfields/3314,1990,3,"{""2008"": 2}"
FM,Micronesia,Archaeology,concepts.id:https://openalex.org/C166957645,1990,25,"{""2007"": 3}"
FM,Micronesia,Evolutionary Biology,topics.subfield.id:https://openalex.org/subfields/1105,1990,32,"{""2018"": 5}"
FM,Micronesia,Botany,concepts.id:https://openalex.org/C59822182,1990,16,"{""2019"": 3}"
FM,Micronesia,Tropical,concepts.id:https://openalex.org/C185032368,1990,0,{}
FM,Micronesia,Mining,concepts.id:https://openalex.org/C16674752,1990,0,{}
FM,Micronesia,Materials Science,topics.field.id:https://openalex.org/fields/25,1990,4,"{""1998"": 1}"
FM,Micronesia,Computer Science,topics.field.id:https://openalex.org/fields/17,1990,17,"{""2015"": 3}"
FM,Micronesia,Physics and Astronomy,topics.field.id:https://openalex.org/fields/31,1990,9,"{""2001"": 2}"
FM,Micronesia,Mathematics,topics.field.id:https://openalex.org/fields/26,1990,7,"{""2002"": 1}"
FM,Micronesia,Chemistry,topics.field.id:https://openalex.org/fields/16,1990,11,"{""2007"": 2}"
FM,Micronesia,Engineering,topics.field.id:https://openalex.org/fields/22,1990,20,"{""1990"": 3}"
FO,Faroe Islands,History,topics.subfield.id:https://openalex.org/subfields/1202,1990,20,"{""2020"": 4}"
FO,Faroe Islands,Political Science,topics.subfield.id:https://openalex.org/subfields/3320,1990,51,"{""2024"": 14}"
FO,Faroe Islands,Law,topics.subfield.id:https://openalex.org/subfields/3308,1990,6,"{""2019"": 3}"
FO,Faroe Islands,Philosophy,topics.subfield.id:https://openalex.org/subfields/1211,1990,3,"{""2010"": 1}"
FO,Faroe Islands,Linguistics,topics.subfield.id:https://openalex.org/subfields/1203|https://openalex.org/subfields/3310,1990,36,"{""2022"": 6}"
FO,Faroe Islands,Anthropology,topics.subfield.id:https://openalex.org/subfields/3314,1990,4,"{""2005"": 1}"
FO,Faroe Islands,Archaeology,concepts.id:https://openalex.org/C166957645,1990,109,"{""2021"": 12}"
FO,Faroe Islands,Evolutionary Biology,topics.subfield.id:https://openalex.org/subfields/1105,1990,23,"{""2023"": 4}"
FO,Faroe Islands,Botany,concepts.id:https://openalex.org/C59822182,1990,27,"{""2017"": 4}"
FO,Faroe Islands,Tropical,concepts.id:https://openalex.org/C185032368,1990,1,"{""2019"": 1}"
FO,Faroe Islands,Mining,concepts.id:https://openalex.org/C16674752,1990,0,{}
FO,Faroe Islands,Materials Science,topics.field.id:https://openalex.org/fields/25,1990,24,"{""2014"": 4}"
FO,Faroe Islands,Computer Science,topics.field.id:https://openalex.org/fields/17,1990,174,"{""2022"": 25}"
FO,Faroe Islands,Physics and Astronomy,topics.field.id:https://openalex.org/fields/31,1990,42,"{""2019"": 7}"
FO,Faroe Islands,Mathematics,topics.field.id:https://openalex.org/fields/26,1990,81,"{""2022"": 13}"
FO,Faroe Islands,Chemistry,topics.field.id:https://openalex.org/fields/16,1990,12,"{""2022"": 3}"
FO,Faroe Islands,Engineering,topics.field.id:https://openalex.org/fields/22,1990,236,"{""2022"": 30}"
FR,France,History,topics.subfield.id:https://openalex.org/subfields/1202,1990,138779,"{""2019"": 7948}"
FR,France,Political Science,topics.subfield.id:https://openalex.org/subfields/3320,1990,255015,"{""2019"": 14643}"
FR,France,Law,topics.subfield.id:https://openalex.org/subfields/3308,1990,40497,"{""2019"": 2559}"
FR,France,Philosophy,topics.subfield.id:https://openalex.org/subfields/1211,1990,145209,"{""2019"": 8750}"
FR,France,Linguistics,topics.subfield.id:https://openalex.org/subfields/1203|https://openalex.org/subfields/3310,1990,138807,"{""2019"": 7718}"
FR,France,Anthropology,topics.subfield.id:https://openalex.org/subfields/3314,1990,170667,"{""2018"": 10194}"
FR,France,Archaeology,concepts.id:https://openalex.org/C166957645,1990,159634,"{""2022"": 10269}"
FR,France,Evolutionary Biology,topics.subfield.id:https://openalex.org/subfields/1105,1990,140955,"{""2022"": 7495}"
FR,France,Botany,concepts.id:https://openalex.org/C59822182,1990,111315,"{""2022"": 4967}"
FR,France,Tropical,concepts.id:https://openalex.org/C185032368,1990,1048,"{""2026"": 112}"
FR,France,Mining,concepts.id:https://openalex.org/C16674752,1990,3145,"{""2026"": 237}"
FR,France,Materials Science,topics.field.id:https://openalex.org/fields/25,1990,442879,"{""2016"": 17792}"
FR,France,Computer Science,topics.field.id:https://openalex.org/fields/17,1990,623257,"{""2023"": 29107}"
FR,France,Physics and Astronomy,topics.field.id:https://openalex.org/fields/31,1990,544279,"{""2023"": 22113}"
FR,France,Mathematics,topics.field.id:https://openalex.org/fields/26,1990,207726,"{""2020"": 9294}"
FR,France,Chemistry,topics.field.id:https://openalex.org/fields/16,1990,290192,"{""2006"": 11825}"
FR,France,Engineering,topics.field.id:https://openalex.org/fields/22,1990,1144978,"{""2023"": 50625}"
GA,Gabon,History,topics.subfield.id:https://openalex.org/subfields/1202,1990,20,"{""2026"": 4}"
GA,Gabon,Political Science,topics.subfield.id:https://openalex.org/subfields/3320,1990,72,"{""2026"": 8}"
GA,Gabon,Law,topics.subfield.id:https://openalex.org/subfields/3308,1990,3,"{""2006"": 2}"
GA,Gabon,Philosophy,topics.subfield.id:https://openalex.org/subfields/1211,1990,35,"{""2011"": 8}"
GA,Gabon,Linguistics,topics.subfield.id:https://openalex.org/subfields/1203|https://openalex.org/subfields/3310,1990,64,"{""2010"": 8}"
GA,Gabon,Anthropology,topics.subfield.id:https://openalex.org/subfields/3314,1990,112,"{""2025"": 12}"
GA,Gabon,Archaeology,concepts.id:https://openalex.org/C166957645,1990,190,"{""2020"": 22}"
GA,Gabon,Evolutionary Biology,topics.subfield.id:https://openalex.org/subfields/1105,1990,395,"{""2022"": 36}"
GA,Gabon,Botany,concepts.id:https://openalex.org/C59822182,1990,248,"{""2019"": 21}"
GA,Gabon,Tropical,concepts.id:https://openalex.org/C185032368,1990,124,"{""2026"": 23}"
GA,Gabon,Mining,concepts.id:https://openalex.org/C16674752,1990,6,"{""2023"": 3}"
GA,Gabon,Materials Science,topics.field.id:https://openalex.org/fields/25,1990,87,"{""2025"": 13}"
GA,Gabon,Computer Science,topics.field.id:https://openalex.org/fields/17,1990,294,"{""2026"": 34}"
GA,Gabon,Physics and Astronomy,topics.field.id:https://openalex.org/fields/31,1990,83,"{""2025"": 10}"
GA,Gabon,Mathematics,topics.field.id:https://openalex.org/fields/26,1990,202,"{""2011"": 21}"
GA,Gabon,Chemistry,topics.field.id:https://openalex.org/fields/16,1990,112,"{""2021"": 11}"
GA,Gabon,Engineering,topics.field.id:https://openalex.org/fields/22,1990,294,"{""2021"": 31}"
GB,United Kingdom,History,topics.subfield.id:https://openalex.org/subfields/1202,1990,125126,"{""2017"": 5563}"
GB,United Kingdom,Political Science,topics.subfield.id:https://openalex.org/subfields/3320,1990,295898,"{""2018"": 14231}"
GB,United Kingdom,Law,topics.subfield.id:https://openalex.org/subfields/3308,1990,61306,"{""2020"": 3612}"
GB,United Kingdom,Philosophy,topics.subfield.id:https://openalex.org/subfields/1211,1990,94208,"{""2018"": 5071}"
GB,United Kingdom,Linguistics,topics.subfield.id:https://openalex.org/subfields/1203|https://openalex.org/subfields/3310,1990,58915,"{""2018"": 2747}"
GB,United Kingdom,Anthropology,topics.subfield.id:https://openalex.org/subfields/3314,1990,88278,"{""2020"": 4105}"
GB,United Kingdom,Archaeology,concepts.id:https://openalex.org/C166957645,1990,368068,"{""2020"": 21296}"
GB,United Kingdom,Evolutionary Biology,topics.subfield.id:https://openalex.org/subfields/1105,1990,101697,"{""2025"": 5069}"
GB,United Kingdom,Botany,concepts.id:https://openalex.org/C59822182,1990,144378,"{""2021"": 6183}"
GB,United Kingdom,Tropical,concepts.id:https://openalex.org/C185032368,1990,2603,"{""2026"": 224}"
GB,United Kingdom,Mining,concepts.id:https://openalex.org/C16674752,1990,5701,"{""2026"": 466}"
GB,United Kingdom,Materials Science,topics.field.id:https://openalex.org/fields/25,1990,366910,"{""2020"": 15513}"
GB,United Kingdom,Computer Science,topics.field.id:https://openalex.org/fields/17,1990,669804,"{""2025"": 37832}"
GB,United Kingdom,Physics and Astronomy,topics.field.id:https://openalex.org/fields/31,1990,507052,"{""2020"": 20603}"
GB,United Kingdom,Mathematics,topics.field.id:https://openalex.org/fields/26,1990,170571,"{""2021"": 10419}"
GB,United Kingdom,Chemistry,topics.field.id:https://openalex.org/fields/16,1990,269929,"{""2016"": 11266}"
GB,United Kingdom,Engineering,topics.field.id:https://openalex.org/fields/22,1990,1180453,"{""2025"": 59463}"
GD,Grenada,History,topics.subfield.id:https://openalex.org/subfields/1202,1990,125,"{""2012"": 19}"
GD,Grenada,Political Science,topics.subfield.id:https://openalex.org/subfields/3320,1990,20,"{""2026"": 4}"
GD,Grenada,Law,topics.subfield.id:https://openalex.org/subfields/3308,1990,2,"{""2010"": 1}"
GD,Grenada,Philosophy,topics.subfield.id:https://openalex.org/subfields/1211,1990,22,"{""2023"": 6}"
GD,Grenada,Linguistics,topics.subfield.id:https://openalex.org/subfields/1203|https://openalex.org/subfields/3310,1990,2,"{""2012"": 1}"
GD,Grenada,Anthropology,topics.subfield.id:https://openalex.org/subfields/3314,1990,6,"{""2013"": 2}"
GD,Grenada,Archaeology,concepts.id:https://openalex.org/C166957645,1990,91,"{""2023"": 11}"
GD,Grenada,Evolutionary Biology,topics.subfield.id:https://openalex.org/subfields/1105,1990,49,"{""2016"": 7}"
GD,Grenada,Botany,concepts.id:https://openalex.org/C59822182,1990,141,"{""2023"": 18}"
GD,Grenada,Tropical,concepts.id:https://openalex.org/C185032368,1990,4,"{""2026"": 3}"
GD,Grenada,Mining,concepts.id:https://openalex.org/C16674752,1990,1,"{""2025"": 1}"
GD,Grenada,Materials Science,topics.field.id:https://openalex.org/fields/25,1990,18,"{""2022"": 4}"
GD,Grenada,Computer Science,topics.field.id:https://openalex.org/fields/17,1990,75,"{""2024"": 11}"
GD,Grenada,Physics and Astronomy,topics.field.id:https://openalex.org/fields/31,1990,30,"{""2016"": 10}"
GD,Grenada,Mathematics,topics.field.id:https://openalex.org/fields/26,1990,27,"{""2021"": 6}"
GD,Grenada,Chemistry,topics.field.id:https://openalex.org/fields/16,1990,14,"{""2025"": 5}"
GD,Grenada,Engineering,topics.field.id:https://openalex.org/fields/22,1990,289,"{""2025"": 32}"
GF,French Guiana,History,topics.subfield.id:https://openalex.org/subfields/1202,1990,59,"{""2020"": 11}"
GF,French Guiana,Political Science,topics.subfield.id:https://openalex.org/subfields/3320,1990,71,"{""2021"": 9}"
GF,French Guiana,Law,topics.subfield.id:https://openalex.org/subfields/3308,1990,17,"{""2023"": 4}"
GF,French Guiana,Philosophy,topics.subfield.id:https://openalex.org/subfields/1211,1990,49,"{""2021"": 10}"
GF,French Guiana,Linguistics,topics.subfield.id:https://openalex.org/subfields/1203|https://openalex.org/subfields/3310,1990,38,"{""2020"": 5}"
GF,French Guiana,Anthropology,topics.subfield.id:https://openalex.org/subfields/3314,1990,92,"{""2021"": 11}"
GF,French Guiana,Archaeology,concepts.id:https://openalex.org/C166957645,1990,241,"{""2020"": 28}"
GF,French Guiana,Evolutionary Biology,topics.subfield.id:https://openalex.org/subfields/1105,1990,821,"{""2022"": 61}"
GF,French Guiana,Botany,concepts.id:https://openalex.org/C59822182,1990,483,"{""2020"": 34}"
GF,French Guiana,Tropical,concepts.id:https://openalex.org/C185032368,1990,55,"{""2026"": 10}"
GF,French Guiana,Mining,concepts.id:https://openalex.org/C16674752,1990,1,"{""2023"": 1}"
GF,French Guiana,Materials Science,topics.field.id:https://openalex.org/fields/25,1990,62,"{""2010"": 5}"
GF,French Guiana,Computer Science,topics.field.id:https://openalex.org/fields/17,1990,137,"{""2024"": 18}"
GF,French Guiana,Physics and Astronomy,topics.field.id:https://openalex.org/fields/31,1990,33,"{""2021"": 6}"
GF,French Guiana,Mathematics,topics.field.id:https://openalex.org/fields/26,1990,88,"{""2020"": 12}"
GF,French Guiana,Chemistry,topics.field.id:https://openalex.org/fields/16,1990,73,"{""2023"": 11}"
GF,French Guiana,Engineering,topics.field.id:https://openalex.org/fields/22,1990,425,"{""2023"": 38}"
GH,Ghana,History,topics.subfield.id:https://openalex.org/subfields/1202,1990,222,"{""2026"": 37}"
GH,Ghana,Political Science,topics.subfield.id:https://openalex.org/subfields/3320,1990,2791,"{""2026"": 345}"
GH,Ghana,Law,topics.subfield.id:https://openalex.org/subfields/3308,1990,670,"{""2026"": 85}"
GH,Ghana,Philosophy,topics.subfield.id:https://openalex.org/subfields/1211,1990,415,"{""2024"": 38}"
GH,Ghana,Linguistics,topics.subfield.id:https://openalex.org/subfields/1203|https://openalex.org/subfields/3310,1990,1224,"{""2025"": 128}"
GH,Ghana,Anthropology,topics.subfield.id:https://openalex.org/subfields/3314,1990,1116,"{""2026"": 130}"
GH,Ghana,Archaeology,concepts.id:https://openalex.org/C166957645,1990,10414,"{""2023"": 1339}"
GH,Ghana,Evolutionary Biology,topics.subfield.id:https://openalex.org/subfields/1105,1990,3089,"{""2025"": 326}"
GH,Ghana,Botany,concepts.id:https://openalex.org/C59822182,1990,3691,"{""2023"": 349}"
GH,Ghana,Tropical,concepts.id:https://openalex.org/C185032368,1990,518,"{""2026"": 107}"
GH,Ghana,Mining,concepts.id:https://openalex.org/C16674752,1990,421,"{""2025"": 59}"
GH,Ghana,Materials Science,topics.field.id:https://openalex.org/fields/25,1990,2316,"{""2026"": 248}"
GH,Ghana,Computer Science,topics.field.id:https://openalex.org/fields/17,1990,10113,"{""2026"": 1380}"
GH,Ghana,Physics and Astronomy,topics.field.id:https://openalex.org/fields/31,1990,1078,"{""2026"": 150}"
GH,Ghana,Mathematics,topics.field.id:https://openalex.org/fields/26,1990,2928,"{""2022"": 358}"
GH,Ghana,Chemistry,topics.field.id:https://openalex.org/fields/16,1990,1726,"{""2024"": 185}"
GH,Ghana,Engineering,topics.field.id:https://openalex.org/fields/22,1990,13965,"{""2025"": 1572}"
GI,Gibraltar,History,topics.subfield.id:https://openalex.org/subfields/1202,1990,3,"{""2023"": 2}"
GI,Gibraltar,Political Science,topics.subfield.id:https://openalex.org/subfields/3320,1990,5,"{""2017"": 2}"
GI,Gibraltar,Law,topics.subfield.id:https://openalex.org/subfields/3308,1990,1,"{""2016"": 1}"
GI,Gibraltar,Philosophy,topics.subfield.id:https://openalex.org/subfields/1211,1990,6,"{""2020"": 2}"
GI,Gibraltar,Linguistics,topics.subfield.id:https://openalex.org/subfields/1203|https://openalex.org/subfields/3310,1990,0,{}
GI,Gibraltar,Anthropology,topics.subfield.id:https://openalex.org/subfields/3314,1990,77,"{""2014"": 11}"
GI,Gibraltar,Archaeology,concepts.id:https://openalex.org/C166957645,1990,90,"{""2013"": 9}"
GI,Gibraltar,Evolutionary Biology,topics.subfield.id:https://openalex.org/subfields/1105,1990,19,"{""2021"": 5}"
GI,Gibraltar,Botany,concepts.id:https://openalex.org/C59822182,1990,16,"{""2020"": 3}"
GI,Gibraltar,Tropical,concepts.id:https://openalex.org/C185032368,1990,1,"{""2016"": 1}"
GI,Gibraltar,Mining,concepts.id:https://openalex.org/C16674752,1990,0,{}
GI,Gibraltar,Materials Science,topics.field.id:https://openalex.org/fields/25,1990,3,"{""2012"": 1}"
GI,Gibraltar,Computer Science,topics.field.id:https://openalex.org/fields/17,1990,8,"{""2020"": 2}"
GI,Gibraltar,Physics and Astronomy,topics.field.id:https://openalex.org/fields/31,1990,0,{}
GI,Gibraltar,Mathematics,topics.field.id:https://openalex.org/fields/26,1990,4,"{""2015"": 1}"
GI,Gibraltar,Chemistry,topics.field.id:https://openalex.org/fields/16,1990,2,"{""2020"": 1}"
GI,Gibraltar,Engineering,topics.field.id:https://openalex.org/fields/22,1990,36,"{""2020"": 6}"
GL,Greenland,History,topics.subfield.id:https://openalex.org/subfields/1202,1990,19,"{""2020"": 2}"
GL,Greenland,Political Science,topics.subfield.id:https://openalex.org/subfields/3320,1990,63,"{""2024"": 7}"
GL,Greenland,Law,topics.subfield.id:https://openalex.org/subfields/3308,1990,2,"{""2021"": 1}"
GL,Greenland,Philosophy,topics.subfield.id:https://openalex.org/subfields/1211,1990,12,"{""2022"": 3}"
GL,Greenland,Linguistics,topics.subfield.id:https://openalex.org/subfields/1203|https://openalex.org/subfields/3310,1990,14,"{""2024"": 3}"
GL,Greenland,Anthropology,topics.subfield.id:https://openalex.org/subfields/3314,1990,42,"{""2026"": 6}"
GL,Greenland,Archaeology,concepts.id:https://openalex.org/C166957645,1990,315,"{""2023"": 28}"
GL,Greenland,Evolutionary Biology,topics.subfield.id:https://openalex.org/subfields/1105,1990,114,"{""2024"": 13}"
GL,Greenland,Botany,concepts.id:https://openalex.org/C59822182,1990,58,"{""2024"": 11}"
GL,Greenland,Tropical,concepts.id:https://openalex.org/C185032368,1990,1,"{""2022"": 1}"
GL,Greenland,Mining,concepts.id:https://openalex.org/C16674752,1990,12,"{""2017"": 2}"
GL,Greenland,Materials Science,topics.field.id:https://openalex.org/fields/25,1990,7,"{""2002"": 1}"
GL,Greenland,Computer Science,topics.field.id:https://openalex.org/fields/17,1990,74,"{""2020"": 9}"
GL,Greenland,Physics and Astronomy,topics.field.id:https://openalex.org/fields/31,1990,23,"{""2024"": 5}"
GL,Greenland,Mathematics,topics.field.id:https://openalex.org/fields/26,1990,10,"{""2026"": 6}"
GL,Greenland,Chemistry,topics.field.id:https://openalex.org/fields/16,1990,8,"{""2011"": 1}"
GL,Greenland,Engineering,topics.field.id:https://openalex.org/fields/22,1990,124,"{""2019"": 13}"
GM,Gambia,History,topics.subfield.id:https://openalex.org/subfields/1202,1990,19,"{""2002"": 3}"
GM,Gambia,Political Science,topics.subfield.id:https://openalex.org/subfields/3320,1990,131,"{""2026"": 25}"
GM,Gambia,Law,topics.subfield.id:https://openalex.org/subfields/3308,1990,29,"{""2023"": 5}"
GM,Gambia,Philosophy,topics.subfield.id:https://openalex.org/subfields/1211,1990,21,"{""2014"": 4}"
GM,Gambia,Linguistics,topics.subfield.id:https://openalex.org/subfields/1203|https://openalex.org/subfields/3310,1990,23,"{""2026"": 7}"
GM,Gambia,Anthropology,topics.subfield.id:https://openalex.org/subfields/3314,1990,71,"{""2026"": 13}"
GM,Gambia,Archaeology,concepts.id:https://openalex.org/C166957645,1990,289,"{""2023"": 51}"
GM,Gambia,Evolutionary Biology,topics.subfield.id:https://openalex.org/subfields/1105,1990,194,"{""2024"": 23}"
GM,Gambia,Botany,concepts.id:https://openalex.org/C59822182,1990,70,"{""2024"": 12}"
GM,Gambia,Tropical,concepts.id:https://openalex.org/C185032368,1990,91,"{""2026"": 12}"
GM,Gambia,Mining,concepts.id:https://openalex.org/C16674752,1990,2,"{""2024"": 1}"
GM,Gambia,Materials Science,topics.field.id:https://openalex.org/fields/25,1990,44,"{""2025"": 15}"
GM,Gambia,Computer Science,topics.field.id:https://openalex.org/fields/17,1990,286,"{""2026"": 62}"
GM,Gambia,Physics and Astronomy,topics.field.id:https://openalex.org/fields/31,1990,71,"{""2025"": 32}"
GM,Gambia,Mathematics,topics.field.id:https://openalex.org/fields/26,1990,251,"{""2025"": 54}"
GM,Gambia,Chemistry,topics.field.id:https://openalex.org/fields/16,1990,44,"{""2025"": 9}"
GM,Gambia,Engineering,topics.field.id:https://openalex.org/fields/22,1990,229,"{""2025"": 47}"
GN,Guinea,History,topics.subfield.id:https://openalex.org/subfields/1202,1990,11,"{""2025"": 3}"
GN,Guinea,Political Science,topics.subfield.id:https://openalex.org/subfields/3320,1990,51,"{""2026"": 8}"
GN,Guinea,Law,topics.subfield.id:https://openalex.org/subfields/3308,1990,11,"{""2001"": 2}"
GN,Guinea,Philosophy,topics.subfield.id:https://openalex.org/subfields/1211,1990,14,"{""2000"": 3}"
GN,Guinea,Linguistics,topics.subfield.id:https://openalex.org/subfields/1203|https://openalex.org/subfields/3310,1990,24,"{""2002"": 3}"
GN,Guinea,Anthropology,topics.subfield.id:https://openalex.org/subfields/3314,1990,53,"{""2011"": 6}"
GN,Guinea,Archaeology,concepts.id:https://openalex.org/C166957645,1990,155,"{""2025"": 22}"
GN,Guinea,Evolutionary Biology,topics.subfield.id:https://openalex.org/subfields/1105,1990,228,"{""2025"": 35}"
GN,Guinea,Botany,concepts.id:https://openalex.org/C59822182,1990,132,"{""2024"": 21}"
GN,Guinea,Tropical,concepts.id:https://openalex.org/C185032368,1990,31,"{""2025"": 10}"
GN,Guinea,Mining,concepts.id:https://openalex.org/C16674752,1990,13,"{""2025"": 4}"
GN,Guinea,Materials Science,topics.field.id:https://openalex.org/fields/25,1990,39,"{""2026"": 8}"
GN,Guinea,Computer Science,topics.field.id:https://openalex.org/fields/17,1990,147,"{""2025"": 31}"
GN,Guinea,Physics and Astronomy,topics.field.id:https://openalex.org/fields/31,1990,40,"{""2026"": 15}"
GN,Guinea,Mathematics,topics.field.id:https://openalex.org/fields/26,1990,158,"{""2022"": 24}"
GN,Guinea,Chemistry,topics.field.id:https://openalex.org/fields/16,1990,37,"{""2023"": 4}"
GN,Guinea,Engineering,topics.field.id:https://openalex.org/fields/22,1990,261,"{""2026"": 60}"
GP,Guadeloupe,History,topics.subfield.id:https://openalex.org/subfields/1202,1990,127,"{""2022"": 17}"
GP,Guadeloupe,Political Science,topics.subfield.id:https://openalex.org/subfields/3320,1990,275,"{""2021"": 32}"
GP,Guadeloupe,Law,topics.subfield.id:https://openalex.org/subfields/3308,1990,22,"{""2021"": 4}"
GP,Guadeloupe,Philosophy,topics.subfield.id:https://openalex.org/subfields/1211,1990,218,"{""2020"": 21}"
GP,Guadeloupe,Linguistics,topics.subfield.id:https://openalex.org/subfields/1203|https://openalex.org/subfields/3310,1990,388,"{""2016"": 37}"
GP,Guadeloupe,Anthropology,topics.subfield.id:https://openalex.org/subfields/3314,1990,352,"{""2022"": 36}"
GP,Guadeloupe,Archaeology,concepts.id:https://openalex.org/C166957645,1990,629,"{""2021"": 66}"
GP,Guadeloupe,Evolutionary Biology,topics.subfield.id:https://openalex.org/subfields/1105,1990,1218,"{""2026"": 174}"
GP,Guadeloupe,Botany,concepts.id:https://openalex.org/C59822182,1990,586,"{""2026"": 80}"
GP,Guadeloupe,Tropical,concepts.id:https://openalex.org/C185032368,1990,34,"{""2025"": 6}"
GP,Guadeloupe,Mining,concepts.id:https://openalex.org/C16674752,1990,0,{}
GP,Guadeloupe,Materials Science,topics.field.id:https://openalex.org/fields/25,1990,277,"{""2023"": 24}"
GP,Guadeloupe,Computer Science,topics.field.id:https://openalex.org/fields/17,1990,894,"{""2012"": 60}"
GP,Guadeloupe,Physics and Astronomy,topics.field.id:https://openalex.org/fields/31,1990,223,"{""2017"": 16}"
GP,Guadeloupe,Mathematics,topics.field.id:https://openalex.org/fields/26,1990,629,"{""2008"": 44}"
GP,Guadeloupe,Chemistry,topics.field.id:https://openalex.org/fields/16,1990,144,"{""2023"": 13}"
GP,Guadeloupe,Engineering,topics.field.id:https://openalex.org/fields/22,1990,943,"{""2023"": 54}"
GQ,Equatorial Guinea,History,topics.subfield.id:https://openalex.org/subfields/1202,1990,4,"{""2002"": 2}"
GQ,Equatorial Guinea,Political Science,topics.subfield.id:https://openalex.org/subfields/3320,1990,21,"{""2007"": 4}"
GQ,Equatorial Guinea,Law,topics.subfield.id:https://openalex.org/subfields/3308,1990,8,"{""2000"": 2}"
GQ,Equatorial Guinea,Philosophy,topics.subfield.id:https://openalex.org/subfields/1211,1990,4,"{""2007"": 2}"
GQ,Equatorial Guinea,Linguistics,topics.subfield.id:https://openalex.org/subfields/1203|https://openalex.org/subfields/3310,1990,13,"{""2014"": 3}"
GQ,Equatorial Guinea,Anthropology,topics.subfield.id:https://openalex.org/subfields/3314,1990,46,"{""2014"": 6}"
GQ,Equatorial Guinea,Archaeology,concepts.id:https://openalex.org/C166957645,1990,17,"{""2024"": 4}"
GQ,Equatorial Guinea,Evolutionary Biology,topics.subfield.id:https://openalex.org/subfields/1105,1990,16,"{""2010"": 4}"
GQ,Equatorial Guinea,Botany,concepts.id:https://openalex.org/C59822182,1990,8,"{""2002"": 2}"
GQ,Equatorial Guinea,Tropical,concepts.id:https://openalex.org/C185032368,1990,8,"{""2018"": 2}"
GQ,Equatorial Guinea,Mining,concepts.id:https://openalex.org/C16674752,1990,0,{}
GQ,Equatorial Guinea,Materials Science,topics.field.id:https://openalex.org/fields/25,1990,1,"{""2025"": 1}"
GQ,Equatorial Guinea,Computer Science,topics.field.id:https://openalex.org/fields/17,1990,41,"{""2026"": 5}"
GQ,Equatorial Guinea,Physics and Astronomy,topics.field.id:https://openalex.org/fields/31,1990,0,{}
GQ,Equatorial Guinea,Mathematics,topics.field.id:https://openalex.org/fields/26,1990,6,"{""2020"": 4}"
GQ,Equatorial Guinea,Chemistry,topics.field.id:https://openalex.org/fields/16,1990,0,{}
GQ,Equatorial Guinea,Engineering,topics.field.id:https://openalex.org/fields/22,1990,27,"{""2021"": 3}"
GR,Greece,History,topics.subfield.id:https://openalex.org/subfields/1202,1990,2416,"{""2025"": 220}"
GR,Greece,Political Science,topics.subfield.id:https://openalex.org/subfields/3320,1990,9540,"{""2022"": 636}"
GR,Greece,Law,topics.subfield.id:https://openalex.org/subfields/3308,1990,1242,"{""2026"": 97}"
GR,Greece,Philosophy,topics.subfield.id:https://openalex.org/subfields/1211,1990,3136,"{""2025"": 221}"
GR,Greece,Linguistics,topics.subfield.id:https://openalex.org/subfields/1203|https://openalex.org/subfields/3310,1990,3230,"{""2026"": 267}"
GR,Greece,Anthropology,topics.subfield.id:https://openalex.org/subfields/3314,1990,4489,"{""2021"": 319}"
GR,Greece,Archaeology,concepts.id:https://openalex.org/C166957645,1990,29467,"{""2023"": 2438}"
GR,Greece,Evolutionary Biology,topics.subfield.id:https://openalex.org/subfields/1105,1990,7616,"{""2026"": 2238}"
GR,Greece,Botany,concepts.id:https://openalex.org/C59822182,1990,17793,"{""2023"": 1090}"
GR,Greece,Tropical,concepts.id:https://openalex.org/C185032368,1990,42,"{""2026"": 8}"
GR,Greece,Mining,concepts.id:https://openalex.org/C16674752,1990,829,"{""2025"": 69}"
GR,Greece,Materials Science,topics.field.id:https://openalex.org/fields/25,1990,37666,"{""2026"": 1625}"
GR,Greece,Computer Science,topics.field.id:https://openalex.org/fields/17,1990,96910,"{""2025"": 5466}"
GR,Greece,Physics and Astronomy,topics.field.id:https://openalex.org/fields/31,1990,45921,"{""2023"": 1968}"
GR,Greece,Mathematics,topics.field.id:https://openalex.org/fields/26,1990,17982,"{""2021"": 973}"
GR,Greece,Chemistry,topics.field.id:https://openalex.org/fields/16,1990,24249,"{""2023"": 936}"
GR,Greece,Engineering,topics.field.id:https://openalex.org/fields/22,1990,142743,"{""2025"": 8067}"
GU,Guam,History,topics.subfield.id:https://openalex.org/subfields/1202,1990,12,"{""2017"": 4}"
GU,Guam,Political Science,topics.subfield.id:https://openalex.org/subfields/3320,1990,64,"{""2017"": 13}"
GU,Guam,Law,topics.subfield.id:https://openalex.org/subfields/3308,1990,2,"{""2017"": 1}"
GU,Guam,Philosophy,topics.subfield.id:https://openalex.org/subfields/1211,1990,13,"{""2011"": 2}"
GU,Guam,Linguistics,topics.subfield.id:https://openalex.org/subfields/1203|https://openalex.org/subfields/3310,1990,32,"{""2010"": 3}"
GU,Guam,Anthropology,topics.subfield.id:https://openalex.org/subfields/3314,1990,44,"{""2013"": 9}"
GU,Guam,Archaeology,concepts.id:https://openalex.org/C166957645,1990,308,"{""2016"": 32}"
GU,Guam,Evolutionary Biology,topics.subfield.id:https://openalex.org/subfields/1105,1990,293,"{""2020"": 24}"
GU,Guam,Botany,concepts.id:https://openalex.org/C59822182,1990,428,"{""2005"": 30}"
GU,Guam,Tropical,concepts.id:https://openalex.org/C185032368,1990,0,{}
GU,Guam,Mining,concepts.id:https://openalex.org/C16674752,1990,2,"{""2021"": 1}"
GU,Guam,Materials Science,topics.field.id:https://openalex.org/fields/25,1990,72,"{""2022"": 7}"
GU,Guam,Computer Science,topics.field.id:https://openalex.org/fields/17,1990,138,"{""2019"": 16}"
GU,Guam,Physics and Astronomy,topics.field.id:https://openalex.org/fields/31,1990,17,"{""2016"": 3}"
GU,Guam,Mathematics,topics.field.id:https://openalex.org/fields/26,1990,27,"{""2024"": 4}"
GU,Guam,Chemistry,topics.field.id:https://openalex.org/fields/16,1990,60,"{""2001"": 6}"
GU,Guam,Engineering,topics.field.id:https://openalex.org/fields/22,1990,139,"{""2019"": 16}"
GW,Guinea-Bissau,History,topics.subfield.id:https://openalex.org/subfields/1202,1990,2,"{""2018"": 1}"
GW,Guinea-Bissau,Political Science,topics.subfield.id:https://openalex.org/subfields/3320,1990,71,"{""2019"": 26}"
GW,Guinea-Bissau,Law,topics.subfield.id:https://openalex.org/subfields/3308,1990,4,"{""2015"": 1}"
GW,Guinea-Bissau,Philosophy,topics.subfield.id:https://openalex.org/subfields/1211,1990,9,"{""2016"": 3}"
GW,Guinea-Bissau,Linguistics,topics.subfield.id:https://openalex.org/subfields/1203|https://openalex.org/subfields/3310,1990,4,"{""2000"": 1}"
GW,Guinea-Bissau,Anthropology,topics.subfield.id:https://openalex.org/subfields/3314,1990,14,"{""2012"": 2}"
GW,Guinea-Bissau,Archaeology,concepts.id:https://openalex.org/C166957645,1990,60,"{""2020"": 6}"
GW,Guinea-Bissau,Evolutionary Biology,topics.subfield.id:https://openalex.org/subfields/1105,1990,48,"{""2011"": 5}"
GW,Guinea-Bissau,Botany,concepts.id:https://openalex.org/C59822182,1990,23,"{""2021"": 3}"
GW,Guinea-Bissau,Tropical,concepts.id:https://openalex.org/C185032368,1990,7,"{""2008"": 1}"
GW,Guinea-Bissau,Mining,concepts.id:https://openalex.org/C16674752,1990,0,{}
GW,Guinea-Bissau,Materials Science,topics.field.id:https://openalex.org/fields/25,1990,0,{}
GW,Guinea-Bissau,Computer Science,topics.field.id:https://openalex.org/fields/17,1990,26,"{""2021"": 5}"
GW,Guinea-Bissau,Physics and Astronomy,topics.field.id:https://openalex.org/fields/31,1990,1,"{""2001"": 1}"
GW,Guinea-Bissau,Mathematics,topics.field.id:https://openalex.org/fields/26,1990,24,"{""2020"": 3}"
GW,Guinea-Bissau,Chemistry,topics.field.id:https://openalex.org/fields/16,1990,3,"{""1998"": 1}"
GW,Guinea-Bissau,Engineering,topics.field.id:https://openalex.org/fields/22,1990,28,"{""2018"": 4}"
GY,Guyana,History,topics.subfield.id:https://openalex.org/subfields/1202,1990,30,"{""2025"": 15}"
GY,Guyana,Political Science,topics.subfield.id:https://openalex.org/subfields/3320,1990,42,"{""2025"": 8}"
GY,Guyana,Law,topics.subfield.id:https://openalex.org/subfields/3308,1990,7,"{""2021"": 2}"
GY,Guyana,Philosophy,topics.subfield.id:https://openalex.org/subfields/1211,1990,8,"{""2018"": 2}"
GY,Guyana,Linguistics,topics.subfield.id:https://openalex.org/subfields/1203|https://openalex.org/subfields/3310,1990,21,"{""2017"": 3}"
GY,Guyana,Anthropology,topics.subfield.id:https://openalex.org/subfields/3314,1990,23,"{""2020"": 5}"
GY,Guyana,Archaeology,concepts.id:https://openalex.org/C166957645,1990,208,"{""2024"": 37}"
GY,Guyana,Evolutionary Biology,topics.subfield.id:https://openalex.org/subfields/1105,1990,89,"{""2024"": 13}"
GY,Guyana,Botany,concepts.id:https://openalex.org/C59822182,1990,151,"{""2023"": 22}"
GY,Guyana,Tropical,concepts.id:https://openalex.org/C185032368,1990,1,"{""2023"": 1}"
GY,Guyana,Mining,concepts.id:https://openalex.org/C16674752,1990,13,"{""2026"": 4}"
GY,Guyana,Materials Science,topics.field.id:https://openalex.org/fields/25,1990,68,"{""2026"": 15}"
GY,Guyana,Computer Science,topics.field.id:https://openalex.org/fields/17,1990,179,"{""2024"": 38}"
GY,Guyana,Physics and Astronomy,topics.field.id:https://openalex.org/fields/31,1990,32,"{""2025"": 8}"
GY,Guyana,Mathematics,topics.field.id:https://openalex.org/fields/26,1990,48,"{""2024"": 10}"
GY,Guyana,Chemistry,topics.field.id:https://openalex.org/fields/16,1990,93,"{""2005"": 8}"
GY,Guyana,Engineering,topics.field.id:https://openalex.org/fields/22,1990,199,"{""2024"": 40}"
HK,Hong Kong,History,topics.subfield.id:https://openalex.org/subfields/1202,1990,1015,"{""2023"": 77}"
HK,Hong Kong,Political Science,topics.subfield.id:https://openalex.org/subfields/3320,1990,14000,"{""2026"": 889}"
HK,Hong Kong,Law,topics.subfield.id:https://openalex.org/subfields/3308,1990,3097,"{""2019"": 183}"
HK,Hong Kong,Philosophy,topics.subfield.id:https://openalex.org/subfields/1211,1990,2589,"{""2022"": 199}"
HK,Hong Kong,Linguistics,topics.subfield.id:https://openalex.org/subfields/1203|https://openalex.org/subfields/3310,1990,8969,"{""2025"": 755}"
HK,Hong Kong,Anthropology,topics.subfield.id:https://openalex.org/subfields/3314,1990,1838,"{""2025"": 134}"
HK,Hong Kong,Archaeology,concepts.id:https://openalex.org/C166957645,1990,32724,"{""2023"": 2530}"
HK,Hong Kong,Evolutionary Biology,topics.subfield.id:https://openalex.org/subfields/1105,1990,2900,"{""2026"": 263}"
HK,Hong Kong,Botany,concepts.id:https://openalex.org/C59822182,1990,11682,"{""2022"": 768}"
HK,Hong Kong,Tropical,concepts.id:https://openalex.org/C185032368,1990,61,"{""2025"": 11}"
HK,Hong Kong,Mining,concepts.id:https://openalex.org/C16674752,1990,452,"{""2025"": 61}"
HK,Hong Kong,Materials Science,topics.field.id:https://openalex.org/fields/25,1990,72374,"{""2025"": 5632}"
HK,Hong Kong,Computer Science,topics.field.id:https://openalex.org/fields/17,1990,135437,"{""2025"": 12587}"
HK,Hong Kong,Physics and Astronomy,topics.field.id:https://openalex.org/fields/31,1990,44136,"{""2025"": 2773}"
HK,Hong Kong,Mathematics,topics.field.id:https://openalex.org/fields/26,1990,22353,"{""2020"": 1421}"
HK,Hong Kong,Chemistry,topics.field.id:https://openalex.org/fields/16,1990,25580,"{""2025"": 1681}"
HK,Hong Kong,Engineering,topics.field.id:https://openalex.org/fields/22,1990,234732,"{""2025"": 20153}"
HM,Heard & McDonald Islands,History,topics.subfield.id:https://openalex.org/subfields/1202,1990,0,{}
HM,Heard & McDonald Islands,Political Science,topics.subfield.id:https://openalex.org/subfields/3320,1990,0,{}
HM,Heard & McDonald Islands,Law,topics.subfield.id:https://openalex.org/subfields/3308,1990,0,{}
HM,Heard & McDonald Islands,Philosophy,topics.subfield.id:https://openalex.org/subfields/1211,1990,0,{}
HM,Heard & McDonald Islands,Linguistics,topics.subfield.id:https://openalex.org/subfields/1203|https://openalex.org/subfields/3310,1990,0,{}
HM,Heard & McDonald Islands,Anthropology,topics.subfield.id:https://openalex.org/subfields/3314,1990,0,{}
HM,Heard & McDonald Islands,Archaeology,concepts.id:https://openalex.org/C166957645,1990,0,{}
HM,Heard & McDonald Islands,Evolutionary Biology,topics.subfield.id:https://openalex.org/subfields/1105,1990,0,{}
HM,Heard & McDonald Islands,Botany,concepts.id:https://openalex.org/C59822182,1990,0,{}
HM,Heard & McDonald Islands,Tropical,concepts.id:https://openalex.org/C185032368,1990,0,{}
HM,Heard & McDonald Islands,Mining,concepts.id:https://openalex.org/C16674752,1990,0,{}
HM,Heard & McDonald Islands,Materials Science,topics.field.id:https://openalex.org/fields/25,1990,0,{}
HM,Heard & McDonald Islands,Computer Science,topics.field.id:https://openalex.org/fields/17,1990,0,{}
HM,Heard & McDonald Islands,Physics and Astronomy,topics.field.id:https://openalex.org/fields/31,1990,0,{}
HM,Heard & McDonald Islands,Mathematics,topics.field.id:https://openalex.org/fields/26,1990,0,{}
HM,Heard & McDonald Islands,Chemistry,topics.field.id:https://openalex.org/fields/16,1990,0,{}
HM,Heard & McDonald Islands,Engineering,topics.field.id:https://openalex.org/fields/22,1990,0,{}
HN,Honduras,History,topics.subfield.id:https://openalex.org/subfields/1202,1990,72,"{""2026"": 17}"
HN,Honduras,Political Science,topics.subfield.id:https://openalex.org/subfields/3320,1990,386,"{""2017"": 48}"
HN,Honduras,Law,topics.subfield.id:https://openalex.org/subfields/3308,1990,312,"{""2017"": 59}"
HN,Honduras,Philosophy,topics.subfield.id:https://openalex.org/subfields/1211,1990,18,"{""2016"": 2}"
HN,Honduras,Linguistics,topics.subfield.id:https://openalex.org/subfields/1203|https://openalex.org/subfields/3310,1990,49,"{""2026"": 12}"
HN,Honduras,Anthropology,topics.subfield.id:https://openalex.org/subfields/3314,1990,28,"{""2019"": 4}"
HN,Honduras,Archaeology,concepts.id:https://openalex.org/C166957645,1990,307,"{""2021"": 30}"
HN,Honduras,Evolutionary Biology,topics.subfield.id:https://openalex.org/subfields/1105,1990,418,"{""2015"": 67}"
HN,Honduras,Botany,concepts.id:https://openalex.org/C59822182,1990,374,"{""2020"": 42}"
HN,Honduras,Tropical,concepts.id:https://openalex.org/C185032368,1990,21,"{""2018"": 3}"
HN,Honduras,Mining,concepts.id:https://openalex.org/C16674752,1990,2,"{""2019"": 1}"
HN,Honduras,Materials Science,topics.field.id:https://openalex.org/fields/25,1990,69,"{""2025"": 14}"
HN,Honduras,Computer Science,topics.field.id:https://openalex.org/fields/17,1990,841,"{""2026"": 154}"
HN,Honduras,Physics and Astronomy,topics.field.id:https://openalex.org/fields/31,1990,199,"{""2026"": 39}"
HN,Honduras,Mathematics,topics.field.id:https://openalex.org/fields/26,1990,149,"{""2026"": 75}"
HN,Honduras,Chemistry,topics.field.id:https://openalex.org/fields/16,1990,94,"{""2020"": 12}"
HN,Honduras,Engineering,topics.field.id:https://openalex.org/fields/22,1990,788,"{""2025"": 108}"
ID,Indonesia,History,topics.subfield.id:https://openalex.org/subfields/1202,1990,999,"{""2026"": 216}"
ID,Indonesia,Political Science,topics.subfield.id:https://openalex.org/subfields/3320,1990,200352,"{""2025"": 31518}"
ID,Indonesia,Law,topics.subfield.id:https://openalex.org/subfields/3308,1990,210133,"{""2023"": 28844}"
ID,Indonesia,Philosophy,topics.subfield.id:https://openalex.org/subfields/1211,1990,8789,"{""2025"": 1590}"
ID,Indonesia,Linguistics,topics.subfield.id:https://openalex.org/subfields/1203|https://openalex.org/subfields/3310,1990,74476,"{""2025"": 10347}"
ID,Indonesia,Anthropology,topics.subfield.id:https://openalex.org/subfields/3314,1990,2404,"{""2025"": 397}"
ID,Indonesia,Archaeology,concepts.id:https://openalex.org/C166957645,1990,177319,"{""2023"": 29884}"
ID,Indonesia,Evolutionary Biology,topics.subfield.id:https://openalex.org/subfields/1105,1990,9988,"{""2025"": 1491}"
ID,Indonesia,Botany,concepts.id:https://openalex.org/C59822182,1990,76590,"{""2023"": 9181}"
ID,Indonesia,Tropical,concepts.id:https://openalex.org/C185032368,1990,263,"{""2025"": 69}"
ID,Indonesia,Mining,concepts.id:https://openalex.org/C16674752,1990,3330,"{""2025"": 462}"
ID,Indonesia,Materials Science,topics.field.id:https://openalex.org/fields/25,1990,60218,"{""2025"": 6710}"
ID,Indonesia,Computer Science,topics.field.id:https://openalex.org/fields/17,1990,740415,"{""2023"": 105444}"
ID,Indonesia,Physics and Astronomy,topics.field.id:https://openalex.org/fields/31,1990,13895,"{""2025"": 1275}"
ID,Indonesia,Mathematics,topics.field.id:https://openalex.org/fields/26,1990,101703,"{""2024"": 12635}"
ID,Indonesia,Chemistry,topics.field.id:https://openalex.org/fields/16,1990,31006,"{""2025"": 3758}"
ID,Indonesia,Engineering,topics.field.id:https://openalex.org/fields/22,1990,347976,"{""2025"": 43570}"
IN,India,History,topics.subfield.id:https://openalex.org/subfields/1202,1990,4429,"{""2026"": 633}"
IN,India,Political Science,topics.subfield.id:https://openalex.org/subfields/3320,1990,56514,"{""2026"": 9600}"
IN,India,Law,topics.subfield.id:https://openalex.org/subfields/3308,1990,10635,"{""2026"": 3063}"
IN,India,Philosophy,topics.subfield.id:https://openalex.org/subfields/1211,1990,30774,"{""2026"": 6121}"
IN,India,Linguistics,topics.subfield.id:https://openalex.org/subfields/1203|https://openalex.org/subfields/3310,1990,7202,"{""2026"": 1163}"
IN,India,Anthropology,topics.subfield.id:https://openalex.org/subfields/3314,1990,12017,"{""2026"": 1961}"
IN,India,Archaeology,concepts.id:https://openalex.org/C166957645,1990,147201,"{""2023"": 16986}"
IN,India,Evolutionary Biology,topics.subfield.id:https://openalex.org/subfields/1105,1990,68449,"{""2026"": 7701}"
IN,India,Botany,concepts.id:https://openalex.org/C59822182,1990,213014,"{""2024"": 19469}"
IN,India,Tropical,concepts.id:https://openalex.org/C185032368,1990,763,"{""2026"": 142}"
IN,India,Mining,concepts.id:https://openalex.org/C16674752,1990,7008,"{""2025"": 770}"
IN,India,Materials Science,topics.field.id:https://openalex.org/fields/25,1990,577775,"{""2025"": 47741}"
IN,India,Computer Science,topics.field.id:https://openalex.org/fields/17,1990,781469,"{""2025"": 98196}"
IN,India,Physics and Astronomy,topics.field.id:https://openalex.org/fields/31,1990,262744,"{""2025"": 17375}"
IN,India,Mathematics,topics.field.id:https://openalex.org/fields/26,1990,117025,"{""2021"": 9789}"
IN,India,Chemistry,topics.field.id:https://openalex.org/fields/16,1990,382555,"{""2024"": 24010}"
IN,India,Engineering,topics.field.id:https://openalex.org/fields/22,1990,1354930,"{""2025"": 135056}"
IO,British Indian Ocean Territory,History,topics.subfield.id:https://openalex.org/subfields/1202,1990,0,{}
IO,British Indian Ocean Territory,Political Science,topics.subfield.id:https://openalex.org/subfields/3320,1990,0,{}
IO,British Indian Ocean Territory,Law,topics.subfield.id:https://openalex.org/subfields/3308,1990,0,{}
IO,British Indian Ocean Territory,Philosophy,topics.subfield.id:https://openalex.org/subfields/1211,1990,0,{}
IO,British Indian Ocean Territory,Linguistics,topics.subfield.id:https://openalex.org/subfields/1203|https://openalex.org/subfields/3310,1990,0,{}
IO,British Indian Ocean Territory,Anthropology,topics.subfield.id:https://openalex.org/subfields/3314,1990,0,{}
IO,British Indian Ocean Territory,Archaeology,concepts.id:https://openalex.org/C166957645,1990,0,{}
IO,British Indian Ocean Territory,Evolutionary Biology,topics.subfield.id:https://openalex.org/subfields/1105,1990,0,{}
IO,British Indian Ocean Territory,Botany,concepts.id:https://openalex.org/C59822182,1990,0,{}
IO,British Indian Ocean Territory,Tropical,concepts.id:https://openalex.org/C185032368,1990,0,{}
IO,British Indian Ocean Territory,Mining,concepts.id:https://openalex.org/C16674752,1990,0,{}
IO,British Indian Ocean Territory,Materials Science,topics.field.id:https://openalex.org/fields/25,1990,0,{}
IO,British Indian Ocean Territory,Computer Science,topics.field.id:https://openalex.org/fields/17,1990,0,{}
IO,British Indian Ocean Territory,Physics and Astronomy,topics.field.id:https://openalex.org/fields/31,1990,0,{}
IO,British Indian Ocean Territory,Mathematics,topics.field.id:https://openalex.org/fields/26,1990,0,{}
IO,British Indian Ocean Territory,Chemistry,topics.field.id:https://openalex.org/fields/16,1990,0,{}
IO,British Indian Ocean Territory,Engineering,topics.field.id:https://openalex.org/fields/22,1990,0,{}
IQ,Iraq,History,topics.subfield.id:https://openalex.org/subfields/1202,1990,604,"{""2025"": 96}"
IQ,Iraq,Political Science,topics.subfield.id:https://openalex.org/subfields/3320,1990,7538,"{""2025"": 1150}"
IQ,Iraq,Law,topics.subfield.id:https://openalex.org/subfields/3308,1990,1560,"{""2025"": 354}"
IQ,Iraq,Philosophy,topics.subfield.id:https://openalex.org/subfields/1211,1990,2003,"{""2022"": 453}"
IQ,Iraq,Linguistics,topics.subfield.id:https://openalex.org/subfields/1203|https://openalex.org/subfields/3310,1990,4225,"{""2023"": 676}"
IQ,Iraq,Anthropology,topics.subfield.id:https://openalex.org/subfields/3314,1990,823,"{""2023"": 116}"
IQ,Iraq,Archaeology,concepts.id:https://openalex.org/C166957645,1990,9110,"{""2023"": 1507}"
IQ,Iraq,Evolutionary Biology,topics.subfield.id:https://openalex.org/subfields/1105,1990,2527,"{""2025"": 365}"
IQ,Iraq,Botany,concepts.id:https://openalex.org/C59822182,1990,12223,"{""2023"": 1802}"
IQ,Iraq,Tropical,concepts.id:https://openalex.org/C185032368,1990,30,"{""2025"": 10}"
IQ,Iraq,Mining,concepts.id:https://openalex.org/C16674752,1990,464,"{""2025"": 93}"
IQ,Iraq,Materials Science,topics.field.id:https://openalex.org/fields/25,1990,31252,"{""2025"": 4687}"
IQ,Iraq,Computer Science,topics.field.id:https://openalex.org/fields/17,1990,48607,"{""2025"": 7500}"
IQ,Iraq,Physics and Astronomy,topics.field.id:https://openalex.org/fields/31,1990,9508,"{""2025"": 1075}"
IQ,Iraq,Mathematics,topics.field.id:https://openalex.org/fields/26,1990,10558,"{""2025"": 1273}"
IQ,Iraq,Chemistry,topics.field.id:https://openalex.org/fields/16,1990,18079,"{""2025"": 2611}"
IQ,Iraq,Engineering,topics.field.id:https://openalex.org/fields/22,1990,126215,"{""2025"": 17621}"
IS,Iceland,History,topics.subfield.id:https://openalex.org/subfields/1202,1990,435,"{""2020"": 50}"
IS,Iceland,Political Science,topics.subfield.id:https://openalex.org/subfields/3320,1990,1047,"{""2020"": 70}"
IS,Iceland,Law,topics.subfield.id:https://openalex.org/subfields/3308,1990,140,"{""2024"": 13}"
IS,Iceland,Philosophy,topics.subfield.id:https://openalex.org/subfields/1211,1990,304,"{""2023"": 23}"
IS,Iceland,Linguistics,topics.subfield.id:https://openalex.org/subfields/1203|https://openalex.org/subfields/3310,1990,519,"{""2022"": 43}"
IS,Iceland,Anthropology,topics.subfield.id:https://openalex.org/subfields/3314,1990,292,"{""2021"": 24}"
IS,Iceland,Archaeology,concepts.id:https://openalex.org/C166957645,1990,2452,"{""2023"": 210}"
IS,Iceland,Evolutionary Biology,topics.subfield.id:https://openalex.org/subfields/1105,1990,818,"{""2026"": 91}"
IS,Iceland,Botany,concepts.id:https://openalex.org/C59822182,1990,861,"{""2019"": 54}"
IS,Iceland,Tropical,concepts.id:https://openalex.org/C185032368,1990,1,"{""2019"": 1}"
IS,Iceland,Mining,concepts.id:https://openalex.org/C16674752,1990,38,"{""2024"": 7}"
IS,Iceland,Materials Science,topics.field.id:https://openalex.org/fields/25,1990,1733,"{""2026"": 118}"
IS,Iceland,Computer Science,topics.field.id:https://openalex.org/fields/17,1990,3965,"{""2022"": 282}"
IS,Iceland,Physics and Astronomy,topics.field.id:https://openalex.org/fields/31,1990,2866,"{""2019"": 188}"
IS,Iceland,Mathematics,topics.field.id:https://openalex.org/fields/26,1990,848,"{""2020"": 59}"
IS,Iceland,Chemistry,topics.field.id:https://openalex.org/fields/16,1990,1129,"{""2023"": 69}"
IS,Iceland,Engineering,topics.field.id:https://openalex.org/fields/22,1990,6850,"{""2024"": 436}"
IT,Italy,History,topics.subfield.id:https://openalex.org/subfields/1202,1990,25108,"{""2025"": 2033}"
IT,Italy,Political Science,topics.subfield.id:https://openalex.org/subfields/3320,1990,58807,"{""2025"": 4332}"
IT,Italy,Law,topics.subfield.id:https://openalex.org/subfields/3308,1990,13840,"{""2025"": 1151}"
IT,Italy,Philosophy,topics.subfield.id:https://openalex.org/subfields/1211,1990,24225,"{""2025"": 1593}"
IT,Italy,Linguistics,topics.subfield.id:https://openalex.org/subfields/1203|https://openalex.org/subfields/3310,1990,19873,"{""2025"": 1590}"
IT,Italy,Anthropology,topics.subfield.id:https://openalex.org/subfields/3314,1990,19075,"{""2025"": 1497}"
IT,Italy,Archaeology,concepts.id:https://openalex.org/C166957645,1990,132681,"{""2023"": 10899}"
IT,Italy,Evolutionary Biology,topics.subfield.id:https://openalex.org/subfields/1105,1990,39374,"{""2025"": 2584}"
IT,Italy,Botany,concepts.id:https://openalex.org/C59822182,1990,93056,"{""2021"": 5241}"
IT,Italy,Tropical,concepts.id:https://openalex.org/C185032368,1990,443,"{""2026"": 60}"
IT,Italy,Mining,concepts.id:https://openalex.org/C16674752,1990,2572,"{""2026"": 262}"
IT,Italy,Materials Science,topics.field.id:https://openalex.org/fields/25,1990,226157,"{""2025"": 10850}"
IT,Italy,Computer Science,topics.field.id:https://openalex.org/fields/17,1990,385430,"{""2025"": 24546}"
IT,Italy,Physics and Astronomy,topics.field.id:https://openalex.org/fields/31,1990,376551,"{""2023"": 15233}"
IT,Italy,Mathematics,topics.field.id:https://openalex.org/fields/26,1990,116949,"{""2020"": 6115}"
IT,Italy,Chemistry,topics.field.id:https://openalex.org/fields/16,1990,160366,"{""2023"": 6384}"
IT,Italy,Engineering,topics.field.id:https://openalex.org/fields/22,1990,753640,"{""2025"": 44622}"
JM,Jamaica,History,topics.subfield.id:https://openalex.org/subfields/1202,1990,62,"{""2025"": 7}"
JM,Jamaica,Political Science,topics.subfield.id:https://openalex.org/subfields/3320,1990,374,"{""2025"": 33}"
JM,Jamaica,Law,topics.subfield.id:https://openalex.org/subfields/3308,1990,137,"{""2012"": 16}"
JM,Jamaica,Philosophy,topics.subfield.id:https://openalex.org/subfields/1211,1990,63,"{""1995"": 7}"
JM,Jamaica,Linguistics,topics.subfield.id:https://openalex.org/subfields/1203|https://openalex.org/subfields/3310,1990,202,"{""2025"": 18}"
JM,Jamaica,Anthropology,topics.subfield.id:https://openalex.org/subfields/3314,1990,218,"{""2020"": 16}"
JM,Jamaica,Archaeology,concepts.id:https://openalex.org/C166957645,1990,1133,"{""2015"": 94}"
JM,Jamaica,Evolutionary Biology,topics.subfield.id:https://openalex.org/subfields/1105,1990,338,"{""2024"": 25}"
JM,Jamaica,Botany,concepts.id:https://openalex.org/C59822182,1990,558,"{""2020"": 37}"
JM,Jamaica,Tropical,concepts.id:https://openalex.org/C185032368,1990,17,"{""2009"": 3}"
JM,Jamaica,Mining,concepts.id:https://openalex.org/C16674752,1990,19,"{""2016"": 5}"
JM,Jamaica,Materials Science,topics.field.id:https://openalex.org/fields/25,1990,374,"{""2025"": 20}"
JM,Jamaica,Computer Science,topics.field.id:https://openalex.org/fields/17,1990,944,"{""2026"": 66}"
JM,Jamaica,Physics and Astronomy,topics.field.id:https://openalex.org/fields/31,1990,205,"{""2011"": 14}"
JM,Jamaica,Mathematics,topics.field.id:https://openalex.org/fields/26,1990,283,"{""2020"": 21}"
JM,Jamaica,Chemistry,topics.field.id:https://openalex.org/fields/16,1990,529,"{""2005"": 26}"
JM,Jamaica,Engineering,topics.field.id:https://openalex.org/fields/22,1990,1083,"{""2023"": 63}"
JO,Jordan,History,topics.subfield.id:https://openalex.org/subfields/1202,1990,236,"{""2025"": 39}"
JO,Jordan,Political Science,topics.subfield.id:https://openalex.org/subfields/3320,1990,2826,"{""2025"": 372}"
JO,Jordan,Law,topics.subfield.id:https://openalex.org/subfields/3308,1990,780,"{""2025"": 140}"
JO,Jordan,Philosophy,topics.subfield.id:https://openalex.org/subfields/1211,1990,592,"{""2022"": 65}"
JO,Jordan,Linguistics,topics.subfield.id:https://openalex.org/subfields/1203|https://openalex.org/subfields/3310,1990,2417,"{""2024"": 297}"
JO,Jordan,Anthropology,topics.subfield.id:https://openalex.org/subfields/3314,1990,278,"{""2024"": 30}"
JO,Jordan,Archaeology,concepts.id:https://openalex.org/C166957645,1990,6056,"{""2023"": 760}"
JO,Jordan,Evolutionary Biology,topics.subfield.id:https://openalex.org/subfields/1105,1990,912,"{""2025"": 83}"
JO,Jordan,Botany,concepts.id:https://openalex.org/C59822182,1990,3333,"{""2024"": 333}"
JO,Jordan,Tropical,concepts.id:https://openalex.org/C185032368,1990,27,"{""2025"": 8}"
JO,Jordan,Mining,concepts.id:https://openalex.org/C16674752,1990,175,"{""2024"": 18}"
JO,Jordan,Materials Science,topics.field.id:https://openalex.org/fields/25,1990,9489,"{""2025"": 1214}"
JO,Jordan,Computer Science,topics.field.id:https://openalex.org/fields/17,1990,31867,"{""2025"": 4803}"
JO,Jordan,Physics and Astronomy,topics.field.id:https://openalex.org/fields/31,1990,4973,"{""2026"": 624}"
JO,Jordan,Mathematics,topics.field.id:https://openalex.org/fields/26,1990,7020,"{""2025"": 834}"
JO,Jordan,Chemistry,topics.field.id:https://openalex.org/fields/16,1990,6133,"{""2025"": 628}"
JO,Jordan,Engineering,topics.field.id:https://openalex.org/fields/22,1990,37990,"{""2025"": 4935}"
JP,Japan,History,topics.subfield.id:https://openalex.org/subfields/1202,1990,5898,"{""2025"": 385}"
JP,Japan,Political Science,topics.subfield.id:https://openalex.org/subfields/3320,1990,30944,"{""2025"": 1825}"
JP,Japan,Law,topics.subfield.id:https://openalex.org/subfields/3308,1990,6262,"{""2025"": 535}"
JP,Japan,Philosophy,topics.subfield.id:https://openalex.org/subfields/1211,1990,12149,"{""2018"": 748}"
JP,Japan,Linguistics,topics.subfield.id:https://openalex.org/subfields/1203|https://openalex.org/subfields/3310,1990,21920,"{""2025"": 1469}"
JP,Japan,Anthropology,topics.subfield.id:https://openalex.org/subfields/3314,1990,8256,"{""2025"": 433}"
JP,Japan,Archaeology,concepts.id:https://openalex.org/C166957645,1990,107377,"{""2022"": 5479}"
JP,Japan,Evolutionary Biology,topics.subfield.id:https://openalex.org/subfields/1105,1990,65065,"{""2025"": 2585}"
JP,Japan,Botany,concepts.id:https://openalex.org/C59822182,1990,149763,"{""2021"": 5281}"
JP,Japan,Tropical,concepts.id:https://openalex.org/C185032368,1990,392,"{""2026"": 39}"
JP,Japan,Mining,concepts.id:https://openalex.org/C16674752,1990,4617,"{""2025"": 222}"
JP,Japan,Materials Science,topics.field.id:https://openalex.org/fields/25,1990,760240,"{""2006"": 26337}"
JP,Japan,Computer Science,topics.field.id:https://openalex.org/fields/17,1990,540659,"{""2025"": 24342}"
JP,Japan,Physics and Astronomy,topics.field.id:https://openalex.org/fields/31,1990,610388,"{""2002"": 21150}"
JP,Japan,Mathematics,topics.field.id:https://openalex.org/fields/26,1990,117416,"{""2020"": 4580}"
JP,Japan,Chemistry,topics.field.id:https://openalex.org/fields/16,1990,401820,"{""2006"": 13406}"
JP,Japan,Engineering,topics.field.id:https://openalex.org/fields/22,1990,1920748,"{""2012"": 70073}"
KE,Kenya,History,topics.subfield.id:https://openalex.org/subfields/1202,1990,455,"{""2026"": 85}"
KE,Kenya,Political Science,topics.subfield.id:https://openalex.org/subfields/3320,1990,4369,"{""2026"": 531}"
KE,Kenya,Law,topics.subfield.id:https://openalex.org/subfields/3308,1990,1304,"{""2025"": 123}"
KE,Kenya,Philosophy,topics.subfield.id:https://openalex.org/subfields/1211,1990,912,"{""2026"": 97}"
KE,Kenya,Linguistics,topics.subfield.id:https://openalex.org/subfields/1203|https://openalex.org/subfields/3310,1990,1216,"{""2026"": 140}"
KE,Kenya,Anthropology,topics.subfield.id:https://openalex.org/subfields/3314,1990,2571,"{""2026"": 310}"
KE,Kenya,Archaeology,concepts.id:https://openalex.org/C166957645,1990,16321,"{""2021"": 1613}"
KE,Kenya,Evolutionary Biology,topics.subfield.id:https://openalex.org/subfields/1105,1990,9749,"{""2021"": 670}"
KE,Kenya,Botany,concepts.id:https://openalex.org/C59822182,1990,9516,"{""2021"": 752}"
KE,Kenya,Tropical,concepts.id:https://openalex.org/C185032368,1990,572,"{""2026"": 70}"
KE,Kenya,Mining,concepts.id:https://openalex.org/C16674752,1990,141,"{""2025"": 26}"
KE,Kenya,Materials Science,topics.field.id:https://openalex.org/fields/25,1990,2210,"{""2024"": 261}"
KE,Kenya,Computer Science,topics.field.id:https://openalex.org/fields/17,1990,9868,"{""2026"": 1140}"
KE,Kenya,Physics and Astronomy,topics.field.id:https://openalex.org/fields/31,1990,993,"{""2026"": 132}"
KE,Kenya,Mathematics,topics.field.id:https://openalex.org/fields/26,1990,3212,"{""2022"": 318}"
KE,Kenya,Chemistry,topics.field.id:https://openalex.org/fields/16,1990,1622,"{""2025"": 159}"
KE,Kenya,Engineering,topics.field.id:https://openalex.org/fields/22,1990,11556,"{""2025"": 1167}"
KH,Cambodia,History,topics.subfield.id:https://openalex.org/subfields/1202,1990,26,"{""2026"": 5}"
KH,Cambodia,Political Science,topics.subfield.id:https://openalex.org/subfields/3320,1990,495,"{""2026"": 72}"
KH,Cambodia,Law,topics.subfield.id:https://openalex.org/subfields/3308,1990,50,"{""2025"": 7}"
KH,Cambodia,Philosophy,topics.subfield.id:https://openalex.org/subfields/1211,1990,18,"{""2026"": 3}"
KH,Cambodia,Linguistics,topics.subfield.id:https://openalex.org/subfields/1203|https://openalex.org/subfields/3310,1990,89,"{""2024"": 23}"
KH,Cambodia,Anthropology,topics.subfield.id:https://openalex.org/subfields/3314,1990,48,"{""2025"": 11}"
KH,Cambodia,Archaeology,concepts.id:https://openalex.org/C166957645,1990,950,"{""2023"": 112}"
KH,Cambodia,Evolutionary Biology,topics.subfield.id:https://openalex.org/subfields/1105,1990,395,"{""2025"": 82}"
KH,Cambodia,Botany,concepts.id:https://openalex.org/C59822182,1990,303,"{""2025"": 31}"
KH,Cambodia,Tropical,concepts.id:https://openalex.org/C185032368,1990,117,"{""2026"": 16}"
KH,Cambodia,Mining,concepts.id:https://openalex.org/C16674752,1990,19,"{""2022"": 6}"
KH,Cambodia,Materials Science,topics.field.id:https://openalex.org/fields/25,1990,185,"{""2026"": 37}"
KH,Cambodia,Computer Science,topics.field.id:https://openalex.org/fields/17,1990,849,"{""2026"": 163}"
KH,Cambodia,Physics and Astronomy,topics.field.id:https://openalex.org/fields/31,1990,83,"{""2026"": 14}"
KH,Cambodia,Mathematics,topics.field.id:https://openalex.org/fields/26,1990,151,"{""2022"": 21}"
KH,Cambodia,Chemistry,topics.field.id:https://openalex.org/fields/16,1990,124,"{""2025"": 16}"
KH,Cambodia,Engineering,topics.field.id:https://openalex.org/fields/22,1990,1072,"{""2025"": 163}"
KI,Kiribati,History,topics.subfield.id:https://openalex.org/subfields/1202,1990,0,{}
KI,Kiribati,Political Science,topics.subfield.id:https://openalex.org/subfields/3320,1990,0,{}
KI,Kiribati,Law,topics.subfield.id:https://openalex.org/subfields/3308,1990,0,{}
KI,Kiribati,Philosophy,topics.subfield.id:https://openalex.org/subfields/1211,1990,0,{}
KI,Kiribati,Linguistics,topics.subfield.id:https://openalex.org/subfields/1203|https://openalex.org/subfields/3310,1990,0,{}
KI,Kiribati,Anthropology,topics.subfield.id:https://openalex.org/subfields/3314,1990,0,{}
KI,Kiribati,Archaeology,concepts.id:https://openalex.org/C166957645,1990,6,"{""2021"": 4}"
KI,Kiribati,Evolutionary Biology,topics.subfield.id:https://openalex.org/subfields/1105,1990,1,"{""2023"": 1}"
KI,Kiribati,Botany,concepts.id:https://openalex.org/C59822182,1990,1,"{""2020"": 1}"
KI,Kiribati,Tropical,concepts.id:https://openalex.org/C185032368,1990,0,{}
KI,Kiribati,Mining,concepts.id:https://openalex.org/C16674752,1990,0,{}
KI,Kiribati,Materials Science,topics.field.id:https://openalex.org/fields/25,1990,0,{}
KI,Kiribati,Computer Science,topics.field.id:https://openalex.org/fields/17,1990,0,{}
KI,Kiribati,Physics and Astronomy,topics.field.id:https://openalex.org/fields/31,1990,0,{}
KI,Kiribati,Mathematics,topics.field.id:https://openalex.org/fields/26,1990,0,{}
KI,Kiribati,Chemistry,topics.field.id:https://openalex.org/fields/16,1990,0,{}
KI,Kiribati,Engineering,topics.field.id:https://openalex.org/fields/22,1990,2,"{""2004"": 1}"
KM,Comoros,History,topics.subfield.id:https://openalex.org/subfields/1202,1990,0,{}
KM,Comoros,Political Science,topics.subfield.id:https://openalex.org/subfields/3320,1990,6,"{""2025"": 2}"
KM,Comoros,Law,topics.subfield.id:https://openalex.org/subfields/3308,1990,1,"{""2026"": 1}"
KM,Comoros,Philosophy,topics.subfield.id:https://openalex.org/subfields/1211,1990,0,{}
KM,Comoros,Linguistics,topics.subfield.id:https://openalex.org/subfields/1203|https://openalex.org/subfields/3310,1990,1,"{""2025"": 1}"
KM,Comoros,Anthropology,topics.subfield.id:https://openalex.org/subfields/3314,1990,2,"{""2003"": 1}"
KM,Comoros,Archaeology,concepts.id:https://openalex.org/C166957645,1990,5,"{""2024"": 4}"
KM,Comoros,Evolutionary Biology,topics.subfield.id:https://openalex.org/subfields/1105,1990,0,{}
KM,Comoros,Botany,concepts.id:https://openalex.org/C59822182,1990,1,"{""2024"": 1}"
KM,Comoros,Tropical,concepts.id:https://openalex.org/C185032368,1990,0,{}
KM,Comoros,Mining,concepts.id:https://openalex.org/C16674752,1990,0,{}
KM,Comoros,Materials Science,topics.field.id:https://openalex.org/fields/25,1990,25,"{""2023"": 15}"
KM,Comoros,Computer Science,topics.field.id:https://openalex.org/fields/17,1990,126,"{""2024"": 56}"
KM,Comoros,Physics and Astronomy,topics.field.id:https://openalex.org/fields/31,1990,5,"{""2026"": 3}"
KM,Comoros,Mathematics,topics.field.id:https://openalex.org/fields/26,1990,2,"{""2025"": 1}"
KM,Comoros,Chemistry,topics.field.id:https://openalex.org/fields/16,1990,7,"{""2024"": 4}"
KM,Comoros,Engineering,topics.field.id:https://openalex.org/fields/22,1990,124,"{""2025"": 54}"
KN,St. Kitts & Nevis,History,topics.subfield.id:https://openalex.org/subfields/1202,1990,3,"{""2004"": 1}"
KN,St. Kitts & Nevis,Political Science,topics.subfield.id:https://openalex.org/subfields/3320,1990,6,"{""2009"": 1}"
KN,St. Kitts & Nevis,Law,topics.subfield.id:https://openalex.org/subfields/3308,1990,0,{}
KN,St. Kitts & Nevis,Philosophy,topics.subfield.id:https://openalex.org/subfields/1211,1990,9,"{""2020"": 2}"
KN,St. Kitts & Nevis,Linguistics,topics.subfield.id:https://openalex.org/subfields/1203|https://openalex.org/subfields/3310,1990,1,"{""2023"": 1}"
KN,St. Kitts & Nevis,Anthropology,topics.subfield.id:https://openalex.org/subfields/3314,1990,4,"{""2023"": 2}"
KN,St. Kitts & Nevis,Archaeology,concepts.id:https://openalex.org/C166957645,1990,62,"{""2023"": 10}"
KN,St. Kitts & Nevis,Evolutionary Biology,topics.subfield.id:https://openalex.org/subfields/1105,1990,93,"{""2022"": 9}"
KN,St. Kitts & Nevis,Botany,concepts.id:https://openalex.org/C59822182,1990,39,"{""2025"": 6}"
KN,St. Kitts & Nevis,Tropical,concepts.id:https://openalex.org/C185032368,1990,8,"{""2019"": 2}"
KN,St. Kitts & Nevis,Mining,concepts.id:https://openalex.org/C16674752,1990,0,{}
KN,St. Kitts & Nevis,Materials Science,topics.field.id:https://openalex.org/fields/25,1990,26,"{""2015"": 4}"
KN,St. Kitts & Nevis,Computer Science,topics.field.id:https://openalex.org/fields/17,1990,34,"{""2025"": 8}"
KN,St. Kitts & Nevis,Physics and Astronomy,topics.field.id:https://openalex.org/fields/31,1990,4,"{""1997"": 1}"
KN,St. Kitts & Nevis,Mathematics,topics.field.id:https://openalex.org/fields/26,1990,18,"{""2022"": 4}"
KN,St. Kitts & Nevis,Chemistry,topics.field.id:https://openalex.org/fields/16,1990,17,"{""2019"": 5}"
KN,St. Kitts & Nevis,Engineering,topics.field.id:https://openalex.org/fields/22,1990,77,"{""2019"": 10}"
KW,Kuwait,History,topics.subfield.id:https://openalex.org/subfields/1202,1990,92,"{""2025"": 12}"
KW,Kuwait,Political Science,topics.subfield.id:https://openalex.org/subfields/3320,1990,817,"{""2023"": 94}"
KW,Kuwait,Law,topics.subfield.id:https://openalex.org/subfields/3308,1990,95,"{""2026"": 15}"
KW,Kuwait,Philosophy,topics.subfield.id:https://openalex.org/subfields/1211,1990,237,"{""2025"": 33}"
KW,Kuwait,Linguistics,topics.subfield.id:https://openalex.org/subfields/1203|https://openalex.org/subfields/3310,1990,469,"{""2025"": 55}"
KW,Kuwait,Anthropology,topics.subfield.id:https://openalex.org/subfields/3314,1990,164,"{""2024"": 19}"
KW,Kuwait,Archaeology,concepts.id:https://openalex.org/C166957645,1990,1992,"{""2024"": 192}"
KW,Kuwait,Evolutionary Biology,topics.subfield.id:https://openalex.org/subfields/1105,1990,314,"{""2026"": 39}"
KW,Kuwait,Botany,concepts.id:https://openalex.org/C59822182,1990,1014,"{""2024"": 82}"
KW,Kuwait,Tropical,concepts.id:https://openalex.org/C185032368,1990,13,"{""2008"": 2}"
KW,Kuwait,Mining,concepts.id:https://openalex.org/C16674752,1990,288,"{""2026"": 40}"
KW,Kuwait,Materials Science,topics.field.id:https://openalex.org/fields/25,1990,4131,"{""2024"": 488}"
KW,Kuwait,Computer Science,topics.field.id:https://openalex.org/fields/17,1990,8253,"{""2025"": 804}"
KW,Kuwait,Physics and Astronomy,topics.field.id:https://openalex.org/fields/31,1990,2037,"{""2024"": 160}"
KW,Kuwait,Mathematics,topics.field.id:https://openalex.org/fields/26,1990,2541,"{""2024"": 195}"
KW,Kuwait,Chemistry,topics.field.id:https://openalex.org/fields/16,1990,2666,"{""2024"": 202}"
KW,Kuwait,Engineering,topics.field.id:https://openalex.org/fields/22,1990,21013,"{""2024"": 2024}"
KY,Cayman Islands,History,topics.subfield.id:https://openalex.org/subfields/1202,1990,1,"{""2026"": 1}"
KY,Cayman Islands,Political Science,topics.subfield.id:https://openalex.org/subfields/3320,1990,29,"{""2025"": 5}"
KY,Cayman Islands,Law,topics.subfield.id:https://openalex.org/subfields/3308,1990,33,"{""2004"": 4}"
KY,Cayman Islands,Philosophy,topics.subfield.id:https://openalex.org/subfields/1211,1990,1,"{""2020"": 1}"
KY,Cayman Islands,Linguistics,topics.subfield.id:https://openalex.org/subfields/1203|https://openalex.org/subfields/3310,1990,3,"{""2024"": 2}"
KY,Cayman Islands,Anthropology,topics.subfield.id:https://openalex.org/subfields/3314,1990,6,"{""1992"": 1}"
KY,Cayman Islands,Archaeology,concepts.id:https://openalex.org/C166957645,1990,32,"{""2021"": 5}"
KY,Cayman Islands,Evolutionary Biology,topics.subfield.id:https://openalex.org/subfields/1105,1990,3,"{""2010"": 1}"
KY,Cayman Islands,Botany,concepts.id:https://openalex.org/C59822182,1990,16,"{""2021"": 6}"
KY,Cayman Islands,Tropical,concepts.id:https://openalex.org/C185032368,1990,0,{}
KY,Cayman Islands,Mining,concepts.id:https://openalex.org/C16674752,1990,0,{}
KY,Cayman Islands,Materials Science,topics.field.id:https://openalex.org/fields/25,1990,4,"{""2025"": 2}"
KY,Cayman Islands,Computer Science,topics.field.id:https://openalex.org/fields/17,1990,413,"{""2023"": 82}"
KY,Cayman Islands,Physics and Astronomy,topics.field.id:https://openalex.org/fields/31,1990,12,"{""2019"": 2}"
KY,Cayman Islands,Mathematics,topics.field.id:https://openalex.org/fields/26,1990,15,"{""2014"": 4}"
KY,Cayman Islands,Chemistry,topics.field.id:https://openalex.org/fields/16,1990,1,"{""2026"": 1}"
KY,Cayman Islands,Engineering,topics.field.id:https://openalex.org/fields/22,1990,80,"{""2021"": 17}"
LA,Laos,History,topics.subfield.id:https://openalex.org/subfields/1202,1990,11,"{""2015"": 2}"
LA,Laos,Political Science,topics.subfield.id:https://openalex.org/subfields/3320,1990,314,"{""2026"": 37}"
LA,Laos,Law,topics.subfield.id:https://openalex.org/subfields/3308,1990,38,"{""2019"": 5}"
LA,Laos,Philosophy,topics.subfield.id:https://openalex.org/subfields/1211,1990,15,"{""2022"": 3}"
LA,Laos,Linguistics,topics.subfield.id:https://openalex.org/subfields/1203|https://openalex.org/subfields/3310,1990,61,"{""2024"": 15}"
LA,Laos,Anthropology,topics.subfield.id:https://openalex.org/subfields/3314,1990,13,"{""2015"": 2}"
LA,Laos,Archaeology,concepts.id:https://openalex.org/C166957645,1990,637,"{""2024"": 64}"
LA,Laos,Evolutionary Biology,topics.subfield.id:https://openalex.org/subfields/1105,1990,504,"{""2025"": 71}"
LA,Laos,Botany,concepts.id:https://openalex.org/C59822182,1990,455,"{""2026"": 80}"
LA,Laos,Tropical,concepts.id:https://openalex.org/C185032368,1990,66,"{""2026"": 12}"
LA,Laos,Mining,concepts.id:https://openalex.org/C16674752,1990,20,"{""2021"": 4}"
LA,Laos,Materials Science,topics.field.id:https://openalex.org/fields/25,1990,194,"{""2026"": 53}"
LA,Laos,Computer Science,topics.field.id:https://openalex.org/fields/17,1990,374,"{""2026"": 67}"
LA,Laos,Physics and Astronomy,topics.field.id:https://openalex.org/fields/31,1990,68,"{""2026"": 14}"
LA,Laos,Mathematics,topics.field.id:https://openalex.org/fields/26,1990,117,"{""2026"": 18}"
LA,Laos,Chemistry,topics.field.id:https://openalex.org/fields/16,1990,122,"{""2025"": 21}"
LA,Laos,Engineering,topics.field.id:https://openalex.org/fields/22,1990,760,"{""2026"": 134}"
LB,Lebanon,History,topics.subfield.id:https://openalex.org/subfields/1202,1990,396,"{""2026"": 42}"
LB,Lebanon,Political Science,topics.subfield.id:https://openalex.org/subfields/3320,1990,2898,"{""2026"": 195}"
LB,Lebanon,Law,topics.subfield.id:https://openalex.org/subfields/3308,1990,176,"{""2026"": 29}"
LB,Lebanon,Philosophy,topics.subfield.id:https://openalex.org/subfields/1211,1990,769,"{""2026"": 202}"
LB,Lebanon,Linguistics,topics.subfield.id:https://openalex.org/subfields/1203|https://openalex.org/subfields/3310,1990,687,"{""2018"": 51}"
LB,Lebanon,Anthropology,topics.subfield.id:https://openalex.org/subfields/3314,1990,813,"{""2018"": 64}"
LB,Lebanon,Archaeology,concepts.id:https://openalex.org/C166957645,1990,5119,"{""2023"": 513}"
LB,Lebanon,Evolutionary Biology,topics.subfield.id:https://openalex.org/subfields/1105,1990,1616,"{""2025"": 193}"
LB,Lebanon,Botany,concepts.id:https://openalex.org/C59822182,1990,2707,"{""2023"": 215}"
LB,Lebanon,Tropical,concepts.id:https://openalex.org/C185032368,1990,29,"{""2026"": 11}"
LB,Lebanon,Mining,concepts.id:https://openalex.org/C16674752,1990,48,"{""2024"": 6}"
LB,Lebanon,Materials Science,topics.field.id:https://openalex.org/fields/25,1990,3970,"{""2024"": 447}"
LB,Lebanon,Computer Science,topics.field.id:https://openalex.org/fields/17,1990,12030,"{""2023"": 1253}"
LB,Lebanon,Physics and Astronomy,topics.field.id:https://openalex.org/fields/31,1990,3140,"{""2024"": 375}"
LB,Lebanon,Mathematics,topics.field.id:https://openalex.org/fields/26,1990,3215,"{""2024"": 572}"
LB,Lebanon,Chemistry,topics.field.id:https://openalex.org/fields/16,1990,2588,"{""2024"": 234}"
LB,Lebanon,Engineering,topics.field.id:https://openalex.org/fields/22,1990,19485,"{""2024"": 1970}"
LC,Saint Lucia,History,topics.subfield.id:https://openalex.org/subfields/1202,1990,0,{}
LC,Saint Lucia,Political Science,topics.subfield.id:https://openalex.org/subfields/3320,1990,11,"{""2024"": 3}"
LC,Saint Lucia,Law,topics.subfield.id:https://openalex.org/subfields/3308,1990,2,"{""2021"": 2}"
LC,Saint Lucia,Philosophy,topics.subfield.id:https://openalex.org/subfields/1211,1990,1,"{""2012"": 1}"
LC,Saint Lucia,Linguistics,topics.subfield.id:https://openalex.org/subfields/1203|https://openalex.org/subfields/3310,1990,2,"{""2020"": 1}"
LC,Saint Lucia,Anthropology,topics.subfield.id:https://openalex.org/subfields/3314,1990,4,"{""2013"": 1}"
LC,Saint Lucia,Archaeology,concepts.id:https://openalex.org/C166957645,1990,19,"{""2025"": 4}"
LC,Saint Lucia,Evolutionary Biology,topics.subfield.id:https://openalex.org/subfields/1105,1990,5,"{""1993"": 1}"
LC,Saint Lucia,Botany,concepts.id:https://openalex.org/C59822182,1990,4,"{""2018"": 2}"
LC,Saint Lucia,Tropical,concepts.id:https://openalex.org/C185032368,1990,0,{}
LC,Saint Lucia,Mining,concepts.id:https://openalex.org/C16674752,1990,0,{}
LC,Saint Lucia,Materials Science,topics.field.id:https://openalex.org/fields/25,1990,3,"{""2025"": 2}"
LC,Saint Lucia,Computer Science,topics.field.id:https://openalex.org/fields/17,1990,75,"{""2026"": 22}"
LC,Saint Lucia,Physics and Astronomy,topics.field.id:https://openalex.org/fields/31,1990,7,"{""2023"": 3}"
LC,Saint Lucia,Mathematics,topics.field.id:https://openalex.org/fields/26,1990,5,"{""2025"": 2}"
LC,Saint Lucia,Chemistry,topics.field.id:https://openalex.org/fields/16,1990,2,"{""2020"": 1}"
LC,Saint Lucia,Engineering,topics.field.id:https://openalex.org/fields/22,1990,42,"{""2025"": 14}"
LK,Sri Lanka,History,topics.subfield.id:https://openalex.org/subfields/1202,1990,113,"{""2021"": 10}"
LK,Sri Lanka,Political Science,topics.subfield.id:https://openalex.org/subfields/3320,1990,2144,"{""2022"": 215}"
LK,Sri Lanka,Law,topics.subfield.id:https://openalex.org/subfields/3308,1990,254,"{""2025"": 59}"
LK,Sri Lanka,Philosophy,topics.subfield.id:https://openalex.org/subfields/1211,1990,406,"{""2025"": 55}"
LK,Sri Lanka,Linguistics,topics.subfield.id:https://openalex.org/subfields/1203|https://openalex.org/subfields/3310,1990,570,"{""2025"": 106}"
LK,Sri Lanka,Anthropology,topics.subfield.id:https://openalex.org/subfields/3314,1990,397,"{""2025"": 50}"
LK,Sri Lanka,Archaeology,concepts.id:https://openalex.org/C166957645,1990,7507,"{""2021"": 867}"
LK,Sri Lanka,Evolutionary Biology,topics.subfield.id:https://openalex.org/subfields/1105,1990,2063,"{""2026"": 194}"
LK,Sri Lanka,Botany,concepts.id:https://openalex.org/C59822182,1990,5063,"{""2023"": 413}"
LK,Sri Lanka,Tropical,concepts.id:https://openalex.org/C185032368,1990,160,"{""2026"": 25}"
LK,Sri Lanka,Mining,concepts.id:https://openalex.org/C16674752,1990,127,"{""2022"": 12}"
LK,Sri Lanka,Materials Science,topics.field.id:https://openalex.org/fields/25,1990,3844,"{""2025"": 418}"
LK,Sri Lanka,Computer Science,topics.field.id:https://openalex.org/fields/17,1990,10129,"{""2025"": 1254}"
LK,Sri Lanka,Physics and Astronomy,topics.field.id:https://openalex.org/fields/31,1990,1234,"{""2026"": 95}"
LK,Sri Lanka,Mathematics,topics.field.id:https://openalex.org/fields/26,1990,1007,"{""2021"": 124}"
LK,Sri Lanka,Chemistry,topics.field.id:https://openalex.org/fields/16,1990,2704,"{""2025"": 228}"
LK,Sri Lanka,Engineering,topics.field.id:https://openalex.org/fields/22,1990,15194,"{""2025"": 1531}"
LS,Lesotho,History,topics.subfield.id:https://openalex.org/subfields/1202,1990,10,"{""2012"": 2}"
LS,Lesotho,Political Science,topics.subfield.id:https://openalex.org/subfields/3320,1990,199,"{""2026"": 22}"
LS,Lesotho,Law,topics.subfield.id:https://openalex.org/subfields/3308,1990,140,"{""2015"": 12}"
LS,Lesotho,Philosophy,topics.subfield.id:https://openalex.org/subfields/1211,1990,13,"{""2001"": 2}"
LS,Lesotho,Linguistics,topics.subfield.id:https://openalex.org/subfields/1203|https://openalex.org/subfields/3310,1990,118,"{""2025"": 15}"
LS,Lesotho,Anthropology,topics.subfield.id:https://openalex.org/subfields/3314,1990,121,"{""2025"": 11}"
LS,Lesotho,Archaeology,concepts.id:https://openalex.org/C166957645,1990,260,"{""2022"": 26}"
LS,Lesotho,Evolutionary Biology,topics.subfield.id:https://openalex.org/subfields/1105,1990,51,"{""2026"": 6}"
LS,Lesotho,Botany,concepts.id:https://openalex.org/C59822182,1990,81,"{""2021"": 8}"
LS,Lesotho,Tropical,concepts.id:https://openalex.org/C185032368,1990,4,"{""2012"": 2}"
LS,Lesotho,Mining,concepts.id:https://openalex.org/C16674752,1990,0,{}
LS,Lesotho,Materials Science,topics.field.id:https://openalex.org/fields/25,1990,78,"{""2008"": 10}"
LS,Lesotho,Computer Science,topics.field.id:https://openalex.org/fields/17,1990,174,"{""2023"": 17}"
LS,Lesotho,Physics and Astronomy,topics.field.id:https://openalex.org/fields/31,1990,52,"{""2006"": 5}"
LS,Lesotho,Mathematics,topics.field.id:https://openalex.org/fields/26,1990,59,"{""2021"": 6}"
LS,Lesotho,Chemistry,topics.field.id:https://openalex.org/fields/16,1990,74,"{""2014"": 7}"
LS,Lesotho,Engineering,topics.field.id:https://openalex.org/fields/22,1990,183,"{""2015"": 13}"
LY,Libya,History,topics.subfield.id:https://openalex.org/subfields/1202,1990,72,"{""2026"": 16}"
LY,Libya,Political Science,topics.subfield.id:https://openalex.org/subfields/3320,1990,564,"{""2025"": 137}"
LY,Libya,Law,topics.subfield.id:https://openalex.org/subfields/3308,1990,114,"{""2026"": 40}"
LY,Libya,Philosophy,topics.subfield.id:https://openalex.org/subfields/1211,1990,116,"{""2025"": 32}"
LY,Libya,Linguistics,topics.subfield.id:https://openalex.org/subfields/1203|https://openalex.org/subfields/3310,1990,575,"{""2026"": 158}"
LY,Libya,Anthropology,topics.subfield.id:https://openalex.org/subfields/3314,1990,136,"{""2025"": 27}"
LY,Libya,Archaeology,concepts.id:https://openalex.org/C166957645,1990,831,"{""2021"": 94}"
LY,Libya,Evolutionary Biology,topics.subfield.id:https://openalex.org/subfields/1105,1990,428,"{""2025"": 66}"
LY,Libya,Botany,concepts.id:https://openalex.org/C59822182,1990,1316,"{""2025"": 160}"
LY,Libya,Tropical,concepts.id:https://openalex.org/C185032368,1990,12,"{""2025"": 3}"
LY,Libya,Mining,concepts.id:https://openalex.org/C16674752,1990,54,"{""2025"": 13}"
LY,Libya,Materials Science,topics.field.id:https://openalex.org/fields/25,1990,1648,"{""2025"": 212}"
LY,Libya,Computer Science,topics.field.id:https://openalex.org/fields/17,1990,3868,"{""2026"": 619}"
LY,Libya,Physics and Astronomy,topics.field.id:https://openalex.org/fields/31,1990,686,"{""2026"": 96}"
LY,Libya,Mathematics,topics.field.id:https://openalex.org/fields/26,1990,835,"{""2025"": 124}"
LY,Libya,Chemistry,topics.field.id:https://openalex.org/fields/16,1990,1557,"{""2025"": 213}"
LY,Libya,Engineering,topics.field.id:https://openalex.org/fields/22,1990,11366,"{""2025"": 1781}"
MA,Morocco,History,topics.subfield.id:https://openalex.org/subfields/1202,1990,889,"{""2026"": 259}"
MA,Morocco,Political Science,topics.subfield.id:https://openalex.org/subfields/3320,1990,5329,"{""2026"": 861}"
MA,Morocco,Law,topics.subfield.id:https://openalex.org/subfields/3308,1990,423,"{""2026"": 164}"
MA,Morocco,Philosophy,topics.subfield.id:https://openalex.org/subfields/1211,1990,956,"{""2026"": 139}"
MA,Morocco,Linguistics,topics.subfield.id:https://openalex.org/subfields/1203|https://openalex.org/subfields/3310,1990,2880,"{""2026"": 520}"
MA,Morocco,Anthropology,topics.subfield.id:https://openalex.org/subfields/3314,1990,2627,"{""2026"": 325}"
MA,Morocco,Archaeology,concepts.id:https://openalex.org/C166957645,1990,8563,"{""2023"": 1113}"
MA,Morocco,Evolutionary Biology,topics.subfield.id:https://openalex.org/subfields/1105,1990,5982,"{""2026"": 1157}"
MA,Morocco,Botany,concepts.id:https://openalex.org/C59822182,1990,9367,"{""2024"": 1283}"
MA,Morocco,Tropical,concepts.id:https://openalex.org/C185032368,1990,72,"{""2025"": 20}"
MA,Morocco,Mining,concepts.id:https://openalex.org/C16674752,1990,464,"{""2025"": 83}"
MA,Morocco,Materials Science,topics.field.id:https://openalex.org/fields/25,1990,20369,"{""2025"": 2283}"
MA,Morocco,Computer Science,topics.field.id:https://openalex.org/fields/17,1990,38917,"{""2025"": 4840}"
MA,Morocco,Physics and Astronomy,topics.field.id:https://openalex.org/fields/31,1990,12238,"{""2025"": 1166}"
MA,Morocco,Mathematics,topics.field.id:https://openalex.org/fields/26,1990,11603,"{""2025"": 1179}"
MA,Morocco,Chemistry,topics.field.id:https://openalex.org/fields/16,1990,12040,"{""2025"": 1075}"
MA,Morocco,Engineering,topics.field.id:https://openalex.org/fields/22,1990,58777,"{""2025"": 7225}"
MG,Madagascar,History,topics.subfield.id:https://openalex.org/subfields/1202,1990,14,"{""2026"": 5}"
MG,Madagascar,Political Science,topics.subfield.id:https://openalex.org/subfields/3320,1990,165,"{""2026"": 18}"
MG,Madagascar,Law,topics.subfield.id:https://openalex.org/subfields/3308,1990,43,"{""2020"": 7}"
MG,Madagascar,Philosophy,topics.subfield.id:https://openalex.org/subfields/1211,1990,90,"{""2026"": 11}"
MG,Madagascar,Linguistics,topics.subfield.id:https://openalex.org/subfields/1203|https://openalex.org/subfields/3310,1990,119,"{""2024"": 11}"
MG,Madagascar,Anthropology,topics.subfield.id:https://openalex.org/subfields/3314,1990,429,"{""2026"": 49}"
MG,Madagascar,Archaeology,concepts.id:https://openalex.org/C166957645,1990,776,"{""2021"": 86}"
MG,Madagascar,Evolutionary Biology,topics.subfield.id:https://openalex.org/subfields/1105,1990,1657,"{""2025"": 131}"
MG,Madagascar,Botany,concepts.id:https://openalex.org/C59822182,1990,941,"{""2025"": 84}"
MG,Madagascar,Tropical,concepts.id:https://openalex.org/C185032368,1990,110,"{""2023"": 13}"
MG,Madagascar,Mining,concepts.id:https://openalex.org/C16674752,1990,10,"{""2025"": 4}"
MG,Madagascar,Materials Science,topics.field.id:https://openalex.org/fields/25,1990,198,"{""2026"": 44}"
MG,Madagascar,Computer Science,topics.field.id:https://openalex.org/fields/17,1990,620,"{""2025"": 73}"
MG,Madagascar,Physics and Astronomy,topics.field.id:https://openalex.org/fields/31,1990,254,"{""2026"": 36}"
MG,Madagascar,Mathematics,topics.field.id:https://openalex.org/fields/26,1990,314,"{""2020"": 36}"
MG,Madagascar,Chemistry,topics.field.id:https://openalex.org/fields/16,1990,198,"{""2026"": 30}"
MG,Madagascar,Engineering,topics.field.id:https://openalex.org/fields/22,1990,820,"{""2024"": 105}"
MH,Marshall Islands,History,topics.subfield.id:https://openalex.org/subfields/1202,1990,0,{}
MH,Marshall Islands,Political Science,topics.subfield.id:https://openalex.org/subfields/3320,1990,0,{}
MH,Marshall Islands,Law,topics.subfield.id:https://openalex.org/subfields/3308,1990,0,{}
MH,Marshall Islands,Philosophy,topics.subfield.id:https://openalex.org/subfields/1211,1990,0,{}
MH,Marshall Islands,Linguistics,topics.subfield.id:https://openalex.org/subfields/1203|https://openalex.org/subfields/3310,1990,0,{}
MH,Marshall Islands,Anthropology,topics.subfield.id:https://openalex.org/subfields/3314,1990,0,{}
MH,Marshall Islands,Archaeology,concepts.id:https://openalex.org/C166957645,1990,0,{}
MH,Marshall Islands,Evolutionary Biology,topics.subfield.id:https://openalex.org/subfields/1105,1990,0,{}
MH,Marshall Islands,Botany,concepts.id:https://openalex.org/C59822182,1990,0,{}
MH,Marshall Islands,Tropical,concepts.id:https://openalex.org/C185032368,1990,0,{}
MH,Marshall Islands,Mining,concepts.id:https://openalex.org/C16674752,1990,0,{}
MH,Marshall Islands,Materials Science,topics.field.id:https://openalex.org/fields/25,1990,0,{}
MH,Marshall Islands,Computer Science,topics.field.id:https://openalex.org/fields/17,1990,0,{}
MH,Marshall Islands,Physics and Astronomy,topics.field.id:https://openalex.org/fields/31,1990,0,{}
MH,Marshall Islands,Mathematics,topics.field.id:https://openalex.org/fields/26,1990,0,{}
MH,Marshall Islands,Chemistry,topics.field.id:https://openalex.org/fields/16,1990,0,{}
MH,Marshall Islands,Engineering,topics.field.id:https://openalex.org/fields/22,1990,0,{}
ML,Mali,History,topics.subfield.id:https://openalex.org/subfields/1202,1990,27,"{""2022"": 5}"
ML,Mali,Political Science,topics.subfield.id:https://openalex.org/subfields/3320,1990,199,"{""2020"": 24}"
ML,Mali,Law,topics.subfield.id:https://openalex.org/subfields/3308,1990,17,"{""2023"": 4}"
ML,Mali,Philosophy,topics.subfield.id:https://openalex.org/subfields/1211,1990,36,"{""2019"": 6}"
ML,Mali,Linguistics,topics.subfield.id:https://openalex.org/subfields/1203|https://openalex.org/subfields/3310,1990,48,"{""2024"": 7}"
ML,Mali,Anthropology,topics.subfield.id:https://openalex.org/subfields/3314,1990,192,"{""2026"": 22}"
ML,Mali,Archaeology,concepts.id:https://openalex.org/C166957645,1990,1144,"{""2020"": 120}"
ML,Mali,Evolutionary Biology,topics.subfield.id:https://openalex.org/subfields/1105,1990,1439,"{""2019"": 102}"
ML,Mali,Botany,concepts.id:https://openalex.org/C59822182,1990,1043,"{""2021"": 68}"
ML,Mali,Tropical,concepts.id:https://openalex.org/C185032368,1990,146,"{""2026"": 23}"
ML,Mali,Mining,concepts.id:https://openalex.org/C16674752,1990,12,"{""2025"": 4}"
ML,Mali,Materials Science,topics.field.id:https://openalex.org/fields/25,1990,91,"{""2026"": 17}"
ML,Mali,Computer Science,topics.field.id:https://openalex.org/fields/17,1990,425,"{""2025"": 43}"
ML,Mali,Physics and Astronomy,topics.field.id:https://openalex.org/fields/31,1990,90,"{""2024"": 20}"
ML,Mali,Mathematics,topics.field.id:https://openalex.org/fields/26,1990,215,"{""2020"": 37}"
ML,Mali,Chemistry,topics.field.id:https://openalex.org/fields/16,1990,176,"{""2020"": 18}"
ML,Mali,Engineering,topics.field.id:https://openalex.org/fields/22,1990,480,"{""2025"": 43}"
MM,Myanmar,History,topics.subfield.id:https://openalex.org/subfields/1202,1990,3,"{""2011"": 1}"
MM,Myanmar,Political Science,topics.subfield.id:https://openalex.org/subfields/3320,1990,249,"{""2026"": 36}"
MM,Myanmar,Law,topics.subfield.id:https://openalex.org/subfields/3308,1990,35,"{""2023"": 5}"
MM,Myanmar,Philosophy,topics.subfield.id:https://openalex.org/subfields/1211,1990,27,"{""2026"": 6}"
MM,Myanmar,Linguistics,topics.subfield.id:https://openalex.org/subfields/1203|https://openalex.org/subfields/3310,1990,59,"{""2023"": 12}"
MM,Myanmar,Anthropology,topics.subfield.id:https://openalex.org/subfields/3314,1990,34,"{""2018"": 5}"
MM,Myanmar,Archaeology,concepts.id:https://openalex.org/C166957645,1990,515,"{""2020"": 77}"
MM,Myanmar,Evolutionary Biology,topics.subfield.id:https://openalex.org/subfields/1105,1990,321,"{""2020"": 39}"
MM,Myanmar,Botany,concepts.id:https://openalex.org/C59822182,1990,482,"{""2020"": 71}"
MM,Myanmar,Tropical,concepts.id:https://openalex.org/C185032368,1990,53,"{""2017"": 8}"
MM,Myanmar,Mining,concepts.id:https://openalex.org/C16674752,1990,29,"{""2019"": 9}"
MM,Myanmar,Materials Science,topics.field.id:https://openalex.org/fields/25,1990,245,"{""2020"": 31}"
MM,Myanmar,Computer Science,topics.field.id:https://openalex.org/fields/17,1990,1929,"{""2020"": 233}"
MM,Myanmar,Physics and Astronomy,topics.field.id:https://openalex.org/fields/31,1990,168,"{""2020"": 18}"
MM,Myanmar,Mathematics,topics.field.id:https://openalex.org/fields/26,1990,116,"{""2026"": 17}"
MM,Myanmar,Chemistry,topics.field.id:https://openalex.org/fields/16,1990,157,"{""2019"": 15}"
MM,Myanmar,Engineering,topics.field.id:https://openalex.org/fields/22,1990,1538,"{""2019"": 195}"
MO,Macao,History,topics.subfield.id:https://openalex.org/subfields/1202,1990,124,"{""2024"": 18}"
MO,Macao,Political Science,topics.subfield.id:https://openalex.org/subfields/3320,1990,1614,"{""2025"": 220}"
MO,Macao,Law,topics.subfield.id:https://openalex.org/subfields/3308,1990,426,"{""2009"": 46}"
MO,Macao,Philosophy,topics.subfield.id:https://openalex.org/subfields/1211,1990,316,"{""2020"": 43}"
MO,Macao,Linguistics,topics.subfield.id:https://openalex.org/subfields/1203|https://openalex.org/subfields/3310,1990,1644,"{""2025"": 243}"
MO,Macao,Anthropology,topics.subfield.id:https://openalex.org/subfields/3314,1990,375,"{""2025"": 50}"
MO,Macao,Archaeology,concepts.id:https://openalex.org/C166957645,1990,4735,"{""2024"": 747}"
MO,Macao,Evolutionary Biology,topics.subfield.id:https://openalex.org/subfields/1105,1990,166,"{""2026"": 42}"
MO,Macao,Botany,concepts.id:https://openalex.org/C59822182,1990,1330,"{""2022"": 145}"
MO,Macao,Tropical,concepts.id:https://openalex.org/C185032368,1990,5,"{""2025"": 3}"
MO,Macao,Mining,concepts.id:https://openalex.org/C16674752,1990,53,"{""2025"": 14}"
MO,Macao,Materials Science,topics.field.id:https://openalex.org/fields/25,1990,5532,"{""2025"": 823}"
MO,Macao,Computer Science,topics.field.id:https://openalex.org/fields/17,1990,19064,"{""2025"": 3324}"
MO,Macao,Physics and Astronomy,topics.field.id:https://openalex.org/fields/31,1990,3976,"{""2025"": 532}"
MO,Macao,Mathematics,topics.field.id:https://openalex.org/fields/26,1990,2236,"{""2025"": 215}"
MO,Macao,Chemistry,topics.field.id:https://openalex.org/fields/16,1990,2172,"{""2025"": 286}"
MO,Macao,Engineering,topics.field.id:https://openalex.org/fields/22,1990,23944,"{""2025"": 3600}"
MP,Northern Mariana Is.,History,topics.subfield.id:https://openalex.org/subfields/1202,1990,2,"{""2002"": 1}"
MP,Northern Mariana Is.,Political Science,topics.subfield.id:https://openalex.org/subfields/3320,1990,1,"{""2004"": 1}"
MP,Northern Mariana Is.,Law,topics.subfield.id:https://openalex.org/subfields/3308,1990,0,{}
MP,Northern Mariana Is.,Philosophy,topics.subfield.id:https://openalex.org/subfields/1211,1990,3,"{""2017"": 1}"
MP,Northern Mariana Is.,Linguistics,topics.subfield.id:https://openalex.org/subfields/1203|https://openalex.org/subfields/3310,1990,1,"{""2019"": 1}"
MP,Northern Mariana Is.,Anthropology,topics.subfield.id:https://openalex.org/subfields/3314,1990,1,"{""2019"": 1}"
MP,Northern Mariana Is.,Archaeology,concepts.id:https://openalex.org/C166957645,1990,24,"{""2018"": 4}"
MP,Northern Mariana Is.,Evolutionary Biology,topics.subfield.id:https://openalex.org/subfields/1105,1990,14,"{""2020"": 2}"
MP,Northern Mariana Is.,Botany,concepts.id:https://openalex.org/C59822182,1990,10,"{""2022"": 2}"
MP,Northern Mariana Is.,Tropical,concepts.id:https://openalex.org/C185032368,1990,0,{}
MP,Northern Mariana Is.,Mining,concepts.id:https://openalex.org/C16674752,1990,0,{}
MP,Northern Mariana Is.,Materials Science,topics.field.id:https://openalex.org/fields/25,1990,7,"{""2026"": 3}"
MP,Northern Mariana Is.,Computer Science,topics.field.id:https://openalex.org/fields/17,1990,2,"{""2023"": 1}"
MP,Northern Mariana Is.,Physics and Astronomy,topics.field.id:https://openalex.org/fields/31,1990,0,{}
MP,Northern Mariana Is.,Mathematics,topics.field.id:https://openalex.org/fields/26,1990,0,{}
MP,Northern Mariana Is.,Chemistry,topics.field.id:https://openalex.org/fields/16,1990,9,"{""2022"": 4}"
MP,Northern Mariana Is.,Engineering,topics.field.id:https://openalex.org/fields/22,1990,10,"{""2004"": 4}"
MQ,Martinique,History,topics.subfield.id:https://openalex.org/subfields/1202,1990,140,"{""2025"": 17}"
MQ,Martinique,Political Science,topics.subfield.id:https://openalex.org/subfields/3320,1990,319,"{""2018"": 40}"
MQ,Martinique,Law,topics.subfield.id:https://openalex.org/subfields/3308,1990,37,"{""2023"": 5}"
MQ,Martinique,Philosophy,topics.subfield.id:https://openalex.org/subfields/1211,1990,112,"{""2022"": 16}"
MQ,Martinique,Linguistics,topics.subfield.id:https://openalex.org/subfields/1203|https://openalex.org/subfields/3310,1990,161,"{""2022"": 18}"
MQ,Martinique,Anthropology,topics.subfield.id:https://openalex.org/subfields/3314,1990,368,"{""2021"": 35}"
MQ,Martinique,Archaeology,concepts.id:https://openalex.org/C166957645,1990,136,"{""2019"": 16}"
MQ,Martinique,Evolutionary Biology,topics.subfield.id:https://openalex.org/subfields/1105,1990,217,"{""2023"": 26}"
MQ,Martinique,Botany,concepts.id:https://openalex.org/C59822182,1990,47,"{""2024"": 11}"
MQ,Martinique,Tropical,concepts.id:https://openalex.org/C185032368,1990,11,"{""2026"": 4}"
MQ,Martinique,Mining,concepts.id:https://openalex.org/C16674752,1990,1,"{""2017"": 1}"
MQ,Martinique,Materials Science,topics.field.id:https://openalex.org/fields/25,1990,29,"{""2024"": 7}"
MQ,Martinique,Computer Science,topics.field.id:https://openalex.org/fields/17,1990,113,"{""2023"": 17}"
MQ,Martinique,Physics and Astronomy,topics.field.id:https://openalex.org/fields/31,1990,37,"{""2018"": 7}"
MQ,Martinique,Mathematics,topics.field.id:https://openalex.org/fields/26,1990,67,"{""2024"": 9}"
MQ,Martinique,Chemistry,topics.field.id:https://openalex.org/fields/16,1990,16,"{""2024"": 4}"
MQ,Martinique,Engineering,topics.field.id:https://openalex.org/fields/22,1990,160,"{""2023"": 26}"
MR,Mauritania,History,topics.subfield.id:https://openalex.org/subfields/1202,1990,4,"{""2019"": 2}"
MR,Mauritania,Political Science,topics.subfield.id:https://openalex.org/subfields/3320,1990,72,"{""2018"": 6}"
MR,Mauritania,Law,topics.subfield.id:https://openalex.org/subfields/3308,1990,3,"{""2026"": 2}"
MR,Mauritania,Philosophy,topics.subfield.id:https://openalex.org/subfields/1211,1990,3,"{""1992"": 1}"
MR,Mauritania,Linguistics,topics.subfield.id:https://openalex.org/subfields/1203|https://openalex.org/subfields/3310,1990,31,"{""2026"": 4}"
MR,Mauritania,Anthropology,topics.subfield.id:https://openalex.org/subfields/3314,1990,79,"{""2018"": 8}"
MR,Mauritania,Archaeology,concepts.id:https://openalex.org/C166957645,1990,90,"{""2023"": 9}"
MR,Mauritania,Evolutionary Biology,topics.subfield.id:https://openalex.org/subfields/1105,1990,129,"{""2018"": 11}"
MR,Mauritania,Botany,concepts.id:https://openalex.org/C59822182,1990,65,"{""2023"": 7}"
MR,Mauritania,Tropical,concepts.id:https://openalex.org/C185032368,1990,23,"{""2015"": 3}"
MR,Mauritania,Mining,concepts.id:https://openalex.org/C16674752,1990,8,"{""2024"": 2}"
MR,Mauritania,Materials Science,topics.field.id:https://openalex.org/fields/25,1990,100,"{""2026"": 18}"
MR,Mauritania,Computer Science,topics.field.id:https://openalex.org/fields/17,1990,243,"{""2024"": 41}"
MR,Mauritania,Physics and Astronomy,topics.field.id:https://openalex.org/fields/31,1990,36,"{""2023"": 6}"
MR,Mauritania,Mathematics,topics.field.id:https://openalex.org/fields/26,1990,182,"{""2025"": 24}"
MR,Mauritania,Chemistry,topics.field.id:https://openalex.org/fields/16,1990,119,"{""2021"": 12}"
MR,Mauritania,Engineering,topics.field.id:https://openalex.org/fields/22,1990,357,"{""2026"": 52}"
MS,Montserrat,History,topics.subfield.id:https://openalex.org/subfields/1202,1990,0,{}
MS,Montserrat,Political Science,topics.subfield.id:https://openalex.org/subfields/3320,1990,0,{}
MS,Montserrat,Law,topics.subfield.id:https://openalex.org/subfields/3308,1990,0,{}
MS,Montserrat,Philosophy,topics.subfield.id:https://openalex.org/subfields/1211,1990,0,{}
MS,Montserrat,Linguistics,topics.subfield.id:https://openalex.org/subfields/1203|https://openalex.org/subfields/3310,1990,0,{}
MS,Montserrat,Anthropology,topics.subfield.id:https://openalex.org/subfields/3314,1990,1,"{""2023"": 1}"
MS,Montserrat,Archaeology,concepts.id:https://openalex.org/C166957645,1990,13,"{""2023"": 4}"
MS,Montserrat,Evolutionary Biology,topics.subfield.id:https://openalex.org/subfields/1105,1990,1,"{""2021"": 1}"
MS,Montserrat,Botany,concepts.id:https://openalex.org/C59822182,1990,1,"{""2006"": 1}"
MS,Montserrat,Tropical,concepts.id:https://openalex.org/C185032368,1990,0,{}
MS,Montserrat,Mining,concepts.id:https://openalex.org/C16674752,1990,2,"{""2012"": 1}"
MS,Montserrat,Materials Science,topics.field.id:https://openalex.org/fields/25,1990,2,"{""2017"": 1}"
MS,Montserrat,Computer Science,topics.field.id:https://openalex.org/fields/17,1990,19,"{""2014"": 4}"
MS,Montserrat,Physics and Astronomy,topics.field.id:https://openalex.org/fields/31,1990,9,"{""2020"": 2}"
MS,Montserrat,Mathematics,topics.field.id:https://openalex.org/fields/26,1990,1,"{""2018"": 1}"
MS,Montserrat,Chemistry,topics.field.id:https://openalex.org/fields/16,1990,2,"{""2018"": 1}"
MS,Montserrat,Engineering,topics.field.id:https://openalex.org/fields/22,1990,42,"{""2023"": 6}"
MT,Malta,History,topics.subfield.id:https://openalex.org/subfields/1202,1990,167,"{""2026"": 18}"
MT,Malta,Political Science,topics.subfield.id:https://openalex.org/subfields/3320,1990,742,"{""2019"": 61}"
MT,Malta,Law,topics.subfield.id:https://openalex.org/subfields/3308,1990,133,"{""2026"": 12}"
MT,Malta,Philosophy,topics.subfield.id:https://openalex.org/subfields/1211,1990,259,"{""2020"": 27}"
MT,Malta,Linguistics,topics.subfield.id:https://openalex.org/subfields/1203|https://openalex.org/subfields/3310,1990,366,"{""2025"": 43}"
MT,Malta,Anthropology,topics.subfield.id:https://openalex.org/subfields/3314,1990,187,"{""2026"": 28}"
MT,Malta,Archaeology,concepts.id:https://openalex.org/C166957645,1990,1693,"{""2021"": 181}"
MT,Malta,Evolutionary Biology,topics.subfield.id:https://openalex.org/subfields/1105,1990,197,"{""2023"": 24}"
MT,Malta,Botany,concepts.id:https://openalex.org/C59822182,1990,307,"{""2024"": 31}"
MT,Malta,Tropical,concepts.id:https://openalex.org/C185032368,1990,4,"{""1992"": 1}"
MT,Malta,Mining,concepts.id:https://openalex.org/C16674752,1990,22,"{""2024"": 3}"
MT,Malta,Materials Science,topics.field.id:https://openalex.org/fields/25,1990,536,"{""2025"": 47}"
MT,Malta,Computer Science,topics.field.id:https://openalex.org/fields/17,1990,3133,"{""2022"": 271}"
MT,Malta,Physics and Astronomy,topics.field.id:https://openalex.org/fields/31,1990,980,"{""2023"": 122}"
MT,Malta,Mathematics,topics.field.id:https://openalex.org/fields/26,1990,468,"{""2020"": 70}"
MT,Malta,Chemistry,topics.field.id:https://openalex.org/fields/16,1990,315,"{""2017"": 24}"
MT,Malta,Engineering,topics.field.id:https://openalex.org/fields/22,1990,3574,"{""2025"": 335}"
MU,Mauritius,History,topics.subfield.id:https://openalex.org/subfields/1202,1990,14,"{""2011"": 3}"
MU,Mauritius,Political Science,topics.subfield.id:https://openalex.org/subfields/3320,1990,204,"{""2025"": 23}"
MU,Mauritius,Law,topics.subfield.id:https://openalex.org/subfields/3308,1990,60,"{""2025"": 8}"
MU,Mauritius,Philosophy,topics.subfield.id:https://openalex.org/subfields/1211,1990,37,"{""2006"": 8}"
MU,Mauritius,Linguistics,topics.subfield.id:https://openalex.org/subfields/1203|https://openalex.org/subfields/3310,1990,80,"{""2025"": 10}"
MU,Mauritius,Anthropology,topics.subfield.id:https://openalex.org/subfields/3314,1990,160,"{""2014"": 13}"
MU,Mauritius,Archaeology,concepts.id:https://openalex.org/C166957645,1990,595,"{""2021"": 58}"
MU,Mauritius,Evolutionary Biology,topics.subfield.id:https://openalex.org/subfields/1105,1990,275,"{""2020"": 22}"
MU,Mauritius,Botany,concepts.id:https://openalex.org/C59822182,1990,737,"{""2020"": 67}"
MU,Mauritius,Tropical,concepts.id:https://openalex.org/C185032368,1990,2,"{""2012"": 2}"
MU,Mauritius,Mining,concepts.id:https://openalex.org/C16674752,1990,0,{}
MU,Mauritius,Materials Science,topics.field.id:https://openalex.org/fields/25,1990,366,"{""2017"": 32}"
MU,Mauritius,Computer Science,topics.field.id:https://openalex.org/fields/17,1990,1464,"{""2017"": 128}"
MU,Mauritius,Physics and Astronomy,topics.field.id:https://openalex.org/fields/31,1990,176,"{""2013"": 14}"
MU,Mauritius,Mathematics,topics.field.id:https://openalex.org/fields/26,1990,222,"{""2022"": 19}"
MU,Mauritius,Chemistry,topics.field.id:https://openalex.org/fields/16,1990,459,"{""2015"": 39}"
MU,Mauritius,Engineering,topics.field.id:https://openalex.org/fields/22,1990,1486,"{""2024"": 120}"
MV,Maldives,History,topics.subfield.id:https://openalex.org/subfields/1202,1990,1,"{""2023"": 1}"
MV,Maldives,Political Science,topics.subfield.id:https://openalex.org/subfields/3320,1990,42,"{""2025"": 10}"
MV,Maldives,Law,topics.subfield.id:https://openalex.org/subfields/3308,1990,13,"{""2026"": 6}"
MV,Maldives,Philosophy,topics.subfield.id:https://openalex.org/subfields/1211,1990,6,"{""2026"": 2}"
MV,Maldives,Linguistics,topics.subfield.id:https://openalex.org/subfields/1203|https://openalex.org/subfields/3310,1990,19,"{""2025"": 6}"
MV,Maldives,Anthropology,topics.subfield.id:https://openalex.org/subfields/3314,1990,1,"{""2005"": 1}"
MV,Maldives,Archaeology,concepts.id:https://openalex.org/C166957645,1990,100,"{""2022"": 14}"
MV,Maldives,Evolutionary Biology,topics.subfield.id:https://openalex.org/subfields/1105,1990,28,"{""2026"": 6}"
MV,Maldives,Botany,concepts.id:https://openalex.org/C59822182,1990,33,"{""2022"": 5}"
MV,Maldives,Tropical,concepts.id:https://openalex.org/C185032368,1990,0,{}
MV,Maldives,Mining,concepts.id:https://openalex.org/C16674752,1990,0,{}
MV,Maldives,Materials Science,topics.field.id:https://openalex.org/fields/25,1990,48,"{""2025"": 16}"
MV,Maldives,Computer Science,topics.field.id:https://openalex.org/fields/17,1990,161,"{""2025"": 48}"
MV,Maldives,Physics and Astronomy,topics.field.id:https://openalex.org/fields/31,1990,10,"{""2025"": 2}"
MV,Maldives,Mathematics,topics.field.id:https://openalex.org/fields/26,1990,35,"{""2010"": 4}"
MV,Maldives,Chemistry,topics.field.id:https://openalex.org/fields/16,1990,16,"{""2026"": 5}"
MV,Maldives,Engineering,topics.field.id:https://openalex.org/fields/22,1990,200,"{""2025"": 45}"
MW,Malawi,History,topics.subfield.id:https://openalex.org/subfields/1202,1990,30,"{""2026"": 5}"
MW,Malawi,Political Science,topics.subfield.id:https://openalex.org/subfields/3320,1990,369,"{""2025"": 42}"
MW,Malawi,Law,topics.subfield.id:https://openalex.org/subfields/3308,1990,108,"{""2025"": 11}"
MW,Malawi,Philosophy,topics.subfield.id:https://openalex.org/subfields/1211,1990,54,"{""2018"": 7}"
MW,Malawi,Linguistics,topics.subfield.id:https://openalex.org/subfields/1203|https://openalex.org/subfields/3310,1990,142,"{""2026"": 18}"
MW,Malawi,Anthropology,topics.subfield.id:https://openalex.org/subfields/3314,1990,194,"{""2024"": 21}"
MW,Malawi,Archaeology,concepts.id:https://openalex.org/C166957645,1990,1542,"{""2023"": 154}"
MW,Malawi,Evolutionary Biology,topics.subfield.id:https://openalex.org/subfields/1105,1990,457,"{""2026"": 66}"
MW,Malawi,Botany,concepts.id:https://openalex.org/C59822182,1990,429,"{""2024"": 39}"
MW,Malawi,Tropical,concepts.id:https://openalex.org/C185032368,1990,156,"{""2026"": 17}"
MW,Malawi,Mining,concepts.id:https://openalex.org/C16674752,1990,30,"{""2022"": 5}"
MW,Malawi,Materials Science,topics.field.id:https://openalex.org/fields/25,1990,108,"{""2025"": 17}"
MW,Malawi,Computer Science,topics.field.id:https://openalex.org/fields/17,1990,1034,"{""2024"": 125}"
MW,Malawi,Physics and Astronomy,topics.field.id:https://openalex.org/fields/31,1990,40,"{""2019"": 8}"
MW,Malawi,Mathematics,topics.field.id:https://openalex.org/fields/26,1990,414,"{""2022"": 66}"
MW,Malawi,Chemistry,topics.field.id:https://openalex.org/fields/16,1990,110,"{""2020"": 14}"
MW,Malawi,Engineering,topics.field.id:https://openalex.org/fields/22,1990,1113,"{""2022"": 124}"
MX,Mexico,History,topics.subfield.id:https://openalex.org/subfields/1202,1990,12395,"{""2026"": 761}"
MX,Mexico,Political Science,topics.subfield.id:https://openalex.org/subfields/3320,1990,45184,"{""2026"": 2780}"
MX,Mexico,Law,topics.subfield.id:https://openalex.org/subfields/3308,1990,12644,"{""2025"": 909}"
MX,Mexico,Philosophy,topics.subfield.id:https://openalex.org/subfields/1211,1990,9796,"{""2026"": 585}"
MX,Mexico,Linguistics,topics.subfield.id:https://openalex.org/subfields/1203|https://openalex.org/subfields/3310,1990,9705,"{""2025"": 550}"
MX,Mexico,Anthropology,topics.subfield.id:https://openalex.org/subfields/3314,1990,9640,"{""2026"": 588}"
MX,Mexico,Archaeology,concepts.id:https://openalex.org/C166957645,1990,33578,"{""2021"": 2498}"
MX,Mexico,Evolutionary Biology,topics.subfield.id:https://openalex.org/subfields/1105,1990,29866,"{""2026"": 2282}"
MX,Mexico,Botany,concepts.id:https://openalex.org/C59822182,1990,45834,"{""2023"": 2821}"
MX,Mexico,Tropical,concepts.id:https://openalex.org/C185032368,1990,129,"{""2026"": 28}"
MX,Mexico,Mining,concepts.id:https://openalex.org/C16674752,1990,660,"{""2025"": 66}"
MX,Mexico,Materials Science,topics.field.id:https://openalex.org/fields/25,1990,61757,"{""2025"": 3863}"
MX,Mexico,Computer Science,topics.field.id:https://openalex.org/fields/17,1990,95791,"{""2025"": 6900}"
MX,Mexico,Physics and Astronomy,topics.field.id:https://openalex.org/fields/31,1990,64674,"{""2021"": 2708}"
MX,Mexico,Mathematics,topics.field.id:https://openalex.org/fields/26,1990,23069,"{""2021"": 1380}"
MX,Mexico,Chemistry,topics.field.id:https://openalex.org/fields/16,1990,36332,"{""2025"": 1855}"
MX,Mexico,Engineering,topics.field.id:https://openalex.org/fields/22,1990,156058,"{""2025"": 9637}"
MY,Malaysia,History,topics.subfield.id:https://openalex.org/subfields/1202,1990,466,"{""2026"": 87}"
MY,Malaysia,Political Science,topics.subfield.id:https://openalex.org/subfields/3320,1990,13291,"{""2025"": 1792}"
MY,Malaysia,Law,topics.subfield.id:https://openalex.org/subfields/3308,1990,4389,"{""2025"": 572}"
MY,Malaysia,Philosophy,topics.subfield.id:https://openalex.org/subfields/1211,1990,2526,"{""2025"": 271}"
MY,Malaysia,Linguistics,topics.subfield.id:https://openalex.org/subfields/1203|https://openalex.org/subfields/3310,1990,8604,"{""2025"": 1174}"
MY,Malaysia,Anthropology,topics.subfield.id:https://openalex.org/subfields/3314,1990,1233,"{""2025"": 139}"
MY,Malaysia,Archaeology,concepts.id:https://openalex.org/C166957645,1990,44222,"{""2023"": 5052}"
MY,Malaysia,Evolutionary Biology,topics.subfield.id:https://openalex.org/subfields/1105,1990,6581,"{""2025"": 602}"
MY,Malaysia,Botany,concepts.id:https://openalex.org/C59822182,1990,27673,"{""2023"": 2126}"
MY,Malaysia,Tropical,concepts.id:https://openalex.org/C185032368,1990,187,"{""2026"": 35}"
MY,Malaysia,Mining,concepts.id:https://openalex.org/C16674752,1990,1223,"{""2025"": 152}"
MY,Malaysia,Materials Science,topics.field.id:https://openalex.org/fields/25,1990,80008,"{""2025"": 5995}"
MY,Malaysia,Computer Science,topics.field.id:https://openalex.org/fields/17,1990,132943,"{""2025"": 14424}"
MY,Malaysia,Physics and Astronomy,topics.field.id:https://openalex.org/fields/31,1990,19294,"{""2014"": 1241}"
MY,Malaysia,Mathematics,topics.field.id:https://openalex.org/fields/26,1990,14396,"{""2021"": 1260}"
MY,Malaysia,Chemistry,topics.field.id:https://openalex.org/fields/16,1990,34636,"{""2024"": 2227}"
MY,Malaysia,Engineering,topics.field.id:https://openalex.org/fields/22,1990,255100,"{""2025"": 19898}"
MZ,Mozambique,History,topics.subfield.id:https://openalex.org/subfields/1202,1990,45,"{""2026"": 15}"
MZ,Mozambique,Political Science,topics.subfield.id:https://openalex.org/subfields/3320,1990,519,"{""2026"": 66}"
MZ,Mozambique,Law,topics.subfield.id:https://openalex.org/subfields/3308,1990,103,"{""2025"": 20}"
MZ,Mozambique,Philosophy,topics.subfield.id:https://openalex.org/subfields/1211,1990,155,"{""2021"": 26}"
MZ,Mozambique,Linguistics,topics.subfield.id:https://openalex.org/subfields/1203|https://openalex.org/subfields/3310,1990,235,"{""2021"": 35}"
MZ,Mozambique,Anthropology,topics.subfield.id:https://openalex.org/subfields/3314,1990,361,"{""2026"": 68}"
MZ,Mozambique,Archaeology,concepts.id:https://openalex.org/C166957645,1990,1044,"{""2021"": 138}"
MZ,Mozambique,Evolutionary Biology,topics.subfield.id:https://openalex.org/subfields/1105,1990,539,"{""2025"": 52}"
MZ,Mozambique,Botany,concepts.id:https://openalex.org/C59822182,1990,436,"{""2024"": 42}"
MZ,Mozambique,Tropical,concepts.id:https://openalex.org/C185032368,1990,133,"{""2025"": 21}"
MZ,Mozambique,Mining,concepts.id:https://openalex.org/C16674752,1990,17,"{""2017"": 3}"
MZ,Mozambique,Materials Science,topics.field.id:https://openalex.org/fields/25,1990,130,"{""2025"": 16}"
MZ,Mozambique,Computer Science,topics.field.id:https://openalex.org/fields/17,1990,804,"{""2026"": 85}"
MZ,Mozambique,Physics and Astronomy,topics.field.id:https://openalex.org/fields/31,1990,89,"{""2026"": 10}"
MZ,Mozambique,Mathematics,topics.field.id:https://openalex.org/fields/26,1990,339,"{""2020"": 40}"
MZ,Mozambique,Chemistry,topics.field.id:https://openalex.org/fields/16,1990,141,"{""2018"": 15}"
MZ,Mozambique,Engineering,topics.field.id:https://openalex.org/fields/22,1990,897,"{""2025"": 100}"
NC,New Caledonia,History,topics.subfield.id:https://openalex.org/subfields/1202,1990,74,"{""2024"": 9}"
NC,New Caledonia,Political Science,topics.subfield.id:https://openalex.org/subfields/3320,1990,420,"{""2018"": 39}"
NC,New Caledonia,Law,topics.subfield.id:https://openalex.org/subfields/3308,1990,211,"{""2018"": 18}"
NC,New Caledonia,Philosophy,topics.subfield.id:https://openalex.org/subfields/1211,1990,122,"{""2019"": 22}"
NC,New Caledonia,Linguistics,topics.subfield.id:https://openalex.org/subfields/1203|https://openalex.org/subfields/3310,1990,266,"{""2018"": 31}"
NC,New Caledonia,Anthropology,topics.subfield.id:https://openalex.org/subfields/3314,1990,196,"{""2024"": 21}"
NC,New Caledonia,Archaeology,concepts.id:https://openalex.org/C166957645,1990,585,"{""2023"": 60}"
NC,New Caledonia,Evolutionary Biology,topics.subfield.id:https://openalex.org/subfields/1105,1990,595,"{""2017"": 51}"
NC,New Caledonia,Botany,concepts.id:https://openalex.org/C59822182,1990,601,"{""2023"": 39}"
NC,New Caledonia,Tropical,concepts.id:https://openalex.org/C185032368,1990,6,"{""2015"": 2}"
NC,New Caledonia,Mining,concepts.id:https://openalex.org/C16674752,1990,17,"{""2019"": 3}"
NC,New Caledonia,Materials Science,topics.field.id:https://openalex.org/fields/25,1990,104,"{""2025"": 17}"
NC,New Caledonia,Computer Science,topics.field.id:https://openalex.org/fields/17,1990,285,"{""2020"": 26}"
NC,New Caledonia,Physics and Astronomy,topics.field.id:https://openalex.org/fields/31,1990,78,"{""2024"": 12}"
NC,New Caledonia,Mathematics,topics.field.id:https://openalex.org/fields/26,1990,122,"{""2017"": 12}"
NC,New Caledonia,Chemistry,topics.field.id:https://openalex.org/fields/16,1990,83,"{""2020"": 9}"
NC,New Caledonia,Engineering,topics.field.id:https://openalex.org/fields/22,1990,322,"{""2020"": 31}"
NE,Niger,History,topics.subfield.id:https://openalex.org/subfields/1202,1990,13,"{""2001"": 2}"
NE,Niger,Political Science,topics.subfield.id:https://openalex.org/subfields/3320,1990,175,"{""2026"": 20}"
NE,Niger,Law,topics.subfield.id:https://openalex.org/subfields/3308,1990,10,"{""2026"": 3}"
NE,Niger,Philosophy,topics.subfield.id:https://openalex.org/subfields/1211,1990,32,"{""2018"": 5}"
NE,Niger,Linguistics,topics.subfield.id:https://openalex.org/subfields/1203|https://openalex.org/subfields/3310,1990,106,"{""2022"": 21}"
NE,Niger,Anthropology,topics.subfield.id:https://openalex.org/subfields/3314,1990,148,"{""2026"": 20}"
NE,Niger,Archaeology,concepts.id:https://openalex.org/C166957645,1990,647,"{""2023"": 83}"
NE,Niger,Evolutionary Biology,topics.subfield.id:https://openalex.org/subfields/1105,1990,1129,"{""2025"": 130}"
NE,Niger,Botany,concepts.id:https://openalex.org/C59822182,1990,428,"{""2025"": 41}"
NE,Niger,Tropical,concepts.id:https://openalex.org/C185032368,1990,69,"{""2025"": 21}"
NE,Niger,Mining,concepts.id:https://openalex.org/C16674752,1990,38,"{""2024"": 8}"
NE,Niger,Materials Science,topics.field.id:https://openalex.org/fields/25,1990,166,"{""2026"": 26}"
NE,Niger,Computer Science,topics.field.id:https://openalex.org/fields/17,1990,426,"{""2026"": 53}"
NE,Niger,Physics and Astronomy,topics.field.id:https://openalex.org/fields/31,1990,94,"{""2025"": 15}"
NE,Niger,Mathematics,topics.field.id:https://openalex.org/fields/26,1990,171,"{""2024"": 19}"
NE,Niger,Chemistry,topics.field.id:https://openalex.org/fields/16,1990,103,"{""2024"": 13}"
NE,Niger,Engineering,topics.field.id:https://openalex.org/fields/22,1990,714,"{""2025"": 100}"
NF,Norfolk Island,History,topics.subfield.id:https://openalex.org/subfields/1202,1990,0,{}
NF,Norfolk Island,Political Science,topics.subfield.id:https://openalex.org/subfields/3320,1990,0,{}
NF,Norfolk Island,Law,topics.subfield.id:https://openalex.org/subfields/3308,1990,0,{}
NF,Norfolk Island,Philosophy,topics.subfield.id:https://openalex.org/subfields/1211,1990,0,{}
NF,Norfolk Island,Linguistics,topics.subfield.id:https://openalex.org/subfields/1203|https://openalex.org/subfields/3310,1990,0,{}
NF,Norfolk Island,Anthropology,topics.subfield.id:https://openalex.org/subfields/3314,1990,0,{}
NF,Norfolk Island,Archaeology,concepts.id:https://openalex.org/C166957645,1990,0,{}
NF,Norfolk Island,Evolutionary Biology,topics.subfield.id:https://openalex.org/subfields/1105,1990,0,{}
NF,Norfolk Island,Botany,concepts.id:https://openalex.org/C59822182,1990,0,{}
NF,Norfolk Island,Tropical,concepts.id:https://openalex.org/C185032368,1990,0,{}
NF,Norfolk Island,Mining,concepts.id:https://openalex.org/C16674752,1990,0,{}
NF,Norfolk Island,Materials Science,topics.field.id:https://openalex.org/fields/25,1990,0,{}
NF,Norfolk Island,Computer Science,topics.field.id:https://openalex.org/fields/17,1990,0,{}
NF,Norfolk Island,Physics and Astronomy,topics.field.id:https://openalex.org/fields/31,1990,0,{}
NF,Norfolk Island,Mathematics,topics.field.id:https://openalex.org/fields/26,1990,0,{}
NF,Norfolk Island,Chemistry,topics.field.id:https://openalex.org/fields/16,1990,0,{}
NF,Norfolk Island,Engineering,topics.field.id:https://openalex.org/fields/22,1990,0,{}
NG,Nigeria,History,topics.subfield.id:https://openalex.org/subfields/1202,1990,1262,"{""2026"": 408}"
NG,Nigeria,Political Science,topics.subfield.id:https://openalex.org/subfields/3320,1990,13365,"{""2026"": 3045}"
NG,Nigeria,Law,topics.subfield.id:https://openalex.org/subfields/3308,1990,3105,"{""2026"": 522}"
NG,Nigeria,Philosophy,topics.subfield.id:https://openalex.org/subfields/1211,1990,2619,"{""2026"": 343}"
NG,Nigeria,Linguistics,topics.subfield.id:https://openalex.org/subfields/1203|https://openalex.org/subfields/3310,1990,4267,"{""2026"": 642}"
NG,Nigeria,Anthropology,topics.subfield.id:https://openalex.org/subfields/3314,1990,4122,"{""2026"": 747}"
NG,Nigeria,Archaeology,concepts.id:https://openalex.org/C166957645,1990,34615,"{""2023"": 3596}"
NG,Nigeria,Evolutionary Biology,topics.subfield.id:https://openalex.org/subfields/1105,1990,9621,"{""2026"": 975}"
NG,Nigeria,Botany,concepts.id:https://openalex.org/C59822182,1990,29985,"{""2024"": 2484}"
NG,Nigeria,Tropical,concepts.id:https://openalex.org/C185032368,1990,683,"{""2026"": 189}"
NG,Nigeria,Mining,concepts.id:https://openalex.org/C16674752,1990,2272,"{""2025"": 311}"
NG,Nigeria,Materials Science,topics.field.id:https://openalex.org/fields/25,1990,23513,"{""2025"": 2815}"
NG,Nigeria,Computer Science,topics.field.id:https://openalex.org/fields/17,1990,54408,"{""2026"": 9955}"
NG,Nigeria,Physics and Astronomy,topics.field.id:https://openalex.org/fields/31,1990,6742,"{""2026"": 697}"
NG,Nigeria,Mathematics,topics.field.id:https://openalex.org/fields/26,1990,13618,"{""2021"": 1532}"
NG,Nigeria,Chemistry,topics.field.id:https://openalex.org/fields/16,1990,15481,"{""2025"": 1618}"
NG,Nigeria,Engineering,topics.field.id:https://openalex.org/fields/22,1990,86792,"{""2025"": 9894}"
NI,Nicaragua,History,topics.subfield.id:https://openalex.org/subfields/1202,1990,196,"{""2017"": 22}"
NI,Nicaragua,Political Science,topics.subfield.id:https://openalex.org/subfields/3320,1990,788,"{""2017"": 93}"
NI,Nicaragua,Law,topics.subfield.id:https://openalex.org/subfields/3308,1990,406,"{""2017"": 44}"
NI,Nicaragua,Philosophy,topics.subfield.id:https://openalex.org/subfields/1211,1990,70,"{""2014"": 8}"
NI,Nicaragua,Linguistics,topics.subfield.id:https://openalex.org/subfields/1203|https://openalex.org/subfields/3310,1990,147,"{""2016"": 17}"
NI,Nicaragua,Anthropology,topics.subfield.id:https://openalex.org/subfields/3314,1990,159,"{""2019"": 22}"
NI,Nicaragua,Archaeology,concepts.id:https://openalex.org/C166957645,1990,395,"{""2016"": 32}"
NI,Nicaragua,Evolutionary Biology,topics.subfield.id:https://openalex.org/subfields/1105,1990,369,"{""2026"": 34}"
NI,Nicaragua,Botany,concepts.id:https://openalex.org/C59822182,1990,284,"{""2023"": 24}"
NI,Nicaragua,Tropical,concepts.id:https://openalex.org/C185032368,1990,6,"{""2005"": 1}"
NI,Nicaragua,Mining,concepts.id:https://openalex.org/C16674752,1990,5,"{""2026"": 2}"
NI,Nicaragua,Materials Science,topics.field.id:https://openalex.org/fields/25,1990,157,"{""2019"": 18}"
NI,Nicaragua,Computer Science,topics.field.id:https://openalex.org/fields/17,1990,1190,"{""2025"": 146}"
NI,Nicaragua,Physics and Astronomy,topics.field.id:https://openalex.org/fields/31,1990,98,"{""2026"": 18}"
NI,Nicaragua,Mathematics,topics.field.id:https://openalex.org/fields/26,1990,126,"{""2026"": 19}"
NI,Nicaragua,Chemistry,topics.field.id:https://openalex.org/fields/16,1990,112,"{""2025"": 15}"
NI,Nicaragua,Engineering,topics.field.id:https://openalex.org/fields/22,1990,773,"{""2026"": 77}"
NL,Netherlands,History,topics.subfield.id:https://openalex.org/subfields/1202,1990,13970,"{""2023"": 828}"
NL,Netherlands,Political Science,topics.subfield.id:https://openalex.org/subfields/3320,1990,56763,"{""2020"": 3317}"
NL,Netherlands,Law,topics.subfield.id:https://openalex.org/subfields/3308,1990,17419,"{""2020"": 1049}"
NL,Netherlands,Philosophy,topics.subfield.id:https://openalex.org/subfields/1211,1990,19067,"{""2023"": 1074}"
NL,Netherlands,Linguistics,topics.subfield.id:https://openalex.org/subfields/1203|https://openalex.org/subfields/3310,1990,17276,"{""2019"": 777}"
NL,Netherlands,Anthropology,topics.subfield.id:https://openalex.org/subfields/3314,1990,11191,"{""2021"": 621}"
NL,Netherlands,Archaeology,concepts.id:https://openalex.org/C166957645,1990,79465,"{""2023"": 5470}"
NL,Netherlands,Evolutionary Biology,topics.subfield.id:https://openalex.org/subfields/1105,1990,28859,"{""2025"": 2425}"
NL,Netherlands,Botany,concepts.id:https://openalex.org/C59822182,1990,45456,"{""2020"": 1996}"
NL,Netherlands,Tropical,concepts.id:https://openalex.org/C185032368,1990,521,"{""2025"": 46}"
NL,Netherlands,Mining,concepts.id:https://openalex.org/C16674752,1990,937,"{""2026"": 85}"
NL,Netherlands,Materials Science,topics.field.id:https://openalex.org/fields/25,1990,98183,"{""2020"": 3753}"
NL,Netherlands,Computer Science,topics.field.id:https://openalex.org/fields/17,1990,189006,"{""2025"": 10386}"
NL,Netherlands,Physics and Astronomy,topics.field.id:https://openalex.org/fields/31,1990,149975,"{""2021"": 6250}"
NL,Netherlands,Mathematics,topics.field.id:https://openalex.org/fields/26,1990,41553,"{""2021"": 2111}"
NL,Netherlands,Chemistry,topics.field.id:https://openalex.org/fields/16,1990,68707,"{""2016"": 2633}"
NL,Netherlands,Engineering,topics.field.id:https://openalex.org/fields/22,1990,334438,"{""2025"": 16466}"
NO,Norway,History,topics.subfield.id:https://openalex.org/subfields/1202,1990,3993,"{""2020"": 293}"
NO,Norway,Political Science,topics.subfield.id:https://openalex.org/subfields/3320,1990,20932,"{""2020"": 1409}"
NO,Norway,Law,topics.subfield.id:https://openalex.org/subfields/3308,1990,2316,"{""2024"": 181}"
NO,Norway,Philosophy,topics.subfield.id:https://openalex.org/subfields/1211,1990,6334,"{""2019"": 417}"
NO,Norway,Linguistics,topics.subfield.id:https://openalex.org/subfields/1203|https://openalex.org/subfields/3310,1990,6698,"{""2021"": 472}"
NO,Norway,Anthropology,topics.subfield.id:https://openalex.org/subfields/3314,1990,4185,"{""2021"": 278}"
NO,Norway,Archaeology,concepts.id:https://openalex.org/C166957645,1990,30196,"{""2023"": 2471}"
NO,Norway,Evolutionary Biology,topics.subfield.id:https://openalex.org/subfields/1105,1990,10422,"{""2026"": 776}"
NO,Norway,Botany,concepts.id:https://openalex.org/C59822182,1990,13591,"{""2022"": 807}"
NO,Norway,Tropical,concepts.id:https://openalex.org/C185032368,1990,166,"{""2025"": 20}"
NO,Norway,Mining,concepts.id:https://openalex.org/C16674752,1990,1089,"{""2026"": 82}"
NO,Norway,Materials Science,topics.field.id:https://openalex.org/fields/25,1990,27043,"{""2020"": 1508}"
NO,Norway,Computer Science,topics.field.id:https://openalex.org/fields/17,1990,63663,"{""2023"": 4289}"
NO,Norway,Physics and Astronomy,topics.field.id:https://openalex.org/fields/31,1990,32836,"{""2024"": 1831}"
NO,Norway,Mathematics,topics.field.id:https://openalex.org/fields/26,1990,14194,"{""2021"": 835}"
NO,Norway,Chemistry,topics.field.id:https://openalex.org/fields/16,1990,17282,"{""2023"": 1346}"
NO,Norway,Engineering,topics.field.id:https://openalex.org/fields/22,1990,131308,"{""2023"": 8534}"
NR,Nauru,History,topics.subfield.id:https://openalex.org/subfields/1202,1990,0,{}
NR,Nauru,Political Science,topics.subfield.id:https://openalex.org/subfields/3320,1990,0,{}
NR,Nauru,Law,topics.subfield.id:https://openalex.org/subfields/3308,1990,0,{}
NR,Nauru,Philosophy,topics.subfield.id:https://openalex.org/subfields/1211,1990,0,{}
NR,Nauru,Linguistics,topics.subfield.id:https://openalex.org/subfields/1203|https://openalex.org/subfields/3310,1990,0,{}
NR,Nauru,Anthropology,topics.subfield.id:https://openalex.org/subfields/3314,1990,0,{}
NR,Nauru,Archaeology,concepts.id:https://openalex.org/C166957645,1990,0,{}
NR,Nauru,Evolutionary Biology,topics.subfield.id:https://openalex.org/subfields/1105,1990,0,{}
NR,Nauru,Botany,concepts.id:https://openalex.org/C59822182,1990,0,{}
NR,Nauru,Tropical,concepts.id:https://openalex.org/C185032368,1990,0,{}
NR,Nauru,Mining,concepts.id:https://openalex.org/C16674752,1990,0,{}
NR,Nauru,Materials Science,topics.field.id:https://openalex.org/fields/25,1990,0,{}
NR,Nauru,Computer Science,topics.field.id:https://openalex.org/fields/17,1990,0,{}
NR,Nauru,Physics and Astronomy,topics.field.id:https://openalex.org/fields/31,1990,0,{}
NR,Nauru,Mathematics,topics.field.id:https://openalex.org/fields/26,1990,0,{}
NR,Nauru,Chemistry,topics.field.id:https://openalex.org/fields/16,1990,0,{}
NR,Nauru,Engineering,topics.field.id:https://openalex.org/fields/22,1990,0,{}
NU,Niue,History,topics.subfield.id:https://openalex.org/subfields/1202,1990,0,{}
NU,Niue,Political Science,topics.subfield.id:https://openalex.org/subfields/3320,1990,43,"{""2026"": 34}"
NU,Niue,Law,topics.subfield.id:https://openalex.org/subfields/3308,1990,23,"{""2026"": 20}"
NU,Niue,Philosophy,topics.subfield.id:https://openalex.org/subfields/1211,1990,0,{}
NU,Niue,Linguistics,topics.subfield.id:https://openalex.org/subfields/1203|https://openalex.org/subfields/3310,1990,0,{}
NU,Niue,Anthropology,topics.subfield.id:https://openalex.org/subfields/3314,1990,0,{}
NU,Niue,Archaeology,concepts.id:https://openalex.org/C166957645,1990,1,"{""2023"": 1}"
NU,Niue,Evolutionary Biology,topics.subfield.id:https://openalex.org/subfields/1105,1990,0,{}
NU,Niue,Botany,concepts.id:https://openalex.org/C59822182,1990,0,{}
NU,Niue,Tropical,concepts.id:https://openalex.org/C185032368,1990,0,{}
NU,Niue,Mining,concepts.id:https://openalex.org/C16674752,1990,0,{}
NU,Niue,Materials Science,topics.field.id:https://openalex.org/fields/25,1990,0,{}
NU,Niue,Computer Science,topics.field.id:https://openalex.org/fields/17,1990,31,"{""2026"": 26}"
NU,Niue,Physics and Astronomy,topics.field.id:https://openalex.org/fields/31,1990,2,"{""2026"": 2}"
NU,Niue,Mathematics,topics.field.id:https://openalex.org/fields/26,1990,0,{}
NU,Niue,Chemistry,topics.field.id:https://openalex.org/fields/16,1990,0,{}
NU,Niue,Engineering,topics.field.id:https://openalex.org/fields/22,1990,2,"{""2026"": 2}"
NZ,New Zealand,History,topics.subfield.id:https://openalex.org/subfields/1202,1990,2818,"{""2017"": 159}"
NZ,New Zealand,Political Science,topics.subfield.id:https://openalex.org/subfields/3320,1990,11288,"{""2017"": 634}"
NZ,New Zealand,Law,topics.subfield.id:https://openalex.org/subfields/3308,1990,3271,"{""2019"": 213}"
NZ,New Zealand,Philosophy,topics.subfield.id:https://openalex.org/subfields/1211,1990,4343,"{""2017"": 295}"
NZ,New Zealand,Linguistics,topics.subfield.id:https://openalex.org/subfields/1203|https://openalex.org/subfields/3310,1990,5227,"{""2020"": 306}"
NZ,New Zealand,Anthropology,topics.subfield.id:https://openalex.org/subfields/3314,1990,3609,"{""2020"": 194}"
NZ,New Zealand,Archaeology,concepts.id:https://openalex.org/C166957645,1990,29114,"{""2021"": 1911}"
NZ,New Zealand,Evolutionary Biology,topics.subfield.id:https://openalex.org/subfields/1105,1990,13715,"{""2021"": 659}"
NZ,New Zealand,Botany,concepts.id:https://openalex.org/C59822182,1990,18809,"{""2018"": 843}"
NZ,New Zealand,Tropical,concepts.id:https://openalex.org/C185032368,1990,40,"{""2014"": 7}"
NZ,New Zealand,Mining,concepts.id:https://openalex.org/C16674752,1990,325,"{""2025"": 27}"
NZ,New Zealand,Materials Science,topics.field.id:https://openalex.org/fields/25,1990,16178,"{""2020"": 757}"
NZ,New Zealand,Computer Science,topics.field.id:https://openalex.org/fields/17,1990,44541,"{""2020"": 2412}"
NZ,New Zealand,Physics and Astronomy,topics.field.id:https://openalex.org/fields/31,1990,16444,"{""2020"": 734}"
NZ,New Zealand,Mathematics,topics.field.id:https://openalex.org/fields/26,1990,9983,"{""2021"": 476}"
NZ,New Zealand,Chemistry,topics.field.id:https://openalex.org/fields/16,1990,13420,"{""2016"": 686}"
NZ,New Zealand,Engineering,topics.field.id:https://openalex.org/fields/22,1990,63520,"{""2025"": 3494}"
PA,Panama,History,topics.subfield.id:https://openalex.org/subfields/1202,1990,259,"{""2025"": 27}"
PA,Panama,Political Science,topics.subfield.id:https://openalex.org/subfields/3320,1990,783,"{""2025"": 151}"
PA,Panama,Law,topics.subfield.id:https://openalex.org/subfields/3308,1990,533,"{""2025"": 94}"
PA,Panama,Philosophy,topics.subfield.id:https://openalex.org/subfields/1211,1990,100,"{""2024"": 12}"
PA,Panama,Linguistics,topics.subfield.id:https://openalex.org/subfields/1203|https://openalex.org/subfields/3310,1990,147,"{""2025"": 31}"
PA,Panama,Anthropology,topics.subfield.id:https://openalex.org/subfields/3314,1990,218,"{""2025"": 24}"
PA,Panama,Archaeology,concepts.id:https://openalex.org/C166957645,1990,1205,"{""2026"": 116}"
PA,Panama,Evolutionary Biology,topics.subfield.id:https://openalex.org/subfields/1105,1990,4628,"{""2020"": 267}"
PA,Panama,Botany,concepts.id:https://openalex.org/C59822182,1990,2271,"{""2024"": 132}"
PA,Panama,Tropical,concepts.id:https://openalex.org/C185032368,1990,13,"{""2026"": 3}"
PA,Panama,Mining,concepts.id:https://openalex.org/C16674752,1990,19,"{""2021"": 3}"
PA,Panama,Materials Science,topics.field.id:https://openalex.org/fields/25,1990,429,"{""2026"": 73}"
PA,Panama,Computer Science,topics.field.id:https://openalex.org/fields/17,1990,2953,"{""2026"": 578}"
PA,Panama,Physics and Astronomy,topics.field.id:https://openalex.org/fields/31,1990,230,"{""2024"": 25}"
PA,Panama,Mathematics,topics.field.id:https://openalex.org/fields/26,1990,187,"{""2026"": 32}"
PA,Panama,Chemistry,topics.field.id:https://openalex.org/fields/16,1990,293,"{""2026"": 31}"
PA,Panama,Engineering,topics.field.id:https://openalex.org/fields/22,1990,2148,"{""2026"": 223}"
PE,Peru,History,topics.subfield.id:https://openalex.org/subfields/1202,1990,2166,"{""2026"": 176}"
PE,Peru,Political Science,topics.subfield.id:https://openalex.org/subfields/3320,1990,13460,"{""2025"": 1086}"
PE,Peru,Law,topics.subfield.id:https://openalex.org/subfields/3308,1990,9436,"{""2023"": 851}"
PE,Peru,Philosophy,topics.subfield.id:https://openalex.org/subfields/1211,1990,2140,"{""2018"": 145}"
PE,Peru,Linguistics,topics.subfield.id:https://openalex.org/subfields/1203|https://openalex.org/subfields/3310,1990,2573,"{""2021"": 226}"
PE,Peru,Anthropology,topics.subfield.id:https://openalex.org/subfields/3314,1990,2238,"{""2019"": 172}"
PE,Peru,Archaeology,concepts.id:https://openalex.org/C166957645,1990,7953,"{""2023"": 926}"
PE,Peru,Evolutionary Biology,topics.subfield.id:https://openalex.org/subfields/1105,1990,5402,"{""2026"": 751}"
PE,Peru,Botany,concepts.id:https://openalex.org/C59822182,1990,6707,"{""2025"": 606}"
PE,Peru,Tropical,concepts.id:https://openalex.org/C185032368,1990,144,"{""2026"": 28}"
PE,Peru,Mining,concepts.id:https://openalex.org/C16674752,1990,247,"{""2024"": 40}"
PE,Peru,Materials Science,topics.field.id:https://openalex.org/fields/25,1990,3372,"{""2026"": 474}"
PE,Peru,Computer Science,topics.field.id:https://openalex.org/fields/17,1990,22080,"{""2023"": 2818}"
PE,Peru,Physics and Astronomy,topics.field.id:https://openalex.org/fields/31,1990,2826,"{""2025"": 277}"
PE,Peru,Mathematics,topics.field.id:https://openalex.org/fields/26,1990,2354,"{""2026"": 260}"
PE,Peru,Chemistry,topics.field.id:https://openalex.org/fields/16,1990,2324,"{""2025"": 228}"
PE,Peru,Engineering,topics.field.id:https://openalex.org/fields/22,1990,16646,"{""2025"": 2188}"
PF,French Polynesia,History,topics.subfield.id:https://openalex.org/subfields/1202,1990,82,"{""2015"": 11}"
PF,French Polynesia,Political Science,topics.subfield.id:https://openalex.org/subfields/3320,1990,222,"{""2018"": 24}"
PF,French Polynesia,Law,topics.subfield.id:https://openalex.org/subfields/3308,1990,60,"{""2018"": 6}"
PF,French Polynesia,Philosophy,topics.subfield.id:https://openalex.org/subfields/1211,1990,46,"{""2019"": 12}"
PF,French Polynesia,Linguistics,topics.subfield.id:https://openalex.org/subfields/1203|https://openalex.org/subfields/3310,1990,147,"{""2019"": 19}"
PF,French Polynesia,Anthropology,topics.subfield.id:https://openalex.org/subfields/3314,1990,116,"{""2019"": 14}"
PF,French Polynesia,Archaeology,concepts.id:https://openalex.org/C166957645,1990,467,"{""2019"": 59}"
PF,French Polynesia,Evolutionary Biology,topics.subfield.id:https://openalex.org/subfields/1105,1990,371,"{""2018"": 37}"
PF,French Polynesia,Botany,concepts.id:https://openalex.org/C59822182,1990,343,"{""2018"": 30}"
PF,French Polynesia,Tropical,concepts.id:https://openalex.org/C185032368,1990,1,"{""2015"": 1}"
PF,French Polynesia,Mining,concepts.id:https://openalex.org/C16674752,1990,3,"{""1990"": 1}"
PF,French Polynesia,Materials Science,topics.field.id:https://openalex.org/fields/25,1990,166,"{""2019"": 20}"
PF,French Polynesia,Computer Science,topics.field.id:https://openalex.org/fields/17,1990,266,"{""2023"": 21}"
PF,French Polynesia,Physics and Astronomy,topics.field.id:https://openalex.org/fields/31,1990,145,"{""2021"": 16}"
PF,French Polynesia,Mathematics,topics.field.id:https://openalex.org/fields/26,1990,171,"{""2019"": 14}"
PF,French Polynesia,Chemistry,topics.field.id:https://openalex.org/fields/16,1990,79,"{""2018"": 11}"
PF,French Polynesia,Engineering,topics.field.id:https://openalex.org/fields/22,1990,340,"{""2018"": 32}"
PG,Papua New Guinea,History,topics.subfield.id:https://openalex.org/subfields/1202,1990,15,"{""2018"": 3}"
PG,Papua New Guinea,Political Science,topics.subfield.id:https://openalex.org/subfields/3320,1990,99,"{""2015"": 7}"
PG,Papua New Guinea,Law,topics.subfield.id:https://openalex.org/subfields/3308,1990,18,"{""2025"": 4}"
PG,Papua New Guinea,Philosophy,topics.subfield.id:https://openalex.org/subfields/1211,1990,26,"{""1992"": 3}"
PG,Papua New Guinea,Linguistics,topics.subfield.id:https://openalex.org/subfields/1203|https://openalex.org/subfields/3310,1990,27,"{""1990"": 3}"
PG,Papua New Guinea,Anthropology,topics.subfield.id:https://openalex.org/subfields/3314,1990,100,"{""2018"": 13}"
PG,Papua New Guinea,Archaeology,concepts.id:https://openalex.org/C166957645,1990,490,"{""2023"": 41}"
PG,Papua New Guinea,Evolutionary Biology,topics.subfield.id:https://openalex.org/subfields/1105,1990,264,"{""2022"": 22}"
PG,Papua New Guinea,Botany,concepts.id:https://openalex.org/C59822182,1990,383,"{""2025"": 29}"
PG,Papua New Guinea,Tropical,concepts.id:https://openalex.org/C185032368,1990,71,"{""2012"": 9}"
PG,Papua New Guinea,Mining,concepts.id:https://openalex.org/C16674752,1990,13,"{""2025"": 3}"
PG,Papua New Guinea,Materials Science,topics.field.id:https://openalex.org/fields/25,1990,148,"{""2024"": 34}"
PG,Papua New Guinea,Computer Science,topics.field.id:https://openalex.org/fields/17,1990,383,"{""2025"": 50}"
PG,Papua New Guinea,Physics and Astronomy,topics.field.id:https://openalex.org/fields/31,1990,88,"{""2024"": 14}"
PG,Papua New Guinea,Mathematics,topics.field.id:https://openalex.org/fields/26,1990,79,"{""2023"": 8}"
PG,Papua New Guinea,Chemistry,topics.field.id:https://openalex.org/fields/16,1990,104,"{""2025"": 13}"
PG,Papua New Guinea,Engineering,topics.field.id:https://openalex.org/fields/22,1990,616,"{""2024"": 90}"
PH,Philippines,History,topics.subfield.id:https://openalex.org/subfields/1202,1990,1492,"{""2026"": 391}"
PH,Philippines,Political Science,topics.subfield.id:https://openalex.org/subfields/3320,1990,7541,"{""2026"": 1419}"
PH,Philippines,Law,topics.subfield.id:https://openalex.org/subfields/3308,1990,1392,"{""2025"": 203}"
PH,Philippines,Philosophy,topics.subfield.id:https://openalex.org/subfields/1211,1990,2740,"{""2026"": 357}"
PH,Philippines,Linguistics,topics.subfield.id:https://openalex.org/subfields/1203|https://openalex.org/subfields/3310,1990,4740,"{""2026"": 1121}"
PH,Philippines,Anthropology,topics.subfield.id:https://openalex.org/subfields/3314,1990,5041,"{""2026"": 1048}"
PH,Philippines,Archaeology,concepts.id:https://openalex.org/C166957645,1990,14985,"{""2023"": 1807}"
PH,Philippines,Evolutionary Biology,topics.subfield.id:https://openalex.org/subfields/1105,1990,6042,"{""2026"": 2122}"
PH,Philippines,Botany,concepts.id:https://openalex.org/C59822182,1990,9081,"{""2026"": 954}"
PH,Philippines,Tropical,concepts.id:https://openalex.org/C185032368,1990,102,"{""2025"": 13}"
PH,Philippines,Mining,concepts.id:https://openalex.org/C16674752,1990,196,"{""2026"": 35}"
PH,Philippines,Materials Science,topics.field.id:https://openalex.org/fields/25,1990,8189,"{""2026"": 1215}"
PH,Philippines,Computer Science,topics.field.id:https://openalex.org/fields/17,1990,31540,"{""2026"": 5370}"
PH,Philippines,Physics and Astronomy,topics.field.id:https://openalex.org/fields/31,1990,4956,"{""2026"": 618}"
PH,Philippines,Mathematics,topics.field.id:https://openalex.org/fields/26,1990,5900,"{""2026"": 1222}"
PH,Philippines,Chemistry,topics.field.id:https://openalex.org/fields/16,1990,4660,"{""2025"": 552}"
PH,Philippines,Engineering,topics.field.id:https://openalex.org/fields/22,1990,29964,"{""2025"": 3703}"
PM,St. Pierre & Miquelon,History,topics.subfield.id:https://openalex.org/subfields/1202,1990,0,{}
PM,St. Pierre & Miquelon,Political Science,topics.subfield.id:https://openalex.org/subfields/3320,1990,0,{}
PM,St. Pierre & Miquelon,Law,topics.subfield.id:https://openalex.org/subfields/3308,1990,0,{}
PM,St. Pierre & Miquelon,Philosophy,topics.subfield.id:https://openalex.org/subfields/1211,1990,0,{}
PM,St. Pierre & Miquelon,Linguistics,topics.subfield.id:https://openalex.org/subfields/1203|https://openalex.org/subfields/3310,1990,0,{}
PM,St. Pierre & Miquelon,Anthropology,topics.subfield.id:https://openalex.org/subfields/3314,1990,0,{}
PM,St. Pierre & Miquelon,Archaeology,concepts.id:https://openalex.org/C166957645,1990,0,{}
PM,St. Pierre & Miquelon,Evolutionary Biology,topics.subfield.id:https://openalex.org/subfields/1105,1990,0,{}
PM,St. Pierre & Miquelon,Botany,concepts.id:https://openalex.org/C59822182,1990,0,{}
PM,St. Pierre & Miquelon,Tropical,concepts.id:https://openalex.org/C185032368,1990,0,{}
PM,St. Pierre & Miquelon,Mining,concepts.id:https://openalex.org/C16674752,1990,0,{}
PM,St. Pierre & Miquelon,Materials Science,topics.field.id:https://openalex.org/fields/25,1990,0,{}
PM,St. Pierre & Miquelon,Computer Science,topics.field.id:https://openalex.org/fields/17,1990,0,{}
PM,St. Pierre & Miquelon,Physics and Astronomy,topics.field.id:https://openalex.org/fields/31,1990,0,{}
PM,St. Pierre & Miquelon,Mathematics,topics.field.id:https://openalex.org/fields/26,1990,0,{}
PM,St. Pierre & Miquelon,Chemistry,topics.field.id:https://openalex.org/fields/16,1990,0,{}
PM,St. Pierre & Miquelon,Engineering,topics.field.id:https://openalex.org/fields/22,1990,0,{}
PN,Pitcairn,History,topics.subfield.id:https://openalex.org/subfields/1202,1990,0,{}
PN,Pitcairn,Political Science,topics.subfield.id:https://openalex.org/subfields/3320,1990,0,{}
PN,Pitcairn,Law,topics.subfield.id:https://openalex.org/subfields/3308,1990,0,{}
PN,Pitcairn,Philosophy,topics.subfield.id:https://openalex.org/subfields/1211,1990,0,{}
PN,Pitcairn,Linguistics,topics.subfield.id:https://openalex.org/subfields/1203|https://openalex.org/subfields/3310,1990,0,{}
PN,Pitcairn,Anthropology,topics.subfield.id:https://openalex.org/subfields/3314,1990,1,"{""2023"": 1}"
PN,Pitcairn,Archaeology,concepts.id:https://openalex.org/C166957645,1990,1,"{""2023"": 1}"
PN,Pitcairn,Evolutionary Biology,topics.subfield.id:https://openalex.org/subfields/1105,1990,0,{}
PN,Pitcairn,Botany,concepts.id:https://openalex.org/C59822182,1990,0,{}
PN,Pitcairn,Tropical,concepts.id:https://openalex.org/C185032368,1990,0,{}
PN,Pitcairn,Mining,concepts.id:https://openalex.org/C16674752,1990,0,{}
PN,Pitcairn,Materials Science,topics.field.id:https://openalex.org/fields/25,1990,0,{}
PN,Pitcairn,Computer Science,topics.field.id:https://openalex.org/fields/17,1990,0,{}
PN,Pitcairn,Physics and Astronomy,topics.field.id:https://openalex.org/fields/31,1990,0,{}
PN,Pitcairn,Mathematics,topics.field.id:https://openalex.org/fields/26,1990,0,{}
PN,Pitcairn,Chemistry,topics.field.id:https://openalex.org/fields/16,1990,0,{}
PN,Pitcairn,Engineering,topics.field.id:https://openalex.org/fields/22,1990,0,{}
PR,Puerto Rico,History,topics.subfield.id:https://openalex.org/subfields/1202,1990,400,"{""2021"": 35}"
PR,Puerto Rico,Political Science,topics.subfield.id:https://openalex.org/subfields/3320,1990,680,"{""2025"": 44}"
PR,Puerto Rico,Law,topics.subfield.id:https://openalex.org/subfields/3308,1990,313,"{""2018"": 27}"
PR,Puerto Rico,Philosophy,topics.subfield.id:https://openalex.org/subfields/1211,1990,552,"{""2016"": 30}"
PR,Puerto Rico,Linguistics,topics.subfield.id:https://openalex.org/subfields/1203|https://openalex.org/subfields/3310,1990,391,"{""2017"": 24}"
PR,Puerto Rico,Anthropology,topics.subfield.id:https://openalex.org/subfields/3314,1990,298,"{""2025"": 26}"
PR,Puerto Rico,Archaeology,concepts.id:https://openalex.org/C166957645,1990,1604,"{""2020"": 111}"
PR,Puerto Rico,Evolutionary Biology,topics.subfield.id:https://openalex.org/subfields/1105,1990,1664,"{""2022"": 139}"
PR,Puerto Rico,Botany,concepts.id:https://openalex.org/C59822182,1990,1454,"{""2020"": 92}"
PR,Puerto Rico,Tropical,concepts.id:https://openalex.org/C185032368,1990,10,"{""2016"": 4}"
PR,Puerto Rico,Mining,concepts.id:https://openalex.org/C16674752,1990,16,"{""2024"": 4}"
PR,Puerto Rico,Materials Science,topics.field.id:https://openalex.org/fields/25,1990,4216,"{""2012"": 212}"
PR,Puerto Rico,Computer Science,topics.field.id:https://openalex.org/fields/17,1990,2794,"{""2025"": 170}"
PR,Puerto Rico,Physics and Astronomy,topics.field.id:https://openalex.org/fields/31,1990,3571,"{""2006"": 172}"
PR,Puerto Rico,Mathematics,topics.field.id:https://openalex.org/fields/26,1990,1060,"{""2020"": 71}"
PR,Puerto Rico,Chemistry,topics.field.id:https://openalex.org/fields/16,1990,2538,"{""2010"": 123}"
PR,Puerto Rico,Engineering,topics.field.id:https://openalex.org/fields/22,1990,7669,"{""2024"": 355}"
PS,Palestine,History,topics.subfield.id:https://openalex.org/subfields/1202,1990,77,"{""2026"": 12}"
PS,Palestine,Political Science,topics.subfield.id:https://openalex.org/subfields/3320,1990,808,"{""2025"": 121}"
PS,Palestine,Law,topics.subfield.id:https://openalex.org/subfields/3308,1990,144,"{""2020"": 21}"
PS,Palestine,Philosophy,topics.subfield.id:https://openalex.org/subfields/1211,1990,162,"{""2026"": 19}"
PS,Palestine,Linguistics,topics.subfield.id:https://openalex.org/subfields/1203|https://openalex.org/subfields/3310,1990,388,"{""2025"": 44}"
PS,Palestine,Anthropology,topics.subfield.id:https://openalex.org/subfields/3314,1990,68,"{""2019"": 9}"
PS,Palestine,Archaeology,concepts.id:https://openalex.org/C166957645,1990,1617,"{""2023"": 177}"
PS,Palestine,Evolutionary Biology,topics.subfield.id:https://openalex.org/subfields/1105,1990,247,"{""2024"": 23}"
PS,Palestine,Botany,concepts.id:https://openalex.org/C59822182,1990,766,"{""2024"": 66}"
PS,Palestine,Tropical,concepts.id:https://openalex.org/C185032368,1990,17,"{""2025"": 5}"
PS,Palestine,Mining,concepts.id:https://openalex.org/C16674752,1990,12,"{""2014"": 2}"
PS,Palestine,Materials Science,topics.field.id:https://openalex.org/fields/25,1990,2323,"{""2023"": 231}"
PS,Palestine,Computer Science,topics.field.id:https://openalex.org/fields/17,1990,4676,"{""2025"": 636}"
PS,Palestine,Physics and Astronomy,topics.field.id:https://openalex.org/fields/31,1990,1329,"{""2022"": 88}"
PS,Palestine,Mathematics,topics.field.id:https://openalex.org/fields/26,1990,941,"{""2021"": 94}"
PS,Palestine,Chemistry,topics.field.id:https://openalex.org/fields/16,1990,1741,"{""2023"": 100}"
PS,Palestine,Engineering,topics.field.id:https://openalex.org/fields/22,1990,8038,"{""2025"": 824}"
PT,Portugal,History,topics.subfield.id:https://openalex.org/subfields/1202,1990,8265,"{""2016"": 570}"
PT,Portugal,Political Science,topics.subfield.id:https://openalex.org/subfields/3320,1990,19998,"{""2023"": 1507}"
PT,Portugal,Law,topics.subfield.id:https://openalex.org/subfields/3308,1990,5864,"{""2023"": 509}"
PT,Portugal,Philosophy,topics.subfield.id:https://openalex.org/subfields/1211,1990,12657,"{""2019"": 1132}"
PT,Portugal,Linguistics,topics.subfield.id:https://openalex.org/subfields/1203|https://openalex.org/subfields/3310,1990,6723,"{""2019"": 467}"
PT,Portugal,Anthropology,topics.subfield.id:https://openalex.org/subfields/3314,1990,8087,"{""2025"": 600}"
PT,Portugal,Archaeology,concepts.id:https://openalex.org/C166957645,1990,38366,"{""2021"": 3571}"
PT,Portugal,Evolutionary Biology,topics.subfield.id:https://openalex.org/subfields/1105,1990,11146,"{""2026"": 884}"
PT,Portugal,Botany,concepts.id:https://openalex.org/C59822182,1990,25010,"{""2022"": 1668}"
PT,Portugal,Tropical,concepts.id:https://openalex.org/C185032368,1990,141,"{""2026"": 23}"
PT,Portugal,Mining,concepts.id:https://openalex.org/C16674752,1990,860,"{""2026"": 91}"
PT,Portugal,Materials Science,topics.field.id:https://openalex.org/fields/25,1990,52937,"{""2022"": 2747}"
PT,Portugal,Computer Science,topics.field.id:https://openalex.org/fields/17,1990,93820,"{""2025"": 5965}"
PT,Portugal,Physics and Astronomy,topics.field.id:https://openalex.org/fields/31,1990,44394,"{""2020"": 2010}"
PT,Portugal,Mathematics,topics.field.id:https://openalex.org/fields/26,1990,19258,"{""2021"": 990}"
PT,Portugal,Chemistry,topics.field.id:https://openalex.org/fields/16,1990,35876,"{""2023"": 2115}"
PT,Portugal,Engineering,topics.field.id:https://openalex.org/fields/22,1990,168436,"{""2023"": 10601}"
QA,Qatar,History,topics.subfield.id:https://openalex.org/subfields/1202,1990,255,"{""2025"": 24}"
QA,Qatar,Political Science,topics.subfield.id:https://openalex.org/subfields/3320,1990,2592,"{""2025"": 289}"
QA,Qatar,Law,topics.subfield.id:https://openalex.org/subfields/3308,1990,318,"{""2023"": 56}"
QA,Qatar,Philosophy,topics.subfield.id:https://openalex.org/subfields/1211,1990,417,"{""2022"": 49}"
QA,Qatar,Linguistics,topics.subfield.id:https://openalex.org/subfields/1203|https://openalex.org/subfields/3310,1990,733,"{""2021"": 83}"
QA,Qatar,Anthropology,topics.subfield.id:https://openalex.org/subfields/3314,1990,327,"{""2024"": 31}"
QA,Qatar,Archaeology,concepts.id:https://openalex.org/C166957645,1990,4148,"{""2023"": 484}"
QA,Qatar,Evolutionary Biology,topics.subfield.id:https://openalex.org/subfields/1105,1990,449,"{""2026"": 46}"
QA,Qatar,Botany,concepts.id:https://openalex.org/C59822182,1990,1848,"{""2023"": 178}"
QA,Qatar,Tropical,concepts.id:https://openalex.org/C185032368,1990,30,"{""2026"": 8}"
QA,Qatar,Mining,concepts.id:https://openalex.org/C16674752,1990,88,"{""2023"": 14}"
QA,Qatar,Materials Science,topics.field.id:https://openalex.org/fields/25,1990,6725,"{""2020"": 638}"
QA,Qatar,Computer Science,topics.field.id:https://openalex.org/fields/17,1990,14718,"{""2025"": 1391}"
QA,Qatar,Physics and Astronomy,topics.field.id:https://openalex.org/fields/31,1990,3114,"{""2016"": 264}"
QA,Qatar,Mathematics,topics.field.id:https://openalex.org/fields/26,1990,1736,"{""2021"": 195}"
QA,Qatar,Chemistry,topics.field.id:https://openalex.org/fields/16,1990,2852,"{""2024"": 231}"
QA,Qatar,Engineering,topics.field.id:https://openalex.org/fields/22,1990,31575,"{""2024"": 2728}"
RE,Réunion,History,topics.subfield.id:https://openalex.org/subfields/1202,1990,299,"{""2026"": 31}"
RE,Réunion,Political Science,topics.subfield.id:https://openalex.org/subfields/3320,1990,734,"{""2023"": 65}"
RE,Réunion,Law,topics.subfield.id:https://openalex.org/subfields/3308,1990,191,"{""2017"": 15}"
RE,Réunion,Philosophy,topics.subfield.id:https://openalex.org/subfields/1211,1990,463,"{""2023"": 35}"
RE,Réunion,Linguistics,topics.subfield.id:https://openalex.org/subfields/1203|https://openalex.org/subfields/3310,1990,495,"{""2023"": 49}"
RE,Réunion,Anthropology,topics.subfield.id:https://openalex.org/subfields/3314,1990,812,"{""2023"": 59}"
RE,Réunion,Archaeology,concepts.id:https://openalex.org/C166957645,1990,666,"{""2021"": 67}"
RE,Réunion,Evolutionary Biology,topics.subfield.id:https://openalex.org/subfields/1105,1990,1357,"{""2026"": 386}"
RE,Réunion,Botany,concepts.id:https://openalex.org/C59822182,1990,1137,"{""2026"": 76}"
RE,Réunion,Tropical,concepts.id:https://openalex.org/C185032368,1990,19,"{""2025"": 8}"
RE,Réunion,Mining,concepts.id:https://openalex.org/C16674752,1990,3,"{""1997"": 1}"
RE,Réunion,Materials Science,topics.field.id:https://openalex.org/fields/25,1990,204,"{""2026"": 36}"
RE,Réunion,Computer Science,topics.field.id:https://openalex.org/fields/17,1990,1335,"{""2022"": 90}"
RE,Réunion,Physics and Astronomy,topics.field.id:https://openalex.org/fields/31,1990,296,"{""2024"": 25}"
RE,Réunion,Mathematics,topics.field.id:https://openalex.org/fields/26,1990,257,"{""2022"": 20}"
RE,Réunion,Chemistry,topics.field.id:https://openalex.org/fields/16,1990,265,"{""2026"": 30}"
RE,Réunion,Engineering,topics.field.id:https://openalex.org/fields/22,1990,1427,"{""2022"": 100}"
RU,Russia,History,topics.subfield.id:https://openalex.org/subfields/1202,1990,12212,"{""2022"": 1207}"
RU,Russia,Political Science,topics.subfield.id:https://openalex.org/subfields/3320,1990,119348,"{""2021"": 12996}"
RU,Russia,Law,topics.subfield.id:https://openalex.org/subfields/3308,1990,35398,"{""2021"": 4976}"
RU,Russia,Philosophy,topics.subfield.id:https://openalex.org/subfields/1211,1990,15969,"{""2021"": 1492}"
RU,Russia,Linguistics,topics.subfield.id:https://openalex.org/subfields/1203|https://openalex.org/subfields/3310,1990,29656,"{""2021"": 3069}"
RU,Russia,Anthropology,topics.subfield.id:https://openalex.org/subfields/3314,1990,17770,"{""2025"": 2114}"
RU,Russia,Archaeology,concepts.id:https://openalex.org/C166957645,1990,126136,"{""2021"": 17208}"
RU,Russia,Evolutionary Biology,topics.subfield.id:https://openalex.org/subfields/1105,1990,43649,"{""2025"": 3452}"
RU,Russia,Botany,concepts.id:https://openalex.org/C59822182,1990,71028,"{""2021"": 6614}"
RU,Russia,Tropical,concepts.id:https://openalex.org/C185032368,1990,51,"{""2025"": 10}"
RU,Russia,Mining,concepts.id:https://openalex.org/C16674752,1990,9728,"{""2021"": 1034}"
RU,Russia,Materials Science,topics.field.id:https://openalex.org/fields/25,1990,382766,"{""2020"": 23773}"
RU,Russia,Computer Science,topics.field.id:https://openalex.org/fields/17,1990,281509,"{""2021"": 26926}"
RU,Russia,Physics and Astronomy,topics.field.id:https://openalex.org/fields/31,1990,418195,"{""2009"": 21944}"
RU,Russia,Mathematics,topics.field.id:https://openalex.org/fields/26,1990,116426,"{""2020"": 6452}"
RU,Russia,Chemistry,topics.field.id:https://openalex.org/fields/16,1990,230182,"{""2009"": 15912}"
RU,Russia,Engineering,topics.field.id:https://openalex.org/fields/22,1990,1000273,"{""2020"": 75397}"
SA,Saudi Arabia,History,topics.subfield.id:https://openalex.org/subfields/1202,1990,470,"{""2025"": 58}"
SA,Saudi Arabia,Political Science,topics.subfield.id:https://openalex.org/subfields/3320,1990,5297,"{""2025"": 710}"
SA,Saudi Arabia,Law,topics.subfield.id:https://openalex.org/subfields/3308,1990,861,"{""2025"": 176}"
SA,Saudi Arabia,Philosophy,topics.subfield.id:https://openalex.org/subfields/1211,1990,1343,"{""2022"": 170}"
SA,Saudi Arabia,Linguistics,topics.subfield.id:https://openalex.org/subfields/1203|https://openalex.org/subfields/3310,1990,6936,"{""2025"": 892}"
SA,Saudi Arabia,Anthropology,topics.subfield.id:https://openalex.org/subfields/3314,1990,631,"{""2023"": 81}"
SA,Saudi Arabia,Archaeology,concepts.id:https://openalex.org/C166957645,1990,17373,"{""2024"": 2164}"
SA,Saudi Arabia,Evolutionary Biology,topics.subfield.id:https://openalex.org/subfields/1105,1990,5400,"{""2026"": 731}"
SA,Saudi Arabia,Botany,concepts.id:https://openalex.org/C59822182,1990,27243,"{""2024"": 3444}"
SA,Saudi Arabia,Tropical,concepts.id:https://openalex.org/C185032368,1990,184,"{""2026"": 44}"
SA,Saudi Arabia,Mining,concepts.id:https://openalex.org/C16674752,1990,1027,"{""2025"": 132}"
SA,Saudi Arabia,Materials Science,topics.field.id:https://openalex.org/fields/25,1990,103398,"{""2025"": 13598}"
SA,Saudi Arabia,Computer Science,topics.field.id:https://openalex.org/fields/17,1990,111658,"{""2025"": 14639}"
SA,Saudi Arabia,Physics and Astronomy,topics.field.id:https://openalex.org/fields/31,1990,34509,"{""2025"": 3456}"
SA,Saudi Arabia,Mathematics,topics.field.id:https://openalex.org/fields/26,1990,40048,"{""2025"": 4355}"
SA,Saudi Arabia,Chemistry,topics.field.id:https://openalex.org/fields/16,1990,56389,"{""2024"": 6636}"
SA,Saudi Arabia,Engineering,topics.field.id:https://openalex.org/fields/22,1990,240492,"{""2025"": 30751}"
SB,Solomon Islands,History,topics.subfield.id:https://openalex.org/subfields/1202,1990,0,{}
SB,Solomon Islands,Political Science,topics.subfield.id:https://openalex.org/subfields/3320,1990,3,"{""2011"": 2}"
SB,Solomon Islands,Law,topics.subfield.id:https://openalex.org/subfields/3308,1990,0,{}
SB,Solomon Islands,Philosophy,topics.subfield.id:https://openalex.org/subfields/1211,1990,1,"{""2025"": 1}"
SB,Solomon Islands,Linguistics,topics.subfield.id:https://openalex.org/subfields/1203|https://openalex.org/subfields/3310,1990,5,"{""2017"": 1}"
SB,Solomon Islands,Anthropology,topics.subfield.id:https://openalex.org/subfields/3314,1990,0,{}
SB,Solomon Islands,Archaeology,concepts.id:https://openalex.org/C166957645,1990,21,"{""2023"": 5}"
SB,Solomon Islands,Evolutionary Biology,topics.subfield.id:https://openalex.org/subfields/1105,1990,6,"{""2013"": 2}"
SB,Solomon Islands,Botany,concepts.id:https://openalex.org/C59822182,1990,6,"{""2013"": 1}"
SB,Solomon Islands,Tropical,concepts.id:https://openalex.org/C185032368,1990,2,"{""2018"": 1}"
SB,Solomon Islands,Mining,concepts.id:https://openalex.org/C16674752,1990,0,{}
SB,Solomon Islands,Materials Science,topics.field.id:https://openalex.org/fields/25,1990,0,{}
SB,Solomon Islands,Computer Science,topics.field.id:https://openalex.org/fields/17,1990,2,"{""2025"": 1}"
SB,Solomon Islands,Physics and Astronomy,topics.field.id:https://openalex.org/fields/31,1990,0,{}
SB,Solomon Islands,Mathematics,topics.field.id:https://openalex.org/fields/26,1990,2,"{""2021"": 2}"
SB,Solomon Islands,Chemistry,topics.field.id:https://openalex.org/fields/16,1990,1,"{""2026"": 1}"
SB,Solomon Islands,Engineering,topics.field.id:https://openalex.org/fields/22,1990,3,"{""2022"": 2}"
SC,Seychelles,History,topics.subfield.id:https://openalex.org/subfields/1202,1990,3,"{""2011"": 2}"
SC,Seychelles,Political Science,topics.subfield.id:https://openalex.org/subfields/3320,1990,12,"{""2017"": 3}"
SC,Seychelles,Law,topics.subfield.id:https://openalex.org/subfields/3308,1990,9,"{""2013"": 4}"
SC,Seychelles,Philosophy,topics.subfield.id:https://openalex.org/subfields/1211,1990,1,"{""2025"": 1}"
SC,Seychelles,Linguistics,topics.subfield.id:https://openalex.org/subfields/1203|https://openalex.org/subfields/3310,1990,13,"{""2000"": 2}"
SC,Seychelles,Anthropology,topics.subfield.id:https://openalex.org/subfields/3314,1990,10,"{""2003"": 3}"
SC,Seychelles,Archaeology,concepts.id:https://openalex.org/C166957645,1990,98,"{""2023"": 18}"
SC,Seychelles,Evolutionary Biology,topics.subfield.id:https://openalex.org/subfields/1105,1990,56,"{""2021"": 9}"
SC,Seychelles,Botany,concepts.id:https://openalex.org/C59822182,1990,16,"{""2017"": 3}"
SC,Seychelles,Tropical,concepts.id:https://openalex.org/C185032368,1990,2,"{""2011"": 1}"
SC,Seychelles,Mining,concepts.id:https://openalex.org/C16674752,1990,0,{}
SC,Seychelles,Materials Science,topics.field.id:https://openalex.org/fields/25,1990,1,"{""2019"": 1}"
SC,Seychelles,Computer Science,topics.field.id:https://openalex.org/fields/17,1990,31,"{""2025"": 10}"
SC,Seychelles,Physics and Astronomy,topics.field.id:https://openalex.org/fields/31,1990,1,"{""2019"": 1}"
SC,Seychelles,Mathematics,topics.field.id:https://openalex.org/fields/26,1990,9,"{""2022"": 2}"
SC,Seychelles,Chemistry,topics.field.id:https://openalex.org/fields/16,1990,1,"{""1991"": 1}"
SC,Seychelles,Engineering,topics.field.id:https://openalex.org/fields/22,1990,19,"{""2014"": 2}"
SD,Sudan,History,topics.subfield.id:https://openalex.org/subfields/1202,1990,39,"{""2026"": 9}"
SD,Sudan,Political Science,topics.subfield.id:https://openalex.org/subfields/3320,1990,586,"{""2026"": 101}"
SD,Sudan,Law,topics.subfield.id:https://openalex.org/subfields/3308,1990,66,"{""2025"": 12}"
SD,Sudan,Philosophy,topics.subfield.id:https://openalex.org/subfields/1211,1990,88,"{""2021"": 15}"
SD,Sudan,Linguistics,topics.subfield.id:https://openalex.org/subfields/1203|https://openalex.org/subfields/3310,1990,290,"{""2026"": 39}"
SD,Sudan,Anthropology,topics.subfield.id:https://openalex.org/subfields/3314,1990,126,"{""2021"": 14}"
SD,Sudan,Archaeology,concepts.id:https://openalex.org/C166957645,1990,1537,"{""2021"": 155}"
SD,Sudan,Evolutionary Biology,topics.subfield.id:https://openalex.org/subfields/1105,1990,785,"{""2020"": 68}"
SD,Sudan,Botany,concepts.id:https://openalex.org/C59822182,1990,2134,"{""2022"": 219}"
SD,Sudan,Tropical,concepts.id:https://openalex.org/C185032368,1990,143,"{""2025"": 22}"
SD,Sudan,Mining,concepts.id:https://openalex.org/C16674752,1990,68,"{""2025"": 9}"
SD,Sudan,Materials Science,topics.field.id:https://openalex.org/fields/25,1990,1700,"{""2025"": 177}"
SD,Sudan,Computer Science,topics.field.id:https://openalex.org/fields/17,1990,3370,"{""2021"": 325}"
SD,Sudan,Physics and Astronomy,topics.field.id:https://openalex.org/fields/31,1990,778,"{""2023"": 56}"
SD,Sudan,Mathematics,topics.field.id:https://openalex.org/fields/26,1990,900,"{""2022"": 134}"
SD,Sudan,Chemistry,topics.field.id:https://openalex.org/fields/16,1990,1368,"{""2022"": 148}"
SD,Sudan,Engineering,topics.field.id:https://openalex.org/fields/22,1990,7093,"{""2021"": 783}"
SE,Sweden,History,topics.subfield.id:https://openalex.org/subfields/1202,1990,5289,"{""2021"": 396}"
SE,Sweden,Political Science,topics.subfield.id:https://openalex.org/subfields/3320,1990,27245,"{""2020"": 1657}"
SE,Sweden,Law,topics.subfield.id:https://openalex.org/subfields/3308,1990,3133,"{""2023"": 243}"
SE,Sweden,Philosophy,topics.subfield.id:https://openalex.org/subfields/1211,1990,7682,"{""2025"": 437}"
SE,Sweden,Linguistics,topics.subfield.id:https://openalex.org/subfields/1203|https://openalex.org/subfields/3310,1990,8391,"{""2025"": 606}"
SE,Sweden,Anthropology,topics.subfield.id:https://openalex.org/subfields/3314,1990,4765,"{""2021"": 315}"
SE,Sweden,Archaeology,concepts.id:https://openalex.org/C166957645,1990,45477,"{""2021"": 3320}"
SE,Sweden,Evolutionary Biology,topics.subfield.id:https://openalex.org/subfields/1105,1990,24791,"{""2020"": 1171}"
SE,Sweden,Botany,concepts.id:https://openalex.org/C59822182,1990,33988,"{""2021"": 1537}"
SE,Sweden,Tropical,concepts.id:https://openalex.org/C185032368,1990,281,"{""2025"": 34}"
SE,Sweden,Mining,concepts.id:https://openalex.org/C16674752,1990,1206,"{""2025"": 100}"
SE,Sweden,Materials Science,topics.field.id:https://openalex.org/fields/25,1990,89193,"{""2020"": 4165}"
SE,Sweden,Computer Science,topics.field.id:https://openalex.org/fields/17,1990,122483,"{""2025"": 6672}"
SE,Sweden,Physics and Astronomy,topics.field.id:https://openalex.org/fields/31,1990,109413,"{""2020"": 4562}"
SE,Sweden,Mathematics,topics.field.id:https://openalex.org/fields/26,1990,28956,"{""2021"": 1470}"
SE,Sweden,Chemistry,topics.field.id:https://openalex.org/fields/16,1990,55461,"{""2016"": 3293}"
SE,Sweden,Engineering,topics.field.id:https://openalex.org/fields/22,1990,261158,"{""2023"": 12868}"
SG,Singapore,History,topics.subfield.id:https://openalex.org/subfields/1202,1990,885,"{""2021"": 66}"
SG,Singapore,Political Science,topics.subfield.id:https://openalex.org/subfields/3320,1990,11143,"{""2019"": 663}"
SG,Singapore,Law,topics.subfield.id:https://openalex.org/subfields/3308,1990,2629,"{""2019"": 186}"
SG,Singapore,Philosophy,topics.subfield.id:https://openalex.org/subfields/1211,1990,2034,"{""2025"": 139}"
SG,Singapore,Linguistics,topics.subfield.id:https://openalex.org/subfields/1203|https://openalex.org/subfields/3310,1990,3186,"{""2025"": 178}"
SG,Singapore,Anthropology,topics.subfield.id:https://openalex.org/subfields/3314,1990,1897,"{""2018"": 117}"
SG,Singapore,Archaeology,concepts.id:https://openalex.org/C166957645,1990,18146,"{""2023"": 1279}"
SG,Singapore,Evolutionary Biology,topics.subfield.id:https://openalex.org/subfields/1105,1990,3634,"{""2025"": 386}"
SG,Singapore,Botany,concepts.id:https://openalex.org/C59822182,1990,8850,"{""2023"": 572}"
SG,Singapore,Tropical,concepts.id:https://openalex.org/C185032368,1990,80,"{""2017"": 10}"
SG,Singapore,Mining,concepts.id:https://openalex.org/C16674752,1990,313,"{""2026"": 41}"
SG,Singapore,Materials Science,topics.field.id:https://openalex.org/fields/25,1990,75858,"{""2020"": 4017}"
SG,Singapore,Computer Science,topics.field.id:https://openalex.org/fields/17,1990,118108,"{""2025"": 9257}"
SG,Singapore,Physics and Astronomy,topics.field.id:https://openalex.org/fields/31,1990,41286,"{""2025"": 2087}"
SG,Singapore,Mathematics,topics.field.id:https://openalex.org/fields/26,1990,13040,"{""2020"": 781}"
SG,Singapore,Chemistry,topics.field.id:https://openalex.org/fields/16,1990,25406,"{""2025"": 1263}"
SG,Singapore,Engineering,topics.field.id:https://openalex.org/fields/22,1990,217962,"{""2025"": 12635}"
SH,Saint Helena,History,topics.subfield.id:https://openalex.org/subfields/1202,1990,0,{}
SH,Saint Helena,Political Science,topics.subfield.id:https://openalex.org/subfields/3320,1990,0,{}
SH,Saint Helena,Law,topics.subfield.id:https://openalex.org/subfields/3308,1990,0,{}
SH,Saint Helena,Philosophy,topics.subfield.id:https://openalex.org/subfields/1211,1990,0,{}
SH,Saint Helena,Linguistics,topics.subfield.id:https://openalex.org/subfields/1203|https://openalex.org/subfields/3310,1990,0,{}
SH,Saint Helena,Anthropology,topics.subfield.id:https://openalex.org/subfields/3314,1990,0,{}
SH,Saint Helena,Archaeology,concepts.id:https://openalex.org/C166957645,1990,0,{}
SH,Saint Helena,Evolutionary Biology,topics.subfield.id:https://openalex.org/subfields/1105,1990,0,{}
SH,Saint Helena,Botany,concepts.id:https://openalex.org/C59822182,1990,0,{}
SH,Saint Helena,Tropical,concepts.id:https://openalex.org/C185032368,1990,0,{}
SH,Saint Helena,Mining,concepts.id:https://openalex.org/C16674752,1990,0,{}
SH,Saint Helena,Materials Science,topics.field.id:https://openalex.org/fields/25,1990,0,{}
SH,Saint Helena,Computer Science,topics.field.id:https://openalex.org/fields/17,1990,0,{}
SH,Saint Helena,Physics and Astronomy,topics.field.id:https://openalex.org/fields/31,1990,0,{}
SH,Saint Helena,Mathematics,topics.field.id:https://openalex.org/fields/26,1990,0,{}
SH,Saint Helena,Chemistry,topics.field.id:https://openalex.org/fields/16,1990,0,{}
SH,Saint Helena,Engineering,topics.field.id:https://openalex.org/fields/22,1990,0,{}
SJ,Svalbard and Jan Mayen,History,topics.subfield.id:https://openalex.org/subfields/1202,1990,1,"{""2007"": 1}"
SJ,Svalbard and Jan Mayen,Political Science,topics.subfield.id:https://openalex.org/subfields/3320,1990,4,"{""2017"": 2}"
SJ,Svalbard and Jan Mayen,Law,topics.subfield.id:https://openalex.org/subfields/3308,1990,0,{}
SJ,Svalbard and Jan Mayen,Philosophy,topics.subfield.id:https://openalex.org/subfields/1211,1990,2,"{""2016"": 1}"
SJ,Svalbard and Jan Mayen,Linguistics,topics.subfield.id:https://openalex.org/subfields/1203|https://openalex.org/subfields/3310,1990,0,{}
SJ,Svalbard and Jan Mayen,Anthropology,topics.subfield.id:https://openalex.org/subfields/3314,1990,21,"{""2003"": 2}"
SJ,Svalbard and Jan Mayen,Archaeology,concepts.id:https://openalex.org/C166957645,1990,132,"{""2023"": 16}"
SJ,Svalbard and Jan Mayen,Evolutionary Biology,topics.subfield.id:https://openalex.org/subfields/1105,1990,169,"{""2015"": 25}"
SJ,Svalbard and Jan Mayen,Botany,concepts.id:https://openalex.org/C59822182,1990,157,"{""2020"": 18}"
SJ,Svalbard and Jan Mayen,Tropical,concepts.id:https://openalex.org/C185032368,1990,0,{}
SJ,Svalbard and Jan Mayen,Mining,concepts.id:https://openalex.org/C16674752,1990,28,"{""2016"": 12}"
SJ,Svalbard and Jan Mayen,Materials Science,topics.field.id:https://openalex.org/fields/25,1990,27,"{""2016"": 9}"
SJ,Svalbard and Jan Mayen,Computer Science,topics.field.id:https://openalex.org/fields/17,1990,72,"{""2022"": 13}"
SJ,Svalbard and Jan Mayen,Physics and Astronomy,topics.field.id:https://openalex.org/fields/31,1990,544,"{""2021"": 51}"
SJ,Svalbard and Jan Mayen,Mathematics,topics.field.id:https://openalex.org/fields/26,1990,4,"{""2016"": 1}"
SJ,Svalbard and Jan Mayen,Chemistry,topics.field.id:https://openalex.org/fields/16,1990,26,"{""2020"": 4}"
SJ,Svalbard and Jan Mayen,Engineering,topics.field.id:https://openalex.org/fields/22,1990,513,"{""2022"": 43}"
SL,Sierra Leone,History,topics.subfield.id:https://openalex.org/subfields/1202,1990,24,"{""2026"": 8}"
SL,Sierra Leone,Political Science,topics.subfield.id:https://openalex.org/subfields/3320,1990,160,"{""2026"": 40}"
SL,Sierra Leone,Law,topics.subfield.id:https://openalex.org/subfields/3308,1990,28,"{""2026"": 7}"
SL,Sierra Leone,Philosophy,topics.subfield.id:https://openalex.org/subfields/1211,1990,16,"{""2025"": 3}"
SL,Sierra Leone,Linguistics,topics.subfield.id:https://openalex.org/subfields/1203|https://openalex.org/subfields/3310,1990,31,"{""2026"": 6}"
SL,Sierra Leone,Anthropology,topics.subfield.id:https://openalex.org/subfields/3314,1990,71,"{""2025"": 12}"
SL,Sierra Leone,Archaeology,concepts.id:https://openalex.org/C166957645,1990,386,"{""2022"": 61}"
SL,Sierra Leone,Evolutionary Biology,topics.subfield.id:https://openalex.org/subfields/1105,1990,163,"{""2026"": 20}"
SL,Sierra Leone,Botany,concepts.id:https://openalex.org/C59822182,1990,154,"{""2025"": 23}"
SL,Sierra Leone,Tropical,concepts.id:https://openalex.org/C185032368,1990,53,"{""2026"": 9}"
SL,Sierra Leone,Mining,concepts.id:https://openalex.org/C16674752,1990,14,"{""2024"": 4}"
SL,Sierra Leone,Materials Science,topics.field.id:https://openalex.org/fields/25,1990,48,"{""2026"": 16}"
SL,Sierra Leone,Computer Science,topics.field.id:https://openalex.org/fields/17,1990,303,"{""2025"": 62}"
SL,Sierra Leone,Physics and Astronomy,topics.field.id:https://openalex.org/fields/31,1990,19,"{""2025"": 5}"
SL,Sierra Leone,Mathematics,topics.field.id:https://openalex.org/fields/26,1990,222,"{""2022"": 28}"
SL,Sierra Leone,Chemistry,topics.field.id:https://openalex.org/fields/16,1990,31,"{""2026"": 8}"
SL,Sierra Leone,Engineering,topics.field.id:https://openalex.org/fields/22,1990,283,"{""2026"": 48}"
SN,Senegal,History,topics.subfield.id:https://openalex.org/subfields/1202,1990,164,"{""2024"": 20}"
SN,Senegal,Political Science,topics.subfield.id:https://openalex.org/subfields/3320,1990,966,"{""2024"": 93}"
SN,Senegal,Law,topics.subfield.id:https://openalex.org/subfields/3308,1990,66,"{""2004"": 6}"
SN,Senegal,Philosophy,topics.subfield.id:https://openalex.org/subfields/1211,1990,259,"{""2023"": 28}"
SN,Senegal,Linguistics,topics.subfield.id:https://openalex.org/subfields/1203|https://openalex.org/subfields/3310,1990,418,"{""2023"": 54}"
SN,Senegal,Anthropology,topics.subfield.id:https://openalex.org/subfields/3314,1990,1130,"{""2025"": 115}"
SN,Senegal,Archaeology,concepts.id:https://openalex.org/C166957645,1990,1852,"{""2023"": 209}"
SN,Senegal,Evolutionary Biology,topics.subfield.id:https://openalex.org/subfields/1105,1990,3140,"{""2025"": 281}"
SN,Senegal,Botany,concepts.id:https://openalex.org/C59822182,1990,1738,"{""2023"": 139}"
SN,Senegal,Tropical,concepts.id:https://openalex.org/C185032368,1990,215,"{""2026"": 29}"
SN,Senegal,Mining,concepts.id:https://openalex.org/C16674752,1990,53,"{""2025"": 16}"
SN,Senegal,Materials Science,topics.field.id:https://openalex.org/fields/25,1990,994,"{""2025"": 104}"
SN,Senegal,Computer Science,topics.field.id:https://openalex.org/fields/17,1990,3056,"{""2025"": 244}"
SN,Senegal,Physics and Astronomy,topics.field.id:https://openalex.org/fields/31,1990,634,"{""2025"": 58}"
SN,Senegal,Mathematics,topics.field.id:https://openalex.org/fields/26,1990,1877,"{""2020"": 186}"
SN,Senegal,Chemistry,topics.field.id:https://openalex.org/fields/16,1990,953,"{""2024"": 76}"
SN,Senegal,Engineering,topics.field.id:https://openalex.org/fields/22,1990,4019,"{""2023"": 400}"
SO,Somalia,History,topics.subfield.id:https://openalex.org/subfields/1202,1990,16,"{""2026"": 6}"
SO,Somalia,Political Science,topics.subfield.id:https://openalex.org/subfields/3320,1990,292,"{""2026"": 74}"
SO,Somalia,Law,topics.subfield.id:https://openalex.org/subfields/3308,1990,27,"{""2025"": 9}"
SO,Somalia,Philosophy,topics.subfield.id:https://openalex.org/subfields/1211,1990,19,"{""2025"": 5}"
SO,Somalia,Linguistics,topics.subfield.id:https://openalex.org/subfields/1203|https://openalex.org/subfields/3310,1990,37,"{""2026"": 13}"
SO,Somalia,Anthropology,topics.subfield.id:https://openalex.org/subfields/3314,1990,65,"{""2025"": 12}"
SO,Somalia,Archaeology,concepts.id:https://openalex.org/C166957645,1990,215,"{""2024"": 52}"
SO,Somalia,Evolutionary Biology,topics.subfield.id:https://openalex.org/subfields/1105,1990,171,"{""2026"": 67}"
SO,Somalia,Botany,concepts.id:https://openalex.org/C59822182,1990,71,"{""2024"": 17}"
SO,Somalia,Tropical,concepts.id:https://openalex.org/C185032368,1990,28,"{""2025"": 10}"
SO,Somalia,Mining,concepts.id:https://openalex.org/C16674752,1990,8,"{""2023"": 2}"
SO,Somalia,Materials Science,topics.field.id:https://openalex.org/fields/25,1990,48,"{""2026"": 18}"
SO,Somalia,Computer Science,topics.field.id:https://openalex.org/fields/17,1990,557,"{""2026"": 185}"
SO,Somalia,Physics and Astronomy,topics.field.id:https://openalex.org/fields/31,1990,35,"{""2024"": 8}"
SO,Somalia,Mathematics,topics.field.id:https://openalex.org/fields/26,1990,139,"{""2025"": 39}"
SO,Somalia,Chemistry,topics.field.id:https://openalex.org/fields/16,1990,54,"{""2026"": 17}"
SO,Somalia,Engineering,topics.field.id:https://openalex.org/fields/22,1990,416,"{""2026"": 79}"
SR,Suriname,History,topics.subfield.id:https://openalex.org/subfields/1202,1990,7,"{""2023"": 2}"
SR,Suriname,Political Science,topics.subfield.id:https://openalex.org/subfields/3320,1990,5,"{""2023"": 3}"
SR,Suriname,Law,topics.subfield.id:https://openalex.org/subfields/3308,1990,7,"{""2023"": 4}"
SR,Suriname,Philosophy,topics.subfield.id:https://openalex.org/subfields/1211,1990,10,"{""2018"": 2}"
SR,Suriname,Linguistics,topics.subfield.id:https://openalex.org/subfields/1203|https://openalex.org/subfields/3310,1990,3,"{""2025"": 2}"
SR,Suriname,Anthropology,topics.subfield.id:https://openalex.org/subfields/3314,1990,9,"{""2021"": 2}"
SR,Suriname,Archaeology,concepts.id:https://openalex.org/C166957645,1990,78,"{""2015"": 10}"
SR,Suriname,Evolutionary Biology,topics.subfield.id:https://openalex.org/subfields/1105,1990,27,"{""2016"": 4}"
SR,Suriname,Botany,concepts.id:https://openalex.org/C59822182,1990,47,"{""2022"": 9}"
SR,Suriname,Tropical,concepts.id:https://openalex.org/C185032368,1990,13,"{""2018"": 3}"
SR,Suriname,Mining,concepts.id:https://openalex.org/C16674752,1990,7,"{""2016"": 2}"
SR,Suriname,Materials Science,topics.field.id:https://openalex.org/fields/25,1990,12,"{""2010"": 2}"
SR,Suriname,Computer Science,topics.field.id:https://openalex.org/fields/17,1990,30,"{""2025"": 12}"
SR,Suriname,Physics and Astronomy,topics.field.id:https://openalex.org/fields/31,1990,3,"{""2012"": 1}"
SR,Suriname,Mathematics,topics.field.id:https://openalex.org/fields/26,1990,17,"{""2016"": 3}"
SR,Suriname,Chemistry,topics.field.id:https://openalex.org/fields/16,1990,6,"{""2017"": 1}"
SR,Suriname,Engineering,topics.field.id:https://openalex.org/fields/22,1990,67,"{""2015"": 9}"
ST,São Tomé & Príncipe,History,topics.subfield.id:https://openalex.org/subfields/1202,1990,5,"{""2001"": 1}"
ST,São Tomé & Príncipe,Political Science,topics.subfield.id:https://openalex.org/subfields/3320,1990,60,"{""2014"": 6}"
ST,São Tomé & Príncipe,Law,topics.subfield.id:https://openalex.org/subfields/3308,1990,19,"{""2026"": 4}"
ST,São Tomé & Príncipe,Philosophy,topics.subfield.id:https://openalex.org/subfields/1211,1990,9,"{""2021"": 3}"
ST,São Tomé & Príncipe,Linguistics,topics.subfield.id:https://openalex.org/subfields/1203|https://openalex.org/subfields/3310,1990,5,"{""2026"": 2}"
ST,São Tomé & Príncipe,Anthropology,topics.subfield.id:https://openalex.org/subfields/3314,1990,25,"{""2005"": 4}"
ST,São Tomé & Príncipe,Archaeology,concepts.id:https://openalex.org/C166957645,1990,38,"{""2023"": 8}"
ST,São Tomé & Príncipe,Evolutionary Biology,topics.subfield.id:https://openalex.org/subfields/1105,1990,18,"{""2013"": 4}"
ST,São Tomé & Príncipe,Botany,concepts.id:https://openalex.org/C59822182,1990,8,"{""2021"": 2}"
ST,São Tomé & Príncipe,Tropical,concepts.id:https://openalex.org/C185032368,1990,12,"{""2012"": 2}"
ST,São Tomé & Príncipe,Mining,concepts.id:https://openalex.org/C16674752,1990,1,"{""2025"": 1}"
ST,São Tomé & Príncipe,Materials Science,topics.field.id:https://openalex.org/fields/25,1990,1,"{""2023"": 1}"
ST,São Tomé & Príncipe,Computer Science,topics.field.id:https://openalex.org/fields/17,1990,84,"{""2021"": 12}"
ST,São Tomé & Príncipe,Physics and Astronomy,topics.field.id:https://openalex.org/fields/31,1990,2,"{""2001"": 1}"
ST,São Tomé & Príncipe,Mathematics,topics.field.id:https://openalex.org/fields/26,1990,18,"{""2020"": 4}"
ST,São Tomé & Príncipe,Chemistry,topics.field.id:https://openalex.org/fields/16,1990,2,"{""2013"": 1}"
ST,São Tomé & Príncipe,Engineering,topics.field.id:https://openalex.org/fields/22,1990,19,"{""2012"": 5}"
SX,Sint Maarten,History,topics.subfield.id:https://openalex.org/subfields/1202,1990,0,{}
SX,Sint Maarten,Political Science,topics.subfield.id:https://openalex.org/subfields/3320,1990,2,"{""2022"": 2}"
SX,Sint Maarten,Law,topics.subfield.id:https://openalex.org/subfields/3308,1990,0,{}
SX,Sint Maarten,Philosophy,topics.subfield.id:https://openalex.org/subfields/1211,1990,1,"{""2020"": 1}"
SX,Sint Maarten,Linguistics,topics.subfield.id:https://openalex.org/subfields/1203|https://openalex.org/subfields/3310,1990,0,{}
SX,Sint Maarten,Anthropology,topics.subfield.id:https://openalex.org/subfields/3314,1990,0,{}
SX,Sint Maarten,Archaeology,concepts.id:https://openalex.org/C166957645,1990,11,"{""2018"": 2}"
SX,Sint Maarten,Evolutionary Biology,topics.subfield.id:https://openalex.org/subfields/1105,1990,1,"{""2023"": 1}"
SX,Sint Maarten,Botany,concepts.id:https://openalex.org/C59822182,1990,8,"{""2022"": 3}"
SX,Sint Maarten,Tropical,concepts.id:https://openalex.org/C185032368,1990,0,{}
SX,Sint Maarten,Mining,concepts.id:https://openalex.org/C16674752,1990,0,{}
SX,Sint Maarten,Materials Science,topics.field.id:https://openalex.org/fields/25,1990,1,"{""2024"": 1}"
SX,Sint Maarten,Computer Science,topics.field.id:https://openalex.org/fields/17,1990,20,"{""2025"": 5}"
SX,Sint Maarten,Physics and Astronomy,topics.field.id:https://openalex.org/fields/31,1990,2,"{""2021"": 1}"
SX,Sint Maarten,Mathematics,topics.field.id:https://openalex.org/fields/26,1990,10,"{""2021"": 5}"
SX,Sint Maarten,Chemistry,topics.field.id:https://openalex.org/fields/16,1990,3,"{""2021"": 1}"
SX,Sint Maarten,Engineering,topics.field.id:https://openalex.org/fields/22,1990,30,"{""2024"": 6}"
SY,Syria,History,topics.subfield.id:https://openalex.org/subfields/1202,1990,68,"{""2023"": 14}"
SY,Syria,Political Science,topics.subfield.id:https://openalex.org/subfields/3320,1990,464,"{""2026"": 67}"
SY,Syria,Law,topics.subfield.id:https://openalex.org/subfields/3308,1990,114,"{""2024"": 30}"
SY,Syria,Philosophy,topics.subfield.id:https://openalex.org/subfields/1211,1990,87,"{""2020"": 15}"
SY,Syria,Linguistics,topics.subfield.id:https://openalex.org/subfields/1203|https://openalex.org/subfields/3310,1990,167,"{""2026"": 40}"
SY,Syria,Anthropology,topics.subfield.id:https://openalex.org/subfields/3314,1990,97,"{""2020"": 14}"
SY,Syria,Archaeology,concepts.id:https://openalex.org/C166957645,1990,770,"{""2023"": 87}"
SY,Syria,Evolutionary Biology,topics.subfield.id:https://openalex.org/subfields/1105,1990,321,"{""2025"": 25}"
SY,Syria,Botany,concepts.id:https://openalex.org/C59822182,1990,1278,"{""2023"": 107}"
SY,Syria,Tropical,concepts.id:https://openalex.org/C185032368,1990,5,"{""2026"": 3}"
SY,Syria,Mining,concepts.id:https://openalex.org/C16674752,1990,34,"{""2024"": 5}"
SY,Syria,Materials Science,topics.field.id:https://openalex.org/fields/25,1990,1558,"{""2026"": 139}"
SY,Syria,Computer Science,topics.field.id:https://openalex.org/fields/17,1990,2497,"{""2026"": 582}"
SY,Syria,Physics and Astronomy,topics.field.id:https://openalex.org/fields/31,1990,831,"{""2023"": 53}"
SY,Syria,Mathematics,topics.field.id:https://openalex.org/fields/26,1990,421,"{""2026"": 67}"
SY,Syria,Chemistry,topics.field.id:https://openalex.org/fields/16,1990,1099,"{""2025"": 89}"
SY,Syria,Engineering,topics.field.id:https://openalex.org/fields/22,1990,5379,"{""2026"": 554}"
SZ,Eswatini,History,topics.subfield.id:https://openalex.org/subfields/1202,1990,9,"{""2022"": 2}"
SZ,Eswatini,Political Science,topics.subfield.id:https://openalex.org/subfields/3320,1990,104,"{""2004"": 9}"
SZ,Eswatini,Law,topics.subfield.id:https://openalex.org/subfields/3308,1990,48,"{""2020"": 5}"
SZ,Eswatini,Philosophy,topics.subfield.id:https://openalex.org/subfields/1211,1990,23,"{""2021"": 4}"
SZ,Eswatini,Linguistics,topics.subfield.id:https://openalex.org/subfields/1203|https://openalex.org/subfields/3310,1990,69,"{""2023"": 12}"
SZ,Eswatini,Anthropology,topics.subfield.id:https://openalex.org/subfields/3314,1990,99,"{""2024"": 9}"
SZ,Eswatini,Archaeology,concepts.id:https://openalex.org/C166957645,1990,346,"{""2022"": 32}"
SZ,Eswatini,Evolutionary Biology,topics.subfield.id:https://openalex.org/subfields/1105,1990,210,"{""2022"": 16}"
SZ,Eswatini,Botany,concepts.id:https://openalex.org/C59822182,1990,107,"{""2022"": 14}"
SZ,Eswatini,Tropical,concepts.id:https://openalex.org/C185032368,1990,15,"{""2017"": 3}"
SZ,Eswatini,Mining,concepts.id:https://openalex.org/C16674752,1990,2,"{""2013"": 1}"
SZ,Eswatini,Materials Science,topics.field.id:https://openalex.org/fields/25,1990,63,"{""2022"": 10}"
SZ,Eswatini,Computer Science,topics.field.id:https://openalex.org/fields/17,1990,378,"{""2024"": 46}"
SZ,Eswatini,Physics and Astronomy,topics.field.id:https://openalex.org/fields/31,1990,45,"{""2019"": 5}"
SZ,Eswatini,Mathematics,topics.field.id:https://openalex.org/fields/26,1990,227,"{""2020"": 25}"
SZ,Eswatini,Chemistry,topics.field.id:https://openalex.org/fields/16,1990,36,"{""2024"": 5}"
SZ,Eswatini,Engineering,topics.field.id:https://openalex.org/fields/22,1990,327,"{""2020"": 40}"
TC,Turks & Caicos Islands,History,topics.subfield.id:https://openalex.org/subfields/1202,1990,0,{}
TC,Turks & Caicos Islands,Political Science,topics.subfield.id:https://openalex.org/subfields/3320,1990,21,"{""2017"": 3}"
TC,Turks & Caicos Islands,Law,topics.subfield.id:https://openalex.org/subfields/3308,1990,5,"{""2022"": 2}"
TC,Turks & Caicos Islands,Philosophy,topics.subfield.id:https://openalex.org/subfields/1211,1990,4,"{""2026"": 2}"
TC,Turks & Caicos Islands,Linguistics,topics.subfield.id:https://openalex.org/subfields/1203|https://openalex.org/subfields/3310,1990,1,"{""2023"": 1}"
TC,Turks & Caicos Islands,Anthropology,topics.subfield.id:https://openalex.org/subfields/3314,1990,3,"{""2018"": 2}"
TC,Turks & Caicos Islands,Archaeology,concepts.id:https://openalex.org/C166957645,1990,28,"{""2017"": 6}"
TC,Turks & Caicos Islands,Evolutionary Biology,topics.subfield.id:https://openalex.org/subfields/1105,1990,21,"{""2026"": 6}"
TC,Turks & Caicos Islands,Botany,concepts.id:https://openalex.org/C59822182,1990,2,"{""2018"": 1}"
TC,Turks & Caicos Islands,Tropical,concepts.id:https://openalex.org/C185032368,1990,0,{}
TC,Turks & Caicos Islands,Mining,concepts.id:https://openalex.org/C16674752,1990,0,{}
TC,Turks & Caicos Islands,Materials Science,topics.field.id:https://openalex.org/fields/25,1990,0,{}
TC,Turks & Caicos Islands,Computer Science,topics.field.id:https://openalex.org/fields/17,1990,79,"{""2026"": 19}"
TC,Turks & Caicos Islands,Physics and Astronomy,topics.field.id:https://openalex.org/fields/31,1990,7,"{""2023"": 6}"
TC,Turks & Caicos Islands,Mathematics,topics.field.id:https://openalex.org/fields/26,1990,1,"{""2026"": 1}"
TC,Turks & Caicos Islands,Chemistry,topics.field.id:https://openalex.org/fields/16,1990,1,"{""2024"": 1}"
TC,Turks & Caicos Islands,Engineering,topics.field.id:https://openalex.org/fields/22,1990,47,"{""2026"": 15}"
TD,Chad,History,topics.subfield.id:https://openalex.org/subfields/1202,1990,7,"{""2018"": 3}"
TD,Chad,Political Science,topics.subfield.id:https://openalex.org/subfields/3320,1990,69,"{""2026"": 10}"
TD,Chad,Law,topics.subfield.id:https://openalex.org/subfields/3308,1990,15,"{""2002"": 2}"
TD,Chad,Philosophy,topics.subfield.id:https://openalex.org/subfields/1211,1990,20,"{""2009"": 4}"
TD,Chad,Linguistics,topics.subfield.id:https://openalex.org/subfields/1203|https://openalex.org/subfields/3310,1990,41,"{""2026"": 8}"
TD,Chad,Anthropology,topics.subfield.id:https://openalex.org/subfields/3314,1990,144,"{""2026"": 21}"
TD,Chad,Archaeology,concepts.id:https://openalex.org/C166957645,1990,172,"{""2024"": 25}"
TD,Chad,Evolutionary Biology,topics.subfield.id:https://openalex.org/subfields/1105,1990,367,"{""2025"": 42}"
TD,Chad,Botany,concepts.id:https://openalex.org/C59822182,1990,150,"{""2023"": 17}"
TD,Chad,Tropical,concepts.id:https://openalex.org/C185032368,1990,19,"{""2026"": 6}"
TD,Chad,Mining,concepts.id:https://openalex.org/C16674752,1990,19,"{""2026"": 5}"
TD,Chad,Materials Science,topics.field.id:https://openalex.org/fields/25,1990,97,"{""2026"": 23}"
TD,Chad,Computer Science,topics.field.id:https://openalex.org/fields/17,1990,314,"{""2025"": 60}"
TD,Chad,Physics and Astronomy,topics.field.id:https://openalex.org/fields/31,1990,73,"{""2025"": 14}"
TD,Chad,Mathematics,topics.field.id:https://openalex.org/fields/26,1990,111,"{""2024"": 17}"
TD,Chad,Chemistry,topics.field.id:https://openalex.org/fields/16,1990,32,"{""2025"": 6}"
TD,Chad,Engineering,topics.field.id:https://openalex.org/fields/22,1990,449,"{""2025"": 85}"
TG,Togo,History,topics.subfield.id:https://openalex.org/subfields/1202,1990,33,"{""2022"": 5}"
TG,Togo,Political Science,topics.subfield.id:https://openalex.org/subfields/3320,1990,161,"{""2024"": 20}"
TG,Togo,Law,topics.subfield.id:https://openalex.org/subfields/3308,1990,13,"{""2003"": 2}"
TG,Togo,Philosophy,topics.subfield.id:https://openalex.org/subfields/1211,1990,60,"{""2025"": 10}"
TG,Togo,Linguistics,topics.subfield.id:https://openalex.org/subfields/1203|https://openalex.org/subfields/3310,1990,104,"{""2025"": 20}"
TG,Togo,Anthropology,topics.subfield.id:https://openalex.org/subfields/3314,1990,123,"{""2025"": 22}"
TG,Togo,Archaeology,concepts.id:https://openalex.org/C166957645,1990,483,"{""2023"": 80}"
TG,Togo,Evolutionary Biology,topics.subfield.id:https://openalex.org/subfields/1105,1990,963,"{""2024"": 110}"
TG,Togo,Botany,concepts.id:https://openalex.org/C59822182,1990,599,"{""2023"": 52}"
TG,Togo,Tropical,concepts.id:https://openalex.org/C185032368,1990,43,"{""2025"": 8}"
TG,Togo,Mining,concepts.id:https://openalex.org/C16674752,1990,13,"{""2026"": 5}"
TG,Togo,Materials Science,topics.field.id:https://openalex.org/fields/25,1990,243,"{""2025"": 46}"
TG,Togo,Computer Science,topics.field.id:https://openalex.org/fields/17,1990,352,"{""2026"": 50}"
TG,Togo,Physics and Astronomy,topics.field.id:https://openalex.org/fields/31,1990,160,"{""2025"": 26}"
TG,Togo,Mathematics,topics.field.id:https://openalex.org/fields/26,1990,215,"{""2024"": 28}"
TG,Togo,Chemistry,topics.field.id:https://openalex.org/fields/16,1990,117,"{""2024"": 15}"
TG,Togo,Engineering,topics.field.id:https://openalex.org/fields/22,1990,785,"{""2025"": 128}"
TK,Tokelau,History,topics.subfield.id:https://openalex.org/subfields/1202,1990,0,{}
TK,Tokelau,Political Science,topics.subfield.id:https://openalex.org/subfields/3320,1990,0,{}
TK,Tokelau,Law,topics.subfield.id:https://openalex.org/subfields/3308,1990,0,{}
TK,Tokelau,Philosophy,topics.subfield.id:https://openalex.org/subfields/1211,1990,0,{}
TK,Tokelau,Linguistics,topics.subfield.id:https://openalex.org/subfields/1203|https://openalex.org/subfields/3310,1990,0,{}
TK,Tokelau,Anthropology,topics.subfield.id:https://openalex.org/subfields/3314,1990,0,{}
TK,Tokelau,Archaeology,concepts.id:https://openalex.org/C166957645,1990,0,{}
TK,Tokelau,Evolutionary Biology,topics.subfield.id:https://openalex.org/subfields/1105,1990,0,{}
TK,Tokelau,Botany,concepts.id:https://openalex.org/C59822182,1990,0,{}
TK,Tokelau,Tropical,concepts.id:https://openalex.org/C185032368,1990,0,{}
TK,Tokelau,Mining,concepts.id:https://openalex.org/C16674752,1990,0,{}
TK,Tokelau,Materials Science,topics.field.id:https://openalex.org/fields/25,1990,0,{}
TK,Tokelau,Computer Science,topics.field.id:https://openalex.org/fields/17,1990,0,{}
TK,Tokelau,Physics and Astronomy,topics.field.id:https://openalex.org/fields/31,1990,0,{}
TK,Tokelau,Mathematics,topics.field.id:https://openalex.org/fields/26,1990,0,{}
TK,Tokelau,Chemistry,topics.field.id:https://openalex.org/fields/16,1990,0,{}
TK,Tokelau,Engineering,topics.field.id:https://openalex.org/fields/22,1990,0,{}
TL,Timor-Leste,History,topics.subfield.id:https://openalex.org/subfields/1202,1990,9,"{""2026"": 3}"
TL,Timor-Leste,Political Science,topics.subfield.id:https://openalex.org/subfields/3320,1990,177,"{""2025"": 58}"
TL,Timor-Leste,Law,topics.subfield.id:https://openalex.org/subfields/3308,1990,136,"{""2025"": 40}"
TL,Timor-Leste,Philosophy,topics.subfield.id:https://openalex.org/subfields/1211,1990,24,"{""2024"": 6}"
TL,Timor-Leste,Linguistics,topics.subfield.id:https://openalex.org/subfields/1203|https://openalex.org/subfields/3310,1990,66,"{""2025"": 16}"
TL,Timor-Leste,Anthropology,topics.subfield.id:https://openalex.org/subfields/3314,1990,29,"{""2023"": 4}"
TL,Timor-Leste,Archaeology,concepts.id:https://openalex.org/C166957645,1990,106,"{""2024"": 23}"
TL,Timor-Leste,Evolutionary Biology,topics.subfield.id:https://openalex.org/subfields/1105,1990,15,"{""2025"": 5}"
TL,Timor-Leste,Botany,concepts.id:https://openalex.org/C59822182,1990,32,"{""2024"": 8}"
TL,Timor-Leste,Tropical,concepts.id:https://openalex.org/C185032368,1990,5,"{""2026"": 2}"
TL,Timor-Leste,Mining,concepts.id:https://openalex.org/C16674752,1990,3,"{""2024"": 2}"
TL,Timor-Leste,Materials Science,topics.field.id:https://openalex.org/fields/25,1990,49,"{""2025"": 8}"
TL,Timor-Leste,Computer Science,topics.field.id:https://openalex.org/fields/17,1990,227,"{""2026"": 42}"
TL,Timor-Leste,Physics and Astronomy,topics.field.id:https://openalex.org/fields/31,1990,17,"{""2025"": 4}"
TL,Timor-Leste,Mathematics,topics.field.id:https://openalex.org/fields/26,1990,48,"{""2025"": 15}"
TL,Timor-Leste,Chemistry,topics.field.id:https://openalex.org/fields/16,1990,15,"{""2024"": 3}"
TL,Timor-Leste,Engineering,topics.field.id:https://openalex.org/fields/22,1990,186,"{""2025"": 32}"
TN,Tunisia,History,topics.subfield.id:https://openalex.org/subfields/1202,1990,456,"{""2025"": 46}"
TN,Tunisia,Political Science,topics.subfield.id:https://openalex.org/subfields/3320,1990,2536,"{""2025"": 207}"
TN,Tunisia,Law,topics.subfield.id:https://openalex.org/subfields/3308,1990,116,"{""2025"": 25}"
TN,Tunisia,Philosophy,topics.subfield.id:https://openalex.org/subfields/1211,1990,739,"{""2022"": 60}"
TN,Tunisia,Linguistics,topics.subfield.id:https://openalex.org/subfields/1203|https://openalex.org/subfields/3310,1990,1022,"{""2021"": 79}"
TN,Tunisia,Anthropology,topics.subfield.id:https://openalex.org/subfields/3314,1990,1037,"{""2022"": 76}"
TN,Tunisia,Archaeology,concepts.id:https://openalex.org/C166957645,1990,6102,"{""2022"": 625}"
TN,Tunisia,Evolutionary Biology,topics.subfield.id:https://openalex.org/subfields/1105,1990,3403,"{""2022"": 251}"
TN,Tunisia,Botany,concepts.id:https://openalex.org/C59822182,1990,10989,"{""2022"": 761}"
TN,Tunisia,Tropical,concepts.id:https://openalex.org/C185032368,1990,76,"{""2025"": 27}"
TN,Tunisia,Mining,concepts.id:https://openalex.org/C16674752,1990,163,"{""2025"": 25}"
TN,Tunisia,Materials Science,topics.field.id:https://openalex.org/fields/25,1990,20806,"{""2025"": 1496}"
TN,Tunisia,Computer Science,topics.field.id:https://openalex.org/fields/17,1990,35035,"{""2025"": 2545}"
TN,Tunisia,Physics and Astronomy,topics.field.id:https://openalex.org/fields/31,1990,8861,"{""2016"": 543}"
TN,Tunisia,Mathematics,topics.field.id:https://openalex.org/fields/26,1990,9200,"{""2022"": 745}"
TN,Tunisia,Chemistry,topics.field.id:https://openalex.org/fields/16,1990,10943,"{""2022"": 674}"
TN,Tunisia,Engineering,topics.field.id:https://openalex.org/fields/22,1990,55952,"{""2025"": 4058}"
TO,Tonga,History,topics.subfield.id:https://openalex.org/subfields/1202,1990,1,"{""2017"": 1}"
TO,Tonga,Political Science,topics.subfield.id:https://openalex.org/subfields/3320,1990,3,"{""2002"": 1}"
TO,Tonga,Law,topics.subfield.id:https://openalex.org/subfields/3308,1990,1,"{""1992"": 1}"
TO,Tonga,Philosophy,topics.subfield.id:https://openalex.org/subfields/1211,1990,0,{}
TO,Tonga,Linguistics,topics.subfield.id:https://openalex.org/subfields/1203|https://openalex.org/subfields/3310,1990,1,"{""1996"": 1}"
TO,Tonga,Anthropology,topics.subfield.id:https://openalex.org/subfields/3314,1990,3,"{""2013"": 1}"
TO,Tonga,Archaeology,concepts.id:https://openalex.org/C166957645,1990,30,"{""2020"": 6}"
TO,Tonga,Evolutionary Biology,topics.subfield.id:https://openalex.org/subfields/1105,1990,7,"{""2015"": 2}"
TO,Tonga,Botany,concepts.id:https://openalex.org/C59822182,1990,17,"{""2006"": 2}"
TO,Tonga,Tropical,concepts.id:https://openalex.org/C185032368,1990,1,"{""2026"": 1}"
TO,Tonga,Mining,concepts.id:https://openalex.org/C16674752,1990,0,{}
TO,Tonga,Materials Science,topics.field.id:https://openalex.org/fields/25,1990,3,"{""1999"": 1}"
TO,Tonga,Computer Science,topics.field.id:https://openalex.org/fields/17,1990,9,"{""2026"": 3}"
TO,Tonga,Physics and Astronomy,topics.field.id:https://openalex.org/fields/31,1990,3,"{""2026"": 2}"
TO,Tonga,Mathematics,topics.field.id:https://openalex.org/fields/26,1990,3,"{""2021"": 2}"
TO,Tonga,Chemistry,topics.field.id:https://openalex.org/fields/16,1990,2,"{""1990"": 1}"
TO,Tonga,Engineering,topics.field.id:https://openalex.org/fields/22,1990,11,"{""2025"": 3}"
TR,Turkey,History,topics.subfield.id:https://openalex.org/subfields/1202,1990,24606,"{""2023"": 3160}"
TR,Turkey,Political Science,topics.subfield.id:https://openalex.org/subfields/3320,1990,73342,"{""2023"": 8326}"
TR,Turkey,Law,topics.subfield.id:https://openalex.org/subfields/3308,1990,4389,"{""2025"": 562}"
TR,Turkey,Philosophy,topics.subfield.id:https://openalex.org/subfields/1211,1990,54652,"{""2023"": 6529}"
TR,Turkey,Linguistics,topics.subfield.id:https://openalex.org/subfields/1203|https://openalex.org/subfields/3310,1990,29293,"{""2023"": 3410}"
TR,Turkey,Anthropology,topics.subfield.id:https://openalex.org/subfields/3314,1990,7040,"{""2025"": 906}"
TR,Turkey,Archaeology,concepts.id:https://openalex.org/C166957645,1990,54264,"{""2023"": 6263}"
TR,Turkey,Evolutionary Biology,topics.subfield.id:https://openalex.org/subfields/1105,1990,20392,"{""2025"": 2132}"
TR,Turkey,Botany,concepts.id:https://openalex.org/C59822182,1990,52701,"{""2023"": 4124}"
TR,Turkey,Tropical,concepts.id:https://openalex.org/C185032368,1990,178,"{""2026"": 63}"
TR,Turkey,Mining,concepts.id:https://openalex.org/C16674752,1990,1803,"{""2026"": 150}"
TR,Turkey,Materials Science,topics.field.id:https://openalex.org/fields/25,1990,113637,"{""2025"": 9524}"
TR,Turkey,Computer Science,topics.field.id:https://openalex.org/fields/17,1990,139944,"{""2025"": 14201}"
TR,Turkey,Physics and Astronomy,topics.field.id:https://openalex.org/fields/31,1990,63959,"{""2023"": 4059}"
TR,Turkey,Mathematics,topics.field.id:https://openalex.org/fields/26,1990,54117,"{""2021"": 4372}"
TR,Turkey,Chemistry,topics.field.id:https://openalex.org/fields/16,1990,68856,"{""2025"": 4712}"
TR,Turkey,Engineering,topics.field.id:https://openalex.org/fields/22,1990,330186,"{""2025"": 29156}"
TT,Trinidad & Tobago,History,topics.subfield.id:https://openalex.org/subfields/1202,1990,61,"{""2015"": 6}"
TT,Trinidad & Tobago,Political Science,topics.subfield.id:https://openalex.org/subfields/3320,1990,424,"{""2025"": 44}"
TT,Trinidad & Tobago,Law,topics.subfield.id:https://openalex.org/subfields/3308,1990,115,"{""2025"": 11}"
TT,Trinidad & Tobago,Philosophy,topics.subfield.id:https://openalex.org/subfields/1211,1990,72,"{""2008"": 7}"
TT,Trinidad & Tobago,Linguistics,topics.subfield.id:https://openalex.org/subfields/1203|https://openalex.org/subfields/3310,1990,156,"{""2020"": 11}"
TT,Trinidad & Tobago,Anthropology,topics.subfield.id:https://openalex.org/subfields/3314,1990,216,"{""2021"": 17}"
TT,Trinidad & Tobago,Archaeology,concepts.id:https://openalex.org/C166957645,1990,1214,"{""2023"": 97}"
TT,Trinidad & Tobago,Evolutionary Biology,topics.subfield.id:https://openalex.org/subfields/1105,1990,472,"{""2019"": 33}"
TT,Trinidad & Tobago,Botany,concepts.id:https://openalex.org/C59822182,1990,620,"{""2023"": 37}"
TT,Trinidad & Tobago,Tropical,concepts.id:https://openalex.org/C185032368,1990,13,"{""1998"": 2}"
TT,Trinidad & Tobago,Mining,concepts.id:https://openalex.org/C16674752,1990,16,"{""2026"": 5}"
TT,Trinidad & Tobago,Materials Science,topics.field.id:https://openalex.org/fields/25,1990,462,"{""2025"": 39}"
TT,Trinidad & Tobago,Computer Science,topics.field.id:https://openalex.org/fields/17,1990,1247,"{""2025"": 91}"
TT,Trinidad & Tobago,Physics and Astronomy,topics.field.id:https://openalex.org/fields/31,1990,269,"{""2021"": 20}"
TT,Trinidad & Tobago,Mathematics,topics.field.id:https://openalex.org/fields/26,1990,244,"{""2023"": 25}"
TT,Trinidad & Tobago,Chemistry,topics.field.id:https://openalex.org/fields/16,1990,376,"{""2020"": 27}"
TT,Trinidad & Tobago,Engineering,topics.field.id:https://openalex.org/fields/22,1990,2372,"{""2020"": 190}"
TV,Tuvalu,History,topics.subfield.id:https://openalex.org/subfields/1202,1990,0,{}
TV,Tuvalu,Political Science,topics.subfield.id:https://openalex.org/subfields/3320,1990,0,{}
TV,Tuvalu,Law,topics.subfield.id:https://openalex.org/subfields/3308,1990,0,{}
TV,Tuvalu,Philosophy,topics.subfield.id:https://openalex.org/subfields/1211,1990,0,{}
TV,Tuvalu,Linguistics,topics.subfield.id:https://openalex.org/subfields/1203|https://openalex.org/subfields/3310,1990,0,{}
TV,Tuvalu,Anthropology,topics.subfield.id:https://openalex.org/subfields/3314,1990,0,{}
TV,Tuvalu,Archaeology,concepts.id:https://openalex.org/C166957645,1990,4,"{""2005"": 1}"
TV,Tuvalu,Evolutionary Biology,topics.subfield.id:https://openalex.org/subfields/1105,1990,0,{}
TV,Tuvalu,Botany,concepts.id:https://openalex.org/C59822182,1990,0,{}
TV,Tuvalu,Tropical,concepts.id:https://openalex.org/C185032368,1990,0,{}
TV,Tuvalu,Mining,concepts.id:https://openalex.org/C16674752,1990,0,{}
TV,Tuvalu,Materials Science,topics.field.id:https://openalex.org/fields/25,1990,2,"{""2006"": 1}"
TV,Tuvalu,Computer Science,topics.field.id:https://openalex.org/fields/17,1990,0,{}
TV,Tuvalu,Physics and Astronomy,topics.field.id:https://openalex.org/fields/31,1990,9,"{""1998"": 2}"
TV,Tuvalu,Mathematics,topics.field.id:https://openalex.org/fields/26,1990,3,"{""2009"": 1}"
TV,Tuvalu,Chemistry,topics.field.id:https://openalex.org/fields/16,1990,1,"{""2015"": 1}"
TV,Tuvalu,Engineering,topics.field.id:https://openalex.org/fields/22,1990,8,"{""2014"": 2}"
TW,Taiwan,History,topics.subfield.id:https://openalex.org/subfields/1202,1990,676,"{""2025"": 56}"
TW,Taiwan,Political Science,topics.subfield.id:https://openalex.org/subfields/3320,1990,6174,"{""2026"": 466}"
TW,Taiwan,Law,topics.subfield.id:https://openalex.org/subfields/3308,1990,925,"{""2025"": 67}"
TW,Taiwan,Philosophy,topics.subfield.id:https://openalex.org/subfields/1211,1990,1737,"{""2026"": 109}"
TW,Taiwan,Linguistics,topics.subfield.id:https://openalex.org/subfields/1203|https://openalex.org/subfields/3310,1990,4942,"{""2025"": 339}"
TW,Taiwan,Anthropology,topics.subfield.id:https://openalex.org/subfields/3314,1990,1157,"{""2021"": 81}"
TW,Taiwan,Archaeology,concepts.id:https://openalex.org/C166957645,1990,26944,"{""2022"": 1842}"
TW,Taiwan,Evolutionary Biology,topics.subfield.id:https://openalex.org/subfields/1105,1990,7474,"{""2026"": 602}"
TW,Taiwan,Botany,concepts.id:https://openalex.org/C59822182,1990,25538,"{""2022"": 1493}"
TW,Taiwan,Tropical,concepts.id:https://openalex.org/C185032368,1990,129,"{""2025"": 17}"
TW,Taiwan,Mining,concepts.id:https://openalex.org/C16674752,1990,454,"{""2025"": 45}"
TW,Taiwan,Materials Science,topics.field.id:https://openalex.org/fields/25,1990,143293,"{""2025"": 6520}"
TW,Taiwan,Computer Science,topics.field.id:https://openalex.org/fields/17,1990,182110,"{""2025"": 8717}"
TW,Taiwan,Physics and Astronomy,topics.field.id:https://openalex.org/fields/31,1990,94632,"{""2011"": 4013}"
TW,Taiwan,Mathematics,topics.field.id:https://openalex.org/fields/26,1990,29457,"{""2021"": 1777}"
TW,Taiwan,Chemistry,topics.field.id:https://openalex.org/fields/16,1990,55703,"{""2017"": 2277}"
TW,Taiwan,Engineering,topics.field.id:https://openalex.org/fields/22,1990,396325,"{""2025"": 18281}"
TZ,Tanzania,History,topics.subfield.id:https://openalex.org/subfields/1202,1990,133,"{""2026"": 36}"
TZ,Tanzania,Political Science,topics.subfield.id:https://openalex.org/subfields/3320,1990,2064,"{""2026"": 325}"
TZ,Tanzania,Law,topics.subfield.id:https://openalex.org/subfields/3308,1990,467,"{""2025"": 83}"
TZ,Tanzania,Philosophy,topics.subfield.id:https://openalex.org/subfields/1211,1990,230,"{""2023"": 27}"
TZ,Tanzania,Linguistics,topics.subfield.id:https://openalex.org/subfields/1203|https://openalex.org/subfields/3310,1990,705,"{""2025"": 114}"
TZ,Tanzania,Anthropology,topics.subfield.id:https://openalex.org/subfields/3314,1990,1469,"{""2025"": 179}"
TZ,Tanzania,Archaeology,concepts.id:https://openalex.org/C166957645,1990,6402,"{""2023"": 717}"
TZ,Tanzania,Evolutionary Biology,topics.subfield.id:https://openalex.org/subfields/1105,1990,2655,"{""2025"": 339}"
TZ,Tanzania,Botany,concepts.id:https://openalex.org/C59822182,1990,2433,"{""2025"": 185}"
TZ,Tanzania,Tropical,concepts.id:https://openalex.org/C185032368,1990,489,"{""2025"": 60}"
TZ,Tanzania,Mining,concepts.id:https://openalex.org/C16674752,1990,116,"{""2024"": 25}"
TZ,Tanzania,Materials Science,topics.field.id:https://openalex.org/fields/25,1990,1211,"{""2025"": 163}"
TZ,Tanzania,Computer Science,topics.field.id:https://openalex.org/fields/17,1990,5007,"{""2025"": 707}"
TZ,Tanzania,Physics and Astronomy,topics.field.id:https://openalex.org/fields/31,1990,450,"{""2025"": 65}"
TZ,Tanzania,Mathematics,topics.field.id:https://openalex.org/fields/26,1990,1401,"{""2025"": 156}"
TZ,Tanzania,Chemistry,topics.field.id:https://openalex.org/fields/16,1990,786,"{""2024"": 80}"
TZ,Tanzania,Engineering,topics.field.id:https://openalex.org/fields/22,1990,6753,"{""2025"": 815}"
UG,Uganda,History,topics.subfield.id:https://openalex.org/subfields/1202,1990,210,"{""2026"": 29}"
UG,Uganda,Political Science,topics.subfield.id:https://openalex.org/subfields/3320,1990,2084,"{""2025"": 288}"
UG,Uganda,Law,topics.subfield.id:https://openalex.org/subfields/3308,1990,452,"{""2025"": 79}"
UG,Uganda,Philosophy,topics.subfield.id:https://openalex.org/subfields/1211,1990,286,"{""2020"": 24}"
UG,Uganda,Linguistics,topics.subfield.id:https://openalex.org/subfields/1203|https://openalex.org/subfields/3310,1990,370,"{""2025"": 42}"
UG,Uganda,Anthropology,topics.subfield.id:https://openalex.org/subfields/3314,1990,752,"{""2025"": 99}"
UG,Uganda,Archaeology,concepts.id:https://openalex.org/C166957645,1990,5338,"{""2023"": 566}"
UG,Uganda,Evolutionary Biology,topics.subfield.id:https://openalex.org/subfields/1105,1990,2306,"{""2025"": 229}"
UG,Uganda,Botany,concepts.id:https://openalex.org/C59822182,1990,2663,"{""2025"": 291}"
UG,Uganda,Tropical,concepts.id:https://openalex.org/C185032368,1990,607,"{""2026"": 106}"
UG,Uganda,Mining,concepts.id:https://openalex.org/C16674752,1990,63,"{""2026"": 14}"
UG,Uganda,Materials Science,topics.field.id:https://openalex.org/fields/25,1990,813,"{""2026"": 193}"
UG,Uganda,Computer Science,topics.field.id:https://openalex.org/fields/17,1990,4408,"{""2025"": 658}"
UG,Uganda,Physics and Astronomy,topics.field.id:https://openalex.org/fields/31,1990,434,"{""2026"": 56}"
UG,Uganda,Mathematics,topics.field.id:https://openalex.org/fields/26,1990,1818,"{""2020"": 191}"
UG,Uganda,Chemistry,topics.field.id:https://openalex.org/fields/16,1990,561,"{""2025"": 85}"
UG,Uganda,Engineering,topics.field.id:https://openalex.org/fields/22,1990,5315,"{""2025"": 788}"
US,United States,History,topics.subfield.id:https://openalex.org/subfields/1202,1990,203275,"{""2017"": 8397}"
US,United States,Political Science,topics.subfield.id:https://openalex.org/subfields/3320,1990,642098,"{""2020"": 28178}"
US,United States,Law,topics.subfield.id:https://openalex.org/subfields/3308,1990,148104,"{""2012"": 6547}"
US,United States,Philosophy,topics.subfield.id:https://openalex.org/subfields/1211,1990,223901,"{""2022"": 10123}"
US,United States,Linguistics,topics.subfield.id:https://openalex.org/subfields/1203|https://openalex.org/subfields/3310,1990,135861,"{""2020"": 5956}"
US,United States,Anthropology,topics.subfield.id:https://openalex.org/subfields/3314,1990,176927,"{""2019"": 7703}"
US,United States,Archaeology,concepts.id:https://openalex.org/C166957645,1990,914208,"{""2020"": 48964}"
US,United States,Evolutionary Biology,topics.subfield.id:https://openalex.org/subfields/1105,1990,353385,"{""2008"": 20813}"
US,United States,Botany,concepts.id:https://openalex.org/C59822182,1990,519751,"{""2020"": 23093}"
US,United States,Tropical,concepts.id:https://openalex.org/C185032368,1990,3197,"{""2026"": 374}"
US,United States,Mining,concepts.id:https://openalex.org/C16674752,1990,20657,"{""2024"": 990}"
US,United States,Materials Science,topics.field.id:https://openalex.org/fields/25,1990,1433158,"{""2018"": 77795}"
US,United States,Computer Science,topics.field.id:https://openalex.org/fields/17,1990,2477133,"{""2025"": 117825}"
US,United States,Physics and Astronomy,topics.field.id:https://openalex.org/fields/31,1990,2079188,"{""2023"": 148324}"
US,United States,Mathematics,topics.field.id:https://openalex.org/fields/26,1990,674096,"{""2020"": 32005}"
US,United States,Chemistry,topics.field.id:https://openalex.org/fields/16,1990,916451,"{""2022"": 31080}"
US,United States,Engineering,topics.field.id:https://openalex.org/fields/22,1990,4574419,"{""2020"": 201746}"
VC,St. Vincent & Grenadines,History,topics.subfield.id:https://openalex.org/subfields/1202,1990,0,{}
VC,St. Vincent & Grenadines,Political Science,topics.subfield.id:https://openalex.org/subfields/3320,1990,1,"{""2022"": 1}"
VC,St. Vincent & Grenadines,Law,topics.subfield.id:https://openalex.org/subfields/3308,1990,1,"{""2011"": 1}"
VC,St. Vincent & Grenadines,Philosophy,topics.subfield.id:https://openalex.org/subfields/1211,1990,0,{}
VC,St. Vincent & Grenadines,Linguistics,topics.subfield.id:https://openalex.org/subfields/1203|https://openalex.org/subfields/3310,1990,0,{}
VC,St. Vincent & Grenadines,Anthropology,topics.subfield.id:https://openalex.org/subfields/3314,1990,0,{}
VC,St. Vincent & Grenadines,Archaeology,concepts.id:https://openalex.org/C166957645,1990,2,"{""2019"": 1}"
VC,St. Vincent & Grenadines,Evolutionary Biology,topics.subfield.id:https://openalex.org/subfields/1105,1990,0,{}
VC,St. Vincent & Grenadines,Botany,concepts.id:https://openalex.org/C59822182,1990,1,"{""2024"": 1}"
VC,St. Vincent & Grenadines,Tropical,concepts.id:https://openalex.org/C185032368,1990,0,{}
VC,St. Vincent & Grenadines,Mining,concepts.id:https://openalex.org/C16674752,1990,0,{}
VC,St. Vincent & Grenadines,Materials Science,topics.field.id:https://openalex.org/fields/25,1990,1,"{""2018"": 1}"
VC,St. Vincent & Grenadines,Computer Science,topics.field.id:https://openalex.org/fields/17,1990,5,"{""2025"": 3}"
VC,St. Vincent & Grenadines,Physics and Astronomy,topics.field.id:https://openalex.org/fields/31,1990,2,"{""2013"": 1}"
VC,St. Vincent & Grenadines,Mathematics,topics.field.id:https://openalex.org/fields/26,1990,0,{}
VC,St. Vincent & Grenadines,Chemistry,topics.field.id:https://openalex.org/fields/16,1990,1,"{""2018"": 1}"
VC,St. Vincent & Grenadines,Engineering,topics.field.id:https://openalex.org/fields/22,1990,11,"{""2026"": 5}"
VE,Venezuela,History,topics.subfield.id:https://openalex.org/subfields/1202,1990,1034,"{""2026"": 73}"
VE,Venezuela,Political Science,topics.subfield.id:https://openalex.org/subfields/3320,1990,6462,"{""2011"": 310}"
VE,Venezuela,Law,topics.subfield.id:https://openalex.org/subfields/3308,1990,2870,"{""2021"": 224}"
VE,Venezuela,Philosophy,topics.subfield.id:https://openalex.org/subfields/1211,1990,1282,"{""2026"": 78}"
VE,Venezuela,Linguistics,topics.subfield.id:https://openalex.org/subfields/1203|https://openalex.org/subfields/3310,1990,2808,"{""2009"": 166}"
VE,Venezuela,Anthropology,topics.subfield.id:https://openalex.org/subfields/3314,1990,1022,"{""2026"": 92}"
VE,Venezuela,Archaeology,concepts.id:https://openalex.org/C166957645,1990,3128,"{""2020"": 199}"
VE,Venezuela,Evolutionary Biology,topics.subfield.id:https://openalex.org/subfields/1105,1990,2959,"{""2026"": 148}"
VE,Venezuela,Botany,concepts.id:https://openalex.org/C59822182,1990,4182,"{""2008"": 232}"
VE,Venezuela,Tropical,concepts.id:https://openalex.org/C185032368,1990,49,"{""2025"": 9}"
VE,Venezuela,Mining,concepts.id:https://openalex.org/C16674752,1990,97,"{""2001"": 11}"
VE,Venezuela,Materials Science,topics.field.id:https://openalex.org/fields/25,1990,5116,"{""2006"": 234}"
VE,Venezuela,Computer Science,topics.field.id:https://openalex.org/fields/17,1990,10535,"{""2026"": 647}"
VE,Venezuela,Physics and Astronomy,topics.field.id:https://openalex.org/fields/31,1990,4577,"{""2002"": 207}"
VE,Venezuela,Mathematics,topics.field.id:https://openalex.org/fields/26,1990,2800,"{""2011"": 128}"
VE,Venezuela,Chemistry,topics.field.id:https://openalex.org/fields/16,1990,4880,"{""2008"": 208}"
VE,Venezuela,Engineering,topics.field.id:https://openalex.org/fields/22,1990,13187,"{""2002"": 651}"
VG,British Virgin Islands,History,topics.subfield.id:https://openalex.org/subfields/1202,1990,0,{}
VG,British Virgin Islands,Political Science,topics.subfield.id:https://openalex.org/subfields/3320,1990,0,{}
VG,British Virgin Islands,Law,topics.subfield.id:https://openalex.org/subfields/3308,1990,0,{}
VG,British Virgin Islands,Philosophy,topics.subfield.id:https://openalex.org/subfields/1211,1990,0,{}
VG,British Virgin Islands,Linguistics,topics.subfield.id:https://openalex.org/subfields/1203|https://openalex.org/subfields/3310,1990,0,{}
VG,British Virgin Islands,Anthropology,topics.subfield.id:https://openalex.org/subfields/3314,1990,0,{}
VG,British Virgin Islands,Archaeology,concepts.id:https://openalex.org/C166957645,1990,12,"{""2007"": 2}"
VG,British Virgin Islands,Evolutionary Biology,topics.subfield.id:https://openalex.org/subfields/1105,1990,11,"{""2021"": 3}"
VG,British Virgin Islands,Botany,concepts.id:https://openalex.org/C59822182,1990,6,"{""2013"": 2}"
VG,British Virgin Islands,Tropical,concepts.id:https://openalex.org/C185032368,1990,0,{}
VG,British Virgin Islands,Mining,concepts.id:https://openalex.org/C16674752,1990,12,"{""2008"": 2}"
VG,British Virgin Islands,Materials Science,topics.field.id:https://openalex.org/fields/25,1990,4,"{""2023"": 2}"
VG,British Virgin Islands,Computer Science,topics.field.id:https://openalex.org/fields/17,1990,38,"{""2010"": 7}"
VG,British Virgin Islands,Physics and Astronomy,topics.field.id:https://openalex.org/fields/31,1990,16,"{""2002"": 2}"
VG,British Virgin Islands,Mathematics,topics.field.id:https://openalex.org/fields/26,1990,6,"{""2008"": 2}"
VG,British Virgin Islands,Chemistry,topics.field.id:https://openalex.org/fields/16,1990,7,"{""2001"": 2}"
VG,British Virgin Islands,Engineering,topics.field.id:https://openalex.org/fields/22,1990,233,"{""2011"": 22}"
VI,US Virgin Islands,History,topics.subfield.id:https://openalex.org/subfields/1202,1990,3,"{""1997"": 1}"
VI,US Virgin Islands,Political Science,topics.subfield.id:https://openalex.org/subfields/3320,1990,3,"{""2004"": 1}"
VI,US Virgin Islands,Law,topics.subfield.id:https://openalex.org/subfields/3308,1990,0,{}
VI,US Virgin Islands,Philosophy,topics.subfield.id:https://openalex.org/subfields/1211,1990,2,"{""2005"": 1}"
VI,US Virgin Islands,Linguistics,topics.subfield.id:https://openalex.org/subfields/1203|https://openalex.org/subfields/3310,1990,4,"{""2012"": 1}"
VI,US Virgin Islands,Anthropology,topics.subfield.id:https://openalex.org/subfields/3314,1990,6,"{""1993"": 1}"
VI,US Virgin Islands,Archaeology,concepts.id:https://openalex.org/C166957645,1990,102,"{""2014"": 20}"
VI,US Virgin Islands,Evolutionary Biology,topics.subfield.id:https://openalex.org/subfields/1105,1990,41,"{""2008"": 5}"
VI,US Virgin Islands,Botany,concepts.id:https://openalex.org/C59822182,1990,65,"{""2014"": 16}"
VI,US Virgin Islands,Tropical,concepts.id:https://openalex.org/C185032368,1990,0,{}
VI,US Virgin Islands,Mining,concepts.id:https://openalex.org/C16674752,1990,0,{}
VI,US Virgin Islands,Materials Science,topics.field.id:https://openalex.org/fields/25,1990,13,"{""2026"": 2}"
VI,US Virgin Islands,Computer Science,topics.field.id:https://openalex.org/fields/17,1990,71,"{""2006"": 10}"
VI,US Virgin Islands,Physics and Astronomy,topics.field.id:https://openalex.org/fields/31,1990,103,"{""2017"": 13}"
VI,US Virgin Islands,Mathematics,topics.field.id:https://openalex.org/fields/26,1990,32,"{""2022"": 4}"
VI,US Virgin Islands,Chemistry,topics.field.id:https://openalex.org/fields/16,1990,19,"{""2015"": 3}"
VI,US Virgin Islands,Engineering,topics.field.id:https://openalex.org/fields/22,1990,94,"{""2024"": 9}"
VN,Vietnam,History,topics.subfield.id:https://openalex.org/subfields/1202,1990,152,"{""2026"": 40}"
VN,Vietnam,Political Science,topics.subfield.id:https://openalex.org/subfields/3320,1990,4593,"{""2026"": 1116}"
VN,Vietnam,Law,topics.subfield.id:https://openalex.org/subfields/3308,1990,698,"{""2026"": 145}"
VN,Vietnam,Philosophy,topics.subfield.id:https://openalex.org/subfields/1211,1990,402,"{""2026"": 58}"
VN,Vietnam,Linguistics,topics.subfield.id:https://openalex.org/subfields/1203|https://openalex.org/subfields/3310,1990,3499,"{""2026"": 747}"
VN,Vietnam,Anthropology,topics.subfield.id:https://openalex.org/subfields/3314,1990,416,"{""2025"": 59}"
VN,Vietnam,Archaeology,concepts.id:https://openalex.org/C166957645,1990,14567,"{""2023"": 2001}"
VN,Vietnam,Evolutionary Biology,topics.subfield.id:https://openalex.org/subfields/1105,1990,7658,"{""2026"": 1324}"
VN,Vietnam,Botany,concepts.id:https://openalex.org/C59822182,1990,13205,"{""2025"": 1362}"
VN,Vietnam,Tropical,concepts.id:https://openalex.org/C185032368,1990,138,"{""2026"": 20}"
VN,Vietnam,Mining,concepts.id:https://openalex.org/C16674752,1990,712,"{""2021"": 98}"
VN,Vietnam,Materials Science,topics.field.id:https://openalex.org/fields/25,1990,28124,"{""2025"": 3264}"
VN,Vietnam,Computer Science,topics.field.id:https://openalex.org/fields/17,1990,44952,"{""2025"": 6061}"
VN,Vietnam,Physics and Astronomy,topics.field.id:https://openalex.org/fields/31,1990,11689,"{""2020"": 1058}"
VN,Vietnam,Mathematics,topics.field.id:https://openalex.org/fields/26,1990,12412,"{""2020"": 1261}"
VN,Vietnam,Chemistry,topics.field.id:https://openalex.org/fields/16,1990,11001,"{""2025"": 1231}"
VN,Vietnam,Engineering,topics.field.id:https://openalex.org/fields/22,1990,88760,"{""2025"": 12036}"
VU,Vanuatu,History,topics.subfield.id:https://openalex.org/subfields/1202,1990,2,"{""2020"": 1}"
VU,Vanuatu,Political Science,topics.subfield.id:https://openalex.org/subfields/3320,1990,12,"{""2021"": 3}"
VU,Vanuatu,Law,topics.subfield.id:https://openalex.org/subfields/3308,1990,2,"{""1997"": 1}"
VU,Vanuatu,Philosophy,topics.subfield.id:https://openalex.org/subfields/1211,1990,0,{}
VU,Vanuatu,Linguistics,topics.subfield.id:https://openalex.org/subfields/1203|https://openalex.org/subfields/3310,1990,7,"{""1992"": 1}"
VU,Vanuatu,Anthropology,topics.subfield.id:https://openalex.org/subfields/3314,1990,20,"{""2026"": 5}"
VU,Vanuatu,Archaeology,concepts.id:https://openalex.org/C166957645,1990,54,"{""2019"": 8}"
VU,Vanuatu,Evolutionary Biology,topics.subfield.id:https://openalex.org/subfields/1105,1990,2,"{""2022"": 1}"
VU,Vanuatu,Botany,concepts.id:https://openalex.org/C59822182,1990,2,"{""2020"": 1}"
VU,Vanuatu,Tropical,concepts.id:https://openalex.org/C185032368,1990,0,{}
VU,Vanuatu,Mining,concepts.id:https://openalex.org/C16674752,1990,0,{}
VU,Vanuatu,Materials Science,topics.field.id:https://openalex.org/fields/25,1990,0,{}
VU,Vanuatu,Computer Science,topics.field.id:https://openalex.org/fields/17,1990,6,"{""2020"": 2}"
VU,Vanuatu,Physics and Astronomy,topics.field.id:https://openalex.org/fields/31,1990,1,"{""2023"": 1}"
VU,Vanuatu,Mathematics,topics.field.id:https://openalex.org/fields/26,1990,0,{}
VU,Vanuatu,Chemistry,topics.field.id:https://openalex.org/fields/16,1990,5,"{""2024"": 3}"
VU,Vanuatu,Engineering,topics.field.id:https://openalex.org/fields/22,1990,4,"{""2021"": 2}"
WF,Wallis & Futuna,History,topics.subfield.id:https://openalex.org/subfields/1202,1990,0,{}
WF,Wallis & Futuna,Political Science,topics.subfield.id:https://openalex.org/subfields/3320,1990,0,{}
WF,Wallis & Futuna,Law,topics.subfield.id:https://openalex.org/subfields/3308,1990,0,{}
WF,Wallis & Futuna,Philosophy,topics.subfield.id:https://openalex.org/subfields/1211,1990,0,{}
WF,Wallis & Futuna,Linguistics,topics.subfield.id:https://openalex.org/subfields/1203|https://openalex.org/subfields/3310,1990,0,{}
WF,Wallis & Futuna,Anthropology,topics.subfield.id:https://openalex.org/subfields/3314,1990,0,{}
WF,Wallis & Futuna,Archaeology,concepts.id:https://openalex.org/C166957645,1990,0,{}
WF,Wallis & Futuna,Evolutionary Biology,topics.subfield.id:https://openalex.org/subfields/1105,1990,0,{}
WF,Wallis & Futuna,Botany,concepts.id:https://openalex.org/C59822182,1990,0,{}
WF,Wallis & Futuna,Tropical,concepts.id:https://openalex.org/C185032368,1990,0,{}
WF,Wallis & Futuna,Mining,concepts.id:https://openalex.org/C16674752,1990,0,{}
WF,Wallis & Futuna,Materials Science,topics.field.id:https://openalex.org/fields/25,1990,0,{}
WF,Wallis & Futuna,Computer Science,topics.field.id:https://openalex.org/fields/17,1990,0,{}
WF,Wallis & Futuna,Physics and Astronomy,topics.field.id:https://openalex.org/fields/31,1990,0,{}
WF,Wallis & Futuna,Mathematics,topics.field.id:https://openalex.org/fields/26,1990,0,{}
WF,Wallis & Futuna,Chemistry,topics.field.id:https://openalex.org/fields/16,1990,0,{}
WF,Wallis & Futuna,Engineering,topics.field.id:https://openalex.org/fields/22,1990,0,{}
WS,Samoa,History,topics.subfield.id:https://openalex.org/subfields/1202,1990,4,"{""2024"": 2}"
WS,Samoa,Political Science,topics.subfield.id:https://openalex.org/subfields/3320,1990,19,"{""2023"": 5}"
WS,Samoa,Law,topics.subfield.id:https://openalex.org/subfields/3308,1990,2,"{""2014"": 1}"
WS,Samoa,Philosophy,topics.subfield.id:https://openalex.org/subfields/1211,1990,3,"{""2005"": 1}"
WS,Samoa,Linguistics,topics.subfield.id:https://openalex.org/subfields/1203|https://openalex.org/subfields/3310,1990,7,"{""2022"": 2}"
WS,Samoa,Anthropology,topics.subfield.id:https://openalex.org/subfields/3314,1990,8,"{""2022"": 3}"
WS,Samoa,Archaeology,concepts.id:https://openalex.org/C166957645,1990,122,"{""2021"": 13}"
WS,Samoa,Evolutionary Biology,topics.subfield.id:https://openalex.org/subfields/1105,1990,38,"{""2011"": 4}"
WS,Samoa,Botany,concepts.id:https://openalex.org/C59822182,1990,82,"{""2021"": 9}"
WS,Samoa,Tropical,concepts.id:https://openalex.org/C185032368,1990,2,"{""2016"": 1}"
WS,Samoa,Mining,concepts.id:https://openalex.org/C16674752,1990,2,"{""2016"": 1}"
WS,Samoa,Materials Science,topics.field.id:https://openalex.org/fields/25,1990,11,"{""2007"": 3}"
WS,Samoa,Computer Science,topics.field.id:https://openalex.org/fields/17,1990,50,"{""2022"": 6}"
WS,Samoa,Physics and Astronomy,topics.field.id:https://openalex.org/fields/31,1990,6,"{""2009"": 1}"
WS,Samoa,Mathematics,topics.field.id:https://openalex.org/fields/26,1990,13,"{""2014"": 2}"
WS,Samoa,Chemistry,topics.field.id:https://openalex.org/fields/16,1990,8,"{""2020"": 3}"
WS,Samoa,Engineering,topics.field.id:https://openalex.org/fields/22,1990,41,"{""2010"": 6}"
YE,Yemen,History,topics.subfield.id:https://openalex.org/subfields/1202,1990,28,"{""2025"": 6}"
YE,Yemen,Political Science,topics.subfield.id:https://openalex.org/subfields/3320,1990,483,"{""2025"": 78}"
YE,Yemen,Law,topics.subfield.id:https://openalex.org/subfields/3308,1990,80,"{""2024"": 18}"
YE,Yemen,Philosophy,topics.subfield.id:https://openalex.org/subfields/1211,1990,92,"{""2025"": 12}"
YE,Yemen,Linguistics,topics.subfield.id:https://openalex.org/subfields/1203|https://openalex.org/subfields/3310,1990,538,"{""2025"": 96}"
YE,Yemen,Anthropology,topics.subfield.id:https://openalex.org/subfields/3314,1990,77,"{""2025"": 11}"
YE,Yemen,Archaeology,concepts.id:https://openalex.org/C166957645,1990,806,"{""2024"": 123}"
YE,Yemen,Evolutionary Biology,topics.subfield.id:https://openalex.org/subfields/1105,1990,261,"{""2022"": 26}"
YE,Yemen,Botany,concepts.id:https://openalex.org/C59822182,1990,943,"{""2023"": 112}"
YE,Yemen,Tropical,concepts.id:https://openalex.org/C185032368,1990,65,"{""2026"": 19}"
YE,Yemen,Mining,concepts.id:https://openalex.org/C16674752,1990,39,"{""2020"": 6}"
YE,Yemen,Materials Science,topics.field.id:https://openalex.org/fields/25,1990,2422,"{""2023"": 275}"
YE,Yemen,Computer Science,topics.field.id:https://openalex.org/fields/17,1990,4605,"{""2025"": 614}"
YE,Yemen,Physics and Astronomy,topics.field.id:https://openalex.org/fields/31,1990,1041,"{""2025"": 130}"
YE,Yemen,Mathematics,topics.field.id:https://openalex.org/fields/26,1990,1919,"{""2021"": 273}"
YE,Yemen,Chemistry,topics.field.id:https://openalex.org/fields/16,1990,1540,"{""2021"": 164}"
YE,Yemen,Engineering,topics.field.id:https://openalex.org/fields/22,1990,7920,"{""2025"": 1148}"
YT,Mayotte,History,topics.subfield.id:https://openalex.org/subfields/1202,1990,5,"{""2013"": 1}"
YT,Mayotte,Political Science,topics.subfield.id:https://openalex.org/subfields/3320,1990,18,"{""2023"": 5}"
YT,Mayotte,Law,topics.subfield.id:https://openalex.org/subfields/3308,1990,0,{}
YT,Mayotte,Philosophy,topics.subfield.id:https://openalex.org/subfields/1211,1990,11,"{""2022"": 3}"
YT,Mayotte,Linguistics,topics.subfield.id:https://openalex.org/subfields/1203|https://openalex.org/subfields/3310,1990,18,"{""2022"": 4}"
YT,Mayotte,Anthropology,topics.subfield.id:https://openalex.org/subfields/3314,1990,17,"{""2011"": 3}"
YT,Mayotte,Archaeology,concepts.id:https://openalex.org/C166957645,1990,6,"{""2020"": 2}"
YT,Mayotte,Evolutionary Biology,topics.subfield.id:https://openalex.org/subfields/1105,1990,6,"{""2021"": 2}"
YT,Mayotte,Botany,concepts.id:https://openalex.org/C59822182,1990,3,"{""2017"": 1}"
YT,Mayotte,Tropical,concepts.id:https://openalex.org/C185032368,1990,0,{}
YT,Mayotte,Mining,concepts.id:https://openalex.org/C16674752,1990,0,{}
YT,Mayotte,Materials Science,topics.field.id:https://openalex.org/fields/25,1990,1,"{""2023"": 1}"
YT,Mayotte,Computer Science,topics.field.id:https://openalex.org/fields/17,1990,9,"{""2022"": 2}"
YT,Mayotte,Physics and Astronomy,topics.field.id:https://openalex.org/fields/31,1990,2,"{""2013"": 1}"
YT,Mayotte,Mathematics,topics.field.id:https://openalex.org/fields/26,1990,6,"{""2014"": 1}"
YT,Mayotte,Chemistry,topics.field.id:https://openalex.org/fields/16,1990,0,{}
YT,Mayotte,Engineering,topics.field.id:https://openalex.org/fields/22,1990,3,"{""2013"": 1}"
ZA,South Africa,History,topics.subfield.id:https://openalex.org/subfields/1202,1990,4672,"{""2017"": 271}"
ZA,South Africa,Political Science,topics.subfield.id:https://openalex.org/subfields/3320,1990,24722,"{""2025"": 2081}"
ZA,South Africa,Law,topics.subfield.id:https://openalex.org/subfields/3308,1990,20124,"{""2014"": 1324}"
ZA,South Africa,Philosophy,topics.subfield.id:https://openalex.org/subfields/1211,1990,7910,"{""2013"": 462}"
ZA,South Africa,Linguistics,topics.subfield.id:https://openalex.org/subfields/1203|https://openalex.org/subfields/3310,1990,10936,"{""2025"": 680}"
ZA,South Africa,Anthropology,topics.subfield.id:https://openalex.org/subfields/3314,1990,15128,"{""2023"": 890}"
ZA,South Africa,Archaeology,concepts.id:https://openalex.org/C166957645,1990,64959,"{""2021"": 4748}"
ZA,South Africa,Evolutionary Biology,topics.subfield.id:https://openalex.org/subfields/1105,1990,24178,"{""2026"": 1805}"
ZA,South Africa,Botany,concepts.id:https://openalex.org/C59822182,1990,44009,"{""2026"": 16616}"
ZA,South Africa,Tropical,concepts.id:https://openalex.org/C185032368,1990,518,"{""2025"": 65}"
ZA,South Africa,Mining,concepts.id:https://openalex.org/C16674752,1990,2299,"{""2025"": 182}"
ZA,South Africa,Materials Science,topics.field.id:https://openalex.org/fields/25,1990,35632,"{""2025"": 2614}"
ZA,South Africa,Computer Science,topics.field.id:https://openalex.org/fields/17,1990,54355,"{""2025"": 4839}"
ZA,South Africa,Physics and Astronomy,topics.field.id:https://openalex.org/fields/31,1990,34015,"{""2021"": 1843}"
ZA,South Africa,Mathematics,topics.field.id:https://openalex.org/fields/26,1990,19494,"{""2021"": 1519}"
ZA,South Africa,Chemistry,topics.field.id:https://openalex.org/fields/16,1990,24772,"{""2020"": 1385}"
ZA,South Africa,Engineering,topics.field.id:https://openalex.org/fields/22,1990,107765,"{""2025"": 8271}"
ZM,Zambia,History,topics.subfield.id:https://openalex.org/subfields/1202,1990,87,"{""2026"": 38}"
ZM,Zambia,Political Science,topics.subfield.id:https://openalex.org/subfields/3320,1990,627,"{""2026"": 159}"
ZM,Zambia,Law,topics.subfield.id:https://openalex.org/subfields/3308,1990,170,"{""2026"": 21}"
ZM,Zambia,Philosophy,topics.subfield.id:https://openalex.org/subfields/1211,1990,81,"{""2025"": 8}"
ZM,Zambia,Linguistics,topics.subfield.id:https://openalex.org/subfields/1203|https://openalex.org/subfields/3310,1990,205,"{""2024"": 26}"
ZM,Zambia,Anthropology,topics.subfield.id:https://openalex.org/subfields/3314,1990,229,"{""2026"": 60}"
ZM,Zambia,Archaeology,concepts.id:https://openalex.org/C166957645,1990,1657,"{""2023"": 324}"
ZM,Zambia,Evolutionary Biology,topics.subfield.id:https://openalex.org/subfields/1105,1990,1216,"{""2023"": 616}"
ZM,Zambia,Botany,concepts.id:https://openalex.org/C59822182,1990,1083,"{""2023"": 645}"
ZM,Zambia,Tropical,concepts.id:https://openalex.org/C185032368,1990,150,"{""2025"": 22}"
ZM,Zambia,Mining,concepts.id:https://openalex.org/C16674752,1990,130,"{""2024"": 23}"
ZM,Zambia,Materials Science,topics.field.id:https://openalex.org/fields/25,1990,368,"{""2023"": 47}"
ZM,Zambia,Computer Science,topics.field.id:https://openalex.org/fields/17,1990,1676,"{""2026"": 296}"
ZM,Zambia,Physics and Astronomy,topics.field.id:https://openalex.org/fields/31,1990,228,"{""2024"": 25}"
ZM,Zambia,Mathematics,topics.field.id:https://openalex.org/fields/26,1990,462,"{""2022"": 59}"
ZM,Zambia,Chemistry,topics.field.id:https://openalex.org/fields/16,1990,201,"{""2024"": 25}"
ZM,Zambia,Engineering,topics.field.id:https://openalex.org/fields/22,1990,2249,"{""2025"": 250}"
ZW,Zimbabwe,History,topics.subfield.id:https://openalex.org/subfields/1202,1990,118,"{""2025"": 18}"
ZW,Zimbabwe,Political Science,topics.subfield.id:https://openalex.org/subfields/3320,1990,1087,"{""2025"": 145}"
ZW,Zimbabwe,Law,topics.subfield.id:https://openalex.org/subfields/3308,1990,342,"{""2025"": 35}"
ZW,Zimbabwe,Philosophy,topics.subfield.id:https://openalex.org/subfields/1211,1990,125,"{""2026"": 14}"
ZW,Zimbabwe,Linguistics,topics.subfield.id:https://openalex.org/subfields/1203|https://openalex.org/subfields/3310,1990,465,"{""2011"": 52}"
ZW,Zimbabwe,Anthropology,topics.subfield.id:https://openalex.org/subfields/3314,1990,1019,"{""2023"": 100}"
ZW,Zimbabwe,Archaeology,concepts.id:https://openalex.org/C166957645,1990,3616,"{""2023"": 392}"
ZW,Zimbabwe,Evolutionary Biology,topics.subfield.id:https://openalex.org/subfields/1105,1990,1132,"{""2026"": 129}"
ZW,Zimbabwe,Botany,concepts.id:https://openalex.org/C59822182,1990,997,"{""2020"": 61}"
ZW,Zimbabwe,Tropical,concepts.id:https://openalex.org/C185032368,1990,54,"{""2019"": 8}"
ZW,Zimbabwe,Mining,concepts.id:https://openalex.org/C16674752,1990,96,"{""2025"": 13}"
ZW,Zimbabwe,Materials Science,topics.field.id:https://openalex.org/fields/25,1990,716,"{""2025"": 67}"
ZW,Zimbabwe,Computer Science,topics.field.id:https://openalex.org/fields/17,1990,2220,"{""2025"": 281}"
ZW,Zimbabwe,Physics and Astronomy,topics.field.id:https://openalex.org/fields/31,1990,286,"{""2026"": 33}"
ZW,Zimbabwe,Mathematics,topics.field.id:https://openalex.org/fields/26,1990,625,"{""2020"": 66}"
ZW,Zimbabwe,Chemistry,topics.field.id:https://openalex.org/fields/16,1990,429,"{""2025"": 37}"
ZW,Zimbabwe,Engineering,topics.field.id:https://openalex.org/fields/22,1990,3311,"{""2025"": 362}"
