doi,orig_year,stratum,subject,country,bucket,n_reasons,matched,work_id,oa_title,oa_year,year_match,rw_title,title_match
10.1002/14651858.CD003022,2001,2000-04,(HSC) Medicine - General;(HSC) Medicine - Rehabilitation/Therapy;(SOC) Psychology;,Thailand,NON_E1,1,true,https://openalex.org/W2114846280,Treatment for amphetamine dependence and abuse,2001,true,Treatment for amphetamine dependence and abuse,exact
10.1016/S0925-4927(00)00073-1,2000,2000-04,(BLS) Neuroscience;(HSC) Medicine - Neurology;(HSC) Medicine - Psychiatry;,Australia,NON_E1,2,true,https://openalex.org/W2159222304,Regional cerebral blood flow changes in drug-resistant depressed patients following treatment with transcranial magnetic stimulation: a statistical parametric mapping analysis,2000,true,Regional cerebral blood flow changes in drug-resistant depressed patients following treatment with transcranial magnetic stimulation: a statistical parametric mapping analysis,exact
10.1177/014616720026200,2000,2000-04,(SOC) Education;(SOC) Psychology;,United States,E1_CANDIDATE,4,false,,,,false,Why did I get a 'D'? The effects of social comparisons on women's attributions to discrimination,
10.1007/BF03018364,2003,2000-04,(BLS) Biology - Molecular;(HSC) Medicine - Anesthesia/Anaesthesia;(HSC) Medicine - Cardiovascular;(HSC) Medicine - Internal;(HSC) Medicine - Surgery;,Germany,E1_CANDIDATE,6,true,https://openalex.org/W2602374281,RETRACTED ARTICLE: Volume replacement with HES 130/0.4 may reduce the inflammatory response in patients undergoing major abdominal surgery,2003,true,Volume Replacement with HES 130/0.4 May Reduce the Inflammatory Response in Patients Undergoing Major Abdominal Surgery,no
10.1042/CS20030389,2004,2000-04,(BLS) Biology - Cellular;(HSC) Medicine - Cardiology;,China,UNDECIDED,2,true,https://openalex.org/W2080836044,Number and activity of endothelial progenitor cells from peripheral blood in patients with hypercholesterolaemia,2004,true,Number and Activity of Endothelial Progenitor Cells from Peripheral Blood in Patients with Hypercholesterolaemia,exact
10.1113/jphysiol.2004.064816,2004,2000-04,(BLS) Biochemistry;(BLS) Biology - Molecular;(BLS) Neuroscience;,United States,E1_CANDIDATE,5,true,https://openalex.org/W2155052320,Retracted: Serotonin and cholecystokinin synergistically stimulate rat vagal primary afferent neurones,2004,true,Serotonin and cholecystokinin synergistically stimulate rat vagal primary afferent neurons,no
10.4049/jimmunol.170.3.1566,2003,2000-04,(BLS) Biology - Cellular;(HSC) Medicine - Immunology;,United States,NON_E1,2,true,https://openalex.org/W4206561823,Induction of Apoptosis by HIV-1-Infected Monocytic Cells,2003,true,Induction of Apoptosis by HIV-1-Infected Monocytic Cells,exact
10.1111/j.1471-4159.2008.05353.x,2008,2005-09,(BLS) Anatomy/Physiology;(BLS) Biology - Cellular;(BLS) Biology - General;(BLS) Biology - Molecular;(BLS) Neuroscience;,Japan,E1_CANDIDATE,4,true,https://openalex.org/W1555940993,THIS ARTICLE HAS BEEN RETRACTED: Toll‐like receptor 3 contributes to spinal glial activation and tactile allodynia after nerve injury,2008,true,Toll-like Receptor 3 Contributes to Spinal Glial Activation and Tactile Allodynia After Nerve Injury,no
10.1117/12.836820,2009,2005-09,(B/T) Technology;,China,UNDECIDED,2,true,https://openalex.org/W1995738985,A development of the lookaside buffer with Dido (Withdrawal Notice),2009,true,A development of the lookaside buffer with Dido,prefix40
10.1016/j.autcon.2009.03.002,2009,2005-09,(PHY) Engineering - General;,South Korea;United States,NON_E1,2,true,https://openalex.org/W2056255803,RETRACTED: Development of automated change order impact detection and quantification system,2009,true,Development of automated change order impact detection and quantification system,no
10.1016/j.jhazmat.2005.08.036,2005,2005-09,(PHY) Materials Science;(PHY) Physics;,China,E1_CANDIDATE,2,true,https://openalex.org/W1964261987,RETRACTED: Solubilization of DNAPLs by mixed surfactant: Synergism and solubilization capacity,2005,true,Solubilization of DNAPLs by mixed surfactant: Synergism and solubilization capacity,no
10.1524/9783486834062.xii,2005,2005-09,(B/T) Business - General;,Unknown,NON_E1,3,true,https://openalex.org/W3142920907,Retracted: Vorwort zur zweiten Auflage,2005,true,Vorwort zur zweiten Auflage,no
10.1109/APPEEC.2009.4918828,2009,2005-09,(B/T) Business - Economics;(B/T) Technology;(PHY) Engineering - Electrical;,China,UNDECIDED,3,true,https://openalex.org/W1550145116,Notice of Retraction: Study on Optimized-select Model of Investment Decision in the Electric Project Based on Grey Comprehensive Related Degree,2009,true,Study on Optimized-select Model of Investment Decision in the Electric Project Based on Grey Comprehensive Related Degree,no
10.1109/ICMSS.2009.5303294,2009,2005-09,(B/T) Business - Economics;(PHY) Statistics;,China,UNDECIDED,3,true,https://openalex.org/W1559440798,Notice of Retraction: Fusion Algorithms of Membership Based on Data-Mining,2009,true,Fusion algorithms of membership based on data-mining,no
10.1016/S1016-3190(08)60019-1,2008,2005-09,(HSC) Medicine - Urology/Nephrology;,Taiwan;United States,E1_CANDIDATE,1,true,https://openalex.org/W2033501942,Neurotoxin Versus Neuromodulation for the Treatment of Refractory Overactive Bladder Syndrome,2008,true,Neurotoxin Versus Neuromodulation for the Treatment of Refractory Overactive Bladder Syndrome,exact
10.1109/CAMP.2005.45,2005,2005-09,(B/T) Computer Science;(B/T) Technology;,Italy,E1_CANDIDATE,5,true,https://openalex.org/W2069810382,Notice of Violation of IEEE Publication Principles: Reinforcement learning for P2P searching,2005,true,Reinforcement learning for P2P searching,no
10.1109/IFITA.2009.362,2009,2005-09,(B/T) Computer Science;(B/T) Technology;(HSC) Public Health and Safety;,China,UNDECIDED,3,true,https://openalex.org/W1600221619,Notice of Retraction: Application of Grey Model in Fire Prediction,2009,true,Application of Grey Model in Fire Prediction,no
10.1107/S1600536807051008,2007,2005-09,(PHY) Chemistry;(PHY) Crystallography/Spectroscopy;,China,E1_CANDIDATE,3,true,https://openalex.org/W4206056808,"μ-Oxido-bis({4,4′-dibromo-2,2′-[ethane-1,2-diylbis(nitrilomethylidyne)]diphenolato}manganese(III))",2007,true,"[mu]-Oxido-bis­({4,4'-dibromo-2,2'-[ethane-1,2-diylbis(nitrilo­methyl­idyne)]­diphenol­ato}manganese(III))",no
10.1016/j.spl.2007.10.005,2007,2005-09,(PHY) Statistics;,Greece,UNDECIDED,2,true,https://openalex.org/W1972818383,RETRACTED: Tests for exponentiality against a non-parametric family of life distributions,2007,true,Tests for exponentiality against a non-parametric family of life distributions,no
10.1109/ICIECS.2009.5364392,2009,2005-09,(B/T) Business - General;(PHY) Engineering - Structural;,China,UNDECIDED,3,true,https://openalex.org/W1601618987,Notice of Retraction: Study of Entropy Weight Theory in EPC Owner Risk Decision,2009,true,Study of entropy weight theory in EPC owner risk decision,no
10.1007/s10517-007-0058-2,2006,2005-09,(BLS) Biology - Cellular;(BLS) Biology - Molecular;(BLS) Genetics;,Russia,UNDECIDED,1,true,https://openalex.org/W4255675224,RETRACTED ARTICLE: Genetic aberrations in tissue inhibitor of metalloproteinases-3 lead to manifestations of the myofibroblast phenotype in mouse fibroblasts and fibroblasts of patients with Sorsby fundus dystrophy,2007,false,Genetic Aberrations in Tissue Inhibitor of Metalloproteinases-3 Lead to Manifestations of the Myofibroblast Phenotye in Mouse Fibroblasts and Fibroblasts of Patients with Sorsby Fundus Dystrophy,no
10.1002/cncr.20924,2005,2005-09,(BLS) Biology - Cancer;(BLS) Biology - Cellular;(BLS) Genetics;,Italy,E1_CANDIDATE,3,true,https://openalex.org/W2026415594,Retracted: Tumor necrosis factor enhances SN38‐mediated apoptosis in mesothelioma cells,2005,true,Tumor Necrosis Factor Enhances SN38-mediated Apoptosis in Mesothelioma Cells: The Role of Nuclear Factor-kappaB Pathway Activation,no
10.1002/14651858.CD005054.pub2,2006,2005-09,(HSC) Medicine - Gastroenterology;(HSC) Medicine - Otorhinolaryngology;,Denmark;United Kingdom,NON_E1,1,true,https://openalex.org/W4289255920,Acid reflux treatment for hoarseness,2006,true,Acid reflux treatment for hoarseness (Pub 2),no
10.1371/journal.ppat.1000210,2008,2005-09,(BLS) Biology - Molecular;(BLS) Microbiology;(HSC) Medicine - Pathology;,United States,NON_E1,2,true,https://openalex.org/W2133472901,The Bicarbonate Transporter Is Essential for Bacillus anthracis Lethality,2008,true,The bicarbonate transporter is essential for Bacillus anthracis lethality,exact
10.1016/j.colsurfa.2006.09.041,2007,2005-09,(PHY) Chemistry;(PHY) Engineering - Chemical;,China,E1_CANDIDATE,3,true,https://openalex.org/W2004662464,RETRACTED: Micellar solubilization of TCE and PCE by mixed surfactant: Effects of surfactant partitioning and DNAPL mixing,2006,false,Micellar Solubilization of TCE and PCE by Mixed Surfactant: Effects of Surfactant Partitioning and DNAPL Mixing,no
10.1109/IFITA.2009.213,2009,2005-09,(B/T) Business - Economics;(SOC) Communications;,China,UNDECIDED,3,true,https://openalex.org/W1610847427,Notice of Retraction: The Scope & Agglomeration Economies of China's Provincial Information Industry,2009,true,The Scope & Agglomeration Economies of China's Provincial Information Industry,no
10.1107/S1600536807039050,2007,2005-09,(PHY) Chemistry;(PHY) Crystallography/Spectroscopy;,China,E1_CANDIDATE,3,true,https://openalex.org/W1989069344,"Poly[[[μ 4 -4,4′-carbonylbis(benzene-3,4-dicarboxylato)]tetrakis(1,10-phenanthroline)dipalladium(II)] dihydrate]",2007,true,"Poly[[[[mu]4-4,4'-carbonyl­bis(benzene-3,4-dicarboxyl­ato)]tetra­kis(1,10-phenanthroline)dipalladium(II)] dihydrate]",no
10.1055/s-0029-1214408,2008,2005-09,(BLS) Biology - General;(HSC) Medicine - Pediatrics;(HSC) Medicine - Surgery;(HSC) Medicine - Urology/Nephrology;,Egypt;Saudi Arabia,E1_CANDIDATE,2,true,https://openalex.org/W1992134678,Analysis of Five-year Experience with Tubularized Incised Plate Urethroplasty for Anterior and Mid Penile Hypospadias,2009,false,Analysis of Five-year Experience with Tubularized Incised Plate Urethroplasty for Anterior and Mid Penile Hypospadias,exact
10.1186/1758-5996-5-49,2013,2010-14,(BLS) Biology - General;(HSC) Medicine - Diabetes;(HSC) Medicine - Obstetrics/Gynecology;,Brazil,E1_CANDIDATE,2,true,https://openalex.org/W2151640774,Low birth weight: causes and consequences,2013,true,Low Birth Weight: Causes and Consequences,exact
10.1109/ICEBEG.2011.5884478,2011,2010-14,(B/T) Business - Accounting;(B/T) Business - Management;,China,UNDECIDED,3,true,https://openalex.org/W1605716020,Notice of Retraction: Empirical study on the correlation between the financial management structure and the performance of listed manufacturing companies,2011,true,Empirical study on the correlation between the financial management structure and the performance of listed manufacturing companies,no
10.1109/ESIAT.2010.5567403,2010,2010-14,(ENV) Environmental Sciences;(ENV) Ground/Surface Water;(PHY) Chemistry;,China,UNDECIDED,3,true,https://openalex.org/W1893224997,Notice of Retraction: Removal of nitrate and refractory organics simultaneous using combined heterotrophic/autotrophic denitrification,2010,true,Removal of nitrate and refractory organics simultaneous using combined heterotrophic/autotrophic denitrification,no
10.1016/j.energy.2013.06.056,2013,2010-14,(PHY) Energy;(PHY) Engineering - Electrical;,United Kingdom,E1_CANDIDATE,1,true,https://openalex.org/W2006780153,RETRACTED: The effects of using biodiesel on CI (compression ignition) engine and optimization of its production by using response surface methodology,2013,true,The effects of using biodiesel on CI (compression ignition) engine and optimization of its production by using response surface methodology,no
10.1016/j.neucom.2012.06.051,2013,2010-14,(B/T) Computer Science;,China,E1_CANDIDATE,2,true,https://openalex.org/W2084851223,RETRACTED: A modular neural network architecture with concept,2013,true,A Modular Neural Network Architecture with Concept,no
10.1109/icbbe.2011.5781657,2011,2010-14,(BLS) Agriculture;(ENV) Environmental Sciences;,China,UNDECIDED,3,true,https://openalex.org/W2283942025,Notice of Retraction: Study of Migration of Heavy Metals in Soil,2011,true,Study of migration of heavy metals in soil,no
10.1109/ICNC.2010.5583350,2010,2010-14,(B/T) Computer Science;(PHY) Materials Science;,China,UNDECIDED,3,true,https://openalex.org/W1546302734,Notice of Retraction: Superplasticity prediction and application of albronze based on artificial neural network,2010,true,Superplasticity prediction and application of albronze based on artificial neural network,no
10.1109/icbbe.2011.5781328,2011,2010-14,(PHY) Chemistry;,China,UNDECIDED,3,true,https://openalex.org/W1502429360,Notice of Retraction: Study on Released Limitation for Wood-Based Panel of Volatile Organic Compounds,2011,true,Study on Released Limitation for Wood-Based Panel of Volatile Organic Compounds,no
10.1186/1471-2202-12-31,2011,2010-14,(BLS) Biochemistry;(BLS) Biology - Cellular;(BLS) Genetics;(HSC) Medicine - Neurology;,Italy,E1_CANDIDATE,5,true,https://openalex.org/W2048872961,RETRACTED ARTICLE: MK801 attenuates secondary injury in a mouse experimental compression model of spinal cord trauma,2011,true,MK801 attenuates secondary injury in a mouse experimental compression model of spinal cord trauma,no
10.1109/AIMSEC.2011.6011380,2011,2010-14,(SOC) Education;,China,UNDECIDED,2,true,https://openalex.org/W2128708615,Notice of Retraction: Building of the college ideological and political education joint forces system based on four identifications,2011,true,Building of the college ideological and political education joint forces system based on four identifications,no
10.1109/icbbe.2011.5781610,2011,2010-14,(B/T) Urban Planning;,China,UNDECIDED,3,true,https://openalex.org/W2283896721,"Notice of Retraction: Treatment of Landfill Leachate by a Combined Process of Aged-Refuse Biofilter, Ozonation and Biofilm",2011,true,"Treatment of Landfill Leachate by a Combined Process of Aged-Refuse Biofilter, Ozonation and Biofilm",no
10.1021/ac502705n,2014,2010-14,(BLS) Biochemistry;(BLS) Genetics;(PHY) Materials Science;,France;Spain,UNDECIDED,4,true,https://openalex.org/W2318717965,Highly Sensitive Detection of DNA Hybridization on Commercialized Graphene-Coated Surface Plasmon Resonance Interfaces,2014,true,Highly Sensitive Detection of DNA Hybridization on Commercialized Graphene-Coated Surface Plasmon Resonance Interfaces,exact
10.1109/ICEBEG.2011.5881882,2011,2010-14,(B/T) Business - Economics;(B/T) Technology;,China,UNDECIDED,3,true,https://openalex.org/W1625692566,Notice of Retraction: The risk and prevention of SME e-commerce operation,2011,true,The risk and prevention of SME E-commerce operation,no
10.1371/journal.pntd.0001696,2012,2010-14,(BLS) Biology - Cellular;(BLS) Microbiology;(BLS) Parasitology;,Brazil;France,E1_CANDIDATE,6,true,https://openalex.org/W2070015058,"Oral Administration of GW788388, an Inhibitor of Transforming Growth Factor Beta Signaling, Prevents Heart Fibrosis in Chagas Disease",2012,true,"Oral Administration of GW788388, an Inhibitor of Transforming Growth Factor Beta Signaling, Prevents Heart Fibrosis in Chagas Disease",exact
10.1287/orsc.1090.0499,2010,2010-14,(B/T) Business - Marketing;(SOC) Psychology;,Germany,E1_CANDIDATE,3,true,https://openalex.org/W2120257996,Not-Sold-Here: How Attitudes Influence External Knowledge Exploitation,2010,true,Not-Sold-Here: How Attitudes Influence External Knowledge Exploitation,exact
10.1109/icbbe.2011.5781233,2011,2010-14,(BLS) Microbiology;(ENV) Climate Change;(ENV) Ecology;(ENV) Environmental Sciences;,China,UNDECIDED,1,true,https://openalex.org/W1572810552,Notice of Retraction: Effect of Temperature Shock on Organisms in EBPR Reactors under Low Temperature,2011,true,Effect of temperature shock on organisms in EBPR reactors under low temperature,no
10.1109/ICPIM.2011.5983648,2011,2010-14,(B/T) Business - Management;(B/T) Technology;(PHY) Engineering - Structural;,China,UNDECIDED,3,true,https://openalex.org/W1904254040,Notice of Retraction: A study of power plant construction project post-evaluation system based on the future orientation,2011,true,A study of power plant construction project post-evaluation system based on the future orientation,no
10.1074/jbc.M110.101055,2010,2010-14,(BLS) Biochemistry;(BLS) Biology - Cancer;(BLS) Biology - Cellular;(BLS) Biology - General;(BLS) Biology - Molecular;(BLS) Genetics;,United States,E1_CANDIDATE,6,true,https://openalex.org/W2098150383,"MicroRNA-155 Regulates Cell Survival, Growth, and Chemosensitivity by Targeting FOXO3a in Breast Cancer",2010,true,"MicroRNA-155 Regulates Cell Survival, Growth, and Chemosensitivity by Targeting FOXO3a in Breast Cancer",exact
10.1109/ICEBEG.2011.5877034,2011,2010-14,(B/T) Business - General;(B/T) Technology;,China,UNDECIDED,3,true,https://openalex.org/W2137122057,Notice of Retraction: On the role of e-commerce to enhance the competitiveness of Small and Medium Enterprises,2011,true,On the role of e-commerce to enhance the competitiveness of Small and Medium Enterprises,no
10.1007/978-3-319-01857-7_40,2014,2010-14,(B/T) Computer Science;(B/T) Technology;(BLS) Biochemistry;,Germany;Slovakia,E1_CANDIDATE,1,true,https://openalex.org/W1492490803,Retracted: Matlab Simulation of Photon Propagation in Three-Layer Tissue,2013,false,Matlab Simulation of Photon Propagation in Three-Layer Tissue,no
10.1016/j.jsbmb.2010.03.045,2010,2010-14,(BLS) Biochemistry;(BLS) Biology - Cellular;(BLS) Biology - Molecular;(BLS) Genetics;,Japan,E1_CANDIDATE,6,true,https://openalex.org/W1992630732,WITHDRAWN: Epigenetic modifications involved in the opposing regulation of CYP27B1 expression by the vitamin D receptor and parathyroid hormone,2010,true,Epigenetic modifications involved in the opposing regulation of CYP27B1 expression by the vitamin D receptor and parathyroid hormone,no
10.1103/PhysRevD.84.084020,2011,2010-14,(PHY) Physics;,Greece;United Kingdom,NON_E1,5,true,https://openalex.org/W1998218095,"Spherically symmetric solutions, Newton’s Law, and the infrared limit λ → 1 in covariant Horava-Lifshitz gravity",2011,true,"Spherically Symmetric Solutions, Newton’s Law, and the Infrared Limit lambda gthan/equal 1 in Covariant Horava-Lifshitz Gravity",prefix40
10.1109/ICMSS.2010.5576209,2010,2010-14,(B/T) Business - Management;,China,UNDECIDED,3,true,https://openalex.org/W1484811100,Notice of Retraction: An Empirical Study on Program Management Based on Shanghai Expo Village Program,2010,true,An empirical study on program management based on Shanghai Expo Village Program,no
10.1016/j.yexcr.2014.09.015,2014,2010-14,(BLS) Biology - Cellular;(HSC) Medicine - Dentistry;,Japan,UNDECIDED,3,true,https://openalex.org/W2010039902,RETRACTED: Unique proliferation response in odontoblastic cells derived from human skeletal muscle stem cells by cytokine-induced matrix metalloproteinase-3,2014,true,Unique proliferation response in odontoblastic cells derived from human skeletal muscle stem cells by cytokine-induced matrix metalloproteinase-3,no
10.1109/icbbe.2011.5780828,2011,2010-14,(ENV) Environmental Sciences;(ENV) Ground/Surface Water;(PHY) Hydrology;,China,UNDECIDED,1,true,https://openalex.org/W2292900757,Notice of Retraction: Combined-Cell Water Quality Model for Plain River Network,2011,true,Combined-cell water quality model for plain river network,no
10.1002/14651858.CD001398.pub2,2010,2010-14,(HSC) Medicine - Obstetrics/Gynecology;(HSC) Medicine - Surgery;,Australia;Belgium;New Zealand;Qatar;United Kingdom;United States,UNDECIDED,1,true,https://openalex.org/W1831658672,Laparoscopic surgery for subfertility associated with endometriosis,2010,true,Laparoscopic surgery for subfertility associated with endometriosis (Pub 2),prefix40
10.1061/(ASCE)PS.1949-1204.0000138,2013,2010-14,(PHY) Engineering - General;(PHY) Mathematics;,Jordan;United States,UNDECIDED,1,true,https://openalex.org/W4233099206,ANOVA Analysis Applied on Factors Which Are Assumed To Be Related To Horizontal Directional Drilling Productivity,2013,true,ANOVA Analysis Applied on Factors Which Are Assumed to be Related to Horizontal Directional Drilling Productivity,exact
10.1109/APPEEC.2010.5449169,2010,2010-14,(B/T) Technology;(PHY) Materials Science;(PHY) Mathematics;,China,UNDECIDED,3,true,https://openalex.org/W2154692407,Notice of Retraction: Experimental Research on Low-temperature Gathering of Crude in Extra-high Water Cut Stage,2010,true,Experimental Research on Low-temperature Gathering of Crude in Extra-high Water Cut Stage,no
10.1111/j.1526-4610.2010.01795.x,2010,2010-14,(BLS) Anatomy/Physiology;(BLS) Biology - General;(HSC) Medicine - General;,China,UNDECIDED,1,true,https://openalex.org/W2743132515,Retracted: Prevalence and Burden of Headache Disorders: A Comparative Regional Study in China,2010,true,Prevalence and Burden of Headache Disorders: A Comparative Regional Study in China,no
10.1109/APPEEC.2010.5448280,2010,2010-14,(B/T) Technology;(PHY) Engineering - Electrical;,China,UNDECIDED,3,true,https://openalex.org/W2279275459,Notice of Retraction: Design and Emulation of high-speed narrowband PLC system for Smart meter reading,2010,true,Design and emulation of high-speed narrowband PLC system for Smart meter reading,no
10.1109/AIMSEC.2011.6009707,2011,2010-14,(B/T) Business - Economics;(B/T) Business - General;,China,UNDECIDED,2,true,https://openalex.org/W1509317039,"Notice of Retraction: Patent protection, agglomeration and economic growth",2011,true,"Patent protection, agglomeration and economic growth",no
10.1021/am402415g,2013,2010-14,(PHY) Chemistry;(PHY) Materials Science;(PHY) Nanotechnology;,Germany;India,E1_CANDIDATE,1,true,https://openalex.org/W2326329533,Transparent Luminescent Hyperbranched Epoxy/Carbon Oxide Dot Nanocomposites with Outstanding Toughness and Ductility,2013,true,Transparent Luminescent Hyperbranched Epoxy/Carbon Oxide Dot Nanocomposites with Outstanding Toughness and Ductility,exact
10.1371/journal.pone.0087222,2014,2010-14,(HSC) Medicine - Gastroenterology;(HSC) Medicine - Surgery;(HSC) Medicine - Transplantation;,China,NON_E1,4,true,https://openalex.org/W1966261262,Salvage Liver Transplantation for Recurrent Hepatocellular Carcinoma after Liver Resection: Retrospective Study of the Milan and Hangzhou Criteria,2014,true,Salvage Liver Transplantation for Recurrent Hepatocellular Carcinoma after Liver Resection: Retrospective Study of the Milan and Hangzhou Criteria,exact
10.1109/ICCASM.2010.5620500,2010,2010-14,(PHY) Engineering - Structural;,China,UNDECIDED,2,true,https://openalex.org/W1560450138,Notice of Retraction: Water breakthrough performance and well type optimization of fractured horizontal wells in low permeability reservoir,2010,true,Water breakthrough performance and well type optimization of fractured horizontal wells in low permeability reservoir,no
10.1109/ICETCE.2011.5776426,2011,2010-14,(HUM) Architecture;(HUM) Arts - General;(SOC) Sociology;,China,UNDECIDED,1,true,https://openalex.org/W1544661561,Notice of Retraction: Analysis on secularity of the western's ancient urban sculpture,2011,true,Analysis on secularity of the western's ancient urban sculpture,no
10.1109/MACE.2011.5987554,2011,2010-14,(B/T) Transportation;(B/T) Urban Planning;,China,UNDECIDED,3,true,https://openalex.org/W1532859698,Notice of Retraction: The roadside clear zone distance research,2011,true,The roadside clear zone distance research,no
10.1109/ICEBEG.2011.5881924,2011,2010-14,(B/T) Business - Economics;(B/T) Business - Management;(SOC) Law/Legal Issues;,China,UNDECIDED,3,true,https://openalex.org/W1484354431,Notice of Retraction: Discussion on the way to increase the EMCo's Credit,2011,true,Discussion on the Way to Increase the EMCo's Credit,no
10.1007/s13277-014-2309-y,2014,2010-14,(BLS) Biology - Cancer;(BLS) Biology - Cellular;(BLS) Biology - Molecular;,China,UNDECIDED,2,true,https://openalex.org/W2317251936,RETRACTED ARTICLE: Common polymorphism in the MMP-13 gene may contribute to the risk of human cancers: a meta-analysis,2014,true,Common polymorphism in the MMP-13 gene may contribute to the risk of human cancers: a meta-analysis,no
10.1109/ETCS.2010.115,2010,2010-14,(B/T) Technology;(B/T) Transportation;(PHY) Engineering - General;(PHY) Statistics;,China,UNDECIDED,1,true,https://openalex.org/W1525104726,Notice of Retraction: Identifying and Analyzing the Influential Factors to Segregation of Hot-Mixed Asphalt Based on the Statistic Principles,2010,true,Identifying and Analyzing the Influential Factors to Segregation of Hot-Mixed Asphalt Based on the Statistic Principles,no
10.1109/QR2MSE.2013.6625669,2013,2010-14,(B/T) Business - Management;,China,UNDECIDED,1,true,https://openalex.org/W1531503259,Notice of Retraction A maintenance decision-making model based on risk evaluation,2013,true,A maintenance decision-making model based on risk evaluation,no
10.1109/AIMSEC.2011.6009694,2011,2010-14,(BLS) Agriculture;(PHY) Chemistry;,China,UNDECIDED,2,true,https://openalex.org/W1515790532,Notice of Retraction: Effect of Al 2 (SO 4 ) 3 improver on phosphorus forms and phosphorus adsorption in Soda saline-alkali soil,2011,true,Effect of Al2(SO4)3 improver on phosphorus forms and phosphorus adsorption in Soda saline-alkali soil,no
10.1109/ICEBEG.2011.5882063,2011,2010-14,(B/T) Business - Economics;(B/T) Government;(B/T) Technology;,China,UNDECIDED,3,true,https://openalex.org/W1866786454,Notice of Retraction: The problems and countermeasures of the allocation of science and technology resources in Hubei,2011,true,The problems and countermeasures of the allocation of science and technology resources in Hubei,no
10.1109/ICCET.2010.5485375,2010,2010-14,(B/T) Computer Science;(PHY) Engineering - General;,China,UNDECIDED,3,true,https://openalex.org/W1657483832,Notice of Retraction: Research on open-die cold extrusion technology of the electromotor shaft shoulder fillet,2010,true,Research on open-die cold extrusion technology of the electromotor shaft shoulder fillet,no
10.1109/AIMSEC.2011.6009793,2011,2010-14,(B/T) Business - Economics;(B/T) Business - Management;(ENV) Ground/Surface Water;(PHY) Mathematics;(SOC) Education;,China,UNDECIDED,2,true,https://openalex.org/W2109832425,Notice of Retraction: Research of establishing four-dimensional tridimensional water culture education mode in water conservancy institutes,2011,true,Research of Establishing Four-dimensional Tridimensional Water Culture Education Mode in Water Conservancy Institutes,no
10.1109/PACCS.2011.5990110,2011,2010-14,(B/T) Computer Science;(B/T) Technology;(SOC) Education;,China,UNDECIDED,3,true,https://openalex.org/W1482423558,Notice of Retraction: Information Network Technology in Higher Education Teaching,2011,true,Information network technology in higher education teaching,no
10.1109/icbbe.2011.5781158,2011,2010-14,(BLS) Biochemistry;(BLS) Biology - Cellular;(BLS) Biology - General;(BLS) Biology - Molecular;,China;Germany,UNDECIDED,1,true,https://openalex.org/W1706158874,Notice of Retraction: Aerobic Granulation in a Modified Continuous Flow System,2011,true,Aerobic granulation in a modified continuous flow system,no
10.1016/j.cej.2011.06.043,2011,2010-14,(ENV) Environmental Sciences;(ENV) Ground/Surface Water;(PHY) Chemistry;(PHY) Engineering - Chemical;,Portugal,E1_CANDIDATE,2,true,https://openalex.org/W2087219446,"RETRACTED: Detoxification of high-strength liquid pollutants in an ozone bubble column reactor: Gas–liquid flow patterns, interphase mass transfer and chemical depuration",2011,true,"Detoxification of high-strength liquid pollutants in an ozone bubble column reactor: Gas–liquid flow patterns, interphase mass transfer and chemical depuration",no
10.1016/j.bmcl.2012.07.016,2012,2010-14,(BLS) Biology - Molecular;(BLS) Plant Biology/Botany;,South Korea,NON_E1,4,true,https://openalex.org/W1993396143,RETRACTED: Two novel bioactive glucosinolates from Broccoli (Brassica oleracea L. var. italica) florets,2012,true,Two novel bioactive glucosinolates from Broccoli (Brassica oleracea L. var. italica) florets,no
10.1016/j.canlet.2011.03.012,2011,2010-14,(BLS) Biology - Cancer;(BLS) Biology - Cellular;(BLS) Biology - Molecular;(BLS) Genetics;,United States,E1_CANDIDATE,4,true,https://openalex.org/W2097739264,RETRACTED: Notch-1 induces epithelial–mesenchymal transition consistent with cancer stem cell phenotype in pancreatic cancer cells,2011,true,Notch-1 induces Epithelial-mesenchymal transition consistent with cancer stem cell phenotype in pancreatic cancer cells,no
10.3923/pjbs.2010.906.910,2010,2010-14,(BLS) Genetics;(HSC) Medicine - Cardiovascular;,Iran,UNDECIDED,1,true,https://openalex.org/W2329203512,VKORC1 Gene Analysis of Some Iranian Sensitive Patients to Warfarin,2010,true,VKORC1 gene analysis of some Iranian sensitive patients to warfarin,exact
10.1158/0008-5472.CAN-09-2938,2010,2010-14,(BLS) Biochemistry;(BLS) Biology - Cancer;(BLS) Biology - Cellular;(BLS) Genetics;,United States,E1_CANDIDATE,3,true,https://openalex.org/W2168425425,Inactivation of the Quinone Oxidoreductases NQO1 and NQO2 Strongly Elevates the Incidence and Multiplicity of Chemically Induced Skin Tumors,2010,true,Inactivation of the Quinone Oxidoreductases NQO1 and NQO2 Strongly Elevates the Incidence and Multiplicity of Chemically Induced Skin Tumors,exact
10.4103/2141-9248.139321,2014,2010-14,(HSC) Medicine - Orthopedics;(HSC) Medicine - Otorhinolaryngology;(HSC) Public Health and Safety;,India,E1_CANDIDATE,1,true,https://openalex.org/W1989318352,Dental health status and treatment needs of police personnel of a North Indian State: A cross-sectional study,2014,true,Dental Health Status and Treatment Needs of Police Personnel of a North Indian State: A Cross-Sectional Study,exact
10.1109/ICEBEG.2011.5877043,2011,2010-14,(B/T) Government;(B/T) Technology;,China,UNDECIDED,3,true,https://openalex.org/W1598795552,Notice of Retraction: Portal websites evaluation of Heilongjiang municipal-scale e-government in China,2011,true,Portal websites evaluation of Heilongjiang municipal-scale e-government in China,no
10.1016/j.watres.2011.07.032,2011,2010-14,(B/T) Computer Science;(ENV) Ground/Surface Water;(PHY) Engineering - General;(PHY) Hydrology;,China,E1_CANDIDATE,3,true,https://openalex.org/W2063425693,RETRACTED: Improving the efficiencies of simultaneous organic substance and nitrogen removal in a multi-stage loop membrane bioreactor-based PWWTP using an on-line Knowledge-Based Expert System,2011,true,Improving the efficiencies of simultaneous organic substance and nitrogen removal in a multi-stage loop membrane bioreactor-based PWWTP using an on-line Knowledge-Based Expert System,no
10.1109/AIMSEC.2011.6009700,2011,2010-14,(B/T) Business - General;(SOC) Sociology;,China,UNDECIDED,2,true,https://openalex.org/W1508542729,Notice of Retraction: Analysis female entrepreneurship policy and support system A study based on Tianjin Women Entrepreneurship Centre,2011,true,Analysis female entrepreneurship policy and support system: A study based on Tianjin Women Entrepreneurship Centre,no
10.1371/journal.pone.0062235,2013,2010-14,(BLS) Biology - Cellular;(BLS) Genetics;(BLS) Neuroscience;(ENV) Environmental Sciences;(HSC) Medicine - Neurology;,India,E1_CANDIDATE,13,true,https://openalex.org/W1980904541,Enriched Environment Prevents Hypobaric Hypoxia Induced Memory Impairment and Neurodegeneration: Role of BDNF/PI3K/GSK3β Pathway Coupled with CREB Activation,2013,true,Enriched environment prevents hypobaric hypoxia induced memory impairment and neurodegeneration: role of BDNF/PI3K/GSK3β pathway coupled with CREB activation,exact
10.1515/9783486852769-034,2010,2010-14,(HUM) History - Europe;,Unknown,NON_E1,3,true,https://openalex.org/W4239216940,Retracted: Autorinnen und Autoren,2010,true,Autorinnen und Autoren,no
10.1136/bmjspcare-2013-000491.157,2013,2010-14,(HSC) Medicine - Geriatric;(HSC) Medicine - Neurology;(HSC) Medicine - Pharmacology;(HSC) Medicine - Rehabilitation/Therapy;,Singapore,UNDECIDED,1,true,https://openalex.org/W1035122548,ISSUES ASSOCIATED WITH DELIRIUM SEVERITY AMONG OLDER PATIENTS,2013,true,Issues Associated with Delirium Severity Among Older Patients,exact
10.1109/ICEBEG.2011.5881452,2011,2010-14,(B/T) Business - Economics;(HUM) Arts - General;,China,UNDECIDED,3,true,https://openalex.org/W2132374532,Notice of Retraction: An economic benefit analysis of a local authority hosting an arts festival,2011,true,An economic benefit analysis of a local authority hosting an arts festival,no
10.1109/CCTAE.2010.5545254,2010,2010-14,(B/T) Business - General;(B/T) Technology;(SOC) Communications;,China,UNDECIDED,3,true,https://openalex.org/W2118469744,"Notice of Retraction: Research on contents, process and tactics of enterprise social networks evolution",2010,true,"Research on contents, process and tactics of enterprise social networks evolution",no
10.1109/ICEBEG.2011.5881931,2011,2010-14,(B/T) Business - Economics;(PHY) Mathematics;,China,UNDECIDED,3,true,https://openalex.org/W1900232707,Notice of Retraction: Equalization effect of intergovernmental transfer and optimization orientation in China,2011,true,Equalization effect of intergovernmental transfer and optimization orientation in China,no
10.1109/APPEEC.2010.5448716,2010,2010-14,(B/T) Technology;(PHY) Engineering - Electrical;,China,UNDECIDED,3,true,https://openalex.org/W2279579014,Notice of Retraction: Research on Management Information System of Rural Photovoltaic Plant Equipment,2010,true,Research on management information system of rural photovoltaic plant equipment,no
10.1007/s12013-014-9880-0,2014,2010-14,(BLS) Biology - Cellular;(HSC) Medicine - Orthopedics;,China,NON_E1,2,true,https://openalex.org/W2013498433,RETRACTED ARTICLE: Effects of Osteopontin on Expression of IL-6 and IL-8 Inflammatory Factors in Human Knee Osteoarthritis Chondrocytes,2014,true,Effects of osteopontin on expression of IL-6 and IL-8 inflammatory factors in human knee osteoarthritis chondrocytes,no
10.1007/978-3-7091-0388-3_20,2011,2010-14,(SOC) Criminology;(SOC) Law/Legal Issues;(SOC) Military/Naval Studies;,Denmark;Greece;United States,E1_CANDIDATE,4,true,https://openalex.org/W157259841,Retracted: Exploring the Evolution of Terrorist Network,2011,true,Exploring the Evolution of Terrorist Network,no
10.1109/CMCE.2010.5609789,2010,2010-14,(PHY) Engineering - Mechanical;,China,UNDECIDED,2,true,https://openalex.org/W1599537248,Notice of Retraction: Prediction of automobile tire driving force characteristics,2010,true,Prediction of automobile tire driving force characteristics,no
10.1159/000490473,2018,2015-19,(BLS) Biochemistry;(BLS) Biology - Cellular;(BLS) Genetics;,China,E1_CANDIDATE,9,true,https://openalex.org/W2807710774,Continuous Blood Purification Ameliorates Multiple Organ Failure Through Inhibiting the Activation of the P38 MAPK Signaling Pathway in a Rat Model,2018,true,Continuous Blood Purification Ameliorates Multiple Organ Failure Through Inhibiting the Activation of the P38 MAPK Signaling Pathway in a Rat Model,exact
10.1371/journal.ppat.1004779,2015,2015-19,(BLS) Genetics;(BLS) Microbiology;,United States,E1_CANDIDATE,9,true,https://openalex.org/W2057973013,Induction of Interferon-Stimulated Genes by IRF3 Promotes Replication of Toxoplasma gondii,2015,true,Induction of Interferon-Stimulated Genes by IRF3 Promotes Replication of Toxoplasma gondii,exact
10.2147/OTT.S143084,2017,2015-19,(BLS) Biology - Cancer;(BLS) Biology - Cellular;(BLS) Genetics;,China,E1_CANDIDATE,2,true,https://openalex.org/W2770106509,MicroRNA-211 promotes non-small-cell lung cancer proliferation and invasion by targeting MxA,2017,true,MicroRNA-211 Promotes Non-Small-Cell Lung Cancer Proliferation and Invasion by Targeting MxA,exact
10.20529/IJME.2018.037,2018,2015-19,(HSC) Biostatistics/Epidemiology;(HSC) Medicine - Immunology;(HSC) Public Health and Safety;,Unknown,UNDECIDED,5,true,https://openalex.org/W2980331697,Increased incidence of cervical cancer in Sweden: Possible link with HPV vaccination,2018,true,Increased incidence of cervical cancer in Sweden: Possible link with HPV vaccination,exact
10.24926/iip.v11i1.1662,2019,2015-19,(HSC) Medicine - General;,Bangladesh,E1_CANDIDATE,3,true,https://openalex.org/W3003983132,The Excellence of Pharmacy Practice,2020,false,The Excellence of Pharmacy Practice,exact
10.1002/2211-5463.12649,2019,2015-19,(BLS) Biology - Cancer;(BLS) Biology - Cellular;(BLS) Genetics;(HSC) Medicine - Gastroenterology;(HSC) Medicine - Oncology;,China,E1_CANDIDATE,6,true,https://openalex.org/W2943656681,Retracted: Lnc RNA MALAT 1 increases the stemness of gastric cancer cells via enhancing SOX 2 mRNA stability,2019,true,LncRNA MALAT1 increases the stemness of gastric cancer cells via enhancing SOX2 mRNA stability,no
10.1039/C9RA04735B,2019,2015-19,(PHY) Materials Science;,China,E1_CANDIDATE,4,true,https://openalex.org/W4206739450,Retracted Article: The influence of gradient and porous configurations on the microwave absorbing performance of multilayered graphene/thermoplastic polyurethane composite foams,2019,true,The influence of gradient and porous configurations on the microwave absorbing performance of multilayered graphene/thermoplastic polyurethane composite foams,no
10.1109/ICCPEIC.2016.7557275,2016,2015-19,(PHY) Engineering - Electrical;,India,E1_CANDIDATE,5,true,https://openalex.org/W2510536697,Notice of Violation of IEEE Publication Principles: Modular boost-multilevel buck converter for hybrid battery energy storage systems,2016,true,Modular boost-multilevel buck converter for hybrid battery energy storage systems,no
10.1128/AAC.02722-15,2016,2015-19,(BLS) Genetics;(BLS) Microbiology;,South Korea,NON_E1,4,true,https://openalex.org/W2234905442,bla NDM-5 -Bearing IncFII-Type Plasmids of Klebsiella pneumoniae Sequence Type 147 Transmitted by Cross-Border Transfer of a Patient,2016,true,blaNDM-5-Bearing IncFII-Type Plasmids of Klebsiella pneumoniae Sequence Type 147 Transmitted by Cross-Border Transfer of a Patient,no
10.1080/14767058.2017.1408069,2017,2015-19,(HSC) Medicine - Obstetrics/Gynecology;(HSC) Medicine - Surgery;(HSC) Medicine - Urology/Nephrology;,Egypt,E1_CANDIDATE,6,true,https://openalex.org/W2770135589,Retracted Article: Urinary tract injuries during cesarean section in patients with morbid placental adherence: retrospective cohort study,2017,true,Urinary tract injuries during cesarean section in patients with morbid placental adherence: retrospective cohort study,no
10.1016/j.mtcomm.2019.100544,2019,2015-19,(BLS) Plant Biology/Botany;(PHY) Chemistry;(PHY) Nanotechnology;,Pakistan,E1_CANDIDATE,3,true,https://openalex.org/W2951720518,RETRACTED: Organometallic cerium oxide nanostructures acted as nanofertilizer during callogenesis and organogenesis of recalcitrant plant Berberis lycium Royle,2019,true,Organometallic cerium oxide nanostructures acted as nanofertilizer during callogenesis and organogenesis of recalcitrant plant Berberis lycium Royle,no
10.1002/jcb.26451,2017,2015-19,(BLS) Biology - Cancer;(BLS) Biology - Cellular;(BLS) Biology - Molecular;(BLS) Genetics;,China,E1_CANDIDATE,4,true,https://openalex.org/W2765990063,"Retracted : Prognostic significance of long non‐coding RNA MALAT1 for predicting the recurrence and metastasis of gallbladder cancer and its effect on cell proliferation, migration, invasion, and apoptosis",2017,true,"Prognostic significance of long non-coding RNA MALAT1 for predicting the recurrence and metastasis of gallbladder cancer and its effect on cell proliferation, migration, invasion, and apoptosis",no
10.1186/s40478-019-0709-3,2019,2015-19,(BLS) Biology - Cellular;(BLS) Genetics;(BLS) Neuroscience;(HSC) Medicine - Neurology;,Denmark;Germany;United States,NON_E1,3,true,https://openalex.org/W2983837527,RETRACTED ARTICLE: Unique RNA signature of different lesion types in the brain white matter in progressive multiple sclerosis,2019,true,Unique RNA signature of different lesion types in the brain white matter in progressive multiple sclerosis,no
10.1038/srep21891,2016,2015-19,(BLS) Biochemistry;(BLS) Biology - Cellular;(BLS) Genetics;,Australia;China,NON_E1,7,true,https://openalex.org/W2412642877,RETRACTED ARTICLE: One-step Conjugation of Glycyrrhetinic Acid to Cationic Polymers for High-performance Gene Delivery to Cultured Liver Cell,2016,true,One-step Conjugation of Glycyrrhetinic Acid to Cationic Polymers for High-performance Gene Delivery to Cultured Liver Cell,no
10.24833/2071-8160-2015-2-41-45-54,2015,2015-19,(HUM) History - Europe;(SOC) Military/Naval Studies;,Russia,E1_CANDIDATE,1,true,https://openalex.org/W1905194401,Little-Known Operations of the Soviet Troops in Liberation of Czechoslovakia,2015,true,Little-known operations of the Soviet troops to liberate Czechoslovakia,prefix40
10.1002/jbt.21962,2017,2015-19,(BLS) Biochemistry;(BLS) Biology - Cancer;(BLS) Biology - Cellular;,India,UNDECIDED,5,true,https://openalex.org/W2737313611,"Retracted : Bisindole‐oxadiazole hybrids, T3P ® ‐mediated synthesis, and appraisal of their apoptotic, antimetastatic, and computational Bcl‐2 binding potential",2017,true,"Bisindole-oxadiazole hybrids, T3P mediated® -synthesis and appraisal of their apoptotic, antimetastatic and computational Bcl-2 binding potential",no
10.1186/s13287-018-1028-5,2018,2015-19,(BLS) Biochemistry;(BLS) Biology - Cellular;(BLS) Genetics;,China,E1_CANDIDATE,6,true,https://openalex.org/W2898173829,RETRACTED ARTICLE: Knockdown of insulin-like growth factor 1 exerts a protective effect on hypoxic injury of aged BM-MSCs: role of autophagy,2018,true,Knockdown of insulin-like growth factor 1 exerts a protective effect on hypoxic injury of aged BM-MSCs: role of autophagy,no
10.1159/000488821,2018,2015-19,(BLS) Biochemistry;(BLS) Biology - Cellular;(BLS) Genetics;(BLS) Neuroscience;,China,NON_E1,5,true,https://openalex.org/W2800103111,MicroRNA-381 Favors Repair of Nerve Injury Through Regulation of the SDF-1/CXCR4 Signaling Pathway via LRRC4 in Acute Cerebral Ischemia after Cerebral Lymphatic Blockage,2018,true,MicroRNA-381 Favors Repair of Nerve Injury Through Regulation of the SDF-1/CXCR4 Signaling Pathway via LRRC4 in Acute Cerebral Ischemia after Cerebral Lymphatic Blockage,exact
10.3892/ijmm.2018.3701,2018,2015-19,(BLS) Biology - Cancer;(BLS) Biology - Cellular;(BLS) Genetics;(HSC) Medicine - Obstetrics/Gynecology;(HSC) Medicine - Pathology;,China,E1_CANDIDATE,6,true,https://openalex.org/W2804173930,Hypoxia‑induced expression of CXCR4 favors trophoblast cell migration and invasion via the activation of HIF‑1α,2018,true,Hypoxia‑induced expression of CXCR4 favors trophoblast cell migration and invasion via the activation of HIF‑1α,exact
10.1177/2049936118811208,2019,2015-19,(HSC) Medicine - Infectious Disease;(HSC) Medicine - Pharmacology;(HSC) Medicine - Rehabilitation/Therapy;,Bulgaria,UNDECIDED,2,true,https://openalex.org/W2908795046,RETRACTED: Serum amyloid A protein in the course of infectious mononucleosis,2019,true,Serum amyloid A protein in the course of infectious mononucleosis,no
10.1371/journal.pone.0218283,2019,2015-19,(B/T) Computer Science;(B/T) Data Science;(HSC) Biostatistics/Epidemiology;(HSC) Medicine - Oncology;(HSC) Medicine - Surgery;,South Korea;Spain,UNDECIDED,3,true,https://openalex.org/W2944446010,RETRACTED: Analysis of survival for lung cancer resections cases with fuzzy and soft set theory in surgical decision making,2019,true,Analysis of survival for lung cancer resections cases with fuzzy and soft set theory in surgical decision making,no
10.1089/cbr.2015.1952,2016,2015-19,(BLS) Biology - Cellular;(BLS) Neuroscience;,China,UNDECIDED,7,true,https://openalex.org/W2280307522,Retracted: PHOX2B Is Associated with Neuroblastoma Cell Differentiation,2016,true,PHOX2B Is Associated with Neuroblastoma Cell Differentiation,no
10.1155/2019/5949485,2019,2015-19,(BLS) Genetics;(HSC) Medicine - Rehabilitation/Therapy;(HSC) Medicine - Urology/Nephrology;,China,UNDECIDED,9,true,https://openalex.org/W2995888822,Identification of a Novel ACTN4 Gene Mutation Which Is Resistant to Primary Nephrotic Syndrome Therapy,2019,true,Identification of a Novel ACTN4 Gene Mutation Which Is Resistant to Primary Nephrotic Syndrome Therapy,exact
10.1177/0020720919894194,2019,2015-19,(B/T) Computer Science;(B/T) Data Science;(PHY) Mathematics;(SOC) Education;,China,UNDECIDED,7,true,https://openalex.org/W2998138717,RETRACTED: Fuzzy computing application in educational area,2019,true,Fuzzy computing application in educational area,no
10.1002/jcb.26399,2017,2015-19,(BLS) Biology - Cancer;(BLS) Biology - Cellular;(BLS) Biology - Molecular;(BLS) Genetics;,China,E1_CANDIDATE,3,true,https://openalex.org/W2751130942,"Retracted: Effects of Glut1 gene silencing on proliferation, differentiation, and apoptosis of colorectal cancer cells by targeting the TGF‐β/PI3K‐AKT‐mTOR signaling pathway",2017,true,"Effects of Glut1 gene silencing on proliferation, differentiation, and apoptosis of colorectal cancer cells by targeting the TGF-β/PI3K-AKT-mTOR signaling pathway",no
10.1002/jez.2158,2018,2015-19,(BLS) Biochemistry;(BLS) Genetics;(BLS) Toxicology;(BLS) Zoology;,India,E1_CANDIDATE,6,true,https://openalex.org/W2800971608,"RETRACTED: Estrogen‐regulated expression of P450arom genes in the brain and ovaries of adult female Indian climbing perch, Anabas testudineus",2018,true,"Estrogen-regulated expression of P450arom genes in the brain and ovaries of adult female Indian climbing perch, Anabas testudineus",no
10.26355/eurrev_201806_15265,2018,2015-19,(BLS) Biology - Cancer;(BLS) Biology - Cellular;,China,UNDECIDED,1,true,https://openalex.org/W3025077420,MiR-524 inhibits cell proliferation and induces cell apoptosis in thyroid cancer via targeting SPAG9.,2018,true,MiR-524 inhibits cell proliferation and induces cell apoptosis in thyroid cancer via targeting SPAG9,prefix40
10.1016/j.biortech.2017.12.040,2017,2015-19,(BLS) Biochemistry;(BLS) Microbiology;(ENV) Environmental Sciences;,China;India,UNDECIDED,7,true,https://openalex.org/W2775308754,RETRACTED: Evaluation of microbial dynamics during post-consumption food waste composting,2017,true,Evaluation of microbial dynamics during post-consumption food waste composting,no
10.1016/j.cjph.2017.01.004,2017,2015-19,(BLS) Biochemistry;(PHY) Chemistry;(PHY) Crystallography/Spectroscopy;(PHY) Nanotechnology;,Iraq;Malaysia,E1_CANDIDATE,1,true,https://openalex.org/W2588460964,WITHDRAWN: Au nanoparticle-modified SiO2 thin film for DNA immobilization and hybridization,2017,true,Au Nanoparticle-Modified SiO2 Thin Film for DNA Immobilization and Hybridization,no
10.1097/INF.0000000000002277,2019,2015-19,(HSC) Biostatistics/Epidemiology;(HSC) Medicine - Infectious Disease;(HSC) Medicine - Pediatrics;(HSC) Public Health and Safety;,Netherlands,NON_E1,4,true,https://openalex.org/W4212863616,"Clinical Course and Management of Dengue in Children Admitted to Hospital; A 5 Years Prospective Cohort Study in Jakarta, Indonesia [RETRACTED]",2019,true,"Clinical Course and Management of Dengue in Children Admitted to Hospital; A 5 Years Prospective Cohort Study in Jakarta, Indonesia",prefix40
10.26355/eurrev_201708_13284,2017,2015-19,(BLS) Biochemistry;(BLS) Biology - Cellular;(HSC) Medicine - Gastroenterology;,China,UNDECIDED,7,false,,,,false,Mitochondrial protein UCP1 mediates liver injury induced by LPS through EKR signaling pathway,
10.1177/0020720919894195,2019,2015-19,(SOC) Education;,China,UNDECIDED,3,true,https://openalex.org/W2998603842,RETRACTED: Fuzzy evaluation of students’ professional competence,2019,true,Fuzzy evaluation of students’ professional competence,no
10.1109/BSB.2018.8770674,2018,2015-19,(B/T) Data Science;(BLS) Genetics;(HSC) Medicine - Pharmacology;,India,E1_CANDIDATE,5,true,https://openalex.org/W2964965814,Notice of Violation of IEEE Publication Principles: Gene-Expression Based Predictor for Drug Selection and Prioritization Using Learning-to-Rank,2018,true,Gene-Expression Based Predictor for Drug Selection and Prioritization Using Learning-to-Rank,no
10.1007/s11661-019-05566-6,2019,2015-19,(PHY) Engineering - Chemical;,Iran,UNDECIDED,3,true,https://openalex.org/W2996793627,RETRACTED ARTICLE: Ablation Behavior of SiC/ZrB2 Multilayer Coating Prepared by Plasma Spray Method,2019,true,Ablation Behavior of SiC/ZrB2 Multilayer Coating Prepared by Plasma Spray Method,no
10.3892/etm.2015.2773,2015,2015-19,(BLS) Genetics;(HSC) Medicine - Alternative;(HSC) Medicine - Gastroenterology;(HSC) Medicine - Neurology;(HSC) Medicine - Pathology;(HSC) Medicine - Pharmacology;,China,E1_CANDIDATE,11,true,https://openalex.org/W1816962814,Protective effect of Xingnaojia formulation on rats with brain and liver damage caused by chronic alcoholism,2015,true,Protective effect of Xingnaojia formulation on rats with brain and liver damage caused by chronic alcoholism,exact
10.1016/j.micpath.2017.09.027,2017,2015-19,(BLS) Biology - Cellular;(BLS) Microbiology;,China,UNDECIDED,2,true,https://openalex.org/W2754134319,RETRACTED: Cell wall mannoprotein of Candida albicans induces cell cycle alternation and inhibits apoptosis of HaCaT cells via NF-κB signal pathway,2017,true,Cell wall mannoprotein of Candida albicans induces cell cycle alternation and inhibits apoptosis of HaCaT cells via NF-kB signal pathway,no
10.1186/s40842-015-0011-7,2015,2015-19,(HSC) Medicine - Endocrinology;,United States,E1_CANDIDATE,2,true,https://openalex.org/W2340447590,RETRACTED ARTICLE: Thyroid nodules update in diagnosis and management,2015,true,Thyroid nodules update in diagnosis and management,no
10.1620/tjem.241.55,2017,2015-19,(BLS) Biochemistry;(BLS) Biology - Cancer;(BLS) Biology - Cellular;(BLS) Genetics;,China,NON_E1,2,true,https://openalex.org/W2581895162,Transcription Factor SOX9 Promotes Osteosarcoma Cell Growth by Repressing Claudin-8 Expression [Retraction],2017,true,Transcription Factor SOX9 Promotes Osteosarcoma Cell Growth by Repressing Claudin-8 Expression,prefix40
10.1007/s10586-018-2046-x,2018,2015-19,(B/T) Technology;(B/T) Urban Planning;,China,UNDECIDED,4,true,https://openalex.org/W2788477072,RETRACTED ARTICLE: Smart city information acquisition system based on internet of things,2018,true,Smart city information acquisition system based on internet of things,no
10.1016/j.intimp.2019.106076,2019,2015-19,(BLS) Biology - Cellular;(BLS) Genetics;(BLS) Neuroscience;,China,E1_CANDIDATE,5,true,https://openalex.org/W2996741514,RETRACTED: The protective role of microRNA-133b in restricting hippocampal neurons apoptosis and inflammatory injury in rats with depression by suppressing CTGF,2019,true,The protective role of microRNA-133b in restricting hippocampal neurons apoptosis and inflammatory injury in rats with depression by suppressing CTGF,no
10.1038/s41598-019-38519-5,2019,2015-19,(PHY) Physics;,China;Italy,NON_E1,2,true,https://openalex.org/W2920339708,RETRACTED ARTICLE: Optical rectification and absorption coefficients studied by a short-range topless exponential potential well with inverse square root,2019,true,Optical rectification and absorption coefficients studied by a short-range topless exponential potential well with inverse square root,no
10.1016/j.micpath.2017.06.002,2017,2015-19,(BLS) Biochemistry;(BLS) Microbiology;(BLS) Plant Biology/Botany;(PHY) Nanotechnology;,Bangladesh,UNDECIDED,2,true,https://openalex.org/W2621090225,RETRACTED: Antimicrobial activity of plant-median synthesized silver nanoparticles against food and agricultural pathogens,2017,true,Antimicrobial activity of plant-median synthesized silver nanoparticles against food and agricultural pathogens,no
10.1063/1.5086218,2019,2015-19,(PHY) Physics;,Germany,NON_E1,2,true,https://openalex.org/W2920833833,Probing photodissociation dynamics using ring polymer molecular dynamics,2019,true,Probing photodissociation dynamics using ring polymer molecular dynamics,exact
10.3233/CBM-170249,2017,2015-19,(BLS) Biochemistry;(BLS) Biology - Cancer;(BLS) Biology - Cellular;,China,E1_CANDIDATE,5,true,https://openalex.org/W2755989615,HP1α is highly expressed in glioma cells and facilitates cell proliferation and survival,2017,true,HP1a is highly expressed in glioma cells and facilitates cell proliferation and survival,no
10.1038/nchembio.2409,2017,2015-19,(BLS) Biochemistry;,United States,E1_CANDIDATE,7,true,https://openalex.org/W2723681476,RETRACTED ARTICLE: A water-soluble DsbB variant that catalyzes disulfide-bond formation in vivo,2017,true,A water-soluble DsbB variant that catalyzes disulfide-bond formation in vivo,no
10.1080/21691401.2019.1596935,2019,2015-19,(BLS) Biochemistry;(HSC) Medicine - Drug Design;(HSC) Medicine - Infectious Disease;,China,UNDECIDED,3,true,https://openalex.org/W2939611657,RETRACTED ARTICLE: LDH hybrid thermosensitive hydrogel for intravaginal delivery of anti-HIV drugs,2019,true,LDH hybrid thermosensitive hydrogel for intravaginal delivery of anti-HIV drugs,no
10.1016/j.omtn.2019.08.024,2019,2015-19,(BLS) Biochemistry;(BLS) Biology - Cancer;(BLS) Biology - Cellular;(BLS) Genetics;,China,E1_CANDIDATE,5,true,https://openalex.org/W2972222602,RETRACTED: circIFT80 Functions as a ceRNA of miR-1236-3p to Promote Colorectal Cancer Progression,2019,true,circIFT80 Functions as a ceRNA of miR-1236-3p to Promote Colorectal Cancer Progression,no
10.1109/TEMC.2017.2780518,2017,2015-19,(PHY) Engineering - Electrical;,Italy,UNDECIDED,1,true,https://openalex.org/W2776144047,Notice of Retraction: Impact of Terminal Conditions on the Unmatched-Media Time Reversal Method to Locate Faults and Defects in Transmission Lines,2017,true,Impact of Terminal Conditions on the Unmatched-Media Time Reversal Method to Locate Faults and Defects in Transmission Lines,no
10.1109/ICECA.2017.8212728,2017,2015-19,(B/T) Computer Science;(B/T) Data Science;,India,E1_CANDIDATE,8,true,https://openalex.org/W2773781216,Notice of Violation of IEEE Publication Principles: The study of the effect of denoising on vectorized convolutional neural network,2017,true,The study of the effect of denoising on vectorized convolutional neural network,no
10.1002/14651858.CD003498.pub3,2018,2015-19,(HSC) Medicine - Alternative;,United Kingdom,NON_E1,1,true,https://openalex.org/W1508470722,Gluten- and casein-free diets for autistic spectrum disorder,2008,false,Gluten- and casein-free diets for autistic spectrum disorder (Pub 3),prefix40
10.1002/1878-0261.12527,2019,2015-19,(BLS) Biology - Cancer;(BLS) Biology - Cellular;(BLS) Genetics;,China,E1_CANDIDATE,2,true,https://openalex.org/W2948577496,Retracted: Consistency analysis of microRNA‐arm expression reveals microRNA‐369‐5p/3p as tumor suppressors in gastric cancer,2019,true,Consistency analysis of microRNA‐arm expression reveals microRNA‐369‐5p/3p as tumor suppressors in gastric cancer,no
10.3892/ol.2017.5585,2017,2015-19,(HSC) Medicine - Neurology;(HSC) Medicine - Pharmacology;(HSC) Medicine - Rehabilitation/Therapy;,China,E1_CANDIDATE,3,true,https://openalex.org/W2576933879,Proteasome inhibitors in glioblastoma,2017,true,Proteasome inhibitors in glioblastoma,exact
10.1038/srep26948,2016,2015-19,(HSC) Medicine - Pulmonology;(PHY) Mathematics;,Iran;Singapore,UNDECIDED,3,true,https://openalex.org/W2413501810,The Analysis of the Influence of Odorant’s Complexity on Fractal Dynamics of Human Respiration,2016,true,The Analysis of the Influence of Odorant’s Complexity on Fractal Dynamics of Human Respiration,exact
10.3389/fphar.2018.01248,2018,2015-19,(BLS) Biology - Molecular;(BLS) Genetics;(HSC) Medicine - Oncology;,China,UNDECIDED,5,true,https://openalex.org/W2900934431,AFAP1-AS1 Promotes Epithelial-Mesenchymal Transition and Tumorigenesis Through Wnt/β-Catenin Signaling Pathway in Triple-Negative Breast Cancer,2018,true,AFAP1-AS1 Promotes Epithelial-Mesenchymal Transition and Tumorigenesis Through Wnt/β-Catenin Signaling Pathway in Triple-Negative Breast Cancer,exact
10.1016/j.materresbull.2018.06.033,2018,2015-19,(PHY) Chemistry;(PHY) Materials Science;(PHY) Physics;,Japan,NON_E1,4,true,https://openalex.org/W2894628030,RETRACTED: Thermodynamics of the CO2 absorption in BaCeO3 and SrCeO3 using thermogravimetric and differential thermal analyses,2018,true,Thermodynamics of the CO2 absorption in BaCeO3 and SrCeO3 using thermogravimetric and differential thermal analyses,no
10.1042/BSR20182476,2019,2015-19,(BLS) Biochemistry;(BLS) Biology - Cancer;(BLS) Biology - Cellular;(BLS) Genetics;,China,E1_CANDIDATE,7,true,https://openalex.org/W2950460200,"PAR-2 promotes cell proliferation, migration, and invasion through activating PI3K/AKT signaling pathway in oral squamous cell carcinoma",2019,true,"PAR-2 promotes cell proliferation, migration and invasion through activating PI3K/AKT signaling pathway in oral squamous cell carcinoma",prefix40
10.5815/ijisa.2016.05.03,2016,2015-19,(B/T) Computer Science;(ENV) Climatology;(ENV) Environmental Sciences;(PHY) Energy;,Unknown,UNDECIDED,2,true,https://openalex.org/W2342466376,Global Solar Radiation Forecasting Based on SVM-Wavelet Transform Algorithm,2016,true,Global Solar Radiation Forecasting Based on SVM-Wavelet Transform Algorithm,exact
10.1007/s40735-018-0172-x,2018,2015-19,(PHY) Materials Science;,India,E1_CANDIDATE,2,true,https://openalex.org/W2888278570,RETRACTED ARTICLE: Review on Tribological Performance of Natural Fibre-Reinforced Polymer Composites,2018,true,Review on Tribological Performance of Natural Fibre-Reinforced Polymer Composites,no
10.26355/eurrev_201912_19661,2019,2015-19,(BLS) Biology - Cancer;(BLS) Biology - Cellular;(BLS) Genetics;(HSC) Medicine - Obstetrics/Gynecology;(HSC) Medicine - Oncology;(HSC) Medicine - Urology/Nephrology;,China,UNDECIDED,7,true,https://openalex.org/W2997001039,LncRNA SNHG7 promotes the proliferation and inhibits apoptosis of renal cell cancer cells by downregulating CDKN1A.,2019,true,LncRNA SNHG7 promotes the proliferation and inhibits apoptosis of renal cell cancer cells by downregulating CDKN1A,prefix40
10.1007/s10911-019-09440-4,2019,2015-19,(BLS) Biochemistry;(BLS) Biology - Cancer;(BLS) Biology - Cellular;(BLS) Genetics;(HSC) Medicine - Obstetrics/Gynecology;(HSC) Medicine - Oncology;,China;Germany,UNDECIDED,2,true,https://openalex.org/W2990707484,RETRACTED ARTICLE: Circ-TFCP2L1 Promotes the Proliferation and Migration of Triple Negative Breast Cancer through Sponging miR-7 by Inhibiting PAK1,2019,true,Circ-TFCP2L1 Promotes the Proliferation and Migration of Triple Negative Breast Cancer through Sponging miR-7 by Inhibiting PAK1,no
10.1016/j.jstrokecerebrovasdis.2021.105639,2021,2020-24,(HSC) Biostatistics/Epidemiology;(HSC) Medicine - Cardiovascular;(HSC) Medicine - Infectious Disease;(HSC) Medicine - Neurology;,United States,UNDECIDED,1,true,https://openalex.org/W3125788893,RETRACTED: Impact of the COVID-19 Pandemic on Stroke Epidemiology and Clinical Stroke Practice in the US,2021,true,Impact of the COVID-19 Pandemic on Stroke Epidemiology and Clinical Stroke Practice in the US,no
10.1155/2022/3111581,2022,2020-24,(B/T) Data Science;(SOC) Education;,China,UNDECIDED,9,true,https://openalex.org/W4283270703,Application of the Data Mining Model in Smart Mobile Education,2022,true,Application of the Data Mining Model in Smart Mobile Education,exact
10.1155/2022/2832400,2022,2020-24,(B/T) Data Science;(B/T) Technology;(HSC) Medicine - Pulmonology;(HSC) Radiology/Imaging;,Bangladesh;India;Saudi Arabia,UNDECIDED,5,true,https://openalex.org/W4210494089,FVC-NET: An Automated Diagnosis of Pulmonary Fibrosis Progression Prediction Using Honeycombing and Deep Learning,2022,true,FVC-NET: An Automated Diagnosis of Pulmonary Fibrosis Progression Prediction Using Honeycombing and Deep Learning,exact
10.1155/2021/2223344,2021,2020-24,(B/T) Data Science;(HSC) Medicine - Cardiovascular;(HSC) Radiology/Imaging;,China,NON_E1,11,true,https://openalex.org/W3198692980,K-Means Clustering Algorithm-Based Detection of Carotid Atherosclerotic Plaque Using Contrast-Enhanced Ultrasound Images,2021,true,K-Means Clustering Algorithm-Based Detection of Carotid Atherosclerotic Plaque Using Contrast-Enhanced Ultrasound Images,exact
10.3390/foods9091182,2020,2020-24,(BLS) Biochemistry;(BLS) Microbiology;(BLS) Plant Biology/Botany;(ENV) Food Science;,Denmark,NON_E1,2,true,https://openalex.org/W4236168397,RETRACTED: Effect of Lactobacillus rhamnosus on Physicochemical Properties of Fermented Plant-Based Raw Materials,2020,true,Effect of Lactobacillus rhamnosus on Physicochemical Properties of Fermented Plant-Based Raw Materials,no
10.1002/smll.202002733,2020,2020-24,(HSC) Medicine - Drug Design;(HSC) Medicine - Obstetrics/Gynecology;(HSC) Medicine - Oncology;(PHY) Nanotechnology;,Canada;China;Iran,E1_CANDIDATE,8,true,https://openalex.org/W3087444742,RETRACTED: Multi‐Stimuli Nanocomposite Therapeutic: Docetaxel Targeted Delivery and Synergies in Treatment of Human Breast Cancer Tumor,2020,true,Multi-Stimuli Nanocomposite Therapeutic: Docetaxel Targeted Delivery and Synergies in Treatment of Human Breast Cancer Tumor,no
10.1155/2020/9028303,2020,2020-24,(B/T) Data Science;(SOC) Education;(SOC) Linguistics;,China,UNDECIDED,9,true,https://openalex.org/W3086479631,Analysis and Simulation of Multimedia English Auxiliary Handle Based on Decision Tree Algorithm,2020,true,Analysis and Simulation of Multimedia English Auxiliary Handle Based on Decision Tree Algorithm,exact
10.1016/j.micpro.2020.103598,2020,2020-24,(B/T) Computer Science;(B/T) Technology;(HUM) Arts - General;,China;South Korea,NON_E1,8,true,https://openalex.org/W3110318749,RETRACTED: Urban environment art design simulation based on FPGA and neural network,2020,true,Urban environment art design simulation based on FPGA and neural network,no
10.1007/s00500-023-08207-8,2023,2020-24,(B/T) Computer Science;(B/T) Data Science;(B/T) Technology;(B/T) Urban Planning;(SOC) Sports and Recreation;,China,UNDECIDED,7,true,https://openalex.org/W4366823032,RETRACTED ARTICLE: Simulation of China’s urban tourism activity based on improved density clustering algorithm,2023,true,Simulation of China’s urban tourism activity based on improved density clustering algorithm,no
10.1155/2021/3908677,2021,2020-24,(BLS) Biochemistry;(BLS) Biology - Molecular;(BLS) Genetics;(HSC) Medicine - Cardiovascular;(HSC) Medicine - Neurology;(HSC) Medicine - Rehabilitation/Therapy;,China,UNDECIDED,5,true,https://openalex.org/W3198225024,Repetitive Transcranial Magnetic Stimulation Improves Neuropathy and Oxidative Stress Levels in Rats with Experimental Cerebral Infarction through the Nrf2 Signaling Pathway,2021,true,Repetitive Transcranial Magnetic Stimulation Improves Neuropathy and Oxidative Stress Levels in Rats with Experimental Cerebral Infarction through the Nrf2 Signaling Pathway,exact
10.3233/JIFS-219173,2021,2020-24,(B/T) Computer Science;(PHY) Engineering - General;,Turkey,UNDECIDED,3,true,https://openalex.org/W3176993439,Fuzzy sets theory and applications in engineering economy,2021,true,Fuzzy sets theory and applications in engineering economy,exact
10.1016/j.jmccpl.2022.100010,2022,2020-24,(BLS) Biology - Cellular;(HSC) Medicine - Cardiovascular;,Poland,UNDECIDED,3,true,https://openalex.org/W4283524783,WITHDRAWN: Wnt signaling pathway in the development of atherosclerosis: Sclerostin as a new surrogate marker of global vascular calcification?,2022,true,Wnt signaling pathway in the development of atherosclerosis: Sclerostin as a new surrogate marker of global vascular calcification?,no
10.1155/2022/5447509,2022,2020-24,(HSC) Medicine - Nursing;(HSC) Medicine - Rehabilitation/Therapy;(HSC) Medicine - Sports;,China,UNDECIDED,8,true,https://openalex.org/W4284967810,Feedforward Control Combined with 4F Management on Postoperative Nursing Effects and Motor Function of Meniscus Sports Injuries: Based on a Prospective Case Analysis,2022,true,Feedforward Control Combined with 4F Management on Postoperative Nursing Effects and Motor Function of Meniscus Sports Injuries: Based on a Prospective Case Analysis,exact
10.1155/2022/6422841,2022,2020-24,(B/T) Technology;(PHY) Engineering - General;,China,UNDECIDED,9,true,https://openalex.org/W4293356918,Navigation Control Method of Indoor Mobile Robot Based on Visual Servo,2022,true,Navigation Control Method of Indoor Mobile Robot Based on Visual Servo,exact
10.1007/s00500-021-06574-8,2021,2020-24,(B/T) Data Science;(HSC) Radiology/Imaging;,China,UNDECIDED,6,true,https://openalex.org/W3215426022,RETRACTED ARTICLE: Multimodal magnetic resonance image and electroencephalogram constrained fusion algorithm using deep learning,2021,true,Multimodal magnetic resonance image and electroencephalogram constrained fusion algorithm using deep learning,no
10.1007/s11042-022-14205-z,2022,2020-24,(B/T) Computer Science;,India,UNDECIDED,1,true,https://openalex.org/W4311920977,RETRACTED ARTICLE: A hybrid SUGWO optimization for partial face recognition with new similarity index,2022,true,A hybrid SUGWO optimization for partial face recognition with new similarity index,no
10.1080/09064710.2021.1954684,2021,2020-24,(B/T) Data Science;(B/T) Technology;(BLS) Agriculture;,China,UNDECIDED,4,true,https://openalex.org/W3185695998,RETRACTED ARTICLE: Data mining and statistics issues of precision and intelligent agriculture based on big data analysis,2021,true,Data mining and statistics issues of precision and intelligent agriculture based on big data analysis,no
10.1155/2022/7596426,2022,2020-24,(BLS) Biochemistry;(BLS) Biology - Molecular;(HSC) Medicine - Cardiovascular;(HSC) Medicine - Neurology;,China,UNDECIDED,5,true,https://openalex.org/W4229063704,Related Factors and a Threshold of the Maximum Neuron-Specific Enolase Value Affecting the Prognosis of Patients with Aneurysmal Subarachnoid Hemorrhage,2022,true,Related Factors and a Threshold of the Maximum Neuron-Specific Enolase Value Affecting the Prognosis of Patients with Aneurysmal Subarachnoid Hemorrhage,exact
10.1051/bioconf/202413804011,2024,2020-24,(B/T) Technology;(BLS) Agriculture;(BLS) Biology - General;,Russia,UNDECIDED,3,true,https://openalex.org/W4404387255,RETRACTED: Software tools for training specialists in aquatic bioresources and aquaculture,2024,true,Software tools for training specialists in aquatic bioresources and aquaculture,no
10.1186/s12935-020-1154-x,2020,2020-24,(BLS) Biochemistry;(BLS) Biology - Cancer;(BLS) Biology - Cellular;(BLS) Genetics;,China,E1_CANDIDATE,7,true,https://openalex.org/W3012187712,RETRACTED ARTICLE: A novel positive feedback loop of linc02042 and c-Myc mediated by YBX1 promotes tumorigenesis and metastasis in esophageal squamous cell carcinoma,2020,true,A novel positive feedback loop of linc02042 and c-Myc mediated by YBX1 promotes tumorigenesis and metastasis in esophageal squamous cell carcinoma,no
10.1007/s00500-023-09271-w,2023,2020-24,(B/T) Computer Science;,China,UNDECIDED,5,true,https://openalex.org/W4387302142,RETRACTED ARTICLE: Image segmentation using convolutional neural networks in multi-sensor information fusion,2023,true,Image segmentation using convolutional neural networks in multi-sensor information fusion,no
10.1155/2022/3269692,2022,2020-24,(B/T) Data Science;(HSC) Medicine - Obstetrics/Gynecology;,China,NON_E1,11,true,https://openalex.org/W4220942123,Application of Transfer Learning and Feature Fusion Algorithms to Improve the Identification and Prediction Efficiency of Premature Ovarian Failure,2022,true,Application of Transfer Learning and Feature Fusion Algorithms to Improve the Identification and Prediction Efficiency of Premature Ovarian Failure,exact
10.1155/2022/4268982,2022,2020-24,(B/T) Business - Economics;(B/T) Business - Marketing;(B/T) Technology;,China,UNDECIDED,8,true,https://openalex.org/W4225004744,[Retracted] Deep Learning‐Based Consumer Behavior Analysis and Application Research,2022,true,Deep Learning-Based Consumer Behavior Analysis and Application Research,no
10.1108/BPMJ-10-2020-0465,2020,2020-24,(B/T) Business - Management;(SOC) Education;,Bangladesh;Malaysia,UNDECIDED,4,true,https://openalex.org/W3113357888,RETRACTED: Does an MBA degree advance business management skill or in fact create horizontal and vertical mismatches?,2020,true,Does an MBA degree advance business management skill or in fact create horizontal and vertical mismatches?,no
10.1155/2022/1443823,2022,2020-24,(B/T) Business - Accounting;(B/T) Data Science;(PHY) Engineering - General;,China,UNDECIDED,8,true,https://openalex.org/W4295034926,[Retracted] Improved Design of Engineering Cost Model Based on Improved Genetic Algorithm,2022,true,Improved Design of Engineering Cost Model Based on Improved Genetic Algorithm,no
10.1155/2021/1964054,2021,2020-24,(B/T) Data Science;(B/T) Technology;(HSC) Medicine - General;(SOC) Communications;,Iran,UNDECIDED,9,true,https://openalex.org/W3210178340,An Architectural Framework for Healthcare Dashboards Design,2021,true,An Architectural Framework for Healthcare Dashboards Design,exact
10.1155/2022/7040441,2022,2020-24,(B/T) Technology;(SOC) Education;,China,UNDECIDED,8,true,https://openalex.org/W4214689621,Design of Pedagogy Course Information Sharing System Based on Wireless Sensor Network,2022,true,Design of Pedagogy Course Information Sharing System Based on Wireless Sensor Network,exact
10.1111/exsy.13265,2023,2020-24,(B/T) Business - General;(B/T) Computer Science;(HUM) Arts - Music;(PHY) Mathematics;(SOC) Psychology;,China,UNDECIDED,7,true,https://openalex.org/W4321789295,RETRACTED: The design of intelligent fuzzy cognitive system of music emotion by product supply chain management,2023,true,The Design of Intelligent Fuzzy Cognitive System of Music Emotion by Product Supply Chain Management,no
10.1155/2022/2773492,2022,2020-24,(B/T) Computer Science;(B/T) Data Science;,China,UNDECIDED,6,true,https://openalex.org/W4224946893,High-Performance Computational Recognition of Communication Signals Based on Bispectral Quadratic Feature Model,2022,true,High-Performance Computational Recognition of Communication Signals Based on Bispectral Quadratic Feature Model,exact
10.1155/2022/6916212,2022,2020-24,(HSC) Medicine - General;(HSC) Occupational Health and Safety;(HSC) Public Health and Safety;,China,UNDECIDED,6,true,https://openalex.org/W4212834940,The Supervision and Management Mode of Disinfection Supply Center Improves the Standardization of Sterile Goods Management in Clinical Departments,2022,true,The Supervision and Management Mode of Disinfection Supply Center Improves the Standardization of Sterile Goods Management in Clinical Departments,exact
10.1155/2022/7749029,2022,2020-24,(PHY) Engineering - Mechanical;,China,UNDECIDED,9,true,https://openalex.org/W4225285076,Study on the Influence of Suspension Parameters on Longitudinal Impact Comfort,2022,true,Study on the Influence of Suspension Parameters on Longitudinal Impact Comfort,exact
10.1155/2022/8017375,2022,2020-24,(B/T) Technology;(PHY) Engineering - General;(PHY) Materials Science;,India;Iraq;Saudi Arabia;Sudan,UNDECIDED,5,true,https://openalex.org/W4205800605,Enhancement Modelling Based on Electrical Discharge Machining Successive Discharges,2022,true,Enhancement Modelling Based on Electrical Discharge Machining Successive Discharges,exact
10.1155/2022/1926661,2022,2020-24,(BLS) Biochemistry;(BLS) Biology - Cellular;,China,UNDECIDED,9,true,https://openalex.org/W4225524999,"[Retracted] Identification of Diagnostic Biomarkers, Immune Infiltration Characteristics, and Potential Compounds in Rheumatoid Arthritis",2022,true,"Identification of Diagnostic Biomarkers, Immune Infiltration Characteristics, and Potential Compounds in Rheumatoid Arthritis",no
10.1155/2022/7781177,2022,2020-24,(B/T) Computer Science;(B/T) Technology;(SOC) Education;(SOC) Sports and Recreation;,China,UNDECIDED,8,true,https://openalex.org/W4220835382,[Retracted] Physical Educatity on Curriculum and Physical Education Model Based on Smart Classroom and Mobile Computing,2022,true,Physical Educatity on Curriculum and Physical Education Model Based on Smart Classroom and Mobile Computing,no
10.3233/jifs-238575,2024,2020-24,(B/T) Data Science;(B/T) Technology;,China,UNDECIDED,3,true,https://openalex.org/W4392600408,RETRACTED: Research on improved small scale face detection algorithm based on Yolov5,2024,true,Research on improved small scale face detection algorithm based on Yolov5,no
10.1155/2021/5365915,2021,2020-24,(B/T) Computer Science;(B/T) Technology;(SOC) Linguistics;,China,UNDECIDED,5,true,https://openalex.org/W3203621112,Research on Intelligent Calibration of English Long Sentence Translation Based on Corpus,2021,true,Research on Intelligent Calibration of English Long Sentence Translation Based on Corpus,exact
10.1007/s12652-020-01940-0,2020,2020-24,(B/T) Computer Science;(B/T) Technology;,India;Oman,UNDECIDED,3,true,https://openalex.org/W3016943502,RETRACTED ARTICLE: Peak to average power ratio reduction of ZT DFT-s-OFDM signals using improved monarch butterfly optimization-PTS scheme,2020,true,Peak to average power ratio reduction of ZT DFT-s-OFDM signals using improved monarch butterfly optimization-PTS scheme,no
10.1155/2022/3302700,2022,2020-24,(B/T) Business - Marketing;(B/T) Business - Public Relations;(B/T) Technology;,China,UNDECIDED,6,true,https://openalex.org/W4285741074,Restaurant Interior Design under Digital Image Processing Based on Visual Sensing Technology,2022,true,Restaurant Interior Design under Digital Image Processing Based on Visual Sensing Technology,exact
10.1016/j.intimp.2020.106225,2020,2020-24,(BLS) Biology - Cellular;(BLS) Genetics;,China,E1_CANDIDATE,4,true,https://openalex.org/W3009810016,RETRACTED: Down-regulated microRNA-195-5p and up-regulated CXCR4 attenuates the heart function injury of heart failure mice via inactivating JAK/STAT pathway,2020,true,Down-regulated microRNA-195-5p and up-regulated CXCR4 attenuates the heart function injury of heart failure mice via inactivating JAK/STAT pathway,no
10.1177/0020720920929659,2020,2020-24,(B/T) Business - Management;(B/T) Technology;(SOC) Education;,China,UNDECIDED,3,true,https://openalex.org/W3035824244,RETRACTED: Innovation ability of industry-university-research cooperation and innovation considering split-combined quadratic big data dynamic model construction,2020,true,Innovation ability of industry-university-research cooperation and innovation considering split-combined quadratic big data dynamic model construction,no
10.1007/s00779-021-01634-0,2021,2020-24,(B/T) Computer Science;(B/T) Transportation;,China,UNDECIDED,7,true,https://openalex.org/W3203544930,RETRACTED ARTICLE: IoT perception and public transportation network optimization based on big data algorithms,2021,true,IoT perception and public transportation network optimization based on big data algorithms,no
10.1007/s00335-021-09900-5,2021,2020-24,(BLS) Biology - Cancer;(BLS) Biology - Cellular;(BLS) Genetics;,China,UNDECIDED,2,true,https://openalex.org/W3190981002,RETRACTED ARTICLE: CircRNA_0043691 sponges miR-873-3p to promote metastasis of gastric cancer,2021,true,CircRNA_0043691 sponges miR-873-3p to promote metastasis of gastric cancer,no
10.1155/2021/9981815,2021,2020-24,(BLS) Biology - Cancer;(BLS) Biology - Cellular;(BLS) Genetics;(HSC) Medicine - Gastroenterology;(HSC) Medicine - Oncology;,China,UNDECIDED,9,true,https://openalex.org/W3182181885,[Retracted] Hydroxyphenyl Butanone Induces Cell Cycle Arrest through Inhibition of GSK3β in Colorectal Cancer,2021,true,Hydroxyphenyl Butanone Induces Cell Cycle Arrest through Inhibition of GSK3β in Colorectal Cancer,no
10.3233/jifs-239687,2024,2020-24,(B/T) Data Science;(ENV) Ecology;(ENV) Environmental Sciences;(HUM) Arts - General;,China,UNDECIDED,3,true,https://openalex.org/W4392473447,RETRACTED: Modern environmental art design based on Artificial Intelligence technology and ecological civilization,2024,true,Modern environmental art design based on Artificial Intelligence technology and ecological civilization,no
10.1371/journal.pone.0267499,2022,2020-24,(BLS) Agriculture;(BLS) Biology - Cellular;(BLS) Biology - General;,Saudi Arabia,UNDECIDED,4,true,https://openalex.org/W4224246106,Cytotoxic effects of Lavandula angustifolia seed extracts on the viability of Huh-7 and Chang liver cells,2022,true,Cytotoxic effects of Lavandula angustifolia seed extracts on the viability of Huh-7 and Chang liver cells,exact
10.1155/2022/8980234,2022,2020-24,(B/T) International Relations;(ENV) Environmental Sciences;(SOC) Law/Legal Issues;,China,UNDECIDED,9,true,https://openalex.org/W4293344671,[Retracted] Roles of International Environmental Law in China’s Environmental Productivity: Challenges and Implications,2022,true,Roles of International Environmental Law in China’s Environmental Productivity: Challenges and Implications,no
10.1155/2022/8272371,2022,2020-24,(BLS) Microbiology;(HSC) Biostatistics/Epidemiology;(HSC) Medicine - Gastroenterology;,China,UNDECIDED,5,true,https://openalex.org/W4301187618,[Retracted] Efficacy and Safety of Bifidobacterium Quadruple Viable Bacteria Combined with Mesalamine against UC Management: A Systematic Review and Meta‐Analysis,2022,true,Efficacy and Safety of Bifidobacterium Quadruple Viable Bacteria Combined with Mesalamine against UC Management: A Systematic Review and Meta-Analysis,no
10.1016/j.ceramint.2024.05.113,2024,2020-24,(PHY) Engineering - Chemical;(PHY) Materials Science;,China;Pakistan,E1_CANDIDATE,6,true,https://openalex.org/W4396774642,RETRACTED: Electromagnetic interference shielding and DFT study of barium hexaferrites nanoparticles coated polyaniline with heterointerface polarization behavior,2024,true,Electromagnetic interference shielding and DFT study of barium hexaferrites nanoparticles coated polyaniline with heterointerface polarization behavior,no
10.1371/journal.pone.0229035,2020,2020-24,(HSC) Medicine - Rehabilitation/Therapy;(HSC) Medicine - Sports;,United States,NON_E1,5,true,https://openalex.org/W3007794338,"Prosthetic shape, but not stiffness or height, affects the maximum speed of sprinters with bilateral transtibial amputations",2020,true,"Prosthetic shape, but not stiffness or height, affects the maximum speed of sprinters with bilateral transtibial amputations",exact
10.1155/2022/9405082,2022,2020-24,(B/T) Technology;(PHY) Mathematics;,China,UNDECIDED,9,true,https://openalex.org/W4296230976,A Comparative Study of Four Nonlinear Dynamic Characteristics in Feature Extraction of Bearing Fault Diagnosis,2022,true,A Comparative Study of Four Nonlinear Dynamic Characteristics in Feature Extraction of Bearing Fault Diagnosis,exact
10.3390/su14148889,2022,2020-24,(BLS) Biochemistry;(BLS) Microbiology;(ENV) Environmental Sciences;,Argentina;Ecuador,E1_CANDIDATE,3,true,https://openalex.org/W4286504935,RETRACTED: Evaluation of a Microbial Consortium and Selection of a Support in an Anaerobic Reactor Directed to the Bio-Treatment of Wastewater of the Textile Industry,2022,true,Evaluation of a Microbial Consortium and Selection of a Support in an Anaerobic Reactor Directed to the Bio-Treatment of Wastewater of the Textile Industry,no
10.1002/pen.26407,2023,2020-24,(B/T) Transportation;(PHY) Engineering - General;(PHY) Materials Science;(PHY) Nanotechnology;,India,UNDECIDED,4,true,https://openalex.org/W4382939201,"RETRACTED: Carbon nanotube‐based polymer nanocomposites: Evaluation of barrier, hydrophobic, and mechanical properties for aerospace applications",2023,true,"Carbon Nanotube-Based Polymer Nanocomposites: Evaluation of Barrier, Hydrophobic, and Mechanical Properties for Aerospace Applications",no
10.1155/2020/8811273,2020,2020-24,(B/T) Business - Economics;(B/T) Technology;,China,UNDECIDED,9,true,https://openalex.org/W3113199898,M&A Short-Term Performance Based on Elman Neural Network Model: Evidence from 2006 to 2019 in China,2020,true,M&A Short-Term Performance Based on Elman Neural Network Model: Evidence from 2006 to 2019 in China,exact
10.7759/cureus.72872,2024,2020-24,(BLS) Microbiology;(BLS) Toxicology;,Pakistan,UNDECIDED,2,true,https://openalex.org/W4404005111,"Doripenem, Ertapenem, and Meropenem Sensitivity in Salmonella Typhi: A Cross-Sectional Study From Pakistan",2024,true,"Doripenem, Ertapenem, and Meropenem Sensitivity in Salmonella Typhi: A Cross-Sectional Study From Pakistan",exact
10.1155/2022/1184198,2022,2020-24,(B/T) Technology;(B/T) Urban Planning;(PHY) Mathematics;,China,UNDECIDED,9,true,https://openalex.org/W4294898458,Wavelet Transform-Based 3D Landscape Design and Optimization for Digital Cities,2022,true,Wavelet Transform-Based 3D Landscape Design and Optimization for Digital Cities,exact
10.1177/0020720920931067,2020,2020-24,(B/T) Computer Science;(PHY) Engineering - General;,China,UNDECIDED,7,true,https://openalex.org/W3036148553,RETRACTED: Indoor 3-D localization based on simulated annealing bat algorithm,2020,true,Indoor 3-D localization based on simulated annealing bat algorithm,no
10.1145/3465631.3465848,2021,2020-24,(B/T) Business - General;(B/T) Technology;,China,UNDECIDED,2,true,https://openalex.org/W3193634805,"Retracted on February 24, 2022 : Online Supply Chain Financial Pledge Rate Decision-Making under Dual Credit Model",2021,true,Online Supply Chain Financial Pledge Rate Decision-Making under Dual Credit Model,no
10.1371/journal.pone.0236340,2020,2020-24,(BLS) Agriculture;,India;Pakistan;Saudi Arabia;Turkey,UNDECIDED,3,true,https://openalex.org/W3044027772,"Pest susceptibility, yield and fiber traits of transgenic cotton cultivars in Multan, Pakistan",2020,true,"Pest susceptibility, yield and fiber traits of transgenic cotton cultivars in Multan, Pakistan",exact
10.1155/2022/4475087,2022,2020-24,(HSC) Medicine - Geriatric;(HSC) Medicine - Orthopedics;(HSC) Medicine - Surgery;,China,UNDECIDED,9,true,https://openalex.org/W4289712002,Effect of Arthroscopic Acromioplasty Combined with Rotator Cuff Repair in the Treatment of Aged Patients with Full-Thickness Rotator Cuff Tear and Rotator Cuff Injury,2022,true,Effect of Arthroscopic Acromioplasty Combined with Rotator Cuff Repair in the Treatment of Aged Patients with Full-Thickness Rotator Cuff Tear and Rotator Cuff Injury,exact
10.1213/ANE.0000000000005343,2021,2020-24,(HSC) Medicine - Anesthesia/Anaesthesia;(HSC) Medicine - Pharmacology;,Australia;China;New Zealand,NON_E1,2,true,https://openalex.org/W3122203880,"Assessments of Onset and Duration of Drug Effects and Pharmacokinetics by Dose Level of HSK3486, a New Sedative-Hypnotic Agent, in Healthy Female/Male Subjects: A Phase I Multiarm Randomized Controlled Clinical Trial",2021,true,"Assessments of Onset and Duration of Drug Effects and Pharmacokinetics by Dose Level of HSK3486, a New Sedative-Hypnotic Agent, in Healthy Female/Male Subjects: A Phase I Multiarm Randomized Controlled Clinical Trial",exact
10.1155/2022/4218342,2022,2020-24,(B/T) Technology;(HSC) Medicine - Infectious Disease;,United States,UNDECIDED,5,true,https://openalex.org/W4285590572,Safe Distance of Virus Quantitative Analysis and Simulation of the Trajectory of Pathogen-Containing Droplets in the Air Respiratory Airways,2022,true,Safe Distance of Virus Quantitative Analysis and Simulation of the Trajectory of Pathogen-Containing Droplets in the Air Respiratory Airways,exact
10.1007/s10644-024-09597-x,2024,2020-24,(B/T) Business - Economics;(ENV) Environmental Sciences;,China,UNDECIDED,8,true,https://openalex.org/W4392004196,How does the green development program promote rural economy: energy and environmental effects in rural development of China,2024,true,How does the green development program promote rural economy: energy and environmental effects in rural development of China,exact
10.1007/s00500-023-09032-9,2023,2020-24,(B/T) Data Science;(B/T) Technology;(SOC) Linguistics;,China,UNDECIDED,5,true,https://openalex.org/W4385425905,RETRACTED ARTICLE: An IoT-based English translation and teaching using particle swarm optimization and neural network algorithm,2023,true,An IoT-based English translation and teaching using particle swarm optimization and neural network algorithm,no
10.1155/2022/8483632,2022,2020-24,(PHY) Mathematics;,Afghanistan;Pakistan,UNDECIDED,9,true,https://openalex.org/W4205433511,Neutrosophic Soft Quad Structures Concerning Neutrosophic Soft Points,2022,true,Neutrosophic Soft Quad Structures Concerning Neutrosophic Soft Points,exact
10.7759/cureus.22690,2022,2020-24,(HSC) Medicine - Pediatrics;(HSC) Medicine - Surgery;(HSC) Medicine - Urology/Nephrology;,Grenada;India;Pakistan;United States,UNDECIDED,5,true,https://openalex.org/W4214517713,Comparison of Outcomes of Percutaneous Nephrolithotomy (PCNL) Between Adults and Pediatrics Population: A Single-Center Retrospective Study,2022,true,Comparison of Outcomes of Percutaneous Nephrolithotomy (PCNL) Between Adults and Pediatrics Population: A Single-Center Retrospective Study,exact
10.1155/2022/7084969,2022,2020-24,(B/T) Business - Economics;(B/T) Computer Science;(B/T) Data Science;,China,UNDECIDED,6,true,https://openalex.org/W4206215127,[Retracted] Applications of Big Data in Economic Information Analysis and Decision‐Making under the Background of Wireless Communication Networks,2022,true,Applications of Big Data in Economic Information Analysis and Decision-Making under the Background of Wireless Communication Networks,no
10.1155/2022/1120491,2022,2020-24,(B/T) Data Science;(B/T) Transportation;(B/T) Urban Planning;,China,UNDECIDED,8,true,https://openalex.org/W4285092239,Highway Traffic Flow Prediction Model Construction Based on the Gray Theory and BP Neural Network,2022,true,Highway Traffic Flow Prediction Model Construction Based on the Gray Theory and BP Neural Network,exact
10.1155/2022/1294416,2022,2020-24,(HSC) Medicine - Diabetes;(HSC) Medicine - Orthopedics;(HSC) Medicine - Surgery;,China,UNDECIDED,7,true,https://openalex.org/W4283691960,The Efficacy of Targeted Perioperative Management for Diabetic Patients with Traumatic Calcaneal Fractures,2022,true,The Efficacy of Targeted Perioperative Management for Diabetic Patients with Traumatic Calcaneal Fractures,exact
10.1155/2022/9223321,2022,2020-24,(PHY) Statistics;(SOC) Communications;(SOC) Education;(SOC) Psychology;,China,NON_E1,11,true,https://openalex.org/W4302424435,Effect Evaluation of Multilevel Fuzzy Comprehensive Evaluation Mechanism Combined with Multimedia Teaching on the Cultivation of Comprehensive Quality of Vocational Students,2022,true,Effect Evaluation of Multilevel Fuzzy Comprehensive Evaluation Mechanism Combined with Multimedia Teaching on the Cultivation of Comprehensive Quality of Vocational Students,exact
10.1155/2022/1289221,2022,2020-24,(B/T) Data Science;(HSC) Medicine - Infectious Disease;(HSC) Medicine - Pulmonology;(HSC) Radiology/Imaging;,Ethiopia;India;Saudi Arabia;United States,UNDECIDED,5,true,https://openalex.org/W4293023516,[Retracted] Deep Convolutional Neural Network Mechanism Assessment of COVID‐19 Severity,2022,true,Deep Convolutional Neural Network Mechanism Assessment of COVID-19 Severity,no
10.1186/s12951-020-00626-1,2020,2020-24,(BLS) Biochemistry;(BLS) Toxicology;(HSC) Medicine - Neurology;(PHY) Nanotechnology;,China,E1_CANDIDATE,5,true,https://openalex.org/W3028192110,RETRACTED ARTICLE: Neuron tau-targeting biomimetic nanoparticles for curcumin delivery to delay progression of Alzheimer’s disease,2020,true,Neuron tau-targeting biomimetic nanoparticles for curcumin delivery to delay progression of Alzheimer's disease,no
10.3892/etm.2021.10783,2021,2020-24,(BLS) Biology - Cancer;(BLS) Biology - Cellular;(BLS) Genetics;(HSC) Medicine - Gastroenterology;(HSC) Medicine - Pathology;,China,E1_CANDIDATE,6,true,https://openalex.org/W3199470340,lncRNA ST8SIA6‑AS1 facilitates proliferation and invasion in liver cancer by regulating miR‑142‑3p,2021,true,lncRNA ST8SIA6‑AS1 facilitates proliferation and invasion in liver cancer by regulating miR‑142‑3p,exact
10.1155/2022/4881775,2022,2020-24,(B/T) Business - Management;(SOC) Education;(SOC) Sociology;,China,UNDECIDED,7,true,https://openalex.org/W4293860364,[Retracted] The Influence of Network Location on Knowledge Hiding from the Perspective of Lifelong Education,2022,true,The Influence of Network Location on Knowledge Hiding from the Perspective of Lifelong Education,no
10.1007/s12517-021-07935-1,2021,2020-24,(BLS) Agriculture;,China,UNDECIDED,5,true,https://openalex.org/W3187378363,RETRACTED ARTICLE: The integration of fertilizer soil pollution and agricultural industry economy based on Apriori algorithm,2021,true,The integration of fertilizer soil pollution and agricultural industry economy based on Apriori algorithm,no
10.1155/2022/4299919,2022,2020-24,(HSC) Medicine - Nursing;(HSC) Medicine - Oncology;(HSC) Medicine - Surgery;(HSC) Medicine - Urology/Nephrology;,China,UNDECIDED,9,true,https://openalex.org/W4283753945,The Effect of Narrative Nursing Intervention on Shame in Elderly Patients with Bladder Cancer after Ileal Bladder Replacement: A Cohort Study,2022,true,The Effect of Narrative Nursing Intervention on Shame in Elderly Patients with Bladder Cancer after Ileal Bladder Replacement: A Cohort Study,exact
10.1155/2022/7873226,2022,2020-24,(B/T) Technology;(SOC) Communications;(SOC) Political Science;,China,UNDECIDED,9,true,https://openalex.org/W4281931770,[Retracted] An Analysis of Public Environment‐Oriented Marxist Philosophy Content Dissemination,2022,true,An Analysis of Public Environment-Oriented Marxist Philosophy Content Dissemination,no
10.1002/tox.24105,2024,2020-24,(BLS) Biochemistry;(BLS) Biology - Cancer;(BLS) Biology - Cellular;(BLS) Genetics;,China,UNDECIDED,2,true,https://openalex.org/W4390580165,RETRACTED: Integrated RNA expression and alternative polyadenylation analysis identified CPSF1‐CCDC137 oncogenic axis in lung adenocarcinoma,2024,true,Integrated RNA Expression and Alternative Polyadenylation Analysis Identified CPSF1-CCDC137 Oncogenic Axis in Lung Adenocarcinoma,no
10.1155/2022/1193586,2022,2020-24,(B/T) Computer Science;(B/T) Data Science;(B/T) Technology;,China,UNDECIDED,9,true,https://openalex.org/W4304606490,Application and Analysis of Hypergraph Association Rule Redundancy Algorithm in Data Mining,2022,true,Application and Analysis of Hypergraph Association Rule Redundancy Algorithm in Data Mining,exact
10.1016/j.molliq.2021.118267,2021,2020-24,(B/T) Technology;(PHY) Chemistry;(PHY) Engineering - General;,Algeria;China;Iran;Iraq;Russia;Thailand,UNDECIDED,3,true,https://openalex.org/W4200229435,RETRACTED: The computational investigation of thermal conductivity of 11S globulin protein for biological applications: Molecular dynamics simulation,2021,true,The computational investigation of thermal conductivity of 11S globulin protein for biological applications: Molecular dynamics simulation,no
10.1155/2022/3029528,2022,2020-24,(B/T) Business - Economics;(B/T) Technology;(SOC) Sports and Recreation;,China,UNDECIDED,9,true,https://openalex.org/W4289704733,Consumption Structure Optimization Strategy for Scenic Spots Using the Deep Learning Model under Digital Economy,2022,true,Consumption Structure Optimization Strategy for Scenic Spots Using the Deep Learning Model under Digital Economy,exact
10.1051/e3sconf/202345601006,2023,2020-24,(B/T) Business - General;(ENV) Environmental Sciences;,Ukraine,UNDECIDED,3,true,https://openalex.org/W4389384103,RETRACTED: Sustainable Economic Growth Factors in the EU: Applying a Modified Cobb-Douglas Production Function with Renewable Energy and Digitalization,2023,true,Sustainable Economic Growth Factors in the EU: Applying a Modified Cobb-Douglas Production Function with Renewable Energy and Digitalization,no
10.1155/2021/4868399,2021,2020-24,(B/T) Data Science;(BLS) Anatomy/Physiology;(HSC) Sports Science;,China,UNDECIDED,9,true,https://openalex.org/W3160401299,[Retracted] Swimming Training Evaluation Method Based on Convolutional Neural Network,2021,true,Swimming Training Evaluation Method Based on Convolutional Neural Network,no
10.1177/0020720920940595,2020,2020-24,(SOC) Education;(SOC) Philosophy;,China,UNDECIDED,3,true,https://openalex.org/W3042917199,RETRACTED: Optimizing the performance evaluation system of cadres in universities based on common values: A mixed study,2020,true,Optimizing the performance evaluation system of cadres in universities based on common values: A mixed study,no
10.1016/j.heliyon.2022.e10490,2022,2020-24,(BLS) Agriculture;(BLS) Biochemistry;(BLS) Microbiology;(ENV) Environmental Sciences;,Jordan,E1_CANDIDATE,3,true,https://openalex.org/W4294203463,RETRACTED: Biodegradation modeling of phenol using Curtobacterium flaccumfaciens as plant-growth-promoting bacteria,2022,true,Biodegradation modeling of phenol using Curtobacterium flaccumfaciens as plant-growth-promoting bacteria,no
10.1016/j.micpro.2020.103752,2020,2020-24,(B/T) Technology;(SOC) Sports and Recreation;,China,NON_E1,7,true,https://openalex.org/W3116488522,RETRACTED: Development of Island tourism resources based on distributed database and embedded system,2020,true,Development of Island tourism resources based on distributed database and embedded system,no
10.1155/2020/2032679,2022,2020-24,(BLS) Biology - Cancer;(BLS) Biology - Cellular;(BLS) Genetics;(HSC) Medicine - Gastroenterology;,China,UNDECIDED,8,true,https://openalex.org/W3042138952,KIF20A Predicts Poor Survival of Patients and Promotes Colorectal Cancer Tumor Progression through the JAK/STAT3 Signaling Pathway,2020,false,KIF20A Predicts Poor Survival of Patients and Promotes Colorectal Cancer Tumor Progression through the JAK/STAT3 Signaling Pathway,exact
10.1016/j.heliyon.2022.e10071,2022,2020-24,(BLS) Biochemistry;(BLS) Biology - Cellular;(BLS) Plant Biology/Botany;(BLS) Toxicology;(HSC) Medicine - Diabetes;,Jordan,E1_CANDIDATE,5,true,https://openalex.org/W4289527213,RETRACTED: Efficacy of methanolic extracts of some medicinal plants on wound healing in diabetic rats,2022,true,Efficacy of methanolic extracts of some medicinal plants on wound healing in diabetic rats,no
10.1007/s10854-020-04089-w,2020,2020-24,(PHY) Chemistry;(PHY) Materials Science;(PHY) Nanotechnology;,Egypt;Saudi Arabia,E1_CANDIDATE,11,true,https://openalex.org/W3046378707,"RETRACTED ARTICLE: Structure, DFT calculations and heat transfer enhancement in [ZnO/PG + H2O]C hybrid nanofluid flow as a potential solar cell coolant application in a double-tube",2020,true,"Structure, DFT calculations and heat transfer enhancement in [ZnO/PG + H2O]© hybrid nanofluid flow as a potential solar cell coolant application in a double-tube",no
10.1155/2022/2373580,2022,2020-24,(BLS) Biology - Cancer;(BLS) Genetics;,China,UNDECIDED,9,true,https://openalex.org/W4205580332,circRNA LDLRAD3 Enhances the Malignant Behaviors of NSCLC Cells via the miR-20a-5p-SLC7A5 Axis Activating the mTORC1 Signaling Pathway,2022,true,circRNA LDLRAD3 Enhances the Malignant Behaviors of NSCLC Cells via the miR-20a-5p-SLC7A5 Axis Activating the mTORC1 Signaling Pathway,exact
10.1155/2022/6286833,2022,2020-24,(B/T) Business - Economics;(B/T) Technology;(ENV) Ecology;(ENV) Environmental Sciences;,China,UNDECIDED,6,true,https://openalex.org/W4293356901,Problems and Countermeasures of China’s Greenway Economic Development from the Perspective of Computer Internet,2022,true,Problems and Countermeasures of China’s Greenway Economic Development from the Perspective of Computer Internet,exact
10.1007/s11356-023-29822-w,2023,2020-24,(B/T) Business - Economics;(PHY) Energy;,China,UNDECIDED,5,true,https://openalex.org/W4387077149,"RETRACTED ARTICLE: Energy financing, energy projects retrofit and energy poverty: a scenario-analysis approach for energy project cost estimation and energy price determination",2023,true,"Energy financing, energy projects retrofit and energy poverty: a scenario-analysis approach for energy project cost estimation and energy price determination",no
10.1007/s00500-023-08129-5,2023,2020-24,(B/T) Computer Science;(B/T) Data Science;(B/T) Technology;,China,UNDECIDED,7,true,https://openalex.org/W4366495453,RETRACTED ARTICLE: System simulation of computer image recognition technology application by using improved neural network algorithm,2023,true,System simulation of computer image recognition technology application by using improved neural network algorithm,no
10.1155/2022/7784851,2022,2020-24,(B/T) Computer Science;(B/T) Data Science;(SOC) Education;(SOC) Linguistics;,China,UNDECIDED,9,true,https://openalex.org/W4280498531,Design of Hierarchical Retrieval Model of Digital English Teaching Information Based on Ontology,2022,true,Design of Hierarchical Retrieval Model of Digital English Teaching Information Based on Ontology,exact
10.1155/2022/7723634,2022,2020-24,(B/T) Computer Science;(B/T) Data Science;,China,UNDECIDED,9,true,https://openalex.org/W4213415015,Local Media Image Propagation Algorithm and Its Governance in the Age of Artificial Intelligence,2022,true,Local Media Image Propagation Algorithm and Its Governance in the Age of Artificial Intelligence,exact
10.1145/3465631.3465891,2021,2020-24,(B/T) Computer Science;(B/T) Technology;(SOC) Education;,China,UNDECIDED,2,true,https://openalex.org/W3194955880,"Retracted on February 24, 2022 : Status Quo of College Students’ Network Security Awareness under the Background of Big Data",2021,true,Status Quo of College Students’ Network Security Awareness under the Background of Big Data,no
10.1186/s13638-023-02278-9,2023,2020-24,(B/T) Computer Science;(B/T) Data Science;(B/T) Technology;,China,UNDECIDED,8,true,https://openalex.org/W4387595434,RETRACTED ARTICLE: Hybrid traffic security shaping scheme combining TAS and CQSF of time-sensitive networks in smart grid,2023,true,Hybrid traffic security shaping scheme combining TAS and CQSF of time-sensitive networks in smart grid,no
10.3126/jps.v21i0.35259,2021,2020-24,(B/T) Government;(SOC) Political Science;,Nepal,E1_CANDIDATE,2,true,https://openalex.org/W3135607048,Retracted: Interprovincial Relations in Formative Phase of Federal Nepal,2021,true,Interprovincial Relations in Formative Phase of Federal Nepal,no
10.1016/j.crphar.2022,2023,2020-24,(HSC) Medicine - Diabetes;(HSC) Medicine - Obstetrics/Gynecology;(HSC) Medicine - Pharmacology;,France,UNDECIDED,2,false,,,,false,Myoinositol supplementation for the prevention of gestational diabetes in at-risk patients. Systemativ review and meta-analysis,
10.1155/2022/3556372,2022,2020-24,(BLS) Biology - Cellular;(BLS) Biology - Molecular;(HSC) Medicine - Immunology;(HSC) Medicine - Orthopedics;,China,UNDECIDED,8,true,https://openalex.org/W4205502185,Apelin Alleviates Meniscus Endothelial Cell Apoptosis in Osteoarthritis,2022,true,Apelin Alleviates Meniscus Endothelial Cell Apoptosis in Osteoarthritis,exact
10.1080/07853890.2022.2153163,2022,2020-24,(BLS) Biochemistry;(BLS) Biology - Cancer;(BLS) Genetics;,China,UNDECIDED,4,true,https://openalex.org/W4311582043,"RETRACTED ARTICLE: A meta-analysis and of clinical values of 11 blood biomarkers, such as AFP, DCP, and GP73 for diagnosis of hepatocellular carcinoma",2022,true,"A meta-analysis and of clinical values of 11 blood biomarkers, such as AFP, DCP, and GP73 for diagnosis of hepatocellular carcinoma",no
10.1109/CCDC52312.2021.9602398,2021,2020-24,(PHY) Engineering - Electrical;,Australia;China;Germany,E1_CANDIDATE,6,true,https://openalex.org/W3217329610,Notice of Violation of IEEE Publication Principles: A Resilient Distributed Consensus Control Scheme for DC Microgrids Over Fading Channels,2021,true,A Resilient Distributed Consensus Control Scheme for DC Microgrids Over Fading Channels,no
10.3233/jifs-237056,2024,2020-24,(B/T) Computer Science;(B/T) Data Science;(B/T) Technology;(HSC) Medicine - General;,India;Iraq,UNDECIDED,9,true,https://openalex.org/W4392190680,Bridging the gap in biomedical information retrieval: Harnessing machine learning for enhanced search results and query semantics,2024,true,Bridging the gap in biomedical information retrieval: Harnessing machine learning for enhanced search results and query semantics,exact
10.1155/2022/7796809,2022,2020-24,(BLS) Biochemistry;(BLS) Genetics;(HSC) Medicine - Cardiology;(HSC) Medicine - Cardiovascular;(HSC) Medicine - Diabetes;,China,UNDECIDED,3,true,https://openalex.org/W4286615225,The Level of HbA1c Evaluates the Extent of Coronary Atherosclerosis Lesions and the Prognosis in Diabetes with Acute Coronary Syndrome,2022,true,The Level of HbA1c Evaluates the Extent of Coronary Atherosclerosis Lesions and the Prognosis in Diabetes with Acute Coronary Syndrome,exact
10.1007/s13132-023-01439-x,2023,2020-24,(B/T) Business - Economics;(B/T) Government;,China;Greece,UNDECIDED,5,true,https://openalex.org/W4384524131,RETRACTED ARTICLE: Examining the Governance Effect of Institutional Investors on Stock Price Crash Risk,2023,true,Examining the Governance Effect of Institutional Investors on Stock Price Crash Risk,no
10.1016/j.apacoust.2021.108267,2021,2020-24,(PHY) Engineering - Electrical;,China,NON_E1,2,true,https://openalex.org/W3179874233,RETRACTED: Acoustic mechanism of the vertical incidence and diffusion domain of the front protective wall containing microfibers-HT400P,2021,true,Acoustic mechanism of the vertical incidence and diffusion domain of the front protective wall containing microfibers-HT400P,no
10.1155/2022/2568162,2022,2020-24,(B/T) Business - Management;(B/T) Computer Science;,United States,UNDECIDED,6,true,https://openalex.org/W4296286754,Application of Improved DEA Algorithm in Public Management Problem Classification,2022,true,Application of Improved DEA Algorithm in Public Management Problem Classification,exact
10.1155/2022/6299435,2022,2020-24,(HSC) Medicine - Nursing;(PHY) Materials Science;,China,UNDECIDED,6,true,https://openalex.org/W4284988255,Application and Effect Evaluation of Needle Tract Nursing after External Fixation with 2% Chlorhexanol Gluconate Gauze,2022,true,Application and Effect Evaluation of Needle Tract Nursing after External Fixation with 2% Chlorhexanol Gluconate Gauze,exact
10.1155/2022/3909276,2022,2020-24,(B/T) Data Science;(HUM) History - Europe;(HUM) Religion;(SOC) Education;,China,UNDECIDED,6,true,https://openalex.org/W4288843946,[Retracted] Analysis of the Characteristics of British Medieval Monastery Education Based on Network Data Mining,2022,true,Analysis of the Characteristics of British Medieval Monastery Education Based on Network Data Mining,no
10.1016/j.scitotenv.2022.156709,2022,2020-24,(BLS) Toxicology;(BLS) Zoology;(ENV) Environmental Sciences;,Brazil,UNDECIDED,3,true,https://openalex.org/W4283072359,RETRACTED: The exposure in ovo of embryos belonging to Amazonian turtle species Podocnemis expansa (Testudines) to commercial glyphosate and fipronil formulations impairs their growth and changes their skeletal development,2022,true,The exposure in ovo of embryos belonging to Amazonian turtle species Podocnemis expansa (Testudines) to commercial glyphosate and fipronil formulations impairs their growth and changes their skeletal development,no
10.1016/j.avb.2020.101540,2020,2020-24,(SOC) Education;(SOC) Psychology;(SOC) Sports and Recreation;,China,NON_E1,5,true,https://openalex.org/W3111550638,WITHDRAWN: Promotion of multimedia assisted cooperative learning method of teaching basketball using Bloom’s mathematical model for mental health development,2020,true,Promotion of multimedia assisted cooperative learning method of teaching basketball using Bloom’s mathematical model for mental health development,no
10.1155/2021/2488947,2021,2020-24,(B/T) Data Science;(B/T) Technology;(ENV) Environmental Sciences;(PHY) Engineering - General;(PHY) Materials Science;,China,UNDECIDED,5,true,https://openalex.org/W3198367075,[Retracted] Application of Wireless Communication in Experimental Research of the Interface Bonding Condition between Asphalt Layers by Tensile Testing,2021,true,Application of Wireless Communication in Experimental Research of the Interface Bonding Condition between Asphalt Layers by Tensile Testing,no
10.1111/srt.13717,2024,2020-24,(BLS) Genetics;(HSC) Biostatistics/Epidemiology;(HSC) Medicine - Endocrinology;(HSC) Medicine - Geriatric;,China,UNDECIDED,4,true,https://openalex.org/W4396723817,RETRACTED: Causal relationship between dyslipidemia and risk of facial aging: Insights from Mendelian randomization in East Asian populations,2024,true,Causal relationship between dyslipidemia and risk of facial aging: Insights from Mendelian randomization in East Asian populations,no
10.1155/2022/8155038,2022,2020-24,(ENV) Environmental Sciences;(PHY) Engineering - Structural;(PHY) Geology;(PHY) Materials Science;,China,UNDECIDED,9,true,https://openalex.org/W4229005973,[Retracted] Study on Seismic Performance of Recycled Steel Fibers Locally Reinforced Cruciform Concrete Frame Beam‐Column Joint,2022,true,Study on Seismic Performance of Recycled Steel Fibers Locally Reinforced Cruciform Concrete Frame Beam-Column Joint,no
10.1155/2022/6206315,2022,2020-24,(HSC) Biostatistics/Epidemiology;(HSC) Medicine - Cardiovascular;(HSC) Medicine - Internal;(HSC) Medicine - Neurology;,China,NON_E1,11,true,https://openalex.org/W4283066316,[Retracted] Combined Association of Low‐Density Lipoprotein Cholesterol Levels and Systolic Blood Pressure to the Outcome of Intracerebral Hemorrhage: Data from the China Stroke Center Alliance,2022,true,Combined Association of Low-Density Lipoprotein Cholesterol Levels and Systolic Blood Pressure to the Outcome of Intracerebral Hemorrhage: Data from the China Stroke Center Alliance,no
10.3892/etm.2021.10440,2021,2020-24,(BLS) Biology - Cancer;(BLS) Biology - Cellular;(BLS) Genetics;(HSC) Medicine - Otorhinolaryngology;(HSC) Medicine - Pathology;,China,E1_CANDIDATE,8,true,https://openalex.org/W3177850584,Knockdown of circ_0001883 may inhibit epithelial‑mesenchymal transition in laryngeal squamous cell carcinoma via the miR‑125‑5p/PI3K/AKT axis,2021,true,Knockdown of circ_0001883 may inhibit epithelial‑mesenchymal transition in laryngeal squamous cell carcinoma via the miR‑125‑5p/PI3K/AKT axis,exact
10.1007/s10854-021-07683-8,2022,2020-24,(PHY) Energy;(PHY) Engineering - Chemical;(PHY) Engineering - Electrical;(PHY) Nanotechnology;,India,UNDECIDED,2,true,https://openalex.org/W4205845513,RETRACTED ARTICLE: Bi5FeTi3O nanotubes incorporated with g-C3N4 nanosheets as novel Pt-free counter electrode in dye-sensitized solar cells,2022,true,Bi5FeTi3O nanotubes incorporated with g-C3N4 nanosheets as novel Pt-free counter electrode in dye-sensitized solar cells,no
10.1186/s40001-020-00467-6,2020,2020-24,(HSC) Medicine - Orthopedics;(HSC) Medicine - Surgery;,Morocco,E1_CANDIDATE,2,true,https://openalex.org/W3047786425,RETRACTED ARTICLE: The majority of conversion total hip arthroplasties can be considered a primary replacement: a matched cohort study,2020,true,The majority of conversion total hip arthroplasties can be considered a primary replacement: a matched cohort study,no
10.1007/s00500-020-05503-5,2021,2020-24,(B/T) Data Science;(HSC) Biostatistics/Epidemiology;(HSC) Medicine - Infectious Disease;,Brazil;China,UNDECIDED,5,true,https://openalex.org/W3119144319,RETRACTED ARTICLE: Modeling the progression of COVID-19 deaths using Kalman Filter and AutoML,2021,true,Modeling the progression of COVID-19 deaths using Kalman Filter and AutoML,no
10.1145/3465631.3465692,2021,2020-24,(B/T) Business - General;(B/T) International Relations;(BLS) Agriculture;,China,UNDECIDED,2,true,https://openalex.org/W3193625660,"Retracted on February 24, 2022 : International Competitiveness of Rice Export in Jilin Province",2021,true,International Competitiveness of Rice Export in Jilin Province,no
10.1088/1742-6596/2386/1/012026,2022,2020-24,(B/T) Computer Science;(B/T) Technology;,United States,UNDECIDED,3,true,https://openalex.org/W4311218853,RETRACTED: Application of Convolutional Neural Network in Modern Technology Field and Improvement by Time-space Version,2022,true,Application of Convolutional Neural Network in Modern Technology Field and Improvement by Time-space Version,no
10.1051/bioconf/202413804006,2024,2020-24,(B/T) Urban Planning;,Russia,UNDECIDED,3,true,https://openalex.org/W4404386701,RETRACTED: Residential land surveying for sustainable communities,2024,true,Residential land surveying for sustainable communities,no
10.1155/2022/6574042,2022,2020-24,(B/T) Business - Management;(B/T) Data Science;(B/T) Technology;,China,UNDECIDED,8,true,https://openalex.org/W4293081841,The Laboratory Intelligent Management System Using NB-IoT and Artificial Intelligence Technology,2022,true,The Laboratory Intelligent Management System Using NB-IoT and Artificial Intelligence Technology,exact
10.1155/2022/5459779,2022,2020-24,(HSC) Medicine - Gastroenterology;(HSC) Medicine - Oncology;(HSC) Radiology/Imaging;,China,UNDECIDED,6,true,https://openalex.org/W4229080712,[Retracted] Value of Multislice Spiral CT in Differential Diagnosis of Thick‐Wall Gallbladder Carcinoma and Chronic Cholecystitis,2022,true,Value of Multislice Spiral CT in Differential Diagnosis of Thick-Wall Gallbladder Carcinoma and Chronic Cholecystitis,no
10.21037/tcr.2020.01.02,2020,2020-24,(BLS) Biology - Cellular;(HSC) Medicine - Internal;(HSC) Medicine - Oncology;,China,UNDECIDED,1,true,https://openalex.org/W3005695398,Ethanol extract of Acanthopanax senticosus (Rupr. & Maxim.) Harms induces liver cancer cell apoptosis through inhibiting NF-κB,2020,true,Ethanol extract of Acanthopanax senticosus (Rupr. & Maxim.) Harms induces liver cancer cell apoptosis through inhibiting NF-κB,exact
10.1145/3465631.3465931,2021,2020-24,(B/T) Computer Science;(HSC) Biostatistics/Epidemiology;(HSC) Medicine - Pediatrics;(HSC) Medicine - Pulmonology;,China,UNDECIDED,2,true,https://openalex.org/W3194370182,"Retracted on February 24, 2022 : The Epidemiological Characteristics of Bronchopneumonias in Children Based on WEB Data Mining",2021,true,The Epidemiological Characteristics of Bronchopneumonias in Children Based on WEB Data Mining,no
10.1007/s10878-023-01060-3,2023,2020-24,(B/T) Computer Science;(PHY) Mathematics;,China,UNDECIDED,9,true,https://openalex.org/W4383876396,RETRACTED ARTICLE: Design of extended dense coding protocol strategy based on combinatorial optimization,2023,true,Design of extended dense coding protocol strategy based on combinatorial optimization,no
10.1007/s10878-022-00904-8,2022,2020-24,(B/T) Computer Science;(B/T) Technology;,China,UNDECIDED,7,true,https://openalex.org/W4295219634,RETRACTED ARTICLE: Capacitance pin defect detection based on deep learning,2022,true,Capacitance pin defect detection based on deep learning,no
10.1186/s13058-021-01412-z,2021,2020-24,(BLS) Biochemistry;(BLS) Biology - Cancer;(BLS) Biology - Cellular;(HSC) Medicine - Pharmacology;,United States,E1_CANDIDATE,8,true,https://openalex.org/W3112759661,RETRACTED ARTICLE: Tamoxifen suppresses brain metastasis of estrogen receptor-deficient breast cancer by skewing microglia polarization and enhancing their immune functions,2021,true,Tamoxifen suppresses brain metastasis of estrogen receptor-deficient breast cancer by skewing microglia polarization and enhancing their immune functions,no
10.1155/2021/6734345,2021,2020-24,(B/T) Business - Economics;(B/T) Computer Science;(B/T) Data Science;,China,UNDECIDED,8,true,https://openalex.org/W3197581232,[Retracted] Difference Analysis of Regional Economic Development Based on the SOM Neural Network with the Hybrid Genetic Algorithm,2021,true,Difference Analysis of Regional Economic Development Based on the SOM Neural Network with the Hybrid Genetic Algorithm,no
10.3233/WOR-205349,2021,2020-24,(HSC) Medicine - Geriatric;(HSC) Medicine - Sports;,China;Eswatini (formerly Swaziland),UNDECIDED,8,true,https://openalex.org/W3183284961,Public service demand assessment of health risks of sport exercise for the elderly in henan province,2021,true,Public Service Demand Assessment of Health Risks of Sport Exercise for the Elderly in Henan Province,exact
10.1080/15384101.2020.1834301,2022,2020-24,(BLS) Biology - Cancer;(BLS) Biology - Cellular;(BLS) Genetics;,China,UNDECIDED,2,true,https://openalex.org/W3094538035,RETRACTED ARTICLE: Circular RNA MTO1 inhibits gastric cancer progression by elevating PAWR via sponging miR-199a-3p,2020,false,Circular RNA MTO1 inhibits gastric cancer progression by elevating PAWR via sponging miR-199a-3p,no
10.1002/mawe.201900071,2020,2020-24,(PHY) Materials Science;(PHY) Nanotechnology;,Nigeria;South Africa,E1_CANDIDATE,5,true,https://openalex.org/W3011811404,Retracted: Explicit microstructural evolution and electrochemical performance of value added palm kernel shell ash nanoparticle/A356 alloy composite,2020,true,Explicit microstructural evolution and electrochemical performance of value added palm kernel shell ash nanoparticle/A356 alloy composite,no
10.1007/s12517-021-08127-7,2021,2020-24,(ENV) Ecology;(HUM) Architecture;,China,UNDECIDED,5,true,https://openalex.org/W3194109401,RETRACTED ARTICLE: Landscape design of rainwater reuse based on ecological natural environment: Hangzhou as an example,2021,true,Landscape design of rainwater reuse based on ecological natural environment: Hangzhou as an example,no
10.1097/MPA.0000000000001697,2020,2020-24,(BLS) Biochemistry;(HSC) Medicine - Diabetes;(HSC) Medicine - General;(HSC) Public Health and Safety;,China,UNDECIDED,2,true,https://openalex.org/W3095823215,Low-Molecular–Weight Heparin Combined With Insulin Versus Insulin Alone in the Treatment of Hypertriglyceridemic Pancreatitis (LIHTGP Trial),2020,true,"Low-Molecular-Weight Heparin Combined With Insulin Versus Insulin Alone in the Treatment of Hypertriglyceridemic Pancreatitis (LIHTGP Trial): Study Protocol for a Multicenter, Prospective, Single-Blind, Randomized Controlled Trial",no
10.1088/1742-6596/1648/4/042042,2020,2020-24,(B/T) Technology;(SOC) Education;,China,UNDECIDED,3,true,https://openalex.org/W3097002213,RETRACTED: The Application of Big Data Technology in the Analysis of Foreign Language Teachers’ Educational Concept and Teaching Ability,2020,true,The Application of Big Data Technology in the Analysis of Foreign Language Teachers' Educational Concept and Teaching Ability,no
10.3233/jifs-222986,2023,2020-24,(B/T) Data Science;,China,UNDECIDED,8,true,https://openalex.org/W4361214512,A twin logistic regression method based on attribute-oriented fuzzy rough set,2023,true,A twin logistic regression method based on attribute-oriented fuzzy rough set,exact
10.1520/JTE20230077,2024,2020-24,(ENV) Ground/Surface Water;(PHY) Energy;,China,UNDECIDED,2,true,https://openalex.org/W4393116723,RETRACTED: A Water Resource Consumption Control Method for Energy Development Bases Based on IoT Technology and Energy–Water Correlation Law,2024,true,A Water Resource Consumption Control Method for Energy Development Bases Based on IoT Technology and Energy–Water Correlation Law,no
10.3233/jifs-233557,2023,2020-24,(B/T) Computer Science;(B/T) Data Science;(B/T) Technology;,India,UNDECIDED,8,true,https://openalex.org/W4388775350,RETRACTED: Enhancing the feature selection by employing improved optimization with Simulated Annealing Algorithm for dimensionality reduction in intrusion detection dataset,2023,true,Enhancing the feature selection by employing improved optimization with Simulated Annealing Algorithm for dimensionality reduction in intrusion detection dataset,no
10.1007/s10784-021-09555-2,2021,2020-24,(B/T) Business - General;(B/T) Urban Planning;(ENV) Environmental Sciences;,China;Russia;United Arab Emirates,UNDECIDED,5,true,https://openalex.org/W3212404534,RETRACTED ARTICLE: Espoo Convention and its role in construction industry as an element of an environmental impact assessment mechanism,2021,true,Espoo Convention and its role in construction industry as an element of an environmental impact assessment mechanism,no
10.1063/5.0182173,2023,2020-24,(B/T) Technology;(SOC) Communications;,Iraq,UNDECIDED,6,true,https://openalex.org/W4390119696,"Retraction: Audio reading system for blind persons, testing and evaluation",2023,true,"Audio reading system for blind persons, testing and evaluation",no
10.1155/2022/1727507,2022,2020-24,(HSC) Medicine - Rehabilitation/Therapy;(HUM) Arts - General;(SOC) Psychology;,China,UNDECIDED,9,true,https://openalex.org/W4283028560,The Practical Application of Oil Painting in the Treatment of Mental Illness,2022,true,The Practical Application of Oil Painting in the Treatment of Mental Illness,exact
10.1155/2022/1941412,2022,2020-24,(BLS) Biology - Cancer;(BLS) Biology - Cellular;(BLS) Genetics;(HSC) Medicine - Oncology;(HSC) Medicine - Otorhinolaryngology;,China,UNDECIDED,6,true,https://openalex.org/W4224436588,Differentially Expressed Genes in Nasopharyngeal Carcinoma Tissues and Their Correlation with Recurrence and Metastasis of Nasopharyngeal Carcinoma,2022,true,Differentially Expressed Genes in Nasopharyngeal Carcinoma Tissues and Their Correlation with Recurrence and Metastasis of Nasopharyngeal Carcinoma,exact
10.1080/24701556.2021.1952252,2021,2020-24,(BLS) Biochemistry;(BLS) Biology - Molecular;(HSC) Medicine - Diabetes;,Unknown,UNDECIDED,5,true,https://openalex.org/W3212635861,"RETRACTED ARTICLE: Synthesis, structures and anti-diabetes activity of cobalt(II) coordination compounds",2021,true,"Synthesis, structures and anti-diabetes activity of cobalt(II) coordination compounds",no
10.1155/2022/1726948,2022,2020-24,(B/T) Technology;(PHY) Materials Science;(PHY) Nanotechnology;,China,UNDECIDED,9,true,https://openalex.org/W4289779226,Application of Realistic 3D Model in Building Prefabricated Nanomaterial Structure,2022,true,Application of Realistic 3D Model in Building Prefabricated Nanomaterial Structure,exact
10.1037/xge0001823,2025,2025,(SOC) Psychology;,United States,NON_E1,5,true,https://openalex.org/W4415587298,Dehumanization without antipathy: Subtle and blatant measures reveal a shared regulatory function.,2025,true,Dehumanization without antipathy: Subtle and blatant measures reveal a shared regulatory function,prefix40
10.1371/journal.pone.0336241,2025,2025,(B/T) Computer Science;(ENV) Environmental Sciences;(HSC) Public Health and Safety;,China;Jordan;Malaysia;Oman;Pakistan;Saudi Arabia,UNDECIDED,9,true,https://openalex.org/W4416012411,RETRACTED: Interpretable machine learning framework for predicting Urban air quality,2025,true,Interpretable machine learning framework for predicting Urban air quality,no
10.1001/jamapediatrics.2025.3636,2025,2025,(HSC) Medicine - Nursing;(HSC) Public Health and Safety;,United States,UNDECIDED,2,true,https://openalex.org/W4414854703,RETRACTED: Evidence Without Impact?—Rethinking Home Visiting at Scale,2025,true,Evidence Without Impact?—Rethinking Home Visiting at Scale,no
